#
# There is insufficient memory for the Java Runtime Environment to continue.
# Native memory allocation (malloc) failed to allocate 1290096 bytes. Error detail: Chunk::new
# Possible reasons:
#   The system is out of physical RAM or swap space
#   This process is running with CompressedOops enabled, and the Java Heap may be blocking the growth of the native heap
# Possible solutions:
#   Reduce memory load on the system
#   Increase physical memory or swap space
#   Check if swap backing store is full
#   Decrease Java heap size (-Xmx/-Xms)
#   Decrease number of Java threads
#   Decrease Java thread stack sizes (-Xss)
#   Set larger code cache with -XX:ReservedCodeCacheSize=
#   JVM is running with Zero Based Compressed Oops mode in which the Java heap is
#     placed in the first 32GB address space. The Java Heap base address is the
#     maximum limit for the native heap growth. Please use -XX:HeapBaseMinAddress
#     to set the Java Heap base and to place the Java Heap above 32GB virtual address.
# This output file may be truncated or incomplete.
#
#  Out of Memory Error (arena.cpp:168), pid=13468, tid=4008
#
# JRE version: OpenJDK Runtime Environment (21.0.6) (build 21.0.6+-13391695-b895.109)
# Java VM: OpenJDK 64-Bit Server VM (21.0.6+-13391695-b895.109, mixed mode, tiered, compressed oops, compressed class ptrs, parallel gc, windows-amd64)
# No core dump will be written. Minidumps are not enabled by default on client versions of Windows
#

---------------  S U M M A R Y ------------

Command Line: --add-opens=java.base/java.lang=ALL-UNNAMED --add-opens=java.base/java.lang.invoke=ALL-UNNAMED --add-opens=java.base/java.util=ALL-UNNAMED --add-opens=java.prefs/java.util.prefs=ALL-UNNAMED --add-exports=jdk.compiler/com.sun.tools.javac.api=ALL-UNNAMED --add-exports=jdk.compiler/com.sun.tools.javac.util=ALL-UNNAMED --add-opens=java.base/java.util=ALL-UNNAMED --add-opens=java.prefs/java.util.prefs=ALL-UNNAMED --add-opens=java.base/java.nio.charset=ALL-UNNAMED --add-opens=java.base/java.net=ALL-UNNAMED --add-opens=java.base/java.util.concurrent.atomic=ALL-UNNAMED --add-opens=java.xml/javax.xml.namespace=ALL-UNNAMED -XX:+UseParallelGC -Xmx4g -Dfile.encoding=UTF-8 -Duser.country=CN -Duser.language=zh -Duser.variant -javaagent:C:\Users\Mbongeni\.gradle\wrapper\dists\gradle-8.14.2-bin\2pb3mgt1p815evrl3weanttgr\gradle-8.14.2\lib\agents\gradle-instrumentation-agent-8.14.2.jar org.gradle.launcher.daemon.bootstrap.GradleDaemon 8.14.2

Host: Intel(R) Core(TM) i3-10110U CPU @ 2.10GHz, 4 cores, 7G,  Windows 11 , 64 bit Build 26100 (10.0.26100.5074)
Time: Sun Sep  7 18:19:19 2025 South Africa Standard Time elapsed time: 101.912689 seconds (0d 0h 1m 41s)

---------------  T H R E A D  ---------------

Current thread (0x0000019062ac56a0):  JavaThread "C2 CompilerThread0" daemon [_thread_in_native, id=4008, stack(0x000000278dc00000,0x000000278dd00000) (1024K)]


Current CompileTask:
C2:101912 51478       4       org.gradle.api.internal.artifacts.transform.TransformingAsyncArtifactListener$TransformedArtifact::startFinalization (15 bytes)

Stack: [0x000000278dc00000,0x000000278dd00000]
Native frames: (J=compiled Java code, j=interpreted, Vv=VM code, C=native code)
V  [jvm.dll+0x6d0639]
V  [jvm.dll+0x85eb03]
V  [jvm.dll+0x86105e]
V  [jvm.dll+0x861743]
V  [jvm.dll+0x27e6e6]
V  [jvm.dll+0xbff6d]
V  [jvm.dll+0xc04a3]
V  [jvm.dll+0x3b61ab]
V  [jvm.dll+0x1de872]
V  [jvm.dll+0x247dd4]
V  [jvm.dll+0x247251]
V  [jvm.dll+0x1c5f04]
V  [jvm.dll+0x2569ac]
V  [jvm.dll+0x254ef6]
V  [jvm.dll+0x3f0e96]
V  [jvm.dll+0x806ed8]
V  [jvm.dll+0x6cef0d]
C  [ucrtbase.dll+0x37b0]
C  [KERNEL32.DLL+0x2e8d7]
C  [ntdll.dll+0x8d9c]


---------------  P R O C E S S  ---------------

Threads class SMR info:
_java_thread_list=0x000001906fa78660, length=128, elements={
0x00000190428eecb0, 0x000001905dc4b330, 0x000001905dc4c8e0, 0x000001905dc41540,
0x000001905dc41f90, 0x0000019062ac0bf0, 0x0000019062ac1250, 0x0000019062ac56a0,
0x0000019062aed620, 0x00000190429528a0, 0x0000019062de0460, 0x00000190648a9230,
0x0000019063618150, 0x00000190648e14c0, 0x0000019064908fd0, 0x0000019063b221a0,
0x0000019063b23820, 0x0000019064982980, 0x00000190649eb380, 0x00000190649ed450,
0x00000190649eba10, 0x00000190649ea660, 0x00000190649eacf0, 0x00000190649ec0a0,
0x00000190649ec730, 0x00000190649ecdc0, 0x00000190649edae0, 0x0000019064fcc570,
0x0000019064fd0080, 0x0000019064fcf360, 0x0000019064fcdfb0, 0x0000019064fd0da0,
0x0000019064fd1430, 0x0000019064fd2e70, 0x0000019064fd3500, 0x0000019066090b30,
0x0000019066092c00, 0x0000019066093920, 0x0000019066094640, 0x00000190660911c0,
0x0000019066096710, 0x0000019066097ac0, 0x0000019066094cd0, 0x0000019066098150,
0x0000019066095360, 0x00000190660959f0, 0x0000019066096080, 0x0000019064fd27e0,
0x0000019067a23b40, 0x0000019067a24860, 0x0000019067a25580, 0x0000019067a22e20,
0x0000019067a27650, 0x0000019067a29720, 0x0000019067a27ce0, 0x0000019067a28370,
0x0000019067a28a00, 0x0000019067a29db0, 0x0000019067a26930, 0x0000019067a26fc0,
0x000001906649bcd0, 0x000001906649e430, 0x000001906649d710, 0x000001906649d080,
0x000001906649f7e0, 0x000001906649dda0, 0x000001906649eac0, 0x00000190664a1220,
0x00000190664a18b0, 0x00000190664a2c60, 0x00000190664a32f0, 0x00000190664a0500,
0x00000190664a0b90, 0x000001906f6197c0, 0x000001906f616340, 0x000001906f617060,
0x000001906f618aa0, 0x000001906f619130, 0x000001906f6169d0, 0x000001906f6176f0,
0x000001906f617d80, 0x000001906f618410, 0x00000190692e1330, 0x00000190692e19c0,
0x00000190692e4120, 0x00000190692e3a90, 0x00000190692e0ca0, 0x00000190692e2050,
0x00000190692e54d0, 0x00000190692e3400, 0x00000190692e5b60, 0x00000190692e47b0,
0x00000190692e26e0, 0x00000190692e61f0, 0x00000190692e6880, 0x00000190692e6f10,
0x00000190692e7c30, 0x00000190692e75a0, 0x000001906f5fd640, 0x000001906f5faee0,
0x000001906f5fa850, 0x000001906f5fe360, 0x000001906f5fe9f0, 0x000001906f601150,
0x000001906f5ffda0, 0x000001906f5ff080, 0x000001906f600ac0, 0x0000019066e69da0,
0x0000019066e6b7e0, 0x0000019066e6d8b0, 0x0000019066e70d30, 0x00000190706d63d0,
0x00000190706d56b0, 0x00000190706d2f50, 0x00000190706d6a60, 0x00000190706d70f0,
0x00000190706d5020, 0x00000190706d4990, 0x00000190706da570, 0x00000190706d84a0,
0x00000190709cbdf0, 0x00000190709cc480, 0x00000190709cb0d0, 0x00000190709d1340,
0x00000190709cdec0, 0x00000190774daeb0, 0x00000190774db540, 0x0000019066a85490
}

Java Threads: ( => current thread )
  0x00000190428eecb0 JavaThread "main"                              [_thread_blocked, id=11612, stack(0x000000278d200000,0x000000278d300000) (1024K)]
  0x000001905dc4b330 JavaThread "Reference Handler"          daemon [_thread_blocked, id=11908, stack(0x000000278d600000,0x000000278d700000) (1024K)]
  0x000001905dc4c8e0 JavaThread "Finalizer"                  daemon [_thread_blocked, id=5916, stack(0x000000278d700000,0x000000278d800000) (1024K)]
  0x000001905dc41540 JavaThread "Signal Dispatcher"          daemon [_thread_blocked, id=7060, stack(0x000000278d800000,0x000000278d900000) (1024K)]
  0x000001905dc41f90 JavaThread "Attach Listener"            daemon [_thread_blocked, id=4992, stack(0x000000278d900000,0x000000278da00000) (1024K)]
  0x0000019062ac0bf0 JavaThread "Service Thread"             daemon [_thread_blocked, id=5484, stack(0x000000278da00000,0x000000278db00000) (1024K)]
  0x0000019062ac1250 JavaThread "Monitor Deflation Thread"   daemon [_thread_blocked, id=8776, stack(0x000000278db00000,0x000000278dc00000) (1024K)]
=>0x0000019062ac56a0 JavaThread "C2 CompilerThread0"         daemon [_thread_in_native, id=4008, stack(0x000000278dc00000,0x000000278dd00000) (1024K)]
  0x0000019062aed620 JavaThread "C1 CompilerThread0"         daemon [_thread_blocked, id=7748, stack(0x000000278dd00000,0x000000278de00000) (1024K)]
  0x00000190429528a0 JavaThread "Common-Cleaner"             daemon [_thread_blocked, id=5224, stack(0x000000278de00000,0x000000278df00000) (1024K)]
  0x0000019062de0460 JavaThread "Notification Thread"        daemon [_thread_blocked, id=9036, stack(0x000000278df00000,0x000000278e000000) (1024K)]
  0x00000190648a9230 JavaThread "Daemon health stats"               [_thread_blocked, id=13332, stack(0x000000278e400000,0x000000278e500000) (1024K)]
  0x0000019063618150 JavaThread "Incoming local TCP Connector on port 28440"        [_thread_in_native, id=3744, stack(0x000000278e500000,0x000000278e600000) (1024K)]
  0x00000190648e14c0 JavaThread "Daemon periodic checks"            [_thread_blocked, id=4756, stack(0x000000278e600000,0x000000278e700000) (1024K)]
  0x0000019064908fd0 JavaThread "Daemon"                            [_thread_blocked, id=12744, stack(0x000000278e700000,0x000000278e800000) (1024K)]
  0x0000019063b221a0 JavaThread "Handler for socket connection from /127.0.0.1:28440 to /127.0.0.1:28441"        [_thread_in_native, id=6536, stack(0x000000278e800000,0x000000278e900000) (1024K)]
  0x0000019063b23820 JavaThread "Cancel handler"                    [_thread_blocked, id=9524, stack(0x000000278e900000,0x000000278ea00000) (1024K)]
  0x0000019064982980 JavaThread "Daemon worker"                     [_thread_blocked, id=5244, stack(0x000000278ea00000,0x000000278eb00000) (1024K)]
  0x00000190649eb380 JavaThread "Asynchronous log dispatcher for DefaultDaemonConnection: socket connection from /127.0.0.1:28440 to /127.0.0.1:28441"        [_thread_blocked, id=7456, stack(0x000000278eb00000,0x000000278ec00000) (1024K)]
  0x00000190649ed450 JavaThread "Stdin handler"                     [_thread_blocked, id=12808, stack(0x000000278ec00000,0x000000278ed00000) (1024K)]
  0x00000190649eba10 JavaThread "Daemon client event forwarder"        [_thread_blocked, id=4836, stack(0x000000278ed00000,0x000000278ee00000) (1024K)]
  0x00000190649ea660 JavaThread "Cache worker for journal cache (C:\Users\Mbongeni\.gradle\caches\journal-1)"        [_thread_blocked, id=14036, stack(0x000000278ee00000,0x000000278ef00000) (1024K)]
  0x00000190649eacf0 JavaThread "File lock request listener"        [_thread_in_native, id=6072, stack(0x000000278e000000,0x000000278e100000) (1024K)]
  0x00000190649ec0a0 JavaThread "Cache worker for file hash cache (C:\Users\Mbongeni\.gradle\caches\8.14.2\fileHashes)"        [_thread_blocked, id=8708, stack(0x000000278ef00000,0x000000278f000000) (1024K)]
  0x00000190649ec730 JavaThread "Cache worker for file hash cache (C:\Users\Mbongeni\OneDrive\Documents\GitHub\Lost\.gradle\8.14.2\fileHashes)"        [_thread_blocked, id=10156, stack(0x000000278f100000,0x000000278f200000) (1024K)]
  0x00000190649ecdc0 JavaThread "Cache worker for checksums cache (C:\Users\Mbongeni\OneDrive\Documents\GitHub\Lost\.gradle\8.14.2\checksums)"        [_thread_blocked, id=9264, stack(0x000000278f200000,0x000000278f300000) (1024K)]
  0x00000190649edae0 JavaThread "Cache worker for Build Output Cleanup Cache (C:\Users\Mbongeni\OneDrive\Documents\GitHub\Lost\.gradle\buildOutputCleanup)"        [_thread_blocked, id=5744, stack(0x000000278f300000,0x000000278f400000) (1024K)]
  0x0000019064fcc570 JavaThread "Cache worker for file content cache (C:\Users\Mbongeni\.gradle\caches\8.14.2\fileContent)"        [_thread_blocked, id=7652, stack(0x000000278f400000,0x000000278f500000) (1024K)]
  0x0000019064fd0080 JavaThread "File watcher server"        daemon [_thread_in_native, id=4080, stack(0x000000278f500000,0x000000278f600000) (1024K)]
  0x0000019064fcf360 JavaThread "File watcher consumer"      daemon [_thread_blocked, id=5412, stack(0x000000278f600000,0x000000278f700000) (1024K)]
  0x0000019064fcdfb0 JavaThread "gradle-enterprise-worker-0"        [_thread_in_Java, id=12740, stack(0x000000278f700000,0x000000278f800000) (1024K)]
  0x0000019064fd0da0 JavaThread "Develocity resource usage"  daemon [_thread_blocked, id=1416, stack(0x000000278f800000,0x000000278f900000) (1024K)]
  0x0000019064fd1430 JavaThread "JNA Cleaner"                daemon [_thread_blocked, id=1752, stack(0x000000278f900000,0x000000278fa00000) (1024K)]
  0x0000019064fd2e70 JavaThread "build event listener"              [_thread_blocked, id=504, stack(0x000000278ff00000,0x0000002790000000) (1024K)]
  0x0000019064fd3500 JavaThread "build event listener"              [_thread_blocked, id=11788, stack(0x0000002790000000,0x0000002790100000) (1024K)]
  0x0000019066090b30 JavaThread "build event listener"              [_thread_blocked, id=4476, stack(0x0000002790100000,0x0000002790200000) (1024K)]
  0x0000019066092c00 JavaThread "Build operations"                  [_thread_blocked, id=11772, stack(0x0000002790200000,0x0000002790300000) (1024K)]
  0x0000019066093920 JavaThread "Build operations Thread 2"         [_thread_blocked, id=2052, stack(0x0000002790300000,0x0000002790400000) (1024K)]
  0x0000019066094640 JavaThread "ForkJoinPool.commonPool-worker-1" daemon [_thread_blocked, id=10100, stack(0x0000002790400000,0x0000002790500000) (1024K)]
  0x00000190660911c0 JavaThread "ForkJoinPool.commonPool-worker-2" daemon [_thread_blocked, id=13376, stack(0x0000002790500000,0x0000002790600000) (1024K)]
  0x0000019066096710 JavaThread "ForkJoinPool.commonPool-worker-3" daemon [_thread_blocked, id=8360, stack(0x0000002790600000,0x0000002790700000) (1024K)]
  0x0000019066097ac0 JavaThread "Memory manager"                    [_thread_blocked, id=9328, stack(0x0000002790800000,0x0000002790900000) (1024K)]
  0x0000019066094cd0 JavaThread "Resource Usage Collector SystemCpu" daemon [_thread_blocked, id=4132, stack(0x0000002790900000,0x0000002790a00000) (1024K)]
  0x0000019066098150 JavaThread "Resource Usage Collector Monitoring 0" daemon [_thread_blocked, id=11480, stack(0x0000002790a00000,0x0000002790b00000) (1024K)]
  0x0000019066095360 JavaThread "Resource Usage Collector Memory" daemon [_thread_blocked, id=11576, stack(0x0000002790b00000,0x0000002790c00000) (1024K)]
  0x00000190660959f0 JavaThread "Resource Usage Collector Monitoring 1" daemon [_thread_blocked, id=7620, stack(0x0000002790c00000,0x0000002790d00000) (1024K)]
  0x0000019066096080 JavaThread "Resource Usage Collector NetworkSpeed" daemon [_thread_blocked, id=1396, stack(0x0000002790d00000,0x0000002790e00000) (1024K)]
  0x0000019064fd27e0 JavaThread "Resource Usage Collector Monitoring 2" daemon [_thread_blocked, id=1956, stack(0x0000002790e00000,0x0000002790f00000) (1024K)]
  0x0000019067a23b40 JavaThread "Resource Usage Collector DiskSpeed" daemon [_thread_blocked, id=4544, stack(0x0000002790f00000,0x0000002791000000) (1024K)]
  0x0000019067a24860 JavaThread "Resource Usage Collector Monitoring 3" daemon [_thread_blocked, id=8896, stack(0x0000002791000000,0x0000002791100000) (1024K)]
  0x0000019067a25580 JavaThread "Resource Usage Collector Processes" daemon [_thread_blocked, id=10004, stack(0x0000002791100000,0x0000002791200000) (1024K)]
  0x0000019067a22e20 JavaThread "Resource Usage Collector Monitoring 4" daemon [_thread_blocked, id=14080, stack(0x0000002791200000,0x0000002791300000) (1024K)]
  0x0000019067a27650 JavaThread "included builds"                   [_thread_blocked, id=1988, stack(0x0000002791300000,0x0000002791400000) (1024K)]
  0x0000019067a29720 JavaThread "Execution worker"                  [_thread_blocked, id=2492, stack(0x0000002791400000,0x0000002791500000) (1024K)]
  0x0000019067a27ce0 JavaThread "Execution worker Thread 2"         [_thread_blocked, id=13528, stack(0x0000002791500000,0x0000002791600000) (1024K)]
  0x0000019067a28370 JavaThread "Execution worker Thread 3"         [_thread_in_native, id=12972, stack(0x0000002791600000,0x0000002791700000) (1024K)]
  0x0000019067a28a00 JavaThread "Cache worker for execution history cache (C:\Users\Mbongeni\OneDrive\Documents\GitHub\Lost\.gradle\8.14.2\executionHistory)"        [_thread_blocked, id=6820, stack(0x0000002791700000,0x0000002791800000) (1024K)]
  0x0000019067a29db0 JavaThread "Unconstrained build operations"        [_thread_blocked, id=3104, stack(0x0000002791800000,0x0000002791900000) (1024K)]
  0x0000019067a26930 JavaThread "Unconstrained build operations Thread 2"        [_thread_blocked, id=12948, stack(0x0000002791900000,0x0000002791a00000) (1024K)]
  0x0000019067a26fc0 JavaThread "Unconstrained build operations Thread 3"        [_thread_blocked, id=8156, stack(0x0000002791a00000,0x0000002791b00000) (1024K)]
  0x000001906649bcd0 JavaThread "Unconstrained build operations Thread 4"        [_thread_blocked, id=7244, stack(0x0000002791b00000,0x0000002791c00000) (1024K)]
  0x000001906649e430 JavaThread "Unconstrained build operations Thread 5"        [_thread_blocked, id=12820, stack(0x0000002791c00000,0x0000002791d00000) (1024K)]
  0x000001906649d710 JavaThread "Unconstrained build operations Thread 6"        [_thread_blocked, id=10356, stack(0x0000002791d00000,0x0000002791e00000) (1024K)]
  0x000001906649d080 JavaThread "Unconstrained build operations Thread 7"        [_thread_blocked, id=3572, stack(0x0000002791e00000,0x0000002791f00000) (1024K)]
  0x000001906649f7e0 JavaThread "Unconstrained build operations Thread 8"        [_thread_blocked, id=7820, stack(0x0000002791f00000,0x0000002792000000) (1024K)]
  0x000001906649dda0 JavaThread "Unconstrained build operations Thread 9"        [_thread_blocked, id=10104, stack(0x0000002792000000,0x0000002792100000) (1024K)]
  0x000001906649eac0 JavaThread "pool-2-thread-1"                   [_thread_blocked, id=8956, stack(0x0000002792100000,0x0000002792200000) (1024K)]
  0x00000190664a1220 JavaThread "Unconstrained build operations Thread 10"        [_thread_blocked, id=4564, stack(0x0000002792200000,0x0000002792300000) (1024K)]
  0x00000190664a18b0 JavaThread "WorkerExecutor Queue"              [_thread_blocked, id=11300, stack(0x0000002792300000,0x0000002792400000) (1024K)]
  0x00000190664a2c60 JavaThread "Unconstrained build operations Thread 11"        [_thread_blocked, id=6092, stack(0x0000002792400000,0x0000002792500000) (1024K)]
  0x00000190664a32f0 JavaThread "Unconstrained build operations Thread 12"        [_thread_blocked, id=6912, stack(0x0000002792500000,0x0000002792600000) (1024K)]
  0x00000190664a0500 JavaThread "Unconstrained build operations Thread 13"        [_thread_blocked, id=12536, stack(0x0000002792600000,0x0000002792700000) (1024K)]
  0x00000190664a0b90 JavaThread "Unconstrained build operations Thread 14"        [_thread_blocked, id=9440, stack(0x0000002792700000,0x0000002792800000) (1024K)]
  0x000001906f6197c0 JavaThread "Unconstrained build operations Thread 15"        [_thread_blocked, id=1576, stack(0x0000002792800000,0x0000002792900000) (1024K)]
  0x000001906f616340 JavaThread "Unconstrained build operations Thread 16"        [_thread_blocked, id=8184, stack(0x0000002792900000,0x0000002792a00000) (1024K)]
  0x000001906f617060 JavaThread "WorkerExecutor Queue Thread 2"        [_thread_blocked, id=12272, stack(0x0000002792a00000,0x0000002792b00000) (1024K)]
  0x000001906f618aa0 JavaThread "Unconstrained build operations Thread 17"        [_thread_blocked, id=8996, stack(0x0000002792b00000,0x0000002792c00000) (1024K)]
  0x000001906f619130 JavaThread "Unconstrained build operations Thread 18"        [_thread_blocked, id=10796, stack(0x0000002792c00000,0x0000002792d00000) (1024K)]
  0x000001906f6169d0 JavaThread "Unconstrained build operations Thread 19"        [_thread_blocked, id=1216, stack(0x0000002792d00000,0x0000002792e00000) (1024K)]
  0x000001906f6176f0 JavaThread "Unconstrained build operations Thread 20"        [_thread_blocked, id=1584, stack(0x0000002792e00000,0x0000002792f00000) (1024K)]
  0x000001906f617d80 JavaThread "Unconstrained build operations Thread 21"        [_thread_blocked, id=4788, stack(0x0000002792f00000,0x0000002793000000) (1024K)]
  0x000001906f618410 JavaThread "Unconstrained build operations Thread 22"        [_thread_blocked, id=5616, stack(0x0000002793000000,0x0000002793100000) (1024K)]
  0x00000190692e1330 JavaThread "Unconstrained build operations Thread 23"        [_thread_blocked, id=9304, stack(0x0000002793100000,0x0000002793200000) (1024K)]
  0x00000190692e19c0 JavaThread "Unconstrained build operations Thread 24"        [_thread_blocked, id=7548, stack(0x0000002793200000,0x0000002793300000) (1024K)]
  0x00000190692e4120 JavaThread "Unconstrained build operations Thread 25"        [_thread_blocked, id=14052, stack(0x0000002793300000,0x0000002793400000) (1024K)]
  0x00000190692e3a90 JavaThread "Unconstrained build operations Thread 26"        [_thread_blocked, id=1032, stack(0x0000002793400000,0x0000002793500000) (1024K)]
  0x00000190692e0ca0 JavaThread "Unconstrained build operations Thread 27"        [_thread_blocked, id=9728, stack(0x0000002793500000,0x0000002793600000) (1024K)]
  0x00000190692e2050 JavaThread "Unconstrained build operations Thread 28"        [_thread_blocked, id=3892, stack(0x0000002793600000,0x0000002793700000) (1024K)]
  0x00000190692e54d0 JavaThread "Unconstrained build operations Thread 29"        [_thread_blocked, id=6864, stack(0x0000002793700000,0x0000002793800000) (1024K)]
  0x00000190692e3400 JavaThread "Unconstrained build operations Thread 30"        [_thread_blocked, id=11180, stack(0x0000002793800000,0x0000002793900000) (1024K)]
  0x00000190692e5b60 JavaThread "Unconstrained build operations Thread 31"        [_thread_blocked, id=13984, stack(0x0000002793900000,0x0000002793a00000) (1024K)]
  0x00000190692e47b0 JavaThread "Unconstrained build operations Thread 32"        [_thread_blocked, id=9984, stack(0x0000002793a00000,0x0000002793b00000) (1024K)]
  0x00000190692e26e0 JavaThread "Unconstrained build operations Thread 33"        [_thread_blocked, id=4840, stack(0x0000002793b00000,0x0000002793c00000) (1024K)]
  0x00000190692e61f0 JavaThread "Unconstrained build operations Thread 34"        [_thread_blocked, id=11624, stack(0x0000002793c00000,0x0000002793d00000) (1024K)]
  0x00000190692e6880 JavaThread "WorkerExecutor Queue Thread 3"        [_thread_blocked, id=9484, stack(0x0000002793d00000,0x0000002793e00000) (1024K)]
  0x00000190692e6f10 JavaThread "Unconstrained build operations Thread 35"        [_thread_blocked, id=12644, stack(0x0000002793e00000,0x0000002793f00000) (1024K)]
  0x00000190692e7c30 JavaThread "Unconstrained build operations Thread 36"        [_thread_blocked, id=12592, stack(0x0000002793f00000,0x0000002794000000) (1024K)]
  0x00000190692e75a0 JavaThread "Unconstrained build operations Thread 37"        [_thread_blocked, id=4064, stack(0x0000002794000000,0x0000002794100000) (1024K)]
  0x000001906f5fd640 JavaThread "Unconstrained build operations Thread 38"        [_thread_blocked, id=9920, stack(0x0000002794100000,0x0000002794200000) (1024K)]
  0x000001906f5faee0 JavaThread "Unconstrained build operations Thread 39"        [_thread_blocked, id=7692, stack(0x0000002794200000,0x0000002794300000) (1024K)]
  0x000001906f5fa850 JavaThread "Unconstrained build operations Thread 40"        [_thread_blocked, id=4356, stack(0x0000002794300000,0x0000002794400000) (1024K)]
  0x000001906f5fe360 JavaThread "WorkerExecutor Queue Thread 4"        [_thread_blocked, id=8048, stack(0x0000002794400000,0x0000002794500000) (1024K)]
  0x000001906f5fe9f0 JavaThread "RMI Scheduler(0)"           daemon [_thread_blocked, id=13432, stack(0x0000002794500000,0x0000002794600000) (1024K)]
  0x000001906f601150 JavaThread "RMI GC Daemon"              daemon [_thread_blocked, id=1056, stack(0x0000002794700000,0x0000002794800000) (1024K)]
  0x000001906f5ffda0 JavaThread "RMI TCP Accept-0"           daemon [_thread_in_native, id=8152, stack(0x0000002794800000,0x0000002794900000) (1024K)]
  0x000001906f5ff080 JavaThread "RMI Reaper"                        [_thread_blocked, id=7560, stack(0x0000002794900000,0x0000002794a00000) (1024K)]
  0x000001906f600ac0 JavaThread "RMI TCP Connection(idle)"   daemon [_thread_blocked, id=8744, stack(0x0000002794a00000,0x0000002794b00000) (1024K)]
  0x0000019066e69da0 JavaThread "Cache worker for Java compile cache (C:\Users\Mbongeni\.gradle\caches\8.14.2\javaCompile)"        [_thread_blocked, id=7336, stack(0x000000278f000000,0x000000278f100000) (1024K)]
  0x0000019066e6b7e0 JavaThread "Build operations Thread 3"         [_thread_blocked, id=9804, stack(0x0000002794b00000,0x0000002794c00000) (1024K)]
  0x0000019066e6d8b0 JavaThread "Build operations Thread 4"         [_thread_blocked, id=5844, stack(0x0000002794c00000,0x0000002794d00000) (1024K)]
  0x0000019066e70d30 JavaThread "Problems report writer"            [_thread_blocked, id=12868, stack(0x0000002794d00000,0x0000002794e00000) (1024K)]
  0x00000190706d63d0 JavaThread "ForkJoinPool-1-worker-1"    daemon [_thread_blocked, id=1744, stack(0x0000002794e00000,0x0000002794f00000) (1024K)]
  0x00000190706d56b0 JavaThread "ForkJoinPool-1-worker-2"    daemon [_thread_blocked, id=5732, stack(0x0000002794f00000,0x0000002795000000) (1024K)]
  0x00000190706d2f50 JavaThread "ForkJoinPool-1-worker-3"    daemon [_thread_blocked, id=5200, stack(0x0000002795000000,0x0000002795100000) (1024K)]
  0x00000190706d6a60 JavaThread "ForkJoinPool-1-worker-4"    daemon [_thread_blocked, id=1852, stack(0x0000002795100000,0x0000002795200000) (1024K)]
  0x00000190706d70f0 JavaThread "Java2D Disposer"            daemon [_thread_blocked, id=3008, stack(0x0000002795200000,0x0000002795300000) (1024K)]
  0x00000190706d5020 JavaThread "AWT-Windows"                daemon [_thread_in_native, id=9016, stack(0x0000002795400000,0x0000002795500000) (1024K)]
  0x00000190706d4990 JavaThread "DefaultDispatcher-worker-1" daemon [_thread_blocked, id=8144, stack(0x0000002795600000,0x0000002795700000) (1024K)]
  0x00000190706da570 JavaThread "DefaultDispatcher-worker-2" daemon [_thread_blocked, id=1096, stack(0x0000002795700000,0x0000002795800000) (1024K)]
  0x00000190706d84a0 JavaThread "DefaultDispatcher-worker-3" daemon [_thread_blocked, id=10096, stack(0x0000002795800000,0x0000002795900000) (1024K)]
  0x00000190709cbdf0 JavaThread "pool-3-thread-1"                   [_thread_blocked, id=11988, stack(0x000000278fa00000,0x000000278fb00000) (1024K)]
  0x00000190709cc480 JavaThread "stderr"                            [_thread_in_native, id=10208, stack(0x0000002794600000,0x0000002794700000) (1024K)]
  0x00000190709cb0d0 JavaThread "stdout"                            [_thread_in_native, id=14108, stack(0x0000002795300000,0x0000002795400000) (1024K)]
  0x00000190709d1340 JavaThread "Periodic tasks thread"      daemon [_thread_blocked, id=10772, stack(0x0000002795500000,0x0000002795600000) (1024K)]
  0x00000190709cdec0 JavaThread "ApplicationImpl pooled thread 1"        [_thread_blocked, id=5924, stack(0x0000002795900000,0x0000002795a00000) (1024K)]
  0x00000190774daeb0 JavaThread "Periodic tasks thread"      daemon [_thread_blocked, id=12136, stack(0x0000002795a00000,0x0000002795b00000) (1024K)]
  0x00000190774db540 JavaThread "ApplicationImpl pooled thread 1" daemon [_thread_blocked, id=2292, stack(0x0000002795b00000,0x0000002795c00000) (1024K)]
  0x0000019066a85490 JavaThread "C2 CompilerThread1"         daemon [_thread_in_native, id=12604, stack(0x000000278cf00000,0x000000278d000000) (1024K)]
Total: 128

Other Threads:
  0x000001905db38880 VMThread "VM Thread"                           [id=2332, stack(0x000000278d500000,0x000000278d600000) (1024K)]
  0x000001905db2ca00 WatcherThread "VM Periodic Task Thread"        [id=10624, stack(0x000000278d400000,0x000000278d500000) (1024K)]
  0x0000019042905690 WorkerThread "GC Thread#0"                     [id=13440, stack(0x000000278d300000,0x000000278d400000) (1024K)]
  0x0000019063341220 WorkerThread "GC Thread#1"                     [id=9860, stack(0x000000278e100000,0x000000278e200000) (1024K)]
  0x00000190630ae810 WorkerThread "GC Thread#2"                     [id=7836, stack(0x000000278e200000,0x000000278e300000) (1024K)]
  0x00000190630c7780 WorkerThread "GC Thread#3"                     [id=4808, stack(0x000000278e300000,0x000000278e400000) (1024K)]
Total: 6

Threads with active compile tasks:
C2 CompilerThread0  101970 51478       4       org.gradle.api.internal.artifacts.transform.TransformingAsyncArtifactListener$TransformedArtifact::startFinalization (15 bytes)
C2 CompilerThread1  101970 51479   !   4       org.gradle.api.internal.artifacts.transform.TransformingAsyncArtifactListener$TransformedArtifact::prepareInvocation (164 bytes)
Total: 2

VM state: not at safepoint (normal execution)

VM Mutex/Monitor currently owned by a thread: None

Heap address: 0x0000000700000000, size: 4096 MB, Compressed Oops mode: Zero based, Oop shift amount: 3

CDS archive(s) not mapped
Compressed class space mapped at: 0x0000000800000000-0x0000000840000000, reserved size: 1073741824
Narrow klass base: 0x0000000800000000, Narrow klass shift: 0, Narrow klass range: 0x40000000

GC Precious Log:
 CardTable entry size: 512
 CPUs: 4 total, 4 available
 Memory: 8025M
 Large Page Support: Disabled
 NUMA Support: Disabled
 Compressed Oops: Enabled (Zero based)
 Alignments: Space 512K, Generation 512K, Heap 2M
 Heap Min Capacity: 8M
 Heap Initial Capacity: 126M
 Heap Max Capacity: 4G
 Pre-touch: Disabled
 Parallel Workers: 4

Heap:
 PSYoungGen      total 1282048K, used 419940K [0x00000007aab00000, 0x0000000800000000, 0x0000000800000000)
  eden space 1169920K, 33% used [0x00000007aab00000,0x00000007c2ecf1c8,0x00000007f2180000)
  from space 112128K, 20% used [0x00000007f2180000,0x00000007f37ca1d8,0x00000007f8f00000)
  to   space 106496K, 0% used [0x00000007f9800000,0x00000007f9800000,0x0000000800000000)
 ParOldGen       total 344064K, used 343853K [0x0000000700000000, 0x0000000715000000, 0x00000007aab00000)
  object space 344064K, 99% used [0x0000000700000000,0x0000000714fcb550,0x0000000715000000)
 Metaspace       used 344092K, committed 347072K, reserved 1376256K
  class space    used 41749K, committed 43264K, reserved 1048576K

Card table byte_map: [0x0000019054a40000,0x0000019055250000] _byte_map_base: 0x0000019051240000

Marking Bits: (ParMarkBitMap*) 0x00007ffeebe23300
 Begin Bits: [0x0000019055250000, 0x0000019059250000)
 End Bits:   [0x0000019059250000, 0x000001905d250000)

Polling page: 0x0000019040720000

Metaspace:

Usage:
  Non-class:    295.26 MB used.
      Class:     40.77 MB used.
       Both:    336.03 MB used.

Virtual space:
  Non-class space:      320.00 MB reserved,     296.69 MB ( 93%) committed,  5 nodes.
      Class space:        1.00 GB reserved,      42.25 MB (  4%) committed,  1 nodes.
             Both:        1.31 GB reserved,     338.94 MB ( 25%) committed. 

Chunk freelists:
   Non-Class:  7.05 MB
       Class:  5.77 MB
        Both:  12.81 MB

MaxMetaspaceSize: unlimited
CompressedClassSpaceSize: 1.00 GB
Initial GC threshold: 21.00 MB
Current GC threshold: 549.94 MB
CDS: off
 - commit_granule_bytes: 65536.
 - commit_granule_words: 8192.
 - virtual_space_node_default_size: 8388608.
 - enlarge_chunks_in_place: 1.
 - use_allocation_guard: 0.


Internal statistics:

num_allocs_failed_limit: 19.
num_arena_births: 6132.
num_arena_deaths: 88.
num_vsnodes_births: 6.
num_vsnodes_deaths: 0.
num_space_committed: 5414.
num_space_uncommitted: 2.
num_chunks_returned_to_freelist: 171.
num_chunks_taken_from_freelist: 22252.
num_chunk_merges: 28.
num_chunk_splits: 14250.
num_chunks_enlarged: 8391.
num_inconsistent_stats: 0.

CodeHeap 'non-profiled nmethods': size=120000Kb used=20357Kb max_used=24845Kb free=99642Kb
 bounds [0x000001904d510000, 0x000001904ed70000, 0x0000019054a40000]
CodeHeap 'profiled nmethods': size=120000Kb used=73859Kb max_used=87769Kb free=46140Kb
 bounds [0x0000019045a40000, 0x000001904b0a0000, 0x000001904cf70000]
CodeHeap 'non-nmethods': size=5760Kb used=2244Kb max_used=2334Kb free=3515Kb
 bounds [0x000001904cf70000, 0x000001904d1e0000, 0x000001904d510000]
 total_blobs=27322 nmethods=25953 adapters=1270
 compilation: enabled
              stopped_count=0, restarted_count=0
 full_count=0

Compilation events (20 events):
Event: 101.496 Thread 0x0000019062aed620 51503       3       org.gradle.internal.properties.annotations.AbstractTypeMetadataWalker::lambda$walkChildren$4 (58 bytes)
Event: 101.497 Thread 0x0000019062aed620 nmethod 51503 0x00000190485ba210 code [0x00000190485ba4e0, 0x00000190485bb1e0]
Event: 101.497 Thread 0x0000019062aed620 51504       3       org.gradle.internal.properties.annotations.AbstractTypeMetadataWalker::getQualifiedName (32 bytes)
Event: 101.498 Thread 0x0000019066a85490 nmethod 51477 0x000001904d708890 code [0x000001904d708b40, 0x000001904d7096b0]
Event: 101.498 Thread 0x0000019062aed620 nmethod 51504 0x0000019048a5a490 code [0x0000019048a5a6c0, 0x0000019048a5ac60]
Event: 101.498 Thread 0x0000019066a85490 51479   !   4       org.gradle.api.internal.artifacts.transform.TransformingAsyncArtifactListener$TransformedArtifact::prepareInvocation (164 bytes)
Event: 101.498 Thread 0x0000019062aed620 51505       1       org.gradle.internal.properties.annotations.DefaultTypeMetadataStore$DefaultPropertyMetadata::getPropertyType (5 bytes)
Event: 101.498 Thread 0x0000019062aed620 nmethod 51505 0x000001904e4c3810 code [0x000001904e4c39a0, 0x000001904e4c3a70]
Event: 101.498 Thread 0x0000019062aed620 51506       3       org.gradle.internal.properties.annotations.DefaultTypeMetadataStore$DefaultPropertyMetadata::getPropertyValue (11 bytes)
Event: 101.499 Thread 0x0000019062aed620 nmethod 51506 0x0000019048ed5a10 code [0x0000019048ed5bc0, 0x0000019048ed5d48]
Event: 101.499 Thread 0x0000019062aed620 51507   !   3       org.gradle.internal.reflect.annotations.impl.DefaultPropertyAnnotationMetadata::getPropertyValue (68 bytes)
Event: 101.500 Thread 0x0000019062aed620 nmethod 51507 0x00000190465b9410 code [0x00000190465b97a0, 0x00000190465baf68]
Event: 101.500 Thread 0x0000019062aed620 51508       3       org.gradle.api.internal.provider.AbstractCollectionProperty::calculateValueFrom (11 bytes)
Event: 101.500 Thread 0x0000019062aed620 nmethod 51508 0x00000190474bde90 code [0x00000190474be060, 0x00000190474be428]
Event: 101.515 Thread 0x0000019062aed620 51509       3       org.gradle.api.internal.file.collections.PathVisitor::getFileVisitDetails (55 bytes)
Event: 101.515 Thread 0x0000019062aed620 nmethod 51509 0x0000019047005c10 code [0x0000019047005e00, 0x00000190470062d0]
Event: 101.517 Thread 0x0000019062aed620 51510       3       org.gradle.api.specs.CompositeSpec::<init> (115 bytes)
Event: 101.518 Thread 0x0000019062aed620 nmethod 51510 0x0000019049308290 code [0x0000019049308580, 0x00000190493098e8]
Event: 101.654 Thread 0x0000019062aed620 51511       3       org.gradle.api.internal.file.collections.PathVisitor::visitFile (60 bytes)
Event: 101.656 Thread 0x0000019062aed620 nmethod 51511 0x00000190493b3a90 code [0x00000190493b3d80, 0x00000190493b4d60]

GC Heap History (20 events):
Event: 58.015 GC heap before
{Heap before GC invocations=38 (full 6):
 PSYoungGen      total 1089024K, used 34177K [0x00000007aab00000, 0x00000007f3b00000, 0x0000000800000000)
  eden space 996352K, 0% used [0x00000007aab00000,0x00000007aab00000,0x00000007e7800000)
  from space 92672K, 36% used [0x00000007ee080000,0x00000007f01e0718,0x00000007f3b00000)
  to   space 99840K, 0% used [0x00000007e7800000,0x00000007e7800000,0x00000007ed980000)
 ParOldGen       total 344064K, used 330077K [0x0000000700000000, 0x0000000715000000, 0x00000007aab00000)
  object space 344064K, 95% used [0x0000000700000000,0x0000000714257510,0x0000000715000000)
 Metaspace       used 228030K, committed 230784K, reserved 1310720K
  class space    used 28876K, committed 30336K, reserved 1048576K
}
Event: 58.752 GC heap after
{Heap after GC invocations=38 (full 6):
 PSYoungGen      total 1089024K, used 0K [0x00000007aab00000, 0x00000007f3b00000, 0x0000000800000000)
  eden space 996352K, 0% used [0x00000007aab00000,0x00000007aab00000,0x00000007e7800000)
  from space 92672K, 0% used [0x00000007ee080000,0x00000007ee080000,0x00000007f3b00000)
  to   space 99840K, 0% used [0x00000007e7800000,0x00000007e7800000,0x00000007ed980000)
 ParOldGen       total 344064K, used 283924K [0x0000000700000000, 0x0000000715000000, 0x00000007aab00000)
  object space 344064K, 82% used [0x0000000700000000,0x0000000711545118,0x0000000715000000)
 Metaspace       used 228025K, committed 230784K, reserved 1310720K
  class space    used 28875K, committed 30336K, reserved 1048576K
}
Event: 67.477 GC heap before
{Heap before GC invocations=39 (full 6):
 PSYoungGen      total 1089024K, used 448730K [0x00000007aab00000, 0x00000007f3b00000, 0x0000000800000000)
  eden space 996352K, 45% used [0x00000007aab00000,0x00000007c6136b00,0x00000007e7800000)
  from space 92672K, 0% used [0x00000007ee080000,0x00000007ee080000,0x00000007f3b00000)
  to   space 99840K, 0% used [0x00000007e7800000,0x00000007e7800000,0x00000007ed980000)
 ParOldGen       total 344064K, used 283924K [0x0000000700000000, 0x0000000715000000, 0x00000007aab00000)
  object space 344064K, 82% used [0x0000000700000000,0x0000000711545118,0x0000000715000000)
 Metaspace       used 245540K, committed 248384K, reserved 1310720K
  class space    used 30938K, committed 32448K, reserved 1048576K
}
Event: 67.540 GC heap after
{Heap after GC invocations=39 (full 6):
 PSYoungGen      total 1029632K, used 32916K [0x00000007aab00000, 0x00000007f2f00000, 0x0000000800000000)
  eden space 996352K, 0% used [0x00000007aab00000,0x00000007aab00000,0x00000007e7800000)
  from space 33280K, 98% used [0x00000007e7800000,0x00000007e98251c0,0x00000007e9880000)
  to   space 93696K, 0% used [0x00000007ed380000,0x00000007ed380000,0x00000007f2f00000)
 ParOldGen       total 344064K, used 283932K [0x0000000700000000, 0x0000000715000000, 0x00000007aab00000)
  object space 344064K, 82% used [0x0000000700000000,0x0000000711547118,0x0000000715000000)
 Metaspace       used 245540K, committed 248384K, reserved 1310720K
  class space    used 30938K, committed 32448K, reserved 1048576K
}
Event: 67.540 GC heap before
{Heap before GC invocations=40 (full 7):
 PSYoungGen      total 1029632K, used 32916K [0x00000007aab00000, 0x00000007f2f00000, 0x0000000800000000)
  eden space 996352K, 0% used [0x00000007aab00000,0x00000007aab00000,0x00000007e7800000)
  from space 33280K, 98% used [0x00000007e7800000,0x00000007e98251c0,0x00000007e9880000)
  to   space 93696K, 0% used [0x00000007ed380000,0x00000007ed380000,0x00000007f2f00000)
 ParOldGen       total 344064K, used 283932K [0x0000000700000000, 0x0000000715000000, 0x00000007aab00000)
  object space 344064K, 82% used [0x0000000700000000,0x0000000711547118,0x0000000715000000)
 Metaspace       used 245540K, committed 248384K, reserved 1310720K
  class space    used 30938K, committed 32448K, reserved 1048576K
}
Event: 67.964 GC heap after
{Heap after GC invocations=40 (full 7):
 PSYoungGen      total 1029632K, used 0K [0x00000007aab00000, 0x00000007f2f00000, 0x0000000800000000)
  eden space 996352K, 0% used [0x00000007aab00000,0x00000007aab00000,0x00000007e7800000)
  from space 33280K, 0% used [0x00000007e7800000,0x00000007e7800000,0x00000007e9880000)
  to   space 93696K, 0% used [0x00000007ed380000,0x00000007ed380000,0x00000007f2f00000)
 ParOldGen       total 344064K, used 219449K [0x0000000700000000, 0x0000000715000000, 0x00000007aab00000)
  object space 344064K, 63% used [0x0000000700000000,0x000000070d64e620,0x0000000715000000)
 Metaspace       used 245531K, committed 248384K, reserved 1310720K
  class space    used 30935K, committed 32448K, reserved 1048576K
}
Event: 76.046 GC heap before
{Heap before GC invocations=41 (full 7):
 PSYoungGen      total 1029632K, used 483315K [0x00000007aab00000, 0x00000007f2f00000, 0x0000000800000000)
  eden space 996352K, 48% used [0x00000007aab00000,0x00000007c82fcd48,0x00000007e7800000)
  from space 33280K, 0% used [0x00000007e7800000,0x00000007e7800000,0x00000007e9880000)
  to   space 93696K, 0% used [0x00000007ed380000,0x00000007ed380000,0x00000007f2f00000)
 ParOldGen       total 344064K, used 219449K [0x0000000700000000, 0x0000000715000000, 0x00000007aab00000)
  object space 344064K, 63% used [0x0000000700000000,0x000000070d64e620,0x0000000715000000)
 Metaspace       used 279932K, committed 282752K, reserved 1310720K
  class space    used 35051K, committed 36544K, reserved 1048576K
}
Event: 76.134 GC heap after
{Heap after GC invocations=41 (full 7):
 PSYoungGen      total 1085440K, used 63362K [0x00000007aab00000, 0x00000007f3800000, 0x0000000800000000)
  eden space 991744K, 0% used [0x00000007aab00000,0x00000007aab00000,0x00000007e7380000)
  from space 93696K, 67% used [0x00000007ed380000,0x00000007f1160998,0x00000007f2f00000)
  to   space 98304K, 0% used [0x00000007e7380000,0x00000007e7380000,0x00000007ed380000)
 ParOldGen       total 344064K, used 219457K [0x0000000700000000, 0x0000000715000000, 0x00000007aab00000)
  object space 344064K, 63% used [0x0000000700000000,0x000000070d650620,0x0000000715000000)
 Metaspace       used 279932K, committed 282752K, reserved 1310720K
  class space    used 35051K, committed 36544K, reserved 1048576K
}
Event: 76.134 GC heap before
{Heap before GC invocations=42 (full 8):
 PSYoungGen      total 1085440K, used 63362K [0x00000007aab00000, 0x00000007f3800000, 0x0000000800000000)
  eden space 991744K, 0% used [0x00000007aab00000,0x00000007aab00000,0x00000007e7380000)
  from space 93696K, 67% used [0x00000007ed380000,0x00000007f1160998,0x00000007f2f00000)
  to   space 98304K, 0% used [0x00000007e7380000,0x00000007e7380000,0x00000007ed380000)
 ParOldGen       total 344064K, used 219457K [0x0000000700000000, 0x0000000715000000, 0x00000007aab00000)
  object space 344064K, 63% used [0x0000000700000000,0x000000070d650620,0x0000000715000000)
 Metaspace       used 279932K, committed 282752K, reserved 1310720K
  class space    used 35051K, committed 36544K, reserved 1048576K
}
Event: 76.578 GC heap after
{Heap after GC invocations=42 (full 8):
 PSYoungGen      total 1085440K, used 0K [0x00000007aab00000, 0x00000007f3800000, 0x0000000800000000)
  eden space 991744K, 0% used [0x00000007aab00000,0x00000007aab00000,0x00000007e7380000)
  from space 93696K, 0% used [0x00000007ed380000,0x00000007ed380000,0x00000007f2f00000)
  to   space 98304K, 0% used [0x00000007e7380000,0x00000007e7380000,0x00000007ed380000)
 ParOldGen       total 344064K, used 271503K [0x0000000700000000, 0x0000000715000000, 0x00000007aab00000)
  object space 344064K, 78% used [0x0000000700000000,0x0000000710923f00,0x0000000715000000)
 Metaspace       used 279932K, committed 282752K, reserved 1310720K
  class space    used 35051K, committed 36544K, reserved 1048576K
}
Event: 83.902 GC heap before
{Heap before GC invocations=43 (full 8):
 PSYoungGen      total 1085440K, used 991744K [0x00000007aab00000, 0x00000007f3800000, 0x0000000800000000)
  eden space 991744K, 100% used [0x00000007aab00000,0x00000007e7380000,0x00000007e7380000)
  from space 93696K, 0% used [0x00000007ed380000,0x00000007ed380000,0x00000007f2f00000)
  to   space 98304K, 0% used [0x00000007e7380000,0x00000007e7380000,0x00000007ed380000)
 ParOldGen       total 344064K, used 271503K [0x0000000700000000, 0x0000000715000000, 0x00000007aab00000)
  object space 344064K, 78% used [0x0000000700000000,0x0000000710923f00,0x0000000715000000)
 Metaspace       used 298967K, committed 301952K, reserved 1376256K
  class space    used 37173K, committed 38720K, reserved 1048576K
}
Event: 84.039 GC heap after
{Heap after GC invocations=43 (full 8):
 PSYoungGen      total 1090048K, used 98298K [0x00000007aab00000, 0x0000000800000000, 0x0000000800000000)
  eden space 991744K, 0% used [0x00000007aab00000,0x00000007aab00000,0x00000007e7380000)
  from space 98304K, 99% used [0x00000007e7380000,0x00000007ed37ebc0,0x00000007ed380000)
  to   space 115712K, 0% used [0x00000007f8f00000,0x00000007f8f00000,0x0000000800000000)
 ParOldGen       total 344064K, used 273311K [0x0000000700000000, 0x0000000715000000, 0x00000007aab00000)
  object space 344064K, 79% used [0x0000000700000000,0x0000000710ae7f00,0x0000000715000000)
 Metaspace       used 298967K, committed 301952K, reserved 1376256K
  class space    used 37173K, committed 38720K, reserved 1048576K
}
Event: 85.569 GC heap before
{Heap before GC invocations=44 (full 8):
 PSYoungGen      total 1090048K, used 826644K [0x00000007aab00000, 0x0000000800000000, 0x0000000800000000)
  eden space 991744K, 73% used [0x00000007aab00000,0x00000007d7246750,0x00000007e7380000)
  from space 98304K, 99% used [0x00000007e7380000,0x00000007ed37ebc0,0x00000007ed380000)
  to   space 115712K, 0% used [0x00000007f8f00000,0x00000007f8f00000,0x0000000800000000)
 ParOldGen       total 344064K, used 273311K [0x0000000700000000, 0x0000000715000000, 0x00000007aab00000)
  object space 344064K, 79% used [0x0000000700000000,0x0000000710ae7f00,0x0000000715000000)
 Metaspace       used 301153K, committed 304128K, reserved 1376256K
  class space    used 37404K, committed 38976K, reserved 1048576K
}
Event: 85.643 GC heap after
{Heap after GC invocations=44 (full 8):
 PSYoungGen      total 1285632K, used 21920K [0x00000007aab00000, 0x0000000800000000, 0x0000000800000000)
  eden space 1169920K, 0% used [0x00000007aab00000,0x00000007aab00000,0x00000007f2180000)
  from space 115712K, 18% used [0x00000007f8f00000,0x00000007fa468028,0x0000000800000000)
  to   space 112128K, 0% used [0x00000007f2180000,0x00000007f2180000,0x00000007f8f00000)
 ParOldGen       total 344064K, used 343261K [0x0000000700000000, 0x0000000715000000, 0x00000007aab00000)
  object space 344064K, 99% used [0x0000000700000000,0x0000000714f37688,0x0000000715000000)
 Metaspace       used 301153K, committed 304128K, reserved 1376256K
  class space    used 37404K, committed 38976K, reserved 1048576K
}
Event: 85.643 GC heap before
{Heap before GC invocations=45 (full 9):
 PSYoungGen      total 1285632K, used 21920K [0x00000007aab00000, 0x0000000800000000, 0x0000000800000000)
  eden space 1169920K, 0% used [0x00000007aab00000,0x00000007aab00000,0x00000007f2180000)
  from space 115712K, 18% used [0x00000007f8f00000,0x00000007fa468028,0x0000000800000000)
  to   space 112128K, 0% used [0x00000007f2180000,0x00000007f2180000,0x00000007f8f00000)
 ParOldGen       total 344064K, used 343261K [0x0000000700000000, 0x0000000715000000, 0x00000007aab00000)
  object space 344064K, 99% used [0x0000000700000000,0x0000000714f37688,0x0000000715000000)
 Metaspace       used 301153K, committed 304128K, reserved 1376256K
  class space    used 37404K, committed 38976K, reserved 1048576K
}
Event: 86.232 GC heap after
{Heap after GC invocations=45 (full 9):
 PSYoungGen      total 1285632K, used 0K [0x00000007aab00000, 0x0000000800000000, 0x0000000800000000)
  eden space 1169920K, 0% used [0x00000007aab00000,0x00000007aab00000,0x00000007f2180000)
  from space 115712K, 0% used [0x00000007f8f00000,0x00000007f8f00000,0x0000000800000000)
  to   space 112128K, 0% used [0x00000007f2180000,0x00000007f2180000,0x00000007f8f00000)
 ParOldGen       total 344064K, used 340411K [0x0000000700000000, 0x0000000715000000, 0x00000007aab00000)
  object space 344064K, 98% used [0x0000000700000000,0x0000000714c6ef30,0x0000000715000000)
 Metaspace       used 301153K, committed 304128K, reserved 1376256K
  class space    used 37404K, committed 38976K, reserved 1048576K
}
Event: 94.076 GC heap before
{Heap before GC invocations=46 (full 9):
 PSYoungGen      total 1285632K, used 376691K [0x00000007aab00000, 0x0000000800000000, 0x0000000800000000)
  eden space 1169920K, 32% used [0x00000007aab00000,0x00000007c1adcfd8,0x00000007f2180000)
  from space 115712K, 0% used [0x00000007f8f00000,0x00000007f8f00000,0x0000000800000000)
  to   space 112128K, 0% used [0x00000007f2180000,0x00000007f2180000,0x00000007f8f00000)
 ParOldGen       total 344064K, used 340411K [0x0000000700000000, 0x0000000715000000, 0x00000007aab00000)
  object space 344064K, 98% used [0x0000000700000000,0x0000000714c6ef30,0x0000000715000000)
 Metaspace       used 334858K, committed 337856K, reserved 1376256K
  class space    used 40871K, committed 42432K, reserved 1048576K
}
Event: 94.140 GC heap after
{Heap after GC invocations=46 (full 9):
 PSYoungGen      total 1282048K, used 46087K [0x00000007aab00000, 0x0000000800000000, 0x0000000800000000)
  eden space 1169920K, 0% used [0x00000007aab00000,0x00000007aab00000,0x00000007f2180000)
  from space 112128K, 41% used [0x00000007f2180000,0x00000007f4e81da8,0x00000007f8f00000)
  to   space 106496K, 0% used [0x00000007f9800000,0x00000007f9800000,0x0000000800000000)
 ParOldGen       total 344064K, used 340419K [0x0000000700000000, 0x0000000715000000, 0x00000007aab00000)
  object space 344064K, 98% used [0x0000000700000000,0x0000000714c70f30,0x0000000715000000)
 Metaspace       used 334858K, committed 337856K, reserved 1376256K
  class space    used 40871K, committed 42432K, reserved 1048576K
}
Event: 94.140 GC heap before
{Heap before GC invocations=47 (full 10):
 PSYoungGen      total 1282048K, used 46087K [0x00000007aab00000, 0x0000000800000000, 0x0000000800000000)
  eden space 1169920K, 0% used [0x00000007aab00000,0x00000007aab00000,0x00000007f2180000)
  from space 112128K, 41% used [0x00000007f2180000,0x00000007f4e81da8,0x00000007f8f00000)
  to   space 106496K, 0% used [0x00000007f9800000,0x00000007f9800000,0x0000000800000000)
 ParOldGen       total 344064K, used 340419K [0x0000000700000000, 0x0000000715000000, 0x00000007aab00000)
  object space 344064K, 98% used [0x0000000700000000,0x0000000714c70f30,0x0000000715000000)
 Metaspace       used 334858K, committed 337856K, reserved 1376256K
  class space    used 40871K, committed 42432K, reserved 1048576K
}
Event: 95.361 GC heap after
{Heap after GC invocations=47 (full 10):
 PSYoungGen      total 1282048K, used 22824K [0x00000007aab00000, 0x0000000800000000, 0x0000000800000000)
  eden space 1169920K, 0% used [0x00000007aab00000,0x00000007aab00000,0x00000007f2180000)
  from space 112128K, 20% used [0x00000007f2180000,0x00000007f37ca1d8,0x00000007f8f00000)
  to   space 106496K, 0% used [0x00000007f9800000,0x00000007f9800000,0x0000000800000000)
 ParOldGen       total 344064K, used 343853K [0x0000000700000000, 0x0000000715000000, 0x00000007aab00000)
  object space 344064K, 99% used [0x0000000700000000,0x0000000714fcb550,0x0000000715000000)
 Metaspace       used 334858K, committed 337856K, reserved 1376256K
  class space    used 40871K, committed 42432K, reserved 1048576K
}

Dll operation events (3 events):
Event: 0.011 Loaded shared library C:\Program Files\Android\Android Studio1\jbr\bin\java.dll
Event: 0.015 Loaded shared library C:\Program Files\Android\Android Studio1\jbr\bin\zip.dll
Event: 0.723 Loaded shared library C:\Program Files\Android\Android Studio1\jbr\bin\verify.dll

Deoptimization events (20 events):
Event: 100.274 Thread 0x00000190692e7c30 DEOPT PACKING pc=0x0000019046ff2028 sp=0x0000002793ffb760
Event: 100.274 Thread 0x00000190692e7c30 DEOPT UNPACKING pc=0x000001904cfc4242 sp=0x0000002793ffabf0 mode 0
Event: 100.276 Thread 0x00000190692e7c30 Uncommon trap: trap_request=0xffffff45 fr.pc=0x000001904e898fc8 relative=0x0000000000000668
Event: 100.276 Thread 0x00000190692e7c30 Uncommon trap: reason=unstable_if action=reinterpret pc=0x000001904e898fc8 method=org.jetbrains.org.objectweb.asm.ClassReader.<init>([BIZ)V @ 28 c2
Event: 100.276 Thread 0x00000190692e7c30 DEOPT PACKING pc=0x000001904e898fc8 sp=0x0000002793ffb7b0
Event: 100.276 Thread 0x00000190692e7c30 DEOPT UNPACKING pc=0x000001904cfc3aa2 sp=0x0000002793ffb720 mode 2
Event: 100.283 Thread 0x00000190692e7c30 DEOPT PACKING pc=0x00000190474d8a70 sp=0x0000002793ffb760
Event: 100.283 Thread 0x00000190692e7c30 DEOPT UNPACKING pc=0x000001904cfc4242 sp=0x0000002793ffabf0 mode 0
Event: 100.293 Thread 0x00000190692e7c30 DEOPT PACKING pc=0x0000019047ee0bbe sp=0x0000002793ffb470
Event: 100.293 Thread 0x00000190692e7c30 DEOPT UNPACKING pc=0x000001904cfc4242 sp=0x0000002793ffa930 mode 0
Event: 100.296 Thread 0x00000190692e7c30 DEOPT PACKING pc=0x00000190474d8a70 sp=0x0000002793ffb760
Event: 100.296 Thread 0x00000190692e7c30 DEOPT UNPACKING pc=0x000001904cfc4242 sp=0x0000002793ffabf0 mode 0
Event: 101.488 Thread 0x0000019067a28370 Uncommon trap: trap_request=0xffffffd6 fr.pc=0x000001904e6c1860 relative=0x00000000000013c0
Event: 101.488 Thread 0x0000019067a28370 Uncommon trap: reason=array_check action=maybe_recompile pc=0x000001904e6c1860 method=java.util.ComparableTimSort.mergeLo(IIII)V @ 240 c2
Event: 101.488 Thread 0x0000019067a28370 DEOPT PACKING pc=0x000001904e6c1860 sp=0x00000027916fca70
Event: 101.488 Thread 0x0000019067a28370 DEOPT UNPACKING pc=0x000001904cfc3aa2 sp=0x00000027916fca28 mode 2
Event: 101.488 Thread 0x0000019067a28370 Uncommon trap: trap_request=0xffffff76 fr.pc=0x000001904daf4004 relative=0x00000000000016e4
Event: 101.488 Thread 0x0000019067a28370 Uncommon trap: reason=predicate action=maybe_recompile pc=0x000001904daf4004 method=java.util.ComparableTimSort.mergeHi(IIII)V @ 303 c2
Event: 101.488 Thread 0x0000019067a28370 DEOPT PACKING pc=0x000001904daf4004 sp=0x00000027916fca50
Event: 101.488 Thread 0x0000019067a28370 DEOPT UNPACKING pc=0x000001904cfc3aa2 sp=0x00000027916fca28 mode 2

Classes loaded (20 events):
Event: 90.233 Loading class java/time/temporal/TemporalQueries$4
Event: 90.233 Loading class java/time/temporal/TemporalQueries$4 done
Event: 90.233 Loading class java/time/temporal/TemporalQueries$5
Event: 90.233 Loading class java/time/temporal/TemporalQueries$5 done
Event: 90.233 Loading class java/time/temporal/TemporalQueries$6
Event: 90.233 Loading class java/time/temporal/TemporalQueries$6 done
Event: 90.233 Loading class java/time/temporal/TemporalQueries$7
Event: 90.233 Loading class java/time/temporal/TemporalQueries$7 done
Event: 90.234 Loading class java/time/LocalDate$1
Event: 90.245 Loading class java/time/LocalDate$1 done
Event: 91.952 Loading class java/nio/channels/Channels$ReadableByteChannelImpl
Event: 91.952 Loading class java/nio/channels/Channels$ReadableByteChannelImpl done
Event: 91.953 Loading class java/nio/channels/NonWritableChannelException
Event: 91.953 Loading class java/nio/channels/NonWritableChannelException done
Event: 99.223 Loading class sun/nio/fs/WindowsSecurity$Privilege
Event: 99.223 Loading class sun/nio/fs/WindowsSecurity$Privilege done
Event: 99.227 Loading class sun/nio/fs/WindowsFileAttributeViews$Dos
Event: 99.228 Loading class java/nio/file/attribute/DosFileAttributeView
Event: 99.228 Loading class java/nio/file/attribute/DosFileAttributeView done
Event: 99.229 Loading class sun/nio/fs/WindowsFileAttributeViews$Dos done

Classes unloaded (20 events):
Event: 42.550 Thread 0x000001905db38880 Unloading class 0x000000080113e000 'jdk/internal/jimage/ImageReader$SharedImageReader'
Event: 42.550 Thread 0x000001905db38880 Unloading class 0x000000080113db40 'jdk/internal/jimage/BasicImageReader'
Event: 42.550 Thread 0x000001905db38880 Unloading class 0x000000080113d908 'jdk/internal/jimage/ImageReader'
Event: 42.550 Thread 0x000001905db38880 Unloading class 0x000000080113d6c8 'jdk/internal/jrtfs/SystemImage$2'
Event: 42.550 Thread 0x000001905db38880 Unloading class 0x000000080113d498 'jdk/internal/jrtfs/SystemImage$$Lambda+0x000000080113d498'
Event: 42.550 Thread 0x000001905db38880 Unloading class 0x000000080113d250 'jdk/internal/jrtfs/ExplodedImage'
Event: 42.550 Thread 0x000001905db38880 Unloading class 0x000000080113d000 'jdk/internal/jrtfs/SystemImage$1'
Event: 42.550 Thread 0x000001905db38880 Unloading class 0x000000080113cc20 'jdk/internal/jrtfs/SystemImage'
Event: 42.550 Thread 0x000001905db38880 Unloading class 0x000000080113c9a8 'jdk/internal/jrtfs/JrtFileStore'
Event: 42.550 Thread 0x000001905db38880 Unloading class 0x000000080113c618 'jdk/internal/jrtfs/JrtPath'
Event: 42.550 Thread 0x000001905db38880 Unloading class 0x000000080113c308 'jdk/internal/jrtfs/JrtFileSystem'
Event: 42.550 Thread 0x000001905db38880 Unloading class 0x000000080113c000 'jdk/internal/jrtfs/JrtFileSystemProvider'
Event: 58.162 Thread 0x000001905db38880 Unloading class 0x0000000801d70000 'java/lang/invoke/LambdaForm$DMH+0x0000000801d70000'
Event: 58.162 Thread 0x000001905db38880 Unloading class 0x0000000801d6d000 'java/lang/invoke/LambdaForm$MH+0x0000000801d6d000'
Event: 58.162 Thread 0x000001905db38880 Unloading class 0x0000000801d6c800 'java/lang/invoke/LambdaForm$DMH+0x0000000801d6c800'
Event: 67.687 Thread 0x000001905db38880 Unloading class 0x0000000801f30800 'java/lang/invoke/LambdaForm$DMH+0x0000000801f30800'
Event: 67.687 Thread 0x000001905db38880 Unloading class 0x0000000801e30400 'java/lang/invoke/LambdaForm$DMH+0x0000000801e30400'
Event: 67.687 Thread 0x000001905db38880 Unloading class 0x0000000801dcfc00 'java/lang/invoke/LambdaForm$DMH+0x0000000801dcfc00'
Event: 67.687 Thread 0x000001905db38880 Unloading class 0x0000000801dcf800 'java/lang/invoke/LambdaForm$DMH+0x0000000801dcf800'
Event: 67.687 Thread 0x000001905db38880 Unloading class 0x0000000801dcd000 'java/lang/invoke/LambdaForm$MH+0x0000000801dcd000'

Classes redefined (0 events):
No events

Internal exceptions (20 events):
Event: 98.508 Thread 0x000001906f617060 Exception <a 'java/lang/NoSuchMethodError'{0x00000007b17ca548}: 'java.lang.Object java.lang.invoke.Invokers$Holder.linkToTargetMethod(java.lang.Object, java.lang.Object, java.lang.Object, java.lang.Object, java.lang.Object, long, java.lang.Object)'> (0x00000007b17ca548) 
thrown [s\src\hotspot\share\interpreter\linkResolver.cpp, line 784]
Event: 98.513 Thread 0x000001906f617060 Exception <a 'java/lang/NoSuchMethodError'{0x00000007b17ecb18}: 'void java.lang.invoke.Invokers$Holder.invoke_MT(java.lang.Object, java.lang.Object, java.lang.Object)'> (0x00000007b17ecb18) 
thrown [s\src\hotspot\share\interpreter\linkResolver.cpp, line 784]
Event: 98.514 Thread 0x000001906f617060 Exception <a 'java/lang/NoSuchMethodError'{0x00000007b17fcc28}: 'void java.lang.invoke.DirectMethodHandle$Holder.invokeInterface(java.lang.Object, java.lang.Object, int)'> (0x00000007b17fcc28) 
thrown [s\src\hotspot\share\interpreter\linkResolver.cpp, line 784]
Event: 98.514 Thread 0x000001906f617060 Exception <a 'java/lang/IncompatibleClassChangeError'{0x00000007b1800178}: Found class java.lang.Object, but interface was expected> (0x00000007b1800178) 
thrown [s\src\hotspot\share\interpreter\linkResolver.cpp, line 851]
Event: 98.525 Thread 0x000001906f617060 Exception <a 'java/lang/IncompatibleClassChangeError'{0x00000007b1852fa0}: Found class java.lang.Object, but interface was expected> (0x00000007b1852fa0) 
thrown [s\src\hotspot\share\interpreter\linkResolver.cpp, line 851]
Event: 98.556 Thread 0x000001906f617060 Implicit null exception at 0x000001904ecaadd5 to 0x000001904ecacacc
Event: 98.557 Thread 0x000001906f617060 Implicit null exception at 0x000001904d8ea360 to 0x000001904d8eb3d4
Event: 98.634 Thread 0x000001906f617060 Implicit null exception at 0x000001904ecb1e0c to 0x000001904ecb30d8
Event: 98.875 Thread 0x000001906f617060 Exception <a 'sun/nio/fs/WindowsException'{0x00000007b2b39298}> (0x00000007b2b39298) 
thrown [s\src\hotspot\share\prims\jni.cpp, line 535]
Event: 98.875 Thread 0x000001906f617060 Exception <a 'sun/nio/fs/WindowsException'{0x00000007b2b39d00}> (0x00000007b2b39d00) 
thrown [s\src\hotspot\share\prims\jni.cpp, line 535]
Event: 99.028 Thread 0x000001906f617060 Exception <a 'sun/nio/fs/WindowsException'{0x00000007b2cc3500}> (0x00000007b2cc3500) 
thrown [s\src\hotspot\share\prims\jni.cpp, line 535]
Event: 99.227 Thread 0x000001906f617060 Exception <a 'sun/nio/fs/WindowsException'{0x00000007b320abb8}> (0x00000007b320abb8) 
thrown [s\src\hotspot\share\prims\jni.cpp, line 535]
Event: 99.235 Thread 0x000001906f617060 Exception <a 'sun/nio/fs/WindowsException'{0x00000007b3216940}> (0x00000007b3216940) 
thrown [s\src\hotspot\share\prims\jni.cpp, line 535]
Event: 99.237 Thread 0x000001906f617060 Exception <a 'sun/nio/fs/WindowsException'{0x00000007b32173a8}> (0x00000007b32173a8) 
thrown [s\src\hotspot\share\prims\jni.cpp, line 535]
Event: 99.238 Thread 0x000001906f617060 Exception <a 'sun/nio/fs/WindowsException'{0x00000007b3217e70}> (0x00000007b3217e70) 
thrown [s\src\hotspot\share\prims\jni.cpp, line 535]
Event: 99.240 Thread 0x000001906f617060 Exception <a 'sun/nio/fs/WindowsException'{0x00000007b3218978}> (0x00000007b3218978) 
thrown [s\src\hotspot\share\prims\jni.cpp, line 535]
Event: 99.242 Thread 0x000001906f617060 Exception <a 'sun/nio/fs/WindowsException'{0x00000007b3219540}> (0x00000007b3219540) 
thrown [s\src\hotspot\share\prims\jni.cpp, line 535]
Event: 99.244 Thread 0x000001906f617060 Exception <a 'sun/nio/fs/WindowsException'{0x00000007b321ba88}> (0x00000007b321ba88) 
thrown [s\src\hotspot\share\prims\jni.cpp, line 535]
Event: 99.248 Thread 0x000001906f617060 Exception <a 'sun/nio/fs/WindowsException'{0x00000007b321dfd0}> (0x00000007b321dfd0) 
thrown [s\src\hotspot\share\prims\jni.cpp, line 535]
Event: 99.250 Thread 0x000001906f617060 Exception <a 'sun/nio/fs/WindowsException'{0x00000007b3220518}> (0x00000007b3220518) 
thrown [s\src\hotspot\share\prims\jni.cpp, line 535]

ZGC Phase Switch (0 events):
No events

VM Operations (20 events):
Event: 98.255 Executing VM operation: HandshakeAllThreads (Deoptimize)
Event: 98.255 Executing VM operation: HandshakeAllThreads (Deoptimize) done
Event: 98.324 Executing VM operation: HandshakeAllThreads (Deoptimize)
Event: 98.324 Executing VM operation: HandshakeAllThreads (Deoptimize) done
Event: 98.328 Executing VM operation: HandshakeAllThreads (Deoptimize)
Event: 98.329 Executing VM operation: HandshakeAllThreads (Deoptimize) done
Event: 98.348 Executing VM operation: HandshakeAllThreads (Deoptimize)
Event: 98.348 Executing VM operation: HandshakeAllThreads (Deoptimize) done
Event: 98.508 Executing VM operation: ICBufferFull
Event: 98.509 Executing VM operation: ICBufferFull done
Event: 99.233 Executing VM operation: HandshakeAllThreads (Deoptimize)
Event: 99.233 Executing VM operation: HandshakeAllThreads (Deoptimize) done
Event: 99.317 Executing VM operation: ICBufferFull
Event: 99.317 Executing VM operation: ICBufferFull done
Event: 99.863 Executing VM operation: HandshakeAllThreads (Deoptimize)
Event: 99.864 Executing VM operation: HandshakeAllThreads (Deoptimize) done
Event: 100.004 Executing VM operation: ICBufferFull
Event: 100.005 Executing VM operation: ICBufferFull done
Event: 101.005 Executing VM operation: Cleanup
Event: 101.005 Executing VM operation: Cleanup done

Memory protections (0 events):
No events

Nmethod flushes (20 events):
Event: 94.546 Thread 0x000001905db38880 flushing osr nmethod 0x000001904a46b110
Event: 94.546 Thread 0x000001905db38880 flushing  nmethod 0x000001904a48c210
Event: 94.546 Thread 0x000001905db38880 flushing osr nmethod 0x000001904a48e990
Event: 94.546 Thread 0x000001905db38880 flushing  nmethod 0x000001904a4b9510
Event: 94.546 Thread 0x000001905db38880 flushing  nmethod 0x000001904a4bb610
Event: 94.546 Thread 0x000001905db38880 flushing  nmethod 0x000001904a4bbe10
Event: 94.546 Thread 0x000001905db38880 flushing  nmethod 0x000001904a4bc310
Event: 94.546 Thread 0x000001905db38880 flushing  nmethod 0x000001904a4bde10
Event: 94.546 Thread 0x000001905db38880 flushing  nmethod 0x000001904a4be410
Event: 94.546 Thread 0x000001905db38880 flushing  nmethod 0x000001904a4bf910
Event: 94.546 Thread 0x000001905db38880 flushing  nmethod 0x000001904a4c2190
Event: 94.546 Thread 0x000001905db38880 flushing osr nmethod 0x000001904a4c8790
Event: 94.546 Thread 0x000001905db38880 flushing  nmethod 0x000001904a4d0f90
Event: 94.546 Thread 0x000001905db38880 flushing  nmethod 0x000001904a4d8310
Event: 94.546 Thread 0x000001905db38880 flushing  nmethod 0x000001904a4d9d10
Event: 94.546 Thread 0x000001905db38880 flushing  nmethod 0x000001904a4dae90
Event: 94.546 Thread 0x000001905db38880 flushing  nmethod 0x000001904a4db510
Event: 94.546 Thread 0x000001905db38880 flushing  nmethod 0x000001904a4f1010
Event: 94.546 Thread 0x000001905db38880 flushing osr nmethod 0x000001904a4f1490
Event: 94.546 Thread 0x000001905db38880 flushing  nmethod 0x000001904a505a10

Events (20 events):
Event: 83.106 Thread 0x0000019062aed620 Thread added: 0x000001907e72f530
Event: 83.520 Thread 0x000001907e72f530 Thread exited: 0x000001907e72f530
Event: 84.624 Thread 0x0000019062ac56a0 Thread added: 0x000001907e7309a0
Event: 87.812 Thread 0x000001907e7309a0 Thread exited: 0x000001907e7309a0
Event: 87.905 Thread 0x0000019062ac56a0 Thread added: 0x000001907e7309a0
Event: 88.572 Thread 0x00000190706d5020 Thread added: 0x0000019066b91130
Event: 89.777 Thread 0x000001907e7309a0 Thread exited: 0x000001907e7309a0
Event: 90.018 Thread 0x0000019062aed620 Thread added: 0x000001907d6e74a0
Event: 90.429 Thread 0x000001907d6e74a0 Thread exited: 0x000001907d6e74a0
Event: 90.609 Thread 0x0000019066b91130 Thread exited: 0x0000019066b91130
Event: 91.156 Thread 0x0000019062aed620 Thread added: 0x000001907d6e8fe0
Event: 91.660 Thread 0x00000190706d5020 Thread added: 0x0000019066b90aa0
Event: 92.735 Thread 0x0000019066b90aa0 Thread exited: 0x0000019066b90aa0
Event: 95.470 Thread 0x000001907d6e8fe0 Thread exited: 0x000001907d6e8fe0
Event: 95.946 Thread 0x0000019062aed620 Thread added: 0x0000019066a81e10
Event: 98.166 Thread 0x0000019066a81e10 Thread exited: 0x0000019066a81e10
Event: 98.478 Thread 0x0000019062aed620 Thread added: 0x0000019066a81e10
Event: 98.989 Loaded shared library C:\Users\Mbongeni\AppData\Local\Temp\sqlite-3.41.2.2-cbb71746-82e9-4369-854d-bb1e0c989b67-sqlitejdbc.dll
Event: 100.675 Thread 0x0000019066a81e10 Thread exited: 0x0000019066a81e10
Event: 101.459 Thread 0x0000019062aed620 Thread added: 0x0000019066a85490


Dynamic libraries:
0x00007ff6f0d50000 - 0x00007ff6f0d5a000 	C:\Program Files\Android\Android Studio1\jbr\bin\java.exe
0x00007fff55060000 - 0x00007fff552c9000 	C:\WINDOWS\SYSTEM32\ntdll.dll
0x00007fff54690000 - 0x00007fff54759000 	C:\WINDOWS\System32\KERNEL32.DLL
0x00007fff52220000 - 0x00007fff52613000 	C:\WINDOWS\System32\KERNELBASE.dll
0x00007fff52620000 - 0x00007fff5276b000 	C:\WINDOWS\System32\ucrtbase.dll
0x00007fff3ab50000 - 0x00007fff3ab6b000 	C:\Program Files\Android\Android Studio1\jbr\bin\VCRUNTIME140.dll
0x00007fff32410000 - 0x00007fff32428000 	C:\Program Files\Android\Android Studio1\jbr\bin\jli.dll
0x00007fff54470000 - 0x00007fff54634000 	C:\WINDOWS\System32\USER32.dll
0x00007fff37920000 - 0x00007fff37bb3000 	C:\WINDOWS\WinSxS\amd64_microsoft.windows.common-controls_6595b64144ccf1df_6.0.26100.5074_none_3e0d6f78e32fd63f\COMCTL32.dll
0x00007fff521f0000 - 0x00007fff52217000 	C:\WINDOWS\System32\win32u.dll
0x00007fff53050000 - 0x00007fff530f9000 	C:\WINDOWS\System32\msvcrt.dll
0x00007fff52e70000 - 0x00007fff52e9b000 	C:\WINDOWS\System32\GDI32.dll
0x00007fff52c70000 - 0x00007fff52d9d000 	C:\WINDOWS\System32\gdi32full.dll
0x00007fff52770000 - 0x00007fff52813000 	C:\WINDOWS\System32\msvcp_win.dll
0x00007fff53850000 - 0x00007fff5387f000 	C:\WINDOWS\System32\IMM32.DLL
0x00007fff4ca00000 - 0x00007fff4ca0c000 	C:\Program Files\Android\Android Studio1\jbr\bin\vcruntime140_1.dll
0x00007fff19ee0000 - 0x00007fff19f6d000 	C:\Program Files\Android\Android Studio1\jbr\bin\msvcp140.dll
0x00007ffeeb270000 - 0x00007ffeebefb000 	C:\Program Files\Android\Android Studio1\jbr\bin\server\jvm.dll
0x00007fff53d20000 - 0x00007fff53dd4000 	C:\WINDOWS\System32\ADVAPI32.dll
0x00007fff54f70000 - 0x00007fff55016000 	C:\WINDOWS\System32\sechost.dll
0x00007fff547e0000 - 0x00007fff548f8000 	C:\WINDOWS\System32\RPCRT4.dll
0x00007fff54760000 - 0x00007fff547d4000 	C:\WINDOWS\System32\WS2_32.dll
0x00007fff52070000 - 0x00007fff520ce000 	C:\WINDOWS\SYSTEM32\POWRPROF.dll
0x00007fff4fc70000 - 0x00007fff4fca5000 	C:\WINDOWS\SYSTEM32\WINMM.dll
0x00007fff44640000 - 0x00007fff4464b000 	C:\WINDOWS\SYSTEM32\VERSION.dll
0x00007fff52050000 - 0x00007fff52064000 	C:\WINDOWS\SYSTEM32\UMPDC.dll
0x00007fff50fa0000 - 0x00007fff50fbb000 	C:\WINDOWS\SYSTEM32\kernel.appcore.dll
0x00007fff466b0000 - 0x00007fff466ba000 	C:\Program Files\Android\Android Studio1\jbr\bin\jimage.dll
0x00007fff4f7a0000 - 0x00007fff4f9e2000 	C:\WINDOWS\SYSTEM32\DBGHELP.DLL
0x00007fff540f0000 - 0x00007fff5446b000 	C:\WINDOWS\System32\combase.dll
0x00007fff54e10000 - 0x00007fff54ee7000 	C:\WINDOWS\System32\OLEAUT32.dll
0x00007fff37830000 - 0x00007fff3786d000 	C:\WINDOWS\SYSTEM32\dbgcore.DLL
0x00007fff52820000 - 0x00007fff528b9000 	C:\WINDOWS\System32\bcryptPrimitives.dll
0x00007fff45a50000 - 0x00007fff45a5e000 	C:\Program Files\Android\Android Studio1\jbr\bin\instrument.dll
0x00007fff39fd0000 - 0x00007fff39ff0000 	C:\Program Files\Android\Android Studio1\jbr\bin\java.dll
0x00007fff2c660000 - 0x00007fff2c678000 	C:\Program Files\Android\Android Studio1\jbr\bin\zip.dll
0x00007fff53100000 - 0x00007fff5384d000 	C:\WINDOWS\System32\SHELL32.dll
0x00007fff528c0000 - 0x00007fff52a2c000 	C:\WINDOWS\System32\wintypes.dll
0x00007fff4fe30000 - 0x00007fff50689000 	C:\WINDOWS\SYSTEM32\windows.storage.dll
0x00007fff54b30000 - 0x00007fff54c20000 	C:\WINDOWS\System32\SHCORE.dll
0x00007fff52f70000 - 0x00007fff52fd2000 	C:\WINDOWS\System32\shlwapi.dll
0x00007fff52110000 - 0x00007fff52139000 	C:\WINDOWS\SYSTEM32\profapi.dll
0x00007fff454d0000 - 0x00007fff454e0000 	C:\Program Files\Android\Android Studio1\jbr\bin\net.dll
0x00007fff44650000 - 0x00007fff4476f000 	C:\WINDOWS\SYSTEM32\WINHTTP.dll
0x00007fff51550000 - 0x00007fff515bb000 	C:\WINDOWS\system32\mswsock.dll
0x00007fff2c640000 - 0x00007fff2c656000 	C:\Program Files\Android\Android Studio1\jbr\bin\nio.dll
0x00007fff343e0000 - 0x00007fff343f0000 	C:\Program Files\Android\Android Studio1\jbr\bin\verify.dll
0x00007fff3e570000 - 0x00007fff3e597000 	C:\Users\Mbongeni\.gradle\native\1def1411415f61bf3af743bc5b6707747c0891f09f0c88961ee8f79bc544acac\windows-amd64\native-platform.dll
0x00007fff3e6f0000 - 0x00007fff3e768000 	C:\Users\Mbongeni\.gradle\native\0.2.7\x86_64-windows-gnu\gradle-fileevents.dll
0x00007fff2be20000 - 0x00007fff2be29000 	C:\Program Files\Android\Android Studio1\jbr\bin\management.dll
0x00007fff18c60000 - 0x00007fff18c6b000 	C:\Program Files\Android\Android Studio1\jbr\bin\management_ext.dll
0x00007fff52e30000 - 0x00007fff52e38000 	C:\WINDOWS\System32\PSAPI.DLL
0x00007fff50990000 - 0x00007fff509c4000 	C:\WINDOWS\SYSTEM32\IPHLPAPI.DLL
0x00007fff52f60000 - 0x00007fff52f6a000 	C:\WINDOWS\System32\NSI.dll
0x00007fff2be30000 - 0x00007fff2be39000 	C:\Program Files\Android\Android Studio1\jbr\bin\extnet.dll
0x00007fff517f0000 - 0x00007fff5180b000 	C:\WINDOWS\SYSTEM32\CRYPTSP.dll
0x00007fff50f00000 - 0x00007fff50f3b000 	C:\WINDOWS\system32\rsaenh.dll
0x00007fff515f0000 - 0x00007fff5161b000 	C:\WINDOWS\SYSTEM32\USERENV.dll
0x00007fff520e0000 - 0x00007fff52106000 	C:\WINDOWS\SYSTEM32\bcrypt.dll
0x00007fff51810000 - 0x00007fff5181c000 	C:\WINDOWS\SYSTEM32\CRYPTBASE.dll
0x00007fff2f220000 - 0x00007fff2f228000 	C:\WINDOWS\system32\wshunix.dll
0x00007fff2cab0000 - 0x00007fff2cac8000 	C:\WINDOWS\system32\napinsp.dll
0x00007fff50a80000 - 0x00007fff50ba6000 	C:\WINDOWS\SYSTEM32\DNSAPI.dll
0x00007fff2ca50000 - 0x00007fff2ca62000 	C:\WINDOWS\System32\winrnr.dll
0x00007fff2ca20000 - 0x00007fff2ca48000 	C:\WINDOWS\system32\nlansp_c.dll
0x00007fff43cb0000 - 0x00007fff43cc6000 	C:\WINDOWS\system32\wshbth.dll
0x00007fff43ca0000 - 0x00007fff43cab000 	C:\Windows\System32\rasadhlp.dll
0x00007fff432a0000 - 0x00007fff43326000 	C:\WINDOWS\System32\fwpuclnt.dll
0x00007fff3e6a0000 - 0x00007fff3e6e9000 	C:\Users\Mbongeni\AppData\Local\Temp\jna-1116049261\jna8254193027102713720.dll
0x00007fff53de0000 - 0x00007fff53f78000 	C:\WINDOWS\System32\Ole32.dll
0x00007fff52ea0000 - 0x00007fff52f51000 	C:\WINDOWS\System32\clbcatq.dll
0x00007fff1f9a0000 - 0x00007fff1f9bd000 	C:\WINDOWS\SYSTEM32\amsi.dll
0x00007fff1f900000 - 0x00007fff1f9a0000 	C:\ProgramData\Microsoft\Windows Defender\Platform\4.18.25070.5-0\MpOav.dll
0x00007fff1c760000 - 0x00007fff1c7b6000 	C:\WINDOWS\SYSTEM32\Pdh.dll
0x00007fff33b80000 - 0x00007fff33b91000 	C:\WINDOWS\System32\perfdisk.dll
0x00007fff49790000 - 0x00007fff497a3000 	C:\WINDOWS\System32\WMICLNT.dll
0x00007fff4e5b0000 - 0x00007fff4e658000 	C:\WINDOWS\system32\uxtheme.dll
0x00007fff283d0000 - 0x00007fff2842e000 	C:\Program Files\Huawei\PCManager\plugins\PerfWndMonModule.dll
0x00007fff51d80000 - 0x00007fff51dd7000 	C:\WINDOWS\SYSTEM32\cfgmgr32.dll
0x00007fff1c3c0000 - 0x00007fff1c3d2000 	C:\WINDOWS\System32\perfproc.dll
0x00007fff4e2b0000 - 0x00007fff4e2da000 	C:\WINDOWS\SYSTEM32\Wtsapi32.dll
0x00007fff52af0000 - 0x00007fff52c67000 	C:\WINDOWS\System32\CRYPT32.dll
0x00007fff51250000 - 0x00007fff51299000 	C:\WINDOWS\SYSTEM32\SspiCli.dll
0x00007fff51fa0000 - 0x00007fff52003000 	C:\WINDOWS\SYSTEM32\WINSTA.dll
0x00007fff510d0000 - 0x00007fff51106000 	C:\WINDOWS\SYSTEM32\ntmarta.dll
0x00007fff45500000 - 0x00007fff45507000 	C:\Program Files\Android\Android Studio1\jbr\bin\rmi.dll
0x00007ffef9a20000 - 0x00007ffef9bb8000 	C:\Program Files\Android\Android Studio1\jbr\bin\awt.dll
0x00007fff4e6d0000 - 0x00007fff4e6fb000 	C:\WINDOWS\SYSTEM32\dwmapi.dll
0x00007fff2a050000 - 0x00007fff2a094000 	C:\Program Files\Android\Android Studio1\jbr\bin\nvdaControllerClient64.dll
0x00007fff4e320000 - 0x00007fff4e3be000 	C:\WINDOWS\SYSTEM32\apphelp.dll
0x00007fff2e590000 - 0x00007fff2e5a2000 	C:\WINDOWS\system32\wbem\wbemprox.dll
0x00007fff2e510000 - 0x00007fff2e58a000 	C:\WINDOWS\SYSTEM32\wbemcomn.dll
0x00007fff1ff40000 - 0x00007fff1ff55000 	C:\WINDOWS\system32\wbem\wbemsvc.dll
0x00007fff1ffd0000 - 0x00007fff200c0000 	C:\WINDOWS\system32\wbem\fastprox.dll
0x00007fff53f80000 - 0x00007fff540d8000 	C:\WINDOWS\System32\MSCTF.dll
0x00007fff0e5d0000 - 0x00007fff0e6b9000 	C:\Users\Mbongeni\AppData\Local\Temp\sqlite-3.41.2.2-cbb71746-82e9-4369-854d-bb1e0c989b67-sqlitejdbc.dll

dbghelp: loaded successfully - version: 4.0.5 - missing functions: none
symbol engine: initialized successfully - sym options: 0x614 - pdb path: .;C:\Program Files\Android\Android Studio1\jbr\bin;C:\WINDOWS\SYSTEM32;C:\WINDOWS\WinSxS\amd64_microsoft.windows.common-controls_6595b64144ccf1df_6.0.26100.5074_none_3e0d6f78e32fd63f;C:\Program Files\Android\Android Studio1\jbr\bin\server;C:\Users\Mbongeni\.gradle\native\1def1411415f61bf3af743bc5b6707747c0891f09f0c88961ee8f79bc544acac\windows-amd64;C:\Users\Mbongeni\.gradle\native\0.2.7\x86_64-windows-gnu;C:\Users\Mbongeni\AppData\Local\Temp\jna-1116049261;C:\ProgramData\Microsoft\Windows Defender\Platform\4.18.25070.5-0;C:\Program Files\Huawei\PCManager\plugins;C:\WINDOWS\system32\wbem;C:\Users\Mbongeni\AppData\Local\Temp

VM Arguments:
jvm_args: --add-opens=java.base/java.lang=ALL-UNNAMED --add-opens=java.base/java.lang.invoke=ALL-UNNAMED --add-opens=java.base/java.util=ALL-UNNAMED --add-opens=java.prefs/java.util.prefs=ALL-UNNAMED --add-exports=jdk.compiler/com.sun.tools.javac.api=ALL-UNNAMED --add-exports=jdk.compiler/com.sun.tools.javac.util=ALL-UNNAMED --add-opens=java.base/java.util=ALL-UNNAMED --add-opens=java.prefs/java.util.prefs=ALL-UNNAMED --add-opens=java.base/java.nio.charset=ALL-UNNAMED --add-opens=java.base/java.net=ALL-UNNAMED --add-opens=java.base/java.util.concurrent.atomic=ALL-UNNAMED --add-opens=java.xml/javax.xml.namespace=ALL-UNNAMED -XX:+UseParallelGC -Xmx4g -Dfile.encoding=UTF-8 -Duser.country=CN -Duser.language=zh -Duser.variant -javaagent:C:\Users\Mbongeni\.gradle\wrapper\dists\gradle-8.14.2-bin\2pb3mgt1p815evrl3weanttgr\gradle-8.14.2\lib\agents\gradle-instrumentation-agent-8.14.2.jar 
java_command: org.gradle.launcher.daemon.bootstrap.GradleDaemon 8.14.2
java_class_path (initial): C:\Users\Mbongeni\.gradle\wrapper\dists\gradle-8.14.2-bin\2pb3mgt1p815evrl3weanttgr\gradle-8.14.2\lib\gradle-daemon-main-8.14.2.jar
Launcher Type: SUN_STANDARD

[Global flags]
     intx CICompilerCount                          = 3                                         {product} {ergonomic}
   size_t InitialHeapSize                          = 132120576                                 {product} {ergonomic}
   size_t MaxHeapSize                              = 4294967296                                {product} {command line}
   size_t MaxNewSize                               = 1431306240                                {product} {ergonomic}
   size_t MinHeapDeltaBytes                        = 524288                                    {product} {ergonomic}
   size_t MinHeapSize                              = 8388608                                   {product} {ergonomic}
   size_t NewSize                                  = 44040192                                  {product} {ergonomic}
    uintx NonNMethodCodeHeapSize                   = 5832780                                {pd product} {ergonomic}
    uintx NonProfiledCodeHeapSize                  = 122912730                              {pd product} {ergonomic}
   size_t OldSize                                  = 88080384                                  {product} {ergonomic}
    uintx ProfiledCodeHeapSize                     = 122912730                              {pd product} {ergonomic}
    uintx ReservedCodeCacheSize                    = 251658240                              {pd product} {ergonomic}
     bool SegmentedCodeCache                       = true                                      {product} {ergonomic}
   size_t SoftMaxHeapSize                          = 4294967296                             {manageable} {ergonomic}
     bool UseCompressedOops                        = true                           {product lp64_product} {ergonomic}
     bool UseLargePagesIndividualAllocation        = false                                  {pd product} {ergonomic}
     bool UseParallelGC                            = true                                      {product} {command line}

Logging:
Log output configuration:
 #0: stdout all=warning uptime,level,tags foldmultilines=false
 #1: stderr all=off uptime,level,tags foldmultilines=false

Environment Variables:
PATH=C:\Program Files\Common Files\Oracle\Java\javapath;C:\Windows\System32\HWAudioDriverLibs;C:\Windows\system32;C:\Windows;C:\Windows\System32\Wbem;C:\Windows\System32\WindowsPowerShell\v1.0\;C:\Windows\System32\OpenSSH\;C:\Windows\system32\config\systemprofile\AppData\Local\Microsoft\WindowsApps;C:\WINDOWS\system32;C:\WINDOWS;C:\WINDOWS\System32\Wbem;C:\WINDOWS\System32\WindowsPowerShell\v1.0\;C:\WINDOWS\System32\OpenSSH\;C:\Program Files\nodejs\;C:\Program Files\apache-maven-3.9.9\bin;C:\Program Files\Microsoft SQL Server\150\Tools\Binn\;C:\Users\Mbongeni\Downloads\ffmpeg-2025-04-14-git-3b2a9410ef-full_build\ffmpeg-2025-04-14-git-3b2a9410ef-full_build\bin;C:\platform-tools;C:\xampp\php;C:\ProgramData\ComposerSetup\bin;C:\dev\flutter\bin;C:\Program Files\Git\cmd;C:\ProgramData\chocolatey\bin;C:\Users\Mbongeni\AppData\Local\Microsoft\WindowsApps;C:\Users\Mbongeni\AppData\Local\Programs\Microsoft VS Code\bin;C:\Users\Mbongeni\AppData\Roaming\npm;C:\Users\Mbongeni\AppData\Local\GitHubDesktop\bin;C:\Users\Mbongeni\.dotnet\tools;C:\msys64\ucrt64\bin;C:\Users\Mbongeni\AppData\Roaming\Composer\vendor\bin;C:\Users\Mbongeni\AppData\Local\Android\Sdk\cmdline-tools\latest\bin;C:\Users\Mbongeni\AppData\Local\Android\Sdk\platform-tools;C:\Users\Mbongeni\AppData\Local\Android\Sdk\cmake\4.1.0\bin;C:\Users\Mbongeni\AppData\Local\Android\Sdk\ndk\29.0.13846066;;C:\tools\dart-sdk\bin;C:\Users\Mbongeni\AppData\Local\Pub\Cache\bin
USERNAME=Mbongeni
OS=Windows_NT
PROCESSOR_IDENTIFIER=Intel64 Family 6 Model 142 Stepping 12, GenuineIntel
TMP=C:\Users\Mbongeni\AppData\Local\Temp
TEMP=C:\Users\Mbongeni\AppData\Local\Temp




Periodic native trim disabled

JNI global refs:
JNI global refs: 41, weak refs: 60

JNI global refs memory usage: 835, weak refs: 1465

Process memory usage:
Resident Set Size: 1715712K (20% of 8218416K total physical memory with 882408K free physical memory)

OOME stack traces (most recent first):
Classloader memory used:
Loader java.net.URLClassLoader                                                         : 167M
Loader org.gradle.internal.classloader.VisitableURLClassLoader$InstrumentingVisitableURLClassLoader: 70000K
Loader org.gradle.internal.classloader.VisitableURLClassLoader                         : 42416K
Loader bootstrap                                                                       : 39330K
Loader org.gradle.initialization.MixInLegacyTypesClassLoader                           : 8490K
Loader jdk.internal.loader.ClassLoaders$AppClassLoader                                 : 8399K
Loader jdk.internal.reflect.DelegatingClassLoader                                      : 1932K
Loader jdk.internal.loader.ClassLoaders$PlatformClassLoader                            : 1104K
Loader jdk.internal.jrtfs.JrtFileSystemProvider$JrtFsLoader                            : 317K
Loader com.intellij.util.lang.UrlClassLoader                                           : 308K
Loader org.gradle.internal.classloader.VisitableURLClassLoader                         : 48736B
Loader sun.reflect.misc.MethodUtil                                                     : 2952B

Classes loaded by more than one classloader:
Class kotlin.collections.MapsKt__MapsJVMKt                                            : loaded 4 times (x 67B)
Class kotlin.reflect.KCallable                                                        : loaded 4 times (x 66B)
Class kotlin.io.FilesKt__FilePathComponentsKt                                         : loaded 4 times (x 67B)
Class kotlin.collections.IndexingIterable                                             : loaded 4 times (x 75B)
Class kotlin.jvm.KotlinReflectionNotSupportedError                                    : loaded 4 times (x 78B)
Class kotlin.text.StringsKt__StringsKt                                                : loaded 4 times (x 67B)
Class kotlin.NotImplementedError                                                      : loaded 4 times (x 78B)
Class kotlin.collections.ArraysKt__ArraysKt                                           : loaded 4 times (x 67B)
Class kotlin.io.CloseableKt                                                           : loaded 4 times (x 67B)
Class kotlin.collections.CollectionsKt__MutableCollectionsKt                          : loaded 4 times (x 67B)
Class kotlin.collections.SetsKt__SetsJVMKt                                            : loaded 4 times (x 67B)
Class kotlin.Function                                                                 : loaded 4 times (x 66B)
Class kotlin.Pair                                                                     : loaded 4 times (x 68B)
Class kotlin.collections.IndexingIterator                                             : loaded 4 times (x 75B)
Class [Lkotlin.reflect.KAnnotatedElement;                                             : loaded 4 times (x 65B)
Class kotlin.text.StringsKt__StringsJVMKt                                             : loaded 4 times (x 67B)
Class kotlin.collections.SetsKt                                                       : loaded 4 times (x 67B)
Class kotlin.text.StringsKt__IndentKt                                                 : loaded 4 times (x 67B)
Class kotlin.reflect.KFunction                                                        : loaded 4 times (x 66B)
Class kotlin.collections.CollectionsKt                                                : loaded 4 times (x 67B)
Class kotlin.collections.MapsKt__MapsKt                                               : loaded 4 times (x 67B)
Class kotlin.collections.CollectionsKt__IteratorsJVMKt                                : loaded 4 times (x 67B)
Class kotlin.UninitializedPropertyAccessException                                     : loaded 4 times (x 78B)
Class kotlin.comparisons.ComparisonsKt___ComparisonsJvmKt                             : loaded 4 times (x 67B)
Class kotlin.io.FilesKt__UtilsKt                                                      : loaded 4 times (x 67B)
Class kotlin.collections.CollectionsKt__CollectionsJVMKt                              : loaded 4 times (x 67B)
Class kotlin.collections.IndexedValue                                                 : loaded 4 times (x 68B)
Class kotlin.sequences.SequencesKt                                                    : loaded 4 times (x 67B)
Class kotlin.io.FilesKt__FileTreeWalkKt                                               : loaded 4 times (x 67B)
Class kotlin.collections.CollectionsKt__IteratorsKt                                   : loaded 4 times (x 67B)
Class kotlin.enums.EnumEntriesList                                                    : loaded 4 times (x 219B)
Class kotlin.jvm.internal.FunctionBase                                                : loaded 4 times (x 66B)
Class kotlin.jvm.internal.FunctionReference                                           : loaded 4 times (x 118B)
Class kotlin.sequences.FilteringSequence$iterator$1                                   : loaded 4 times (x 75B)
Class kotlin.sequences.SequencesKt__SequenceBuilderKt                                 : loaded 4 times (x 67B)
Class kotlin.collections.CollectionsKt__ReversedViewsKt                               : loaded 4 times (x 67B)
Class kotlin.text.StringsKt                                                           : loaded 4 times (x 67B)
Class kotlin.LazyKt__LazyJVMKt                                                        : loaded 4 times (x 67B)
Class kotlin.io.FilesKt__FileReadWriteKt                                              : loaded 4 times (x 67B)
Class kotlin.jvm.internal.markers.KMappedMarker                                       : loaded 4 times (x 66B)
Class kotlin.text.StringsKt__StringNumberConversionsKt                                : loaded 4 times (x 67B)
Class kotlin._Assertions                                                              : loaded 4 times (x 67B)
Class kotlin.jvm.internal.CallableReference                                           : loaded 4 times (x 102B)
Class kotlin.enums.EnumEntries                                                        : loaded 4 times (x 66B)
Class kotlin.jvm.internal.DefaultConstructorMarker                                    : loaded 4 times (x 67B)
Class kotlin.sequences.ConstrainedOnceSequence                                        : loaded 4 times (x 71B)
Class kotlin.collections.CollectionsKt__CollectionsKt                                 : loaded 4 times (x 67B)
Class kotlin.text.StringsKt__RegexExtensionsJVMKt                                     : loaded 4 times (x 67B)
Class kotlin.collections.ArraysKt___ArraysJvmKt                                       : loaded 4 times (x 67B)
Class kotlin.SynchronizedLazyImpl                                                     : loaded 4 times (x 72B)
Class kotlin.text.StringsKt__RegexExtensionsKt                                        : loaded 4 times (x 67B)
Class kotlin.sequences.SequencesKt__SequencesJVMKt                                    : loaded 4 times (x 67B)
Class kotlin.collections.AbstractList                                                 : loaded 4 times (x 193B)
Class kotlin.collections.AbstractCollection                                           : loaded 4 times (x 113B)
Class kotlin.collections.ArrayAsCollection                                            : loaded 4 times (x 101B)
Class kotlin.LazyKt__LazyKt                                                           : loaded 4 times (x 67B)
Class kotlin.text.StringsKt__StringBuilderJVMKt                                       : loaded 4 times (x 67B)
Class kotlin.UNINITIALIZED_VALUE                                                      : loaded 4 times (x 67B)
Class kotlin.NoWhenBranchMatchedException                                             : loaded 4 times (x 78B)
Class kotlin.Lazy                                                                     : loaded 4 times (x 66B)
Class kotlin.comparisons.ComparisonsKt__ComparisonsKt                                 : loaded 4 times (x 67B)
Class kotlin.collections.SetsKt___SetsKt                                              : loaded 4 times (x 67B)
Class kotlin.ranges.RangesKt__RangesKt                                                : loaded 4 times (x 67B)
Class kotlin.sequences.SequencesKt__SequencesKt                                       : loaded 4 times (x 67B)
Class kotlin.text.StringsKt__StringBuilderKt                                          : loaded 4 times (x 67B)
Class kotlin.jvm.internal.CallableReference$NoReceiver                                : loaded 4 times (x 67B)
Class kotlin.comparisons.ComparisonsKt                                                : loaded 4 times (x 67B)
Class kotlin.comparisons.ComparisonsKt___ComparisonsKt                                : loaded 4 times (x 67B)
Class kotlin.sequences.FilteringSequence                                              : loaded 4 times (x 71B)
Class kotlin.collections.EmptyList                                                    : loaded 4 times (x 170B)
Class kotlin.jvm.internal.FunctionReferenceImpl                                       : loaded 4 times (x 118B)
Class kotlin.collections.CollectionsKt___CollectionsJvmKt                             : loaded 4 times (x 67B)
Class kotlin.Unit                                                                     : loaded 4 times (x 67B)
Class kotlin.TuplesKt                                                                 : loaded 4 times (x 67B)
Class kotlin.sequences.SequencesKt___SequencesJvmKt                                   : loaded 4 times (x 67B)
Class kotlin.ranges.RangesKt                                                          : loaded 4 times (x 67B)
Class kotlin.text.StringsKt__StringNumberConversionsJVMKt                             : loaded 4 times (x 67B)
Class kotlin.sequences.Sequence                                                       : loaded 4 times (x 66B)
Class kotlin.jvm.functions.Function0                                                  : loaded 4 times (x 66B)
Class kotlin.collections.ArraysKt__ArraysJVMKt                                        : loaded 4 times (x 67B)
Class kotlin.collections.ArraysUtilJVM                                                : loaded 4 times (x 67B)
Class kotlin.jvm.functions.Function1                                                  : loaded 4 times (x 66B)
Class kotlin.jvm.functions.Function2                                                  : loaded 4 times (x 66B)
Class kotlin.jvm.functions.Function3                                                  : loaded 4 times (x 66B)
Class kotlin.collections.MapsKt___MapsJvmKt                                           : loaded 4 times (x 67B)
Class [Lkotlin.reflect.KCallable;                                                     : loaded 4 times (x 65B)
Class kotlin.collections.EmptySet                                                     : loaded 4 times (x 118B)
Class kotlin.collections.CollectionsKt___CollectionsKt                                : loaded 4 times (x 67B)
Class kotlin.text.StringsKt__AppendableKt                                             : loaded 4 times (x 67B)
Class kotlin.reflect.KDeclarationContainer                                            : loaded 4 times (x 66B)
Class kotlin.LazyKt                                                                   : loaded 4 times (x 67B)
Class kotlin.collections.SetsKt__SetsKt                                               : loaded 4 times (x 67B)
Class kotlin.text.StringsKt___StringsJvmKt                                            : loaded 4 times (x 67B)
Class kotlin.io.FilesKt                                                               : loaded 4 times (x 67B)
Class kotlin.collections.MapsKt___MapsKt                                              : loaded 4 times (x 67B)
Class kotlin.collections.ArraysKt___ArraysKt                                          : loaded 4 times (x 67B)
Class kotlin.collections.MapsKt__MapWithDefaultKt                                     : loaded 4 times (x 67B)
Class kotlin.text.StringsKt___StringsKt                                               : loaded 4 times (x 67B)
Class kotlin.enums.EnumEntriesKt                                                      : loaded 4 times (x 67B)
Class kotlin.collections.CollectionsKt__MutableCollectionsJVMKt                       : loaded 4 times (x 67B)
Class kotlin.collections.ArraysKt                                                     : loaded 4 times (x 67B)
Class kotlin.collections.AbstractList$Companion                                       : loaded 4 times (x 67B)
Class kotlin.sequences.SequencesKt___SequencesKt                                      : loaded 4 times (x 67B)
Class kotlin.reflect.KAnnotatedElement                                                : loaded 4 times (x 66B)
Class kotlin.jvm.internal.Intrinsics                                                  : loaded 4 times (x 67B)
Class kotlin.collections.MapsKt                                                       : loaded 4 times (x 67B)
Class kotlin.collections.CollectionsKt__IterablesKt                                   : loaded 4 times (x 67B)
Class kotlin.KotlinNullPointerException                                               : loaded 4 times (x 79B)
Class kotlin.ranges.RangesKt___RangesKt                                               : loaded 4 times (x 67B)
Class kotlin.jvm.functions.Function14                                                 : loaded 3 times (x 66B)
Class org.objectweb.asm.ClassVisitor                                                  : loaded 3 times (x 84B)
Class kotlin.ranges.OpenEndRange                                                      : loaded 3 times (x 66B)
Class kotlin.sequences.SequenceBuilderIterator                                        : loaded 3 times (x 81B)
Class kotlin.jvm.functions.Function13                                                 : loaded 3 times (x 66B)
Class kotlin.text.Charsets                                                            : loaded 3 times (x 67B)
Class kotlin.io.LinesSequence                                                         : loaded 3 times (x 71B)
Class [Lkotlin.reflect.KClass;                                                        : loaded 3 times (x 65B)
Class com.google.common.collect.RegularImmutableMap$BucketOverflowException           : loaded 3 times (x 78B)
Class org.objectweb.asm.MethodWriter                                                  : loaded 3 times (x 102B)
Class com.google.common.io.ByteStreams$LimitedInputStream                             : loaded 3 times (x 88B)
Class com.google.common.base.Platform$JdkPatternCompiler                              : loaded 3 times (x 71B)
Class com.google.common.collect.UnmodifiableListIterator                              : loaded 3 times (x 91B)
Class com.google.common.collect.RegularImmutableBiMap                                 : loaded 3 times (x 145B)
Class kotlin.coroutines.intrinsics.CoroutineSingletons                                : loaded 3 times (x 75B)
Class kotlin.jvm.functions.Function12                                                 : loaded 3 times (x 66B)
Class com.google.common.base.CharMatcher$Negated                                      : loaded 3 times (x 109B)
Class kotlin.collections.EmptyMap                                                     : loaded 3 times (x 105B)
Class kotlin.ranges.IntRange$Companion                                                : loaded 3 times (x 67B)
Class kotlin.coroutines.intrinsics.IntrinsicsKt                                       : loaded 3 times (x 67B)
Class com.google.common.collect.MapMakerInternalMap$Strength                          : loaded 3 times (x 76B)
Class kotlin.jvm.internal.markers.KMutableCollection                                  : loaded 3 times (x 66B)
Class com.google.common.base.CharMatcher$Is                                           : loaded 3 times (x 107B)
Class kotlin.jvm.internal.PropertyReference0Impl                                      : loaded 3 times (x 123B)
Class kotlin.jvm.functions.Function11                                                 : loaded 3 times (x 66B)
Class com.google.common.collect.ImmutableSet$RegularSetBuilderImpl                    : loaded 3 times (x 73B)
Class com.google.common.collect.ImmutableRangeSet$ComplementRanges                    : loaded 3 times (x 203B)
Class org.jetbrains.org.objectweb.asm.Attribute                                       : loaded 3 times (x 73B)
Class org.jetbrains.org.objectweb.asm.Label                                           : loaded 3 times (x 69B)
Class com.google.common.collect.ImmutableMapKeySet                                    : loaded 3 times (x 148B)
Class [Lkotlin.LazyThreadSafetyMode;                                                  : loaded 3 times (x 65B)
Class [Lkotlin.reflect.KClassifier;                                                   : loaded 3 times (x 65B)
Class kotlin.jvm.internal.FloatCompanionObject                                        : loaded 3 times (x 67B)
Class kotlin.KotlinVersion$Companion                                                  : loaded 3 times (x 67B)
Class kotlin.jvm.functions.Function9                                                  : loaded 3 times (x 66B)
Class kotlin.jvm.functions.Function15                                                 : loaded 3 times (x 66B)
Class kotlin.text.CharsKt__CharKt                                                     : loaded 3 times (x 67B)
Class kotlin.jvm.functions.Function10                                                 : loaded 3 times (x 66B)
Class com.google.common.io.ByteSource$ConcatenatedByteSource                          : loaded 3 times (x 81B)
Class kotlin.annotation.MustBeDocumented                                              : loaded 3 times (x 66B)
Class org.jetbrains.org.objectweb.asm.ClassVisitor                                    : loaded 3 times (x 84B)
Class com.google.common.base.PatternCompiler                                          : loaded 3 times (x 66B)
Class kotlin.sequences.TransformingSequence                                           : loaded 3 times (x 71B)
Class com.google.common.hash.PrimitiveSink                                            : loaded 3 times (x 66B)
Class com.google.common.base.CharMatcher$None                                         : loaded 3 times (x 108B)
Class kotlin.collections.builders.MapBuilder$Companion                                : loaded 3 times (x 67B)
Class kotlin.jvm.functions.Function8                                                  : loaded 3 times (x 66B)
Class [Lkotlin.annotation.AnnotationRetention;                                        : loaded 3 times (x 65B)
Class com.google.common.io.Files                                                      : loaded 3 times (x 67B)
Class com.google.common.base.Equivalence$Equals                                       : loaded 3 times (x 78B)
Class kotlin.sequences.SequencesKt___SequencesKt$flatMap$2                            : loaded 3 times (x 121B)
Class kotlin.jvm.functions.Function7                                                  : loaded 3 times (x 66B)
Class com.google.common.collect.SortedMapDifference                                   : loaded 3 times (x 66B)
Class [Lcom.google.common.collect.MapMakerInternalMap$Strength;                       : loaded 3 times (x 65B)
Class [Lcom.google.common.io.FileWriteMode;                                           : loaded 3 times (x 65B)
Class com.google.common.collect.Hashing                                               : loaded 3 times (x 67B)
Class com.google.common.base.Preconditions                                            : loaded 3 times (x 67B)
Class org.jetbrains.org.objectweb.asm.ClassReader                                     : loaded 3 times (x 89B)
Class kotlin.jvm.functions.Function16                                                 : loaded 3 times (x 66B)
Class [Lcom.google.common.collect.ImmutableMapEntry;                                  : loaded 3 times (x 65B)
Class kotlin.jvm.functions.Function6                                                  : loaded 3 times (x 66B)
Class com.google.common.collect.CollectPreconditions                                  : loaded 3 times (x 67B)
Class kotlin.coroutines.EmptyCoroutineContext                                         : loaded 3 times (x 73B)
Class com.google.common.base.Joiner$1                                                 : loaded 3 times (x 76B)
Class kotlin.jvm.functions.Function5                                                  : loaded 3 times (x 66B)
Class kotlin.annotation.Retention                                                     : loaded 3 times (x 66B)
Class com.google.common.collect.ImmutableEntry                                        : loaded 3 times (x 78B)
Class [Lcom.google.common.collect.AbstractMapEntry;                                   : loaded 3 times (x 65B)
Class kotlin.coroutines.ContinuationInterceptor                                       : loaded 3 times (x 66B)
Class com.google.common.collect.ImmutableMap$MapViewOfValuesAsSingletonSets           : loaded 3 times (x 122B)
Class com.google.common.collect.ListMultimap                                          : loaded 3 times (x 66B)
Class com.google.common.collect.ArrayListMultimap                                     : loaded 3 times (x 168B)
Class com.google.common.collect.RegularImmutableMap                                   : loaded 3 times (x 117B)
Class com.google.common.io.ByteArrayDataOutput                                        : loaded 3 times (x 66B)
Class com.google.common.collect.ImmutableRangeSet                                     : loaded 3 times (x 111B)
Class com.google.common.collect.ImmutableEnumMap                                      : loaded 3 times (x 122B)
Class kotlin.jvm.functions.Function4                                                  : loaded 3 times (x 66B)
Class kotlin.annotation.Target                                                        : loaded 3 times (x 66B)
Class kotlin.jvm.internal.ArrayIteratorKt                                             : loaded 3 times (x 67B)
Class kotlin.reflect.KProperty$Accessor                                               : loaded 3 times (x 66B)
Class com.google.common.io.CharSink                                                   : loaded 3 times (x 75B)
Class kotlin.jvm.internal.AdaptedFunctionReference                                    : loaded 3 times (x 73B)
Class com.google.common.base.CharMatcher$NegatedFastMatcher                           : loaded 3 times (x 109B)
Class com.google.common.collect.Iterators$EmptyModifiableIterator                     : loaded 3 times (x 82B)
Class com.google.common.collect.AbstractRangeSet                                      : loaded 3 times (x 110B)
Class com.google.common.collect.MapMakerInternalMap$WeakValueReference                : loaded 3 times (x 66B)
Class com.google.common.collect.PeekingIterator                                       : loaded 3 times (x 66B)
Class org.objectweb.asm.Label                                                         : loaded 3 times (x 69B)
Class com.google.common.collect.ImmutableMap                                          : loaded 3 times (x 116B)
Class com.google.common.base.Predicate                                                : loaded 3 times (x 66B)
Class kotlin.KotlinNothingValueException                                              : loaded 3 times (x 78B)
Class com.google.common.base.CharMatcher                                              : loaded 3 times (x 107B)
Class kotlin.jvm.internal.markers.KMutableIterator                                    : loaded 3 times (x 66B)
Class com.google.common.collect.Sets                                                  : loaded 3 times (x 67B)
Class com.google.common.base.CharMatcher$FastMatcher                                  : loaded 3 times (x 107B)
Class com.google.common.collect.MapMakerInternalMap                                   : loaded 3 times (x 157B)
Class com.google.common.base.Strings                                                  : loaded 3 times (x 67B)
Class com.google.common.base.Splitter                                                 : loaded 3 times (x 68B)
Class com.google.common.collect.Sets$1                                                : loaded 3 times (x 135B)
Class kotlin.InitializedLazyImpl                                                      : loaded 3 times (x 72B)
Class kotlin.properties.ReadWriteProperty                                             : loaded 3 times (x 66B)
Class kotlin.jvm.functions.Function17                                                 : loaded 3 times (x 66B)
Class kotlin.ranges.IntProgression$Companion                                          : loaded 3 times (x 67B)
Class kotlin.sequences.SequenceScope                                                  : loaded 3 times (x 69B)
Class kotlin.sequences.FlatteningSequence$iterator$1                                  : loaded 3 times (x 75B)
Class kotlin.collections.builders.MapBuilder                                          : loaded 3 times (x 108B)
Class com.google.common.collect.Maps$IteratorBasedAbstractMap                         : loaded 3 times (x 121B)
Class kotlin.sequences.GeneratorSequence                                              : loaded 3 times (x 71B)
Class [Lkotlin.DeprecationLevel;                                                      : loaded 3 times (x 65B)
Class org.objectweb.asm.Attribute                                                     : loaded 3 times (x 73B)
Class com.google.common.base.Joiner$2                                                 : loaded 3 times (x 75B)
Class com.google.common.base.CharMatcher$Or                                           : loaded 3 times (x 108B)
Class com.google.common.collect.MapMakerInternalMap$Strength$1                        : loaded 3 times (x 76B)
Class com.google.common.io.Closer$Suppressor                                          : loaded 3 times (x 66B)
Class com.google.common.io.LineProcessor                                              : loaded 3 times (x 66B)
Class com.google.common.io.ByteSource$AsCharSource                                    : loaded 3 times (x 82B)
Class com.google.common.collect.ImmutableEnumSet                                      : loaded 3 times (x 142B)
Class com.google.common.collect.MapMakerInternalMap$InternalEntryHelper               : loaded 3 times (x 66B)
Class kotlin.jvm.internal.markers.KMutableIterable                                    : loaded 3 times (x 66B)
Class kotlin.jdk7.AutoCloseableKt                                                     : loaded 3 times (x 67B)
Class com.google.common.io.ByteSource$EmptyByteSource                                 : loaded 3 times (x 81B)
Class com.google.common.collect.RangeGwtSerializationDependencies                     : loaded 3 times (x 67B)
Class com.google.common.collect.Sets$2                                                : loaded 3 times (x 135B)
Class kotlin.text.DelimitedRangesSequence                                             : loaded 3 times (x 71B)
Class org.objectweb.asm.MethodVisitor                                                 : loaded 3 times (x 101B)
Class com.google.common.collect.ImmutableSet                                          : loaded 3 times (x 141B)
Class com.google.common.base.CharMatcher$BitSetMatcher                                : loaded 3 times (x 108B)
Class com.google.common.io.Closer                                                     : loaded 3 times (x 74B)
Class com.google.common.base.CharMatcher$NamedFastMatcher                             : loaded 3 times (x 108B)
Class kotlin.reflect.KType                                                            : loaded 3 times (x 66B)
Class kotlin.jvm.functions.Function20                                                 : loaded 3 times (x 66B)
Class kotlin.collections.CollectionsKt___CollectionsKt$asSequence$$inlined$Sequence$1 : loaded 3 times (x 71B)
Class com.google.common.base.AbstractIterator                                         : loaded 3 times (x 76B)
Class com.google.common.base.CharMatcher$1                                            : loaded 3 times (x 109B)
Class kotlin.text.CharsKt__CharJVMKt                                                  : loaded 3 times (x 67B)
Class kotlin.coroutines.jvm.internal.BaseContinuationImpl                             : loaded 3 times (x 83B)
Class kotlin.Result$Companion                                                         : loaded 3 times (x 67B)
Class kotlin.jvm.functions.Function18                                                 : loaded 3 times (x 66B)
Class com.google.common.collect.ImmutableList$1                                       : loaded 3 times (x 93B)
Class com.google.common.math.IntMath$1                                                : loaded 3 times (x 67B)
Class com.google.common.io.Files$FileByteSink                                         : loaded 3 times (x 73B)
Class org.jetbrains.org.objectweb.asm.MethodWriter                                    : loaded 3 times (x 102B)
Class com.google.common.collect.RangeSet                                              : loaded 3 times (x 66B)
Class com.google.common.collect.MapMakerInternalMap$Strength$2                        : loaded 3 times (x 76B)
Class kotlin.jvm.functions.Function19                                                 : loaded 3 times (x 66B)
Class kotlin.coroutines.Continuation                                                  : loaded 3 times (x 66B)
Class kotlin.jvm.internal.ClassBasedDeclarationContainer                              : loaded 3 times (x 66B)
Class kotlin.reflect.KMutableProperty$Setter                                          : loaded 3 times (x 66B)
Class com.google.common.base.AbstractIterator$State                                   : loaded 3 times (x 75B)
Class com.google.common.collect.Sets$3                                                : loaded 3 times (x 135B)
Class com.google.common.graph.SuccessorsFunction                                      : loaded 3 times (x 66B)
Class org.objectweb.asm.Type                                                          : loaded 3 times (x 68B)
Class kotlin.SafePublicationLazyImpl$Companion                                        : loaded 3 times (x 67B)
Class kotlin.jvm.functions.Function21                                                 : loaded 3 times (x 66B)
Class kotlin.jvm.internal.ReflectionFactory                                           : loaded 3 times (x 87B)
Class kotlin.jvm.internal.Ref$ObjectRef                                               : loaded 3 times (x 68B)
Class com.google.common.collect.Sets$SetView                                          : loaded 3 times (x 134B)
Class com.google.common.collect.ImmutableRangeSet$Builder                             : loaded 3 times (x 73B)
Class com.google.common.io.ByteArrayDataInput                                         : loaded 3 times (x 66B)
Class [Lorg.jetbrains.org.objectweb.asm.Attribute;                                    : loaded 3 times (x 65B)
Class com.google.common.collect.MapMakerInternalMap$StrongValueEntry                  : loaded 3 times (x 66B)
Class [Lcom.google.common.collect.Iterators$EmptyModifiableIterator;                  : loaded 3 times (x 65B)
Class kotlin.jvm.internal.PropertyReference1Impl                                      : loaded 3 times (x 123B)
Class com.google.common.collect.Sets$4                                                : loaded 3 times (x 135B)
Class kotlin.jvm.internal.MutablePropertyReference1                                   : loaded 3 times (x 133B)
Class com.google.common.collect.CollectCollectors                                     : loaded 3 times (x 67B)
Class kotlin.annotation.AnnotationRetention                                           : loaded 3 times (x 75B)
Class kotlin.jvm.functions.Function22                                                 : loaded 3 times (x 66B)
Class kotlin.collections.MapWithDefault                                               : loaded 3 times (x 66B)
Class kotlin.sequences.SequencesKt__SequenceBuilderKt$sequence$$inlined$Sequence$1    : loaded 3 times (x 71B)
Class kotlin.coroutines.jvm.internal.SuspendLambda                                    : loaded 3 times (x 87B)
Class kotlin.coroutines.jvm.internal.ContinuationImpl                                 : loaded 3 times (x 83B)
Class kotlin.Triple                                                                   : loaded 3 times (x 68B)
Class kotlin.text.Regex                                                               : loaded 3 times (x 68B)
Class com.google.common.collect.Maps$8                                                : loaded 3 times (x 78B)
Class com.google.common.collect.ImmutableMapEntrySet$RegularEntrySet                  : loaded 3 times (x 148B)
Class com.google.common.base.CharMatcher$IsEither                                     : loaded 3 times (x 107B)
Class [Lcom.google.common.base.AbstractIterator$State;                                : loaded 3 times (x 65B)
Class kotlin.coroutines.jvm.internal.RestrictedSuspendLambda                          : loaded 3 times (x 87B)
Class com.google.common.base.Platform                                                 : loaded 3 times (x 67B)
Class com.google.common.collect.Maps$BiMapConverter                                   : loaded 3 times (x 86B)
Class org.jetbrains.org.objectweb.asm.RecordComponentVisitor                          : loaded 3 times (x 73B)
Class kotlin.collections.EmptyIterator                                                : loaded 3 times (x 85B)
Class kotlin.jvm.internal.SpreadBuilder                                               : loaded 3 times (x 72B)
Class kotlin.LazyThreadSafetyMode                                                     : loaded 3 times (x 75B)
Class kotlin.jvm.internal.ArrayIterator                                               : loaded 3 times (x 75B)
Class [Lcom.google.common.collect.ImmutableEntry;                                     : loaded 3 times (x 65B)
Class com.google.common.collect.MapMaker                                              : loaded 3 times (x 68B)
Class kotlin.LazyKt__LazyJVMKt$WhenMappings                                           : loaded 3 times (x 67B)
Class kotlin.UnsafeLazyImpl                                                           : loaded 3 times (x 72B)
Class kotlin.jvm.internal.MutablePropertyReference                                    : loaded 3 times (x 115B)
Class com.google.common.collect.Maps                                                  : loaded 3 times (x 67B)
Class kotlin.reflect.KTypeParameter                                                   : loaded 3 times (x 66B)
Class com.google.common.io.CharSource                                                 : loaded 3 times (x 81B)
Class kotlin.jvm.internal.PropertyReference1                                          : loaded 3 times (x 123B)
Class com.google.common.collect.ImmutableSet$Builder                                  : loaded 3 times (x 81B)
Class [Lkotlin.jvm.functions.Function1;                                               : loaded 3 times (x 65B)
Class com.google.common.base.CharMatcher$InRange                                      : loaded 3 times (x 107B)
Class kotlin.sequences.DistinctSequence                                               : loaded 3 times (x 71B)
Class [Lcom.google.common.collect.MapMakerInternalMap$Segment;                        : loaded 3 times (x 65B)
Class kotlin.io.FileSystemException                                                   : loaded 3 times (x 78B)
Class kotlin.sequences.EmptySequence                                                  : loaded 3 times (x 74B)
Class kotlin.jvm.internal.PropertyReference0                                          : loaded 3 times (x 123B)
Class com.google.common.collect.RegularImmutableList                                  : loaded 3 times (x 209B)
Class com.google.common.collect.IndexedImmutableSet$1                                 : loaded 3 times (x 209B)
Class com.google.common.base.Function                                                 : loaded 3 times (x 66B)
Class com.google.common.collect.ImmutableMapEntry$NonTerminalImmutableMapEntry        : loaded 3 times (x 81B)
Class com.google.common.base.Equivalence                                              : loaded 3 times (x 78B)
Class com.google.common.io.ByteStreams                                                : loaded 3 times (x 67B)
Class org.jetbrains.org.objectweb.asm.Type                                            : loaded 3 times (x 68B)
Class com.google.common.io.ByteStreams$1                                              : loaded 3 times (x 81B)
Class com.google.common.collect.ImmutableMapEntry                                     : loaded 3 times (x 81B)
Class com.google.common.collect.MapMakerInternalMap$InternalEntry                     : loaded 3 times (x 66B)
Class kotlin.ranges.IntRange                                                          : loaded 3 times (x 89B)
Class kotlin.jvm.internal.markers.KMutableMap                                         : loaded 3 times (x 66B)
Class kotlin.properties.ReadOnlyProperty                                              : loaded 3 times (x 66B)
Class com.google.common.base.Splitter$1                                               : loaded 3 times (x 73B)
Class com.google.common.collect.MapDifference                                         : loaded 3 times (x 66B)
Class com.google.common.math.IntMath                                                  : loaded 3 times (x 67B)
Class com.google.common.collect.RegularImmutableSortedSet                             : loaded 3 times (x 296B)
Class com.google.common.io.FileWriteMode                                              : loaded 3 times (x 75B)
Class com.google.common.base.CommonPattern                                            : loaded 3 times (x 70B)
Class com.google.common.base.CharMatcher$IsNot                                        : loaded 3 times (x 107B)
Class kotlin.text.Regex$Companion                                                     : loaded 3 times (x 67B)
Class org.jetbrains.org.objectweb.asm.Context                                         : loaded 3 times (x 68B)
Class com.google.common.collect.ImmutableSortedSet                                    : loaded 3 times (x 296B)
Class kotlin.jvm.internal.MutablePropertyReference1Impl                               : loaded 3 times (x 133B)
Class [Lkotlin.sequences.Sequence;                                                    : loaded 3 times (x 65B)
Class com.google.common.collect.Maps$EntryTransformer                                 : loaded 3 times (x 66B)
Class kotlin.ranges.IntProgression                                                    : loaded 3 times (x 77B)
Class [Lkotlin.reflect.KProperty;                                                     : loaded 3 times (x 65B)
Class com.google.common.io.ByteSource$SlicedByteSource                                : loaded 3 times (x 81B)
Class [Lkotlin.Pair;                                                                  : loaded 3 times (x 65B)
Class com.google.common.collect.ImmutableSet$EmptySetBuilderImpl                      : loaded 3 times (x 72B)
Class kotlin.coroutines.CoroutineContext$Key                                          : loaded 3 times (x 66B)
Class kotlin.coroutines.jvm.internal.RestrictedContinuationImpl                       : loaded 3 times (x 83B)
Class com.google.common.collect.ImmutableAsList                                       : loaded 3 times (x 205B)
Class com.google.common.collect.Iterators$9                                           : loaded 3 times (x 77B)
Class com.google.common.base.FunctionalEquivalence                                    : loaded 3 times (x 79B)
Class com.google.common.collect.AbstractMapBasedMultimap                              : loaded 3 times (x 135B)
Class com.google.common.collect.ImmutableList                                         : loaded 3 times (x 202B)
Class kotlin.jvm.internal.markers.KMutableSet                                         : loaded 3 times (x 66B)
Class com.google.common.collect.Lists                                                 : loaded 3 times (x 67B)
Class com.google.common.base.Converter                                                : loaded 3 times (x 86B)
Class [Lkotlin.annotation.AnnotationTarget;                                           : loaded 3 times (x 65B)
Class kotlin.reflect.KMutableProperty0                                                : loaded 3 times (x 66B)
Class [Lkotlin.coroutines.intrinsics.CoroutineSingletons;                             : loaded 3 times (x 65B)
Class com.google.common.collect.ImmutableSet$CachingAsList                            : loaded 3 times (x 144B)
Class kotlin.reflect.KClassifier                                                      : loaded 3 times (x 66B)
Class kotlin.coroutines.jvm.internal.SuspendFunction                                  : loaded 3 times (x 66B)
Class kotlin.jvm.internal.CollectionToArray                                           : loaded 3 times (x 67B)
Class com.google.common.collect.ImmutableSet$SetBuilderImpl                           : loaded 3 times (x 72B)
Class kotlin.collections.builders.MapBuilder$Itr                                      : loaded 3 times (x 68B)
Class kotlin.KotlinVersionCurrentValue                                                : loaded 3 times (x 67B)
Class kotlin.jvm.internal.StringCompanionObject                                       : loaded 3 times (x 67B)
Class com.google.common.collect.ImmutableCollection                                   : loaded 3 times (x 121B)
Class com.google.common.base.CharMatcher$AnyOf                                        : loaded 3 times (x 108B)
Class kotlin.reflect.KMutableProperty1                                                : loaded 3 times (x 66B)
Class kotlin.coroutines.intrinsics.IntrinsicsKt__IntrinsicsJvmKt                      : loaded 3 times (x 67B)
Class com.google.common.collect.Iterators$ArrayItr                                    : loaded 3 times (x 93B)
Class com.google.common.base.CharMatcher$ForPredicate                                 : loaded 3 times (x 108B)
Class com.google.common.collect.ImmutableRangeSet$AsSet                               : loaded 3 times (x 296B)
Class com.google.common.collect.ImmutableCollection$Builder                           : loaded 3 times (x 72B)
Class kotlin.coroutines.intrinsics.IntrinsicsKt__IntrinsicsKt                         : loaded 3 times (x 67B)
Class com.google.common.base.Splitter$SplittingIterator                               : loaded 3 times (x 80B)
Class com.google.common.collect.ImmutableSet$JdkBackedSetBuilderImpl                  : loaded 3 times (x 72B)
Class com.google.common.collect.Iterators$5                                           : loaded 3 times (x 78B)
Class org.jetbrains.org.objectweb.asm.AnnotationVisitor                               : loaded 3 times (x 74B)
Class com.google.common.collect.ImmutableBiMap                                        : loaded 3 times (x 139B)
Class com.google.common.collect.SortedIterable                                        : loaded 3 times (x 66B)
Class com.google.common.collect.Iterators$4                                           : loaded 3 times (x 78B)
Class com.google.common.collect.AbstractListMultimap                                  : loaded 3 times (x 168B)
Class kotlin.SafePublicationLazyImpl                                                  : loaded 3 times (x 72B)
Class kotlin.reflect.KProperty$Getter                                                 : loaded 3 times (x 66B)
Class kotlin.coroutines.jvm.internal.CoroutineStackFrame                              : loaded 3 times (x 66B)
Class com.google.common.collect.ImmutableMap$IteratorBasedImmutableMap                : loaded 3 times (x 122B)
Class com.google.common.collect.SingletonImmutableSet                                 : loaded 3 times (x 142B)
Class com.google.common.collect.ImmutableList$SubList                                 : loaded 3 times (x 205B)
Class kotlin.reflect.KMutableProperty2                                                : loaded 3 times (x 66B)
Class com.google.common.base.Joiner                                                   : loaded 3 times (x 75B)
Class kotlin.collections.AbstractMutableSet                                           : loaded 3 times (x 138B)
Class kotlin.Metadata                                                                 : loaded 3 times (x 66B)
Class kotlin.properties.Delegates                                                     : loaded 3 times (x 67B)
Class com.google.common.collect.Iterators$1                                           : loaded 3 times (x 77B)
Class kotlin.io.NoSuchFileException                                                   : loaded 3 times (x 78B)
Class kotlin.jvm.internal.Lambda                                                      : loaded 3 times (x 71B)
Class [Lkotlin.reflect.KDeclarationContainer;                                         : loaded 3 times (x 65B)
Class com.google.common.base.JdkPattern                                               : loaded 3 times (x 71B)
Class com.google.common.io.Files$FileByteSource                                       : loaded 3 times (x 81B)
Class com.google.common.collect.ImmutableList$ReverseImmutableList                    : loaded 3 times (x 205B)
Class com.google.common.base.MoreObjects                                              : loaded 3 times (x 67B)
Class [Lorg.jetbrains.org.objectweb.asm.Label;                                        : loaded 3 times (x 65B)
Class com.google.common.io.ByteSink                                                   : loaded 3 times (x 72B)
Class com.google.common.collect.SingletonImmutableList                                : loaded 3 times (x 203B)
Class com.google.common.collect.RegularImmutableMap$KeySet                            : loaded 3 times (x 148B)
Class com.google.common.base.Equivalence$Identity                                     : loaded 3 times (x 78B)
Class com.google.common.collect.MapMakerInternalMap$Segment                           : loaded 3 times (x 138B)
Class com.google.common.collect.NullnessCasts                                         : loaded 3 times (x 67B)
Class kotlin.reflect.KProperty0                                                       : loaded 3 times (x 66B)
Class kotlin.Result                                                                   : loaded 3 times (x 68B)
Class com.google.common.base.ExtraObjectsMethodsForWeb                                : loaded 3 times (x 67B)
Class com.google.common.base.PairwiseEquivalence                                      : loaded 3 times (x 79B)
Class com.google.common.collect.Platform                                              : loaded 3 times (x 67B)
Class kotlin.collections.IntIterator                                                  : loaded 3 times (x 78B)
Class kotlin.jvm.internal.TypeIntrinsics                                              : loaded 3 times (x 67B)
Class com.google.common.collect.Multimap                                              : loaded 3 times (x 66B)
Class com.google.common.primitives.IntsMethodsForWeb                                  : loaded 3 times (x 67B)
Class kotlin.ranges.ClosedRange                                                       : loaded 3 times (x 66B)
Class kotlin.reflect.KProperty                                                        : loaded 3 times (x 66B)
Class [Lorg.objectweb.asm.Type;                                                       : loaded 3 times (x 65B)
Class kotlin.jvm.internal.Reflection                                                  : loaded 3 times (x 67B)
Class kotlin.jvm.JvmClassMappingKt                                                    : loaded 3 times (x 67B)
Class kotlin.annotation.AnnotationTarget                                              : loaded 3 times (x 75B)
Class org.jetbrains.org.objectweb.asm.MethodVisitor                                   : loaded 3 times (x 101B)
Class com.google.common.io.ByteSource                                                 : loaded 3 times (x 80B)
Class com.google.common.base.NullnessCasts                                            : loaded 3 times (x 67B)
Class com.google.common.collect.UnmodifiableIterator                                  : loaded 3 times (x 76B)
Class com.google.common.collect.ImmutableMap$Builder                                  : loaded 3 times (x 78B)
Class kotlin.ranges.IntProgressionIterator                                            : loaded 3 times (x 78B)
Class kotlin.jvm.internal.PropertyReference                                           : loaded 3 times (x 111B)
Class kotlin.reflect.KClass                                                           : loaded 3 times (x 66B)
Class kotlin.reflect.KProperty1                                                       : loaded 3 times (x 66B)
Class kotlin.sequences.TransformingSequence$iterator$1                                : loaded 3 times (x 75B)
Class kotlin.coroutines.jvm.internal.DebugProbesKt                                    : loaded 3 times (x 67B)
Class kotlin.sequences.DistinctIterator                                               : loaded 3 times (x 79B)
Class kotlin.internal.ProgressionUtilKt                                               : loaded 3 times (x 67B)
Class kotlin.io.FileAlreadyExistsException                                            : loaded 3 times (x 78B)
Class kotlin.reflect.KMutableProperty                                                 : loaded 3 times (x 66B)
Class kotlin.KotlinVersion                                                            : loaded 3 times (x 70B)
Class com.google.common.collect.ImmutableMapEntrySet                                  : loaded 3 times (x 148B)
Class com.google.common.collect.SingletonImmutableBiMap                               : loaded 3 times (x 139B)
Class kotlin.coroutines.CoroutineContext                                              : loaded 3 times (x 66B)
Class com.google.common.collect.Iterators$SingletonIterator                           : loaded 3 times (x 77B)
Class com.google.common.collect.AbstractMapEntry                                      : loaded 3 times (x 77B)
Class com.google.common.collect.MapMakerInternalMap$1                                 : loaded 3 times (x 79B)
Class [Lkotlin.Function;                                                              : loaded 3 times (x 65B)
Class com.google.common.math.MathPreconditions                                        : loaded 3 times (x 67B)
Class com.google.common.collect.AbstractIndexedListIterator                           : loaded 3 times (x 92B)
Class com.google.common.collect.ObjectArrays                                          : loaded 3 times (x 67B)
Class org.jetbrains.org.objectweb.asm.FieldVisitor                                    : loaded 3 times (x 73B)
Class kotlin.sequences.GeneratorSequence$iterator$1                                   : loaded 3 times (x 75B)
Class kotlin.reflect.KProperty2                                                       : loaded 3 times (x 66B)
Class com.google.common.collect.ArrayListMultimapGwtSerializationDependencies         : loaded 3 times (x 168B)
Class com.google.common.collect.Iterators$MergingIterator                             : loaded 3 times (x 77B)
Class com.google.common.collect.RegularImmutableSet                                   : loaded 3 times (x 145B)
Class com.google.common.collect.AbstractMultimap                                      : loaded 3 times (x 119B)
Class com.google.common.collect.Multiset                                              : loaded 3 times (x 66B)
Class com.google.common.base.Splitter$Strategy                                        : loaded 3 times (x 66B)
Class kotlin.Result$Failure                                                           : loaded 3 times (x 68B)
Class kotlin.coroutines.jvm.internal.CompletedContinuation                            : loaded 3 times (x 71B)
Class com.google.common.primitives.Ints                                               : loaded 3 times (x 67B)
Class com.google.common.io.ByteSource$ByteArrayByteSource                             : loaded 3 times (x 81B)
Class com.google.common.collect.ImmutableList$Builder                                 : loaded 3 times (x 73B)
Class com.google.common.collect.AbstractIterator                                      : loaded 3 times (x 78B)
Class kotlin.ResultKt                                                                 : loaded 3 times (x 67B)
Class com.google.common.collect.BiMap                                                 : loaded 3 times (x 66B)
Class com.google.common.collect.ImmutableMap$1                                        : loaded 3 times (x 77B)
Class com.google.common.collect.IndexedImmutableSet                                   : loaded 3 times (x 148B)
Class com.google.common.collect.AbstractMapBasedMultimap$Itr                          : loaded 3 times (x 79B)
Class com.google.common.base.Objects                                                  : loaded 3 times (x 67B)
Class kotlin.collections.builders.ListBuilderKt                                       : loaded 3 times (x 67B)
Class com.google.common.base.CharMatcher$And                                          : loaded 3 times (x 108B)
Class kotlin.io.TerminateException                                                    : loaded 3 times (x 78B)
Class kotlin.sequences.DropTakeSequence                                               : loaded 3 times (x 66B)
Class kotlin.sequences.FlatteningSequence                                             : loaded 3 times (x 71B)
Class com.google.common.collect.RegularImmutableMap$Values                            : loaded 3 times (x 203B)
Class kotlin.coroutines.CoroutineContext$Element                                      : loaded 3 times (x 66B)
Class kotlin.io.TextStreamsKt                                                         : loaded 3 times (x 67B)
Class kotlin.jvm.JvmStatic                                                            : loaded 3 times (x 66B)
Class kotlin.collections.ArraysKt___ArraysKt$asSequence$$inlined$Sequence$1           : loaded 3 times (x 71B)
Class kotlin.DeprecationLevel                                                         : loaded 3 times (x 75B)
Class com.google.common.collect.Lists$StringAsImmutableList                           : loaded 3 times (x 203B)
Class com.google.common.io.ByteSink$AsCharSink                                        : loaded 3 times (x 76B)
Class kotlin.text.DelimitedRangesSequence$iterator$1                                  : loaded 3 times (x 75B)
Class kotlin.coroutines.ContinuationInterceptor$Key                                   : loaded 3 times (x 67B)
Class com.google.common.collect.Range                                                 : loaded 3 times (x 83B)
Class com.google.common.collect.Iterators                                             : loaded 3 times (x 67B)
Class kotlin.text.CharsKt                                                             : loaded 3 times (x 67B)
Class com.google.common.collect.ImmutableRangeSet$1                                   : loaded 3 times (x 206B)
Class kotlin.collections.AbstractIterator                                             : loaded 3 times (x 79B)
Class kotlin.io.LinesSequence$iterator$1                                              : loaded 3 times (x 75B)
Class com.google.common.collect.RegularImmutableAsList                                : loaded 3 times (x 213B)
Class kotlin.reflect.jvm.internal.impl.utils.CollectionsKt                            : loaded 2 times (x 67B)
Class kotlin.reflect.jvm.internal.CacheByClass                                        : loaded 2 times (x 69B)
Class it.unimi.dsi.fastutil.ints.IntSpliterator                                       : loaded 2 times (x 66B)
Class org.jetbrains.kotlin.metadata.deserialization.ProtoBufUtilKt                    : loaded 2 times (x 67B)
Class [Lcom.android.resources.ResourceType$Kind;                                      : loaded 2 times (x 65B)
Class [Lcom.android.resources.Density;                                                : loaded 2 times (x 65B)
Class com.google.protobuf.Descriptors$FieldDescriptor                                 : loaded 2 times (x 84B)
Class org.codehaus.groovy.ast.expr.TernaryExpression                                  : loaded 2 times (x 126B)
Class groovy.lang.MetaClassRegistryChangeEvent                                        : loaded 2 times (x 75B)
Class org.codehaus.groovy.vmplugin.v8.PluginDefaultGroovyMethods                      : loaded 2 times (x 67B)
Class [Lcom.android.resources.ScreenRatio;                                            : loaded 2 times (x 65B)
Class com.android.resources.Navigation                                                : loaded 2 times (x 82B)
Class org.codehaus.groovy.util.ReferenceType                                          : loaded 2 times (x 76B)
Class org.jetbrains.kotlin.protobuf.AbstractMessageLite$Builder                       : loaded 2 times (x 118B)
Class org.jetbrains.kotlin.protobuf.Internal$EnumLiteMap                              : loaded 2 times (x 66B)
Class org.jetbrains.kotlin.protobuf.GeneratedMessageLite                              : loaded 2 times (x 97B)
Class org.jetbrains.kotlin.cli.common.messages.MessageCollector$Companion             : loaded 2 times (x 67B)
Class org.jetbrains.kotlin.metadata.deserialization.MetadataVersion                   : loaded 2 times (x 70B)
Class com.android.io.CancellableFileIo                                                : loaded 2 times (x 67B)
Class com.google.common.base.Optional                                                 : loaded 2 times (x 76B)
Class com.google.common.util.concurrent.AbstractFuture$Trusted                        : loaded 2 times (x 66B)
Class jdk.internal.jimage.ImageLocation                                               : loaded 2 times (x 86B)
Class jdk.internal.jrtfs.JrtDirectoryStream$1                                         : loaded 2 times (x 79B)
Class kotlin.collections.MutableMapWithDefault                                        : loaded 2 times (x 66B)
Class kotlin.jvm.internal.IntCompanionObject                                          : loaded 2 times (x 67B)
Class org.codehaus.groovy.util.ManagedReference$1                                     : loaded 2 times (x 72B)
Class org.codehaus.groovy.ast.expr.Expression                                         : loaded 2 times (x 123B)
Class com.google.protobuf.CodedOutputStream$OutOfSpaceException                       : loaded 2 times (x 78B)
Class com.android.tools.analytics.StubbableLazy                                       : loaded 2 times (x 72B)
Class com.google.protobuf.Internal$EnumLite                                           : loaded 2 times (x 66B)
Class org.codehaus.groovy.ast.stmt.ThrowStatement                                     : loaded 2 times (x 108B)
Class groovy.lang.MetaArrayLengthProperty                                             : loaded 2 times (x 73B)
Class org.codehaus.groovy.runtime.EncodingGroovyMethods                               : loaded 2 times (x 67B)
Class org.codehaus.groovy.util.ComplexKeyHashMap$EntryIterator                        : loaded 2 times (x 66B)
Class groovyjarjarasm.asm.Opcodes                                                     : loaded 2 times (x 66B)
Class org.jetbrains.kotlin.load.kotlin.KotlinJvmBinaryClass                           : loaded 2 times (x 66B)
Class org.jetbrains.kotlin.descriptors.Visibilities$Unknown                           : loaded 2 times (x 75B)
Class com.android.resources.Density                                                   : loaded 2 times (x 88B)
Class kotlin.reflect.jvm.internal.KMutableProperty1Impl                               : loaded 2 times (x 131B)
Class org.jetbrains.kotlin.protobuf.Parser                                            : loaded 2 times (x 66B)
Class org.jetbrains.kotlin.config.KotlinCompilerVersion                               : loaded 2 times (x 67B)
Class kotlin.reflect.jvm.internal.impl.builtins.functions.FunctionTypeKind$SuspendFunction: loaded 2 times (x 68B)
Class it.unimi.dsi.fastutil.Function                                                  : loaded 2 times (x 66B)
Class com.android.tools.lint.model.DefaultLintModelLibraryResolver                    : loaded 2 times (x 72B)
Class [Lorg.codehaus.groovy.reflection.CachedConstructor;                             : loaded 2 times (x 65B)
Class [Lorg.jetbrains.kotlin.build.report.metrics.BuildTime;                          : loaded 2 times (x 65B)
Class com.google.common.collect.ExplicitOrdering                                      : loaded 2 times (x 111B)
Class com.google.common.util.concurrent.UncheckedExecutionException                   : loaded 2 times (x 78B)
Class kotlin.jvm.internal.Ref$IntRef                                                  : loaded 2 times (x 67B)
Class com.google.protobuf.ByteOutput                                                  : loaded 2 times (x 72B)
Class groovy.lang.MissingMethodException                                              : loaded 2 times (x 88B)
Class kotlin.collections.builders.MapBuilder$EntriesItr                               : loaded 2 times (x 77B)
Class org.jetbrains.kotlin.metadata.jvm.deserialization.JvmMemberSignature$Method     : loaded 2 times (x 71B)
Class org.jetbrains.kotlin.protobuf.WireFormat$JavaType                               : loaded 2 times (x 75B)
Class com.android.tools.lint.model.LintModelModuleLoader                              : loaded 2 times (x 66B)
Class org.jetbrains.org.objectweb.asm.ClassTooLargeException                          : loaded 2 times (x 79B)
Class org.gradle.internal.InternalTransformer                                         : loaded 2 times (x 66B)
Class jdk.internal.jimage.ImageBufferCache$1                                          : loaded 2 times (x 79B)
Class com.android.utils.DateProvider$1                                                : loaded 2 times (x 71B)
Class com.google.protobuf.CodedOutputStream                                           : loaded 2 times (x 105B)
Class kotlin.time.DurationUnitKt__DurationUnitJvmKt                                   : loaded 2 times (x 67B)
Class com.android.ide.common.resources.DataItem                                       : loaded 2 times (x 86B)
Class kotlin.collections.builders.SetBuilder$Companion                                : loaded 2 times (x 67B)
Class com.android.ide.common.rendering.api.PluralsResourceValue                       : loaded 2 times (x 66B)
Class kotlinx.coroutines.internal.LimitedDispatcherKt                                 : loaded 2 times (x 67B)
Class com.google.protobuf.UnsafeUtil$Android32MemoryAccessor                          : loaded 2 times (x 87B)
Class com.google.protobuf.Extension$ExtensionType                                     : loaded 2 times (x 75B)
Class com.google.protobuf.AbstractMessageLite$Builder$LimitedInputStream              : loaded 2 times (x 88B)
Class org.codehaus.groovy.runtime.memoize.EvictableCache                              : loaded 2 times (x 66B)
Class org.codehaus.groovy.ast.stmt.ReturnStatement                                    : loaded 2 times (x 109B)
Class com.google.common.collect.ImmutableBiMap$Builder                                : loaded 2 times (x 78B)
Class com.android.resources.ScreenRound                                               : loaded 2 times (x 82B)
Class org.jetbrains.kotlin.descriptors.Visibilities$PrivateToThis                     : loaded 2 times (x 75B)
Class org.jetbrains.kotlin.protobuf.SmallSortedMap$1                                  : loaded 2 times (x 126B)
Class it.unimi.dsi.fastutil.ints.IntArraySet                                          : loaded 2 times (x 231B)
Class kotlin.reflect.jvm.internal.ReflectionFactoryImpl                               : loaded 2 times (x 87B)
Class it.unimi.dsi.fastutil.ints.Int2ObjectFunction                                   : loaded 2 times (x 66B)
Class com.android.ide.common.gradle.Separator                                         : loaded 2 times (x 75B)
Class com.android.tools.lint.model.LintModelSourceProvider                            : loaded 2 times (x 66B)
Class [Lcom.android.prefs.VariableValue;                                              : loaded 2 times (x 65B)
Class com.android.tools.lint.model.PathVariables$Companion                            : loaded 2 times (x 67B)
Class com.squareup.javapoet.CodeWriter                                                : loaded 2 times (x 68B)
Class org.objectweb.asm.ClassWriter                                                   : loaded 2 times (x 102B)
Class com.google.common.collect.AbstractMapBasedMultimap$KeySet$1                     : loaded 2 times (x 78B)
Class com.google.common.cache.CacheLoader$UnsupportedLoadingOperationException        : loaded 2 times (x 78B)
Class org.gradle.internal.classloader.ClasspathUtil$1                                 : loaded 2 times (x 72B)
Class jdk.internal.jimage.ImageBufferCache$2                                          : loaded 2 times (x 87B)
Class com.google.common.cache.LocalCache$2                                            : loaded 2 times (x 138B)
Class kotlinx.coroutines.JobSupport                                                   : loaded 2 times (x 129B)
Class com.google.common.collect.Sets$ImprovedAbstractSet                              : loaded 2 times (x 131B)
Class com.google.common.collect.MapMakerInternalMap$AbstractStrongKeyEntry            : loaded 2 times (x 76B)
Class com.android.tools.analytics.JournalingUsageTracker$State                        : loaded 2 times (x 75B)
Class com.google.gson.TypeAdapter                                                     : loaded 2 times (x 69B)
Class groovyjarjarasm.asm.ClassVisitor                                                : loaded 2 times (x 84B)
Class groovy.lang.MetaClassImpl$MethodIndexAction                                     : loaded 2 times (x 71B)
Class org.codehaus.groovy.runtime.GroovyCategorySupport$CategoryMethod                : loaded 2 times (x 99B)
Class org.codehaus.groovy.runtime.dgmimpl.arrays.DoubleArrayPutAtMetaMethod           : loaded 2 times (x 93B)
Class com.google.common.collect.AbstractSetMultimap                                   : loaded 2 times (x 170B)
Class com.google.common.io.CharSource$StringCharSource                                : loaded 2 times (x 82B)
Class org.jetbrains.kotlin.protobuf.BoundedByteString                                 : loaded 2 times (x 108B)
Class kotlin.reflect.jvm.internal.impl.builtins.StandardNames$FqNames                 : loaded 2 times (x 67B)
Class it.unimi.dsi.fastutil.objects.ObjectOpenHashSet                                 : loaded 2 times (x 183B)
Class kotlin.coroutines.ContinuationKt                                                : loaded 2 times (x 67B)
Class com.android.tools.lint.model.LintModelDependencyGraph                           : loaded 2 times (x 66B)
Class com.google.common.reflect.TypeToken$SimpleTypeToken                             : loaded 2 times (x 69B)
Class com.google.common.collect.FluentIterable$1                                      : loaded 2 times (x 77B)
Class org.objectweb.asm.FieldVisitor                                                  : loaded 2 times (x 73B)
Class org.gradle.api.internal.classpath.DefaultModuleRegistry$DefaultModule           : loaded 2 times (x 82B)
Class org.apache.commons.io.function.IOSupplier                                       : loaded 2 times (x 66B)
Class com.google.protobuf.CodedInputStream$IterableDirectByteBufferDecoder            : loaded 2 times (x 116B)
Class com.google.protobuf.Internal$DoubleList                                         : loaded 2 times (x 66B)
Class org.codehaus.groovy.ast.PropertyNode                                            : loaded 2 times (x 151B)
Class org.apache.groovy.io.StringBuilderWriter                                        : loaded 2 times (x 96B)
Class org.codehaus.groovy.reflection.stdclasses.ObjectCachedClass                     : loaded 2 times (x 91B)
Class org.codehaus.groovy.ast.GroovyCodeVisitor                                       : loaded 2 times (x 66B)
Class org.jetbrains.kotlin.metadata.jvm.deserialization.JvmNameResolverKt             : loaded 2 times (x 67B)
Class com.google.common.collect.MapMakerInternalMap$WeakKeyStrongValueEntry           : loaded 2 times (x 86B)
Class org.jetbrains.kotlin.descriptors.Visibilities$InvisibleFake                     : loaded 2 times (x 75B)
Class com.android.tools.lint.model.LintModelDependency                                : loaded 2 times (x 66B)
Class org.jetbrains.kotlin.protobuf.UninitializedMessageException                     : loaded 2 times (x 80B)
Class org.jetbrains.kotlin.metadata.ProtoBuf$TypeParameter$Variance                   : loaded 2 times (x 78B)
Class kotlin.reflect.jvm.internal.ClassValueCache                                     : loaded 2 times (x 70B)
Class org.codehaus.groovy.vmplugin.v9.Java9                                           : loaded 2 times (x 105B)
Class org.jetbrains.kotlin.name.ClassId                                               : loaded 2 times (x 68B)
Class com.android.tools.lint.model.DefaultLintModelDependencies                       : loaded 2 times (x 75B)
Class com.android.ide.common.repository.AgpVersion                                    : loaded 2 times (x 71B)
Class com.google.common.base.Absent                                                   : loaded 2 times (x 76B)
Class com.google.common.collect.FluentIterable$2                                      : loaded 2 times (x 77B)
Class com.google.common.collect.NullsFirstOrdering                                    : loaded 2 times (x 111B)
Class org.codehaus.groovy.runtime.InvokerHelper$NullScript                            : loaded 2 times (x 91B)
Class com.google.protobuf.CodedOutputStream$AbstractBufferedEncoder                   : loaded 2 times (x 106B)
Class kotlinx.coroutines.ExecutorCoroutineDispatcher                                  : loaded 2 times (x 103B)
Class com.google.protobuf.UnsafeUtil$1                                                : loaded 2 times (x 72B)
Class com.android.ide.common.rendering.api.StyleItemResourceValue                     : loaded 2 times (x 66B)
Class kotlinx.coroutines.scheduling.GlobalQueue                                       : loaded 2 times (x 68B)
Class org.codehaus.groovy.runtime.dgmimpl.arrays.BooleanArrayGetAtMetaMethod          : loaded 2 times (x 93B)
Class org.jetbrains.kotlin.metadata.jvm.JvmProtoBuf$StringTableTypes$Record$Operation$1: loaded 2 times (x 70B)
Class com.squareup.javapoet.CodeWriter$Multiset                                       : loaded 2 times (x 68B)
Class org.jetbrains.kotlin.descriptors.Named                                          : loaded 2 times (x 66B)
Class com.google.common.cache.LocalCache$1                                            : loaded 2 times (x 85B)
Class com.android.utils.SdkUtils                                                      : loaded 2 times (x 67B)
Class com.google.common.collect.ImmutableSortedMap$Builder                            : loaded 2 times (x 86B)
Class org.jetbrains.kotlin.metadata.ProtoBuf$Visibility$1                             : loaded 2 times (x 70B)
Class org.jetbrains.kotlin.protobuf.GeneratedMessageLite$ExtensionDescriptor          : loaded 2 times (x 80B)
Class org.jetbrains.kotlin.protobuf.InvalidProtocolBufferException                    : loaded 2 times (x 80B)
Class org.jetbrains.kotlin.metadata.deserialization.NameResolver                      : loaded 2 times (x 66B)
Class org.apache.commons.io.FileExistsException                                       : loaded 2 times (x 78B)
Class com.google.common.collect.FluentIterable$3                                      : loaded 2 times (x 77B)
Class com.squareup.javapoet.ParameterizedTypeName                                     : loaded 2 times (x 77B)
Class kotlinx.coroutines.Job                                                          : loaded 2 times (x 66B)
Class com.android.tools.lint.model.LintModelModuleType                                : loaded 2 times (x 75B)
Class org.jetbrains.kotlin.load.kotlin.header.ReadKotlinClassHeaderAnnotationVisitor$CollectStringArrayAnnotationVisitor: loaded 2 times (x 81B)
Class com.android.ide.common.rendering.api.AttrResourceValueImpl                      : loaded 2 times (x 118B)
Class com.google.protobuf.ByteString$ArraysByteArrayCopier                            : loaded 2 times (x 70B)
Class kotlin.jvm.internal.MutablePropertyReference0Impl                               : loaded 2 times (x 133B)
Class com.google.protobuf.Internal$ProtobufList                                       : loaded 2 times (x 66B)
Class groovy.lang.ClosureInvokingMethod                                               : loaded 2 times (x 66B)
Class org.codehaus.groovy.reflection.CachedConstructor                                : loaded 2 times (x 84B)
Class org.codehaus.groovy.runtime.dgmimpl.arrays.ByteArrayPutAtMetaMethod             : loaded 2 times (x 93B)
Class org.codehaus.groovy.util.ReferenceType$HardRef                                  : loaded 2 times (x 76B)
Class com.android.resources.KeyboardState                                             : loaded 2 times (x 82B)
Class com.android.utils.PositionXmlParser$AbstractParserPool                          : loaded 2 times (x 66B)
Class org.codehaus.groovy.runtime.ComposedClosure                                     : loaded 2 times (x 128B)
Class org.jetbrains.kotlin.protobuf.ByteString$ByteIterator                           : loaded 2 times (x 66B)
Class it.unimi.dsi.fastutil.ints.IntArrays$ForkJoinQuickSort2                         : loaded 2 times (x 92B)
Class it.unimi.dsi.fastutil.objects.ObjectBidirectionalIterator                       : loaded 2 times (x 66B)
Class kotlin.reflect.jvm.internal.impl.builtins.jvm.JavaToKotlinClassMap              : loaded 2 times (x 67B)
Class kotlin.reflect.jvm.internal.KotlinReflectionInternalError                       : loaded 2 times (x 78B)
Class it.unimi.dsi.fastutil.ints.Int2ObjectMap$FastEntrySet                           : loaded 2 times (x 66B)
Class com.android.tools.lint.model.DefaultLintModelVariant$artifact$2                 : loaded 2 times (x 75B)
Class com.android.tools.lint.model.LintModelMavenName$Companion                       : loaded 2 times (x 67B)
Class org.apache.commons.io.output.NullOutputStream                                   : loaded 2 times (x 81B)
Class org.gradle.api.internal.classpath.Module                                        : loaded 2 times (x 66B)
Class org.codehaus.groovy.runtime.CurriedClosure                                      : loaded 2 times (x 129B)
Class org.codehaus.groovy.runtime.metaclass.NewStaticMetaMethod                       : loaded 2 times (x 95B)
Class org.codehaus.groovy.ast.ImportNode                                              : loaded 2 times (x 126B)
Class kotlinx.coroutines.internal.DispatchedContinuationKt                            : loaded 2 times (x 67B)
Class org.codehaus.groovy.vmplugin.v9.ClassFinder                                     : loaded 2 times (x 67B)
Class com.google.common.collect.AbstractMultimap$Values                               : loaded 2 times (x 114B)
Class com.google.protobuf.ByteString$BoundedByteString                                : loaded 2 times (x 102B)
Class com.google.wireless.android.sdk.stats.GarbageCollectionStats                    : loaded 2 times (x 197B)
Class com.google.protobuf.ExtensionRegistry$ExtensionInfo                             : loaded 2 times (x 68B)
Class org.codehaus.groovy.runtime.GroovyCategorySupport$MyThreadLocal                 : loaded 2 times (x 82B)
Class groovy.lang.TrampolineClosure                                                   : loaded 2 times (x 128B)
Class org.codehaus.groovy.runtime.memoize.MemoizeCache                                : loaded 2 times (x 66B)
Class [Lcom.android.resources.GrammaticalGender;                                      : loaded 2 times (x 65B)
Class com.android.ide.common.resources.configuration.VersionQualifier$Companion       : loaded 2 times (x 67B)
Class com.android.utils.PositionXmlParser$ReleasableParserContainer                   : loaded 2 times (x 72B)
Class org.jetbrains.kotlin.metadata.deserialization.Flags$FlagField                   : loaded 2 times (x 69B)
Class it.unimi.dsi.fastutil.ints.IntOpenHashSet                                       : loaded 2 times (x 235B)
Class kotlin.reflect.jvm.internal.KClassImpl$Data$$Lambda$0                           : loaded 2 times (x 72B)
Class kotlin.reflect.jvm.internal.KClassifierImpl                                     : loaded 2 times (x 66B)
Class com.google.common.cache.Weigher                                                 : loaded 2 times (x 66B)
Class org.gradle.api.internal.classpath.UnknownModuleException                        : loaded 2 times (x 78B)
Class jdk.internal.jimage.ImageHeader                                                 : loaded 2 times (x 67B)
Class com.google.common.collect.HashBiMap$BiEntry                                     : loaded 2 times (x 79B)
Class jdk.internal.jrtfs.JrtFileSystemProvider                                        : loaded 2 times (x 97B)
Class kotlinx.coroutines.JobCancellingNode                                            : loaded 2 times (x 86B)
Class kotlinx.coroutines.internal.LockFreeTaskQueueCore                               : loaded 2 times (x 68B)
Class com.google.gson.stream.JsonReader$1                                             : loaded 2 times (x 68B)
Class org.codehaus.groovy.runtime.dgmimpl.arrays.IntegerArrayPutAtMetaMethod          : loaded 2 times (x 93B)
Class org.codehaus.groovy.ast.expr.ListExpression                                     : loaded 2 times (x 128B)
Class [Lorg.codehaus.groovy.reflection.CachedClass;                                   : loaded 2 times (x 65B)
Class org.codehaus.groovy.util.LazyReference                                          : loaded 2 times (x 77B)
Class com.android.ide.common.resources.configuration.TouchScreenQualifier             : loaded 2 times (x 86B)
Class [Lorg.jetbrains.kotlin.metadata.ProtoBuf$Class$Kind;                            : loaded 2 times (x 65B)
Class kotlin.reflect.jvm.internal.KClassImpl$Data$$Lambda$1                           : loaded 2 times (x 72B)
Class org.jetbrains.kotlin.config.ApiVersion                                          : loaded 2 times (x 82B)
Class com.android.prefs.VariableValue                                                 : loaded 2 times (x 80B)
Class com.android.prefs.AbstractAndroidLocations$Companion                            : loaded 2 times (x 67B)
Class org.apache.commons.io.Charsets                                                  : loaded 2 times (x 67B)
Class com.google.common.base.Stopwatch                                                : loaded 2 times (x 68B)
Class com.google.common.cache.LocalCache$Strength                                     : loaded 2 times (x 77B)
Class com.google.common.cache.Cache                                                   : loaded 2 times (x 66B)
Class org.gradle.internal.service.ServiceLocator                                      : loaded 2 times (x 66B)
Class kotlin.coroutines.CombinedContext                                               : loaded 2 times (x 74B)
Class com.android.ide.common.rendering.api.ResourceNamespace$ResAutoNamespace         : loaded 2 times (x 76B)
Class com.google.protobuf.CodedOutputStream$ByteOutputEncoder                         : loaded 2 times (x 106B)
Class org.codehaus.groovy.runtime.dgmimpl.arrays.ObjectArrayPutAtMetaMethod           : loaded 2 times (x 93B)
Class org.codehaus.groovy.runtime.MethodClosure                                       : loaded 2 times (x 131B)
Class org.codehaus.groovy.ast.ASTNode                                                 : loaded 2 times (x 100B)
Class org.codehaus.groovy.reflection.GroovyClassValue$ComputeValue                    : loaded 2 times (x 66B)
Class org.jetbrains.kotlin.build.report.metrics.GradleBuildTime                       : loaded 2 times (x 82B)
Class kotlin.reflect.jvm.internal.KPackageImpl$$Lambda$0                              : loaded 2 times (x 72B)
Class org.jetbrains.kotlin.protobuf.LazyFieldLite                                     : loaded 2 times (x 78B)
Class org.jetbrains.kotlin.protobuf.LiteralByteString                                 : loaded 2 times (x 108B)
Class com.google.common.io.Files$2                                                    : loaded 2 times (x 72B)
Class kotlin.reflect.jvm.internal.KClassImpl$Data$$Lambda$2                           : loaded 2 times (x 72B)
Class com.android.tools.lint.model.LintModelAndroidArtifact                           : loaded 2 times (x 66B)
Class [Lcom.android.tools.lint.model.LintModelSerialization$TargetFile;               : loaded 2 times (x 65B)
Class com.google.common.base.Splitter$5                                               : loaded 2 times (x 76B)
Class org.jetbrains.kotlin.build.report.metrics.BuildMetricsReporter                  : loaded 2 times (x 66B)
Class com.google.common.io.AppendableWriter                                           : loaded 2 times (x 96B)
Class com.google.common.collect.AbstractMultimap$Entries                              : loaded 2 times (x 116B)
Class org.apache.commons.io.filefilter.IOFileFilter                                   : loaded 2 times (x 66B)
Class com.google.common.util.concurrent.AbstractFuture$Cancellation                   : loaded 2 times (x 68B)
Class it.unimi.dsi.fastutil.ints.IntCollection                                        : loaded 2 times (x 66B)
Class com.google.wireless.android.sdk.stats.GarbageCollectionStats$Builder            : loaded 2 times (x 297B)
Class org.codehaus.groovy.ast.expr.DeclarationExpression                              : loaded 2 times (x 133B)
Class org.jetbrains.kotlin.metadata.ProtoBuf$Constructor$1                            : loaded 2 times (x 140B)
Class [Lkotlin.reflect.jvm.internal.impl.builtins.PrimitiveType;                      : loaded 2 times (x 65B)
Class kotlin.reflect.jvm.internal.impl.builtins.StandardNames                         : loaded 2 times (x 67B)
Class kotlin.reflect.jvm.internal.KClassImpl$Data$$Lambda$3                           : loaded 2 times (x 72B)
Class kotlin.reflect.jvm.internal.ReflectProperties$LazySoftVal                       : loaded 2 times (x 74B)
Class org.jetbrains.org.objectweb.asm.FieldWriter                                     : loaded 2 times (x 74B)
Class kotlin.io.ByteStreamsKt                                                         : loaded 2 times (x 67B)
Class com.google.common.base.Present                                                  : loaded 2 times (x 77B)
Class com.google.common.collect.ImmutableMap$IteratorBasedImmutableMap$1EntrySetImpl  : loaded 2 times (x 150B)
Class com.google.common.collect.AbstractMapBasedMultimap$WrappedCollection$WrappedIterator: loaded 2 times (x 80B)
Class com.google.common.cache.RemovalListener                                         : loaded 2 times (x 66B)
Class org.gradle.api.internal.DefaultClassPathRegistry                                : loaded 2 times (x 72B)
Class org.jetbrains.kotlin.metadata.ProtoBuf$PropertyOrBuilder                        : loaded 2 times (x 66B)
Class kotlin.jvm.internal.ShortCompanionObject                                        : loaded 2 times (x 67B)
Class org.jetbrains.kotlin.utils.CollectionsKt                                        : loaded 2 times (x 67B)
Class [Lorg.objectweb.asm.Attribute;                                                  : loaded 2 times (x 65B)
Class org.jetbrains.kotlin.metadata.jvm.JvmProtoBuf$StringTableTypes$1                : loaded 2 times (x 140B)
Class org.codehaus.groovy.ast.expr.ClosureExpression                                  : loaded 2 times (x 129B)
Class com.android.tools.analytics.AnalyticsSettings$optedIn$1                         : loaded 2 times (x 74B)
Class org.codehaus.groovy.ast.GenericsType                                            : loaded 2 times (x 114B)
Class org.codehaus.groovy.runtime.powerassert.PowerAssertionError                     : loaded 2 times (x 78B)
Class groovy.lang.MetaClassRegistryChangeEventListener                                : loaded 2 times (x 66B)
Class org.codehaus.groovy.util.ManagedConcurrentLinkedQueue                           : loaded 2 times (x 80B)
Class org.jetbrains.kotlin.metadata.ProtoBuf$Type$Argument$Projection$1               : loaded 2 times (x 70B)
Class org.jetbrains.kotlin.protobuf.SmallSortedMap$EmptySet$1                         : loaded 2 times (x 74B)
Class org.jetbrains.kotlin.protobuf.AbstractMessageLite$Builder$LimitedInputStream    : loaded 2 times (x 88B)
Class kotlin.reflect.jvm.internal.KClassImpl$Data$$Lambda$4                           : loaded 2 times (x 72B)
Class kotlin.reflect.jvm.internal.KPropertyImpl                                       : loaded 2 times (x 111B)
Class org.jetbrains.kotlin.cli.common.messages.MessageCollector                       : loaded 2 times (x 66B)
Class org.codehaus.groovy.control.CompilerConfiguration                               : loaded 2 times (x 118B)
Class com.google.gson.stream.JsonWriter                                               : loaded 2 times (x 94B)
Class com.android.sdklib.AndroidApiLevel                                              : loaded 2 times (x 70B)
Class com.android.tools.lint.model.LintModelLintOptions                               : loaded 2 times (x 66B)
Class com.android.prefs.PathLocator$singlePathOf$values$1                             : loaded 2 times (x 75B)
Class com.android.tools.lint.model.PathVariables$Companion$PATH_COMPARATOR$1          : loaded 2 times (x 74B)
Class org.apache.commons.io.file.DeleteOption                                         : loaded 2 times (x 66B)
Class com.google.common.reflect.Invokable$ConstructorInvokable                        : loaded 2 times (x 103B)
Class com.google.common.collect.ImmutableMultimap$Keys                                : loaded 2 times (x 162B)
Class org.gradle.api.internal.ClassPathRegistry                                       : loaded 2 times (x 66B)
Class org.gradle.internal.classpath.DefaultClassPath$ImmutableUniqueList              : loaded 2 times (x 195B)
Class jdk.internal.jimage.decompressor.ResourceDecompressor                           : loaded 2 times (x 66B)
Class com.google.wireless.android.sdk.stats.AndroidStudioEvent$IdeBrand               : loaded 2 times (x 83B)
Class com.google.protobuf.ByteString$ByteIterator                                     : loaded 2 times (x 66B)
Class kotlinx.coroutines.DispatchedTaskKt                                             : loaded 2 times (x 67B)
Class kotlinx.coroutines.internal.SystemPropsKt__SystemProps_commonKt                 : loaded 2 times (x 67B)
Class kotlinx.coroutines.ThreadContextElement                                         : loaded 2 times (x 66B)
Class kotlinx.coroutines.BuildersKt__BuildersKt                                       : loaded 2 times (x 67B)
Class kotlinx.coroutines.scheduling.NanoTimeSource                                    : loaded 2 times (x 68B)
Class kotlin.jvm.internal.BooleanCompanionObject                                      : loaded 2 times (x 67B)
Class org.codehaus.groovy.control.CompilationUnit$ClassgenCallback                    : loaded 2 times (x 66B)
Class com.google.common.collect.BaseImmutableMultimap                                 : loaded 2 times (x 119B)
Class org.jetbrains.kotlin.descriptors.Visibilities$Protected                         : loaded 2 times (x 75B)
Class com.android.ide.common.resources.configuration.NetworkCodeQualifier             : loaded 2 times (x 84B)
Class org.jetbrains.kotlin.metadata.jvm.JvmProtoBuf$JvmPropertySignature              : loaded 2 times (x 110B)
Class org.jetbrains.kotlin.metadata.ProtoBuf$ValueParameterOrBuilder                  : loaded 2 times (x 66B)
Class org.jetbrains.kotlin.protobuf.SmallSortedMap$EmptySet$2                         : loaded 2 times (x 74B)
Class org.jetbrains.kotlin.metadata.ProtoBuf$PackageOrBuilder                         : loaded 2 times (x 66B)
Class kotlin.reflect.jvm.internal.impl.resolve.jvm.JvmPrimitiveType                   : loaded 2 times (x 75B)
Class kotlin.reflect.jvm.internal.KClassImpl$Data$$Lambda$5                           : loaded 2 times (x 72B)
Class kotlin.reflect.jvm.internal.ComputableClassValue                                : loaded 2 times (x 76B)
Class it.unimi.dsi.fastutil.ints.Int2ObjectOpenHashMap                                : loaded 2 times (x 218B)
Class com.android.prefs.PathLocator$singlePathOf$values$2                             : loaded 2 times (x 74B)
Class com.android.tools.lint.model.PathVariables$Companion$PATH_COMPARATOR$2          : loaded 2 times (x 74B)
Class org.jetbrains.org.objectweb.asm.ByteVector                                      : loaded 2 times (x 74B)
Class org.apache.commons.io.IOUtils                                                   : loaded 2 times (x 67B)
Class com.google.common.reflect.TypeToken                                             : loaded 2 times (x 69B)
Class kotlin.time.DurationUnit                                                        : loaded 2 times (x 75B)
Class com.google.common.collect.EmptyImmutableListMultimap                            : loaded 2 times (x 172B)
Class org.apache.commons.io.output.ByteArrayOutputStream                              : loaded 2 times (x 98B)
Class com.google.protobuf.Utf8$UnsafeProcessor                                        : loaded 2 times (x 73B)
Class com.google.protobuf.ByteString$LiteralByteString                                : loaded 2 times (x 102B)
Class com.google.protobuf.UnknownFieldSet$Parser                                      : loaded 2 times (x 146B)
Class com.google.gson.internal.bind.JsonTreeWriter                                    : loaded 2 times (x 94B)
Class org.codehaus.groovy.ast.stmt.IfStatement                                        : loaded 2 times (x 112B)
Class org.codehaus.groovy.runtime.metaclass.ClosureMetaMethod                         : loaded 2 times (x 99B)
Class org.codehaus.groovy.runtime.MethodKey                                           : loaded 2 times (x 75B)
Class org.codehaus.groovy.util.ManagedReference                                       : loaded 2 times (x 72B)
Class com.android.resources.UiMode                                                    : loaded 2 times (x 83B)
Class org.jetbrains.kotlin.load.kotlin.KotlinJvmBinaryClass$AnnotationArrayArgumentVisitor: loaded 2 times (x 66B)
Class org.jetbrains.kotlin.descriptors.DeclarationDescriptor                          : loaded 2 times (x 66B)
Class kotlin.reflect.jvm.internal.impl.name.StandardClassIdsKt                        : loaded 2 times (x 67B)
Class kotlin.reflect.jvm.internal.impl.name.FqNamesUtilKt                             : loaded 2 times (x 67B)
Class kotlin.reflect.jvm.internal.KClassImpl$Data$$Lambda$6                           : loaded 2 times (x 72B)
Class org.jetbrains.kotlin.name.FqNameUnsafe$Companion                                : loaded 2 times (x 67B)
Class com.android.tools.lint.model.PathVariables$Companion$PATH_COMPARATOR$3          : loaded 2 times (x 74B)
Class [Lorg.jetbrains.org.objectweb.asm.AnnotationWriter;                             : loaded 2 times (x 65B)
Class com.google.common.cache.CacheBuilder                                            : loaded 2 times (x 68B)
Class org.gradle.internal.classpath.ClassPath                                         : loaded 2 times (x 66B)
Class org.gradle.api.UncheckedIOException                                             : loaded 2 times (x 78B)
Class kotlin.sequences.TakeWhileSequence$iterator$1                                   : loaded 2 times (x 75B)
Class kotlin.collections.ArrayDeque                                                   : loaded 2 times (x 203B)
Class kotlin.io.path.PathsKt                                                          : loaded 2 times (x 67B)
Class com.android.tools.analytics.HostData$classLoadingBean$2                         : loaded 2 times (x 74B)
Class com.android.tools.analytics.JournalingUsageTracker$scheduleJournalTimeout$1     : loaded 2 times (x 71B)
Class org.codehaus.groovy.runtime.memoize.EvictableCache$Action                       : loaded 2 times (x 66B)
Class groovy.lang.SpreadMap                                                           : loaded 2 times (x 131B)
Class org.jetbrains.kotlin.load.kotlin.FileBasedKotlinClass$1                         : loaded 2 times (x 84B)
Class org.jetbrains.kotlin.metadata.jvm.JvmProtoBuf$StringTableTypes                  : loaded 2 times (x 106B)
Class kotlin.reflect.jvm.internal.KPackageImpl                                        : loaded 2 times (x 81B)
Class org.jetbrains.kotlin.metadata.deserialization.TypeTable                         : loaded 2 times (x 68B)
Class com.google.common.collect.ImmutableMapEntry$NonTerminalImmutableBiMapEntry      : loaded 2 times (x 81B)
Class [Lkotlin.reflect.jvm.internal.impl.name.FqName;                                 : loaded 2 times (x 65B)
Class kotlin.reflect.jvm.internal.KClassImpl$Data$$Lambda$7                           : loaded 2 times (x 72B)
Class com.android.tools.lint.model.PathVariables$Companion$PATH_COMPARATOR$4          : loaded 2 times (x 74B)
Class kotlin.collections.builders.AbstractMapBuilderEntrySet                          : loaded 2 times (x 140B)
Class com.google.common.collect.Interners$InternerBuilder                             : loaded 2 times (x 72B)
Class kotlin.time.DurationUnitKt__DurationUnitKt                                      : loaded 2 times (x 67B)
Class org.codehaus.groovy.ast.expr.ConstantExpression                                 : loaded 2 times (x 130B)
Class [Lkotlinx.coroutines.CoroutineStart;                                            : loaded 2 times (x 65B)
Class kotlinx.coroutines.CoroutineDispatcher$Key                                      : loaded 2 times (x 68B)
Class org.codehaus.groovy.runtime.metaclass.MethodMetaProperty$GetBeanMethodMetaProperty: loaded 2 times (x 74B)
Class org.codehaus.groovy.runtime.metaclass.MetaMethodIndex$Entry                     : loaded 2 times (x 68B)
Class com.android.ide.common.rendering.api.ResourceNamespace$Resolver                 : loaded 2 times (x 66B)
Class com.google.gson.internal.JsonReaderInternalAccess                               : loaded 2 times (x 68B)
Class org.codehaus.groovy.ast.stmt.ContinueStatement                                  : loaded 2 times (x 107B)
Class org.codehaus.groovy.runtime.InvokerHelper                                       : loaded 2 times (x 67B)
Class org.codehaus.groovy.vmplugin.v8.Java8                                           : loaded 2 times (x 105B)
Class groovy.lang.MetaClassRegistry$MetaClassCreationHandle                           : loaded 2 times (x 70B)
Class org.jetbrains.kotlin.load.kotlin.FileBasedKotlinClass$2                         : loaded 2 times (x 84B)
Class com.android.ide.common.resources.configuration.VersionQualifier                 : loaded 2 times (x 85B)
Class org.jetbrains.kotlin.metadata.ProtoBuf$Type$ArgumentOrBuilder                   : loaded 2 times (x 66B)
Class org.jetbrains.kotlin.protobuf.GeneratedMessageLite$GeneratedExtension           : loaded 2 times (x 75B)
Class kotlin.reflect.jvm.internal.KClassImpl$Data$$Lambda$8                           : loaded 2 times (x 72B)
Class it.unimi.dsi.fastutil.objects.ObjectIterable                                    : loaded 2 times (x 66B)
Class com.android.tools.lint.model.DefaultLintModelAndroidLibrary                     : loaded 2 times (x 107B)
Class com.android.sdklib.AndroidApiLevel$Companion                                    : loaded 2 times (x 67B)
Class com.android.prefs.AndroidLocationsProvider                                      : loaded 2 times (x 66B)
Class com.google.common.io.CharStreams$NullWriter                                     : loaded 2 times (x 95B)
Class com.google.common.io.CharSource$CharSequenceCharSource                          : loaded 2 times (x 82B)
Class org.objectweb.asm.SymbolTable$Entry                                             : loaded 2 times (x 70B)
Class jdk.internal.jimage.ImageStringsReader                                          : loaded 2 times (x 76B)
Class com.google.wireless.android.sdk.stats.JavaProcessStats$Builder                  : loaded 2 times (x 303B)
Class com.android.tools.analytics.UsageTracker$listener$1                             : loaded 2 times (x 74B)
Class org.codehaus.groovy.ast.expr.MapExpression                                      : loaded 2 times (x 127B)
Class groovy.lang.Script                                                              : loaded 2 times (x 91B)
Class org.codehaus.groovy.runtime.metaclass.ClosureMetaMethod$AnonymousMetaMethod     : loaded 2 times (x 92B)
Class org.codehaus.groovy.util.ReferenceManager$CallBackedManager                     : loaded 2 times (x 72B)
Class kotlin.jvm.internal.markers.KMutableMap$Entry                                   : loaded 2 times (x 66B)
Class org.jetbrains.kotlin.load.kotlin.FileBasedKotlinClass$3                         : loaded 2 times (x 74B)
Class org.codehaus.groovy.ast.CompileUnit$ConstructedOuterNestedClassNode             : loaded 2 times (x 241B)
Class com.android.ide.common.resources.configuration.UiModeQualifier                  : loaded 2 times (x 86B)
Class org.jetbrains.kotlin.metadata.ProtoBuf$Property$1                               : loaded 2 times (x 140B)
Class org.jetbrains.kotlin.metadata.ProtoBuf$Type                                     : loaded 2 times (x 141B)
Class org.jetbrains.kotlin.metadata.ProtoBuf$Class                                    : loaded 2 times (x 182B)
Class kotlin.reflect.jvm.internal.KClassImpl$Data$$Lambda$9                           : loaded 2 times (x 72B)
Class org.jetbrains.org.objectweb.asm.ClassWriter                                     : loaded 2 times (x 102B)
Class com.google.common.base.Suppliers$SupplierOfInstance                             : loaded 2 times (x 75B)
Class com.google.protobuf.GeneratedMessage$GeneratedExtension                         : loaded 2 times (x 83B)
Class com.google.wireless.android.sdk.stats.JavaProcessStats$1                        : loaded 2 times (x 147B)
Class com.google.protobuf.UnsafeUtil$MemoryAccessor                                   : loaded 2 times (x 87B)
Class kotlinx.coroutines.ExecutorCoroutineDispatcher$Key$1                            : loaded 2 times (x 74B)
Class com.google.devtools.ksp.processing.KSPJvmConfig                                 : loaded 2 times (x 68B)
Class kotlinx.coroutines.scheduling.CoroutineScheduler$Companion                      : loaded 2 times (x 67B)
Class com.google.protobuf.Utf8                                                        : loaded 2 times (x 67B)
Class com.google.protobuf.GeneratedMessageV3                                          : loaded 2 times (x 174B)
Class groovy.lang.Tuple                                                               : loaded 2 times (x 202B)
Class org.codehaus.groovy.util.ReferenceType$WeakRef                                  : loaded 2 times (x 82B)
Class org.codehaus.groovy.reflection.stdclasses.BigIntegerCachedClass                 : loaded 2 times (x 91B)
Class groovy.lang.Buildable                                                           : loaded 2 times (x 66B)
Class org.jetbrains.kotlin.load.kotlin.FileBasedKotlinClass$4                         : loaded 2 times (x 84B)
Class kotlin.collections.builders.ListBuilder                                         : loaded 2 times (x 203B)
Class kotlin.text.MatchResult$Destructured                                            : loaded 2 times (x 68B)
Class kotlin.collections.builders.ListBuilder$Companion                               : loaded 2 times (x 67B)
Class com.google.common.reflect.TypeToken$1                                           : loaded 2 times (x 106B)
Class com.google.common.cache.LocalCache$ComputingValueReference                      : loaded 2 times (x 92B)
Class jdk.internal.jimage.ImageReader                                                 : loaded 2 times (x 71B)
Class jdk.internal.jrtfs.SystemImage$2                                                : loaded 2 times (x 72B)
Class com.android.ide.common.resources.configuration.Configurable                     : loaded 2 times (x 66B)
Class com.google.protobuf.MessageLite$Builder                                         : loaded 2 times (x 66B)
Class org.codehaus.groovy.runtime.dgmimpl.arrays.DoubleArrayGetAtMetaMethod           : loaded 2 times (x 93B)
Class org.jetbrains.kotlin.metadata.ProtoBuf$Class$Kind                               : loaded 2 times (x 78B)
Class org.jetbrains.kotlin.metadata.jvm.JvmProtoBuf$JvmMethodSignatureOrBuilder       : loaded 2 times (x 66B)
Class org.jetbrains.kotlin.protobuf.GeneratedMessageLite$Builder                      : loaded 2 times (x 124B)
Class org.jetbrains.kotlin.protobuf.WireFormat$FieldType$1                            : loaded 2 times (x 79B)
Class org.jetbrains.kotlin.protobuf.ByteString                                        : loaded 2 times (x 104B)
Class com.google.common.reflect.TypeToken$2                                           : loaded 2 times (x 106B)
Class com.google.common.cache.LocalCache$Segment                                      : loaded 2 times (x 150B)
Class jdk.internal.jimage.ImageReader$SharedImageReader                               : loaded 2 times (x 91B)
Class kotlin.time.DurationJvmKt                                                       : loaded 2 times (x 67B)
Class com.google.common.cache.CacheLoader$FunctionToCacheLoader                       : loaded 2 times (x 71B)
Class [Lcom.android.ide.common.resources.DataFile$FileType;                           : loaded 2 times (x 65B)
Class com.android.ide.common.resources.ResourceFile                                   : loaded 2 times (x 83B)
Class com.google.common.collect.ImmutableListMultimap                                 : loaded 2 times (x 172B)
Class com.google.protobuf.Parser                                                      : loaded 2 times (x 66B)
Class org.codehaus.groovy.vmplugin.VMPlugin                                           : loaded 2 times (x 66B)
Class org.codehaus.groovy.reflection.GeneratedMetaMethod$DgmMethodRecord              : loaded 2 times (x 68B)
Class org.apache.commons.io.output.UnsynchronizedByteArrayOutputStream                : loaded 2 times (x 98B)
Class com.android.ide.common.resources.configuration.HighDynamicRangeQualifier        : loaded 2 times (x 87B)
Class com.android.ide.common.resources.configuration.WideGamutColorQualifier          : loaded 2 times (x 87B)
Class [Lorg.jetbrains.org.objectweb.asm.SymbolTable$Entry;                            : loaded 2 times (x 65B)
Class com.android.tools.lint.model.DefaultLintModelArtifact                           : loaded 2 times (x 80B)
Class org.jetbrains.kotlin.metadata.ProtoBuf$TypeParameter                            : loaded 2 times (x 126B)
Class org.jetbrains.kotlin.metadata.ProtoBuf$ValueParameter$1                         : loaded 2 times (x 140B)
Class [Lorg.jetbrains.kotlin.protobuf.WireFormat$FieldType;                           : loaded 2 times (x 65B)
Class org.jetbrains.kotlin.protobuf.WireFormat$FieldType$2                            : loaded 2 times (x 79B)
Class kotlin.reflect.jvm.internal.ReflectProperties                                   : loaded 2 times (x 67B)
Class it.unimi.dsi.fastutil.objects.ObjectIterator                                    : loaded 2 times (x 66B)
Class [Lorg.objectweb.asm.SymbolTable$Entry;                                          : loaded 2 times (x 65B)
Class com.google.common.cache.CacheLoader                                             : loaded 2 times (x 70B)
Class org.gradle.internal.installation.GradleInstallation$1                           : loaded 2 times (x 71B)
Class org.gradle.api.internal.classpath.ModuleRegistry                                : loaded 2 times (x 66B)
Class jdk.internal.jimage.decompressor.ResourceDecompressorFactory                    : loaded 2 times (x 70B)
Class kotlin.jvm.internal.DoubleCompanionObject                                       : loaded 2 times (x 67B)
Class com.google.devtools.ksp.processing.KSPLogger                                    : loaded 2 times (x 66B)
Class com.google.protobuf.ByteString$LeafByteString                                   : loaded 2 times (x 99B)
Class com.google.protobuf.Descriptors$GenericDescriptor                               : loaded 2 times (x 71B)
Class [Lorg.codehaus.groovy.runtime.metaclass.MetaMethodIndex$Entry;                  : loaded 2 times (x 65B)
Class org.codehaus.groovy.runtime.metaclass.MetaClassRegistryImpl                     : loaded 2 times (x 97B)
Class it.unimi.dsi.fastutil.objects.ReferenceCollection                               : loaded 2 times (x 66B)
Class kotlin.reflect.jvm.internal.impl.name.StandardClassIds                          : loaded 2 times (x 67B)
Class com.android.resources.ResourceType$Kind                                         : loaded 2 times (x 75B)
Class org.jetbrains.kotlin.protobuf.WireFormat$FieldType$3                            : loaded 2 times (x 79B)
Class kotlin.io.path.PathsKt__PathUtilsKt                                             : loaded 2 times (x 67B)
Class com.android.ide.common.repository.AgpVersion$PreviewKind$Companion              : loaded 2 times (x 67B)
Class com.android.ProgressManagerAdapter                                              : loaded 2 times (x 69B)
Class org.jetbrains.kotlin.resolve.jvm.JvmClassName                                   : loaded 2 times (x 72B)
Class org.apache.commons.io.output.NullWriter                                         : loaded 2 times (x 95B)
Class com.google.common.util.concurrent.internal.InternalFutureFailureAccess          : loaded 2 times (x 68B)
Class kotlin.time.Duration$Companion                                                  : loaded 2 times (x 67B)
Class org.jetbrains.kotlin.metadata.ProtoBuf$MemberKind$1                             : loaded 2 times (x 70B)
Class kotlinx.coroutines.Job$Key                                                      : loaded 2 times (x 67B)
Class kotlinx.coroutines.DefaultExecutor                                              : loaded 2 times (x 116B)
Class com.google.common.collect.HashBiMap$Inverse                                     : loaded 2 times (x 138B)
Class com.google.protobuf.AbstractMessageLite                                         : loaded 2 times (x 97B)
Class org.codehaus.groovy.control.ResolveVisitor$ConstructedNestedClass               : loaded 2 times (x 239B)
Class org.codehaus.groovy.runtime.metaclass.MethodHelper                              : loaded 2 times (x 67B)
Class groovy.lang.MetaClassImpl$MetaConstructor                                       : loaded 2 times (x 92B)
Class org.codehaus.groovy.runtime.metaclass.MethodMetaProperty                        : loaded 2 times (x 74B)
Class org.codehaus.groovy.runtime.dgmimpl.arrays.ByteArrayGetAtMetaMethod             : loaded 2 times (x 93B)
Class org.codehaus.groovy.reflection.ClassInfo$1                                      : loaded 2 times (x 72B)
Class org.jetbrains.kotlin.load.kotlin.FileBasedKotlinClass$3$1                       : loaded 2 times (x 74B)
Class org.jetbrains.kotlin.descriptors.Visibilities$Internal                          : loaded 2 times (x 75B)
Class [Lorg.jetbrains.org.objectweb.asm.Type;                                         : loaded 2 times (x 65B)
Class org.jetbrains.kotlin.metadata.jvm.JvmProtoBuf$JvmMethodSignature$1              : loaded 2 times (x 140B)
Class org.jetbrains.kotlin.metadata.ProtoBuf$Contract$1                               : loaded 2 times (x 140B)
Class org.jetbrains.kotlin.metadata.ProtoBuf$Type$1                                   : loaded 2 times (x 140B)
Class org.jetbrains.kotlin.protobuf.WireFormat$FieldType$4                            : loaded 2 times (x 79B)
Class kotlin.reflect.jvm.internal.KDeclarationContainerImpl                           : loaded 2 times (x 80B)
Class org.jetbrains.kotlin.name.FqNameUnsafe                                          : loaded 2 times (x 68B)
Class kotlin.text.RegexKt                                                             : loaded 2 times (x 67B)
Class com.android.utils.PositionXmlParser                                             : loaded 2 times (x 67B)
Class com.google.common.collect.ImmutableMultimap$Values                              : loaded 2 times (x 122B)
Class com.google.common.collect.ImmutableSortedAsList                                 : loaded 2 times (x 217B)
Class com.google.common.cache.LocalCache$LocalManualCache$1                           : loaded 2 times (x 71B)
Class jdk.internal.jimage.ImageReader$Node                                            : loaded 2 times (x 80B)
Class org.jetbrains.kotlin.metadata.jvm.JvmProtoBuf$StringTableTypes$RecordOrBuilder  : loaded 2 times (x 66B)
Class groovy.lang.Writable                                                            : loaded 2 times (x 66B)
Class org.codehaus.groovy.reflection.stdclasses.ArrayCachedClass                      : loaded 2 times (x 91B)
Class org.codehaus.groovy.reflection.stdclasses.BigDecimalCachedClass                 : loaded 2 times (x 91B)
Class com.android.resources.HighDynamicRange                                          : loaded 2 times (x 82B)
Class com.android.ide.common.resources.configuration.NavigationStateQualifier         : loaded 2 times (x 86B)
Class com.android.utils.PositionXmlParser$SaxParserPool                               : loaded 2 times (x 75B)
Class [Lcom.android.prefs.Global;                                                     : loaded 2 times (x 65B)
Class groovy.lang.MetaObjectProtocol                                                  : loaded 2 times (x 66B)
Class org.codehaus.groovy.vmplugin.VMPluginFactory                                    : loaded 2 times (x 67B)
Class com.google.common.collect.Multimaps$CustomSetMultimap                           : loaded 2 times (x 174B)
Class com.google.common.collect.ImmutableSortedMap$1EntrySet                          : loaded 2 times (x 151B)
Class org.gradle.api.internal.classpath.DefaultModuleRegistry                         : loaded 2 times (x 82B)
Class jdk.internal.jimage.BasicImageReader$1                                          : loaded 2 times (x 73B)
Class com.squareup.javapoet.TypeName                                                  : loaded 2 times (x 77B)
Class kotlin.collections.AbstractMutableMap                                           : loaded 2 times (x 124B)
Class org.codehaus.groovy.ast.FieldNode                                               : loaded 2 times (x 158B)
Class groovy.lang.MetaClassImpl$9                                                     : loaded 2 times (x 73B)
Class org.codehaus.groovy.ast.expr.CastExpression                                     : loaded 2 times (x 129B)
Class kotlinx.coroutines.EventLoop                                                    : loaded 2 times (x 101B)
Class kotlin.collections.AbstractSet                                                  : loaded 2 times (x 131B)
Class org.codehaus.groovy.control.CompilationUnit$IPrimaryClassNodeOperation          : loaded 2 times (x 66B)
Class com.google.protobuf.AbstractParser                                              : loaded 2 times (x 146B)
Class com.google.protobuf.CodedOutputStream$ArrayEncoder                              : loaded 2 times (x 106B)
Class org.codehaus.groovy.control.messages.Message                                    : loaded 2 times (x 68B)
Class org.codehaus.groovy.runtime.metaclass.MissingMethodExceptionNoStack             : loaded 2 times (x 88B)
Class org.codehaus.groovy.runtime.dgmimpl.arrays.IntegerArrayGetAtMetaMethod          : loaded 2 times (x 93B)
Class groovy.lang.Closure$WritableClosure                                             : loaded 2 times (x 133B)
Class org.codehaus.groovy.util.ReferenceType$SoftRef                                  : loaded 2 times (x 82B)
Class org.codehaus.groovy.runtime.GStringImpl                                         : loaded 2 times (x 159B)
Class [Lcom.android.resources.Keyboard;                                               : loaded 2 times (x 65B)
Class com.android.resources.ScreenRatio                                               : loaded 2 times (x 82B)
Class org.jetbrains.kotlin.load.kotlin.KotlinJvmBinaryClass$AnnotationVisitor         : loaded 2 times (x 66B)
Class [Lcom.android.ide.common.resources.configuration.ResourceQualifier;             : loaded 2 times (x 65B)
Class org.jetbrains.kotlin.metadata.jvm.deserialization.JvmProtoBufUtil               : loaded 2 times (x 67B)
Class org.jetbrains.kotlin.metadata.deserialization.Flags$BooleanFlagField            : loaded 2 times (x 72B)
Class org.jetbrains.kotlin.metadata.ProtoBuf$Function$1                               : loaded 2 times (x 140B)
Class kotlin.reflect.jvm.internal.impl.name.SpecialNames                              : loaded 2 times (x 67B)
Class kotlin.reflect.jvm.internal.impl.builtins.functions.FunctionTypeKind$KFunction  : loaded 2 times (x 68B)
Class kotlinx.coroutines.DisposableHandle                                             : loaded 2 times (x 66B)
Class jdk.internal.jrtfs.SystemImage$1                                                : loaded 2 times (x 74B)
Class org.gradle.internal.classloader.InstrumentingClassLoader                        : loaded 2 times (x 66B)
Class org.jetbrains.org.objectweb.asm.AnnotationWriter                                : loaded 2 times (x 75B)
Class org.jetbrains.kotlin.build.report.metrics.GradleBuildTime$Companion             : loaded 2 times (x 67B)
Class com.google.common.util.concurrent.ListenableFuture                              : loaded 2 times (x 66B)
Class com.google.common.cache.ReferenceEntry                                          : loaded 2 times (x 66B)
Class kotlin.properties.NotNullVar                                                    : loaded 2 times (x 75B)
Class org.gradle.internal.classpath.TransformedClassPath                              : loaded 2 times (x 92B)
Class com.google.common.cache.CacheBuilder$NullListener                               : loaded 2 times (x 78B)
Class com.google.common.collect.MapMaker$Dummy                                        : loaded 2 times (x 75B)
Class com.google.gson.Strictness                                                      : loaded 2 times (x 75B)
Class org.codehaus.groovy.runtime.m12n.ExtensionModuleScanner                         : loaded 2 times (x 70B)
Class org.codehaus.groovy.runtime.dgmimpl.arrays.ObjectArrayGetAtMetaMethod           : loaded 2 times (x 93B)
Class org.codehaus.groovy.ast.expr.ClassExpression                                    : loaded 2 times (x 123B)
Class org.objectweb.asm.FieldWriter                                                   : loaded 2 times (x 74B)
Class com.google.common.reflect.Invokable                                             : loaded 2 times (x 99B)
Class [Lcom.android.resources.ResourceFolderType;                                     : loaded 2 times (x 65B)
Class com.android.utils.Pair                                                          : loaded 2 times (x 68B)
Class com.android.tools.lint.model.LintModelSerialization                             : loaded 2 times (x 72B)
Class com.google.common.collect.ImmutableMapValues                                    : loaded 2 times (x 122B)
Class com.google.common.util.concurrent.AbstractFuture                                : loaded 2 times (x 102B)
Class kotlin.reflect.jvm.internal.impl.builtins.functions.FunctionTypeKind            : loaded 2 times (x 68B)
Class com.android.ide.common.resources.configuration.CountryCodeQualifier             : loaded 2 times (x 84B)
Class com.google.common.collect.MapMakerInternalMap$WeakKeyStrongValueEntry$Helper    : loaded 2 times (x 75B)
Class com.google.wireless.android.sdk.stats.GradleBuildProfileOrBuilder               : loaded 2 times (x 66B)
Class org.codehaus.groovy.ast.stmt.ForStatement                                       : loaded 2 times (x 118B)
Class org.codehaus.groovy.ast.expr.LambdaExpression                                   : loaded 2 times (x 131B)
Class org.codehaus.groovy.ast.ClassCodeExpressionTransformer                          : loaded 2 times (x 211B)
Class org.codehaus.groovy.ast.Variable                                                : loaded 2 times (x 66B)
Class org.jetbrains.kotlin.descriptors.Visibilities$Private                           : loaded 2 times (x 75B)
Class com.google.common.io.CharStreams                                                : loaded 2 times (x 67B)
Class com.google.common.collect.ImmutableMultiset                                     : loaded 2 times (x 159B)
Class org.objectweb.asm.RecordComponentVisitor                                        : loaded 2 times (x 73B)
Class com.google.common.cache.CacheLoader$SupplierToCacheLoader                       : loaded 2 times (x 71B)
Class jdk.internal.jimage.decompressor.Decompressor                                   : loaded 2 times (x 68B)
Class jdk.internal.jimage.ImageReader$Resource                                        : loaded 2 times (x 80B)
Class org.apache.groovy.util.SystemUtil                                               : loaded 2 times (x 67B)
Class kotlin.jvm.internal.markers.KMutableList                                        : loaded 2 times (x 66B)
Class org.codehaus.groovy.runtime.metaclass.MissingMethodExecutionFailed              : loaded 2 times (x 88B)
Class kotlinx.coroutines.ChildJob                                                     : loaded 2 times (x 66B)
Class kotlinx.coroutines.scheduling.TasksKt                                           : loaded 2 times (x 67B)
Class kotlinx.coroutines.internal.SystemPropsKt__SystemPropsKt                        : loaded 2 times (x 67B)
Class groovy.lang.MetaClassImpl$8                                                     : loaded 2 times (x 73B)
Class com.android.ide.common.rendering.api.StyleableResourceValue                     : loaded 2 times (x 66B)
Class com.google.protobuf.IterableByteBufferInputStream                               : loaded 2 times (x 88B)
Class org.codehaus.groovy.control.io.NullWriter                                       : loaded 2 times (x 95B)
Class org.codehaus.groovy.runtime.metaclass.MetaMethodIndex$EntryIterator             : loaded 2 times (x 66B)
Class org.codehaus.groovy.runtime.dgmimpl.arrays.LongArrayPutAtMetaMethod             : loaded 2 times (x 93B)
Class org.codehaus.groovy.runtime.dgmimpl.arrays.ArrayMetaMethod                      : loaded 2 times (x 93B)
Class org.jetbrains.kotlin.metadata.ProtoBuf$Annotation$1                             : loaded 2 times (x 140B)
Class org.jetbrains.kotlin.protobuf.AbstractParser                                    : loaded 2 times (x 140B)
Class org.jetbrains.kotlin.cli.common.CompilerSystemProperties$value$1                : loaded 2 times (x 121B)
Class kotlin.text.MatchNamedGroupCollection                                           : loaded 2 times (x 66B)
Class org.codehaus.groovy.util.AbstractConcurrentMap                                  : loaded 2 times (x 78B)
Class com.google.common.collect.UsingToStringOrdering                                 : loaded 2 times (x 110B)
Class org.gradle.internal.service.ServiceLookupException                              : loaded 2 times (x 78B)
Class jdk.internal.jrtfs.JrtFileAttributes                                            : loaded 2 times (x 79B)
Class com.squareup.javapoet.LineWrapper                                               : loaded 2 times (x 68B)
Class org.codehaus.groovy.control.messages.SyntaxErrorMessage                         : loaded 2 times (x 70B)
Class com.google.protobuf.ByteString$ByteArrayCopier                                  : loaded 2 times (x 66B)
Class kotlinx.coroutines.ChildHandleNode                                              : loaded 2 times (x 90B)
Class kotlinx.coroutines.scheduling.SchedulerCoroutineDispatcher                      : loaded 2 times (x 104B)
Class com.google.protobuf.NioByteString                                               : loaded 2 times (x 100B)
Class com.google.protobuf.FieldSet$FieldDescriptorLite                                : loaded 2 times (x 66B)
Class com.google.protobuf.ExtensionLite                                               : loaded 2 times (x 73B)
Class org.codehaus.groovy.ast.CodeVisitorSupport                                      : loaded 2 times (x 182B)
Class org.codehaus.groovy.runtime.metaclass.MetaMethodIndex$Header                    : loaded 2 times (x 68B)
Class [Lorg.codehaus.groovy.reflection.CachedMethod;                                  : loaded 2 times (x 65B)
Class com.google.common.base.CharMatcher$JavaLetter                                   : loaded 2 times (x 107B)
Class [Lcom.android.resources.ResourceEnum;                                           : loaded 2 times (x 65B)
Class com.google.protobuf.CodedOutputStream$HeapNioEncoder                            : loaded 2 times (x 107B)
Class [Lorg.jetbrains.kotlin.protobuf.Internal$EnumLite;                              : loaded 2 times (x 65B)
Class org.jetbrains.kotlin.cli.common.CompilerSystemProperties$value$2                : loaded 2 times (x 121B)
Class com.android.tools.lint.model.LintModelBuildFeatures                             : loaded 2 times (x 66B)
Class [Lcom.google.common.cache.LocalCache$EntryFactory;                              : loaded 2 times (x 65B)
Class org.gradle.internal.classloader.ClassLoaderFactory                              : loaded 2 times (x 66B)
Class kotlin.jvm.internal.EnumCompanionObject                                         : loaded 2 times (x 67B)
Class kotlinx.coroutines.CompletionHandlerBase                                        : loaded 2 times (x 76B)
Class com.google.protobuf.UnsafeUtil                                                  : loaded 2 times (x 67B)
Class org.codehaus.groovy.runtime.InvokerHelper$1                                     : loaded 2 times (x 91B)
Class org.codehaus.groovy.util.ReferenceManager$1                                     : loaded 2 times (x 73B)
Class kotlin.reflect.jvm.internal.impl.builtins.PrimitiveType                         : loaded 2 times (x 75B)
Class com.google.common.cache.LocalCache$Strength$3                                   : loaded 2 times (x 77B)
Class com.google.common.collect.TransformedIterator                                   : loaded 2 times (x 76B)
Class org.apache.commons.io.CloseableURLConnection                                    : loaded 2 times (x 112B)
Class com.google.common.cache.LocalCache$LocalManualCache                             : loaded 2 times (x 95B)
Class org.gradle.internal.service.CachingServiceLocator                               : loaded 2 times (x 78B)
Class com.google.common.collect.Interner                                              : loaded 2 times (x 66B)
Class kotlin.collections.AbstractMap                                                  : loaded 2 times (x 118B)
Class kotlin.collections.AbstractList$IteratorImpl                                    : loaded 2 times (x 78B)
Class com.android.utils.DateProvider                                                  : loaded 2 times (x 66B)
Class org.codehaus.groovy.ast.stmt.WhileStatement                                     : loaded 2 times (x 114B)
Class org.codehaus.groovy.ast.expr.ArgumentListExpression                             : loaded 2 times (x 134B)
Class org.codehaus.groovy.runtime.InvokerHelper$2                                     : loaded 2 times (x 91B)
Class org.codehaus.groovy.runtime.dgmimpl.NumberNumberMinus                           : loaded 2 times (x 110B)
Class [Lgroovy.lang.MetaClassRegistryChangeEventListener;                             : loaded 2 times (x 65B)
Class org.jetbrains.kotlin.load.kotlin.header.ReadKotlinClassHeaderAnnotationVisitor$KotlinMetadataArgumentVisitor$1: loaded 2 times (x 81B)
Class org.jetbrains.kotlin.descriptors.Visibilities$Public                            : loaded 2 times (x 75B)
Class com.android.ide.common.resources.configuration.ScreenDimensionQualifier         : loaded 2 times (x 85B)
Class com.google.common.collect.Interners$InternerImpl                                : loaded 2 times (x 71B)
Class org.jetbrains.kotlin.protobuf.ExtensionRegistryLite$ObjectIntPair               : loaded 2 times (x 68B)
Class org.jetbrains.kotlin.metadata.ProtoBuf$Class$1                                  : loaded 2 times (x 140B)
Class it.unimi.dsi.fastutil.ints.IntListIterator                                      : loaded 2 times (x 66B)
Class kotlin.io.path.PathsKt__PathRecursiveFunctionsKt                                : loaded 2 times (x 67B)
Class it.unimi.dsi.fastutil.objects.AbstractObjectCollection                          : loaded 2 times (x 139B)
Class com.google.common.collect.AllEqualOrdering                                      : loaded 2 times (x 110B)
Class kotlin.collections.AbstractList$SubList                                         : loaded 2 times (x 194B)
Class com.google.common.collect.AbstractMapBasedMultimap$KeySet                       : loaded 2 times (x 133B)
Class com.android.tools.lint.model.LintModelSerialization$TargetFile                  : loaded 2 times (x 75B)
Class [Lcom.android.tools.lint.model.LintModelNamespacingMode;                        : loaded 2 times (x 65B)
Class kotlinx.coroutines.BlockingEventLoop                                            : loaded 2 times (x 113B)
Class kotlin.coroutines.AbstractCoroutineContextElement                               : loaded 2 times (x 85B)
Class kotlinx.coroutines.ThreadLocalEventLoop                                         : loaded 2 times (x 67B)
Class com.android.tools.lint.model.LintModelModuleLibrary                             : loaded 2 times (x 66B)
Class [Lcom.google.common.collect.HashBiMap$BiEntry;                                  : loaded 2 times (x 65B)
Class kotlin.reflect.jvm.internal.KMutableProperty0Impl$$Lambda$0                     : loaded 2 times (x 72B)
Class org.codehaus.groovy.ast.expr.VariableExpression                                 : loaded 2 times (x 153B)
Class org.codehaus.groovy.runtime.dgmimpl.arrays.ArrayPutAtMetaMethod                 : loaded 2 times (x 93B)
Class org.codehaus.groovy.ast.stmt.Statement                                          : loaded 2 times (x 106B)
Class org.jetbrains.kotlin.metadata.jvm.JvmProtoBuf$StringTableTypes$Record$1         : loaded 2 times (x 140B)
Class org.jetbrains.kotlin.load.kotlin.header.ReadKotlinClassHeaderAnnotationVisitor$KotlinMetadataArgumentVisitor$2: loaded 2 times (x 81B)
Class it.unimi.dsi.fastutil.ints.IntIterator                                          : loaded 2 times (x 66B)
Class org.jetbrains.kotlin.protobuf.CodedOutputStream$OutOfSpaceException             : loaded 2 times (x 78B)
Class kotlin.reflect.jvm.internal.impl.descriptors.runtime.structure.ReflectClassUtilKt: loaded 2 times (x 67B)
Class org.jetbrains.kotlin.build.report.metrics.BuildTime                             : loaded 2 times (x 66B)
Class kotlin.sequences.DropWhileSequence                                              : loaded 2 times (x 71B)
Class kotlinx.coroutines.CompletionStateKt                                            : loaded 2 times (x 67B)
Class org.objectweb.asm.Handle                                                        : loaded 2 times (x 68B)
Class org.codehaus.groovy.ast.stmt.CatchStatement                                     : loaded 2 times (x 110B)
Class groovy.lang.ExpandoMetaClass$Callable                                           : loaded 2 times (x 66B)
Class org.codehaus.groovy.runtime.metaclass.MissingPropertyExceptionNoStack           : loaded 2 times (x 85B)
Class groovy.lang.ObjectRange                                                         : loaded 2 times (x 240B)
Class [Lcom.android.resources.TouchScreen;                                            : loaded 2 times (x 65B)
Class org.codehaus.groovy.reflection.GroovyClassValue                                 : loaded 2 times (x 66B)
Class org.codehaus.groovy.GroovyBugError                                              : loaded 2 times (x 80B)
Class org.jetbrains.kotlin.metadata.ProtoBuf$TypeParameterOrBuilder                   : loaded 2 times (x 66B)
Class org.jetbrains.kotlin.metadata.ProtoBuf$Property                                 : loaded 2 times (x 168B)
Class org.jetbrains.kotlin.name.FqName                                                : loaded 2 times (x 68B)
Class com.android.prefs.LocationValue                                                 : loaded 2 times (x 66B)
Class org.codehaus.groovy.reflection.GeneratedMetaMethod                              : loaded 2 times (x 92B)
Class org.jetbrains.kotlin.build.report.metrics.DoNothingBuildMetricsReporter         : loaded 2 times (x 82B)
Class com.google.common.collect.ImmutableMultimap                                     : loaded 2 times (x 143B)
Class kotlin.jvm.internal.markers.KMutableListIterator                                : loaded 2 times (x 66B)
Class kotlinx.coroutines.CoroutineDispatcher$Key$1                                    : loaded 2 times (x 74B)
Class kotlinx.coroutines.CoroutineDispatcher                                          : loaded 2 times (x 95B)
Class com.android.ide.common.rendering.api.ArrayResourceValueImpl                     : loaded 2 times (x 119B)
Class com.android.tools.analytics.AnalyticsSettingsData$DataTypeAdapter               : loaded 2 times (x 69B)
Class groovy.lang.MetaClassImpl$7                                                     : loaded 2 times (x 73B)
Class org.jetbrains.kotlin.metadata.jvm.deserialization.UtfEncodingKt                 : loaded 2 times (x 67B)
Class org.jetbrains.kotlin.load.kotlin.header.ReadKotlinClassHeaderAnnotationVisitor$KotlinMetadataArgumentVisitor: loaded 2 times (x 82B)
Class org.codehaus.groovy.transform.ErrorCollecting                                   : loaded 2 times (x 66B)
Class org.jetbrains.kotlin.metadata.jvm.JvmProtoBuf$JvmFieldSignature$1               : loaded 2 times (x 140B)
Class org.jetbrains.kotlin.metadata.jvm.JvmProtoBuf$JvmMethodSignature                : loaded 2 times (x 104B)
Class org.jetbrains.kotlin.metadata.ProtoBuf$TypeTable                                : loaded 2 times (x 105B)
Class org.jetbrains.kotlin.protobuf.MessageLiteOrBuilder                              : loaded 2 times (x 66B)
Class [Lorg.jetbrains.kotlin.cli.common.CompilerSystemProperties;                     : loaded 2 times (x 65B)
Class org.jetbrains.kotlin.name.ClassId$Companion                                     : loaded 2 times (x 67B)
Class com.google.gson.JsonParseException                                              : loaded 2 times (x 78B)
Class com.android.tools.lint.model.DefaultLintModelJavaLibrary                        : loaded 2 times (x 99B)
Class com.android.prefs.PathLocator                                                   : loaded 2 times (x 69B)
Class org.apache.commons.io.output.AbstractByteArrayOutputStream                      : loaded 2 times (x 98B)
Class com.google.common.cache.CacheBuilder$OneWeigher                                 : loaded 2 times (x 78B)
Class jdk.internal.jimage.ImageBufferCache                                            : loaded 2 times (x 67B)
Class jdk.internal.jrtfs.JrtPath                                                      : loaded 2 times (x 114B)
Class [Lgroovy.lang.MetaMethod;                                                       : loaded 2 times (x 65B)
Class [Lcom.android.resources.ScreenSize;                                             : loaded 2 times (x 65B)
Class org.jetbrains.kotlin.load.kotlin.FileBasedKotlinClass                           : loaded 2 times (x 84B)
Class com.android.ide.common.resources.configuration.ScreenRoundQualifier             : loaded 2 times (x 87B)
Class com.android.ide.common.resources.configuration.KeyboardStateQualifier           : loaded 2 times (x 86B)
Class com.android.builder.model.MavenCoordinates                                      : loaded 2 times (x 66B)
Class org.jetbrains.kotlin.metadata.ProtoBuf$AnnotationOrBuilder                      : loaded 2 times (x 66B)
Class org.jetbrains.kotlin.protobuf.WireFormat$FieldType                              : loaded 2 times (x 79B)
Class com.android.Version                                                             : loaded 2 times (x 67B)
Class kotlin.reflect.jvm.internal.KDeclarationContainerImpl$Companion                 : loaded 2 times (x 67B)
Class com.android.sdklib.AndroidVersion                                               : loaded 2 times (x 71B)
Class com.android.tools.lint.model.LintModelLibraryResolver                           : loaded 2 times (x 66B)
Class kotlin.text.MatchResult$DefaultImpls                                            : loaded 2 times (x 67B)
Class com.android.tools.lint.model.LintModelSerialization$LintModelSerializationAdapter: loaded 2 times (x 66B)
Class com.google.common.collect.ImmutableSortedMap                                    : loaded 2 times (x 213B)
Class org.gradle.internal.classloader.ClasspathUtil                                   : loaded 2 times (x 67B)
Class groovy.grape.GrapeEngine                                                        : loaded 2 times (x 66B)
Class com.google.protobuf.MessageLiteOrBuilder                                        : loaded 2 times (x 66B)
Class com.google.protobuf.Internal$BooleanList                                        : loaded 2 times (x 66B)
Class kotlin.collections.builders.SetBuilder                                          : loaded 2 times (x 139B)
Class kotlinx.coroutines.NonDisposableHandle                                          : loaded 2 times (x 74B)
Class com.google.common.base.Charsets                                                 : loaded 2 times (x 67B)
Class org.codehaus.groovy.ast.expr.MethodReferenceExpression                          : loaded 2 times (x 127B)
Class org.codehaus.groovy.runtime.NumberAwareComparator                               : loaded 2 times (x 86B)
Class groovy.lang.ListWithDefault                                                     : loaded 2 times (x 171B)
Class [Lorg.codehaus.groovy.util.ReferenceType;                                       : loaded 2 times (x 65B)
Class org.jetbrains.kotlin.metadata.jvm.deserialization.JvmMemberSignature            : loaded 2 times (x 70B)
Class [Lcom.android.resources.Navigation;                                             : loaded 2 times (x 65B)
Class org.jetbrains.kotlin.load.kotlin.header.KotlinClassHeader$Kind                  : loaded 2 times (x 75B)
Class org.jetbrains.kotlin.load.kotlin.KotlinJvmBinaryClass$AnnotationArgumentVisitor : loaded 2 times (x 66B)
Class com.android.utils.PositionXmlParser$SaxParserFactoryFunction                    : loaded 2 times (x 66B)
Class [Lorg.jetbrains.kotlin.metadata.ProtoBuf$TypeParameter$Variance;                : loaded 2 times (x 65B)
Class org.jetbrains.kotlin.metadata.ProtoBuf$Constructor                              : loaded 2 times (x 126B)
Class it.unimi.dsi.fastutil.Hash                                                      : loaded 2 times (x 66B)
Class com.google.common.util.concurrent.Uninterruptibles                              : loaded 2 times (x 67B)
Class com.squareup.javapoet.TypeVariableName                                          : loaded 2 times (x 77B)
Class com.google.protobuf.Internal$FloatList                                          : loaded 2 times (x 66B)
Class com.google.protobuf.InvalidProtocolBufferException$InvalidWireTypeException     : loaded 2 times (x 84B)
Class kotlinx.coroutines.scheduling.DefaultIoScheduler                                : loaded 2 times (x 106B)
Class com.google.protobuf.ByteString$2                                                : loaded 2 times (x 87B)
Class com.android.tools.analytics.HostData$garbageCollectorBeans$2                    : loaded 2 times (x 74B)
Class com.android.tools.analytics.UsageTracker                                        : loaded 2 times (x 67B)
Class org.codehaus.groovy.control.ConfigurationException                              : loaded 2 times (x 84B)
Class groovy.lang.GroovyClassLoader$1                                                 : loaded 2 times (x 72B)
Class org.codehaus.groovy.control.CompilationUnit$PhaseOperation                      : loaded 2 times (x 66B)
Class org.codehaus.groovy.ast.ClassCodeVisitorSupport                                 : loaded 2 times (x 207B)
Class org.codehaus.groovy.runtime.dgmimpl.NumberNumberMetaMethod                      : loaded 2 times (x 110B)
Class groovy.io.FileType                                                              : loaded 2 times (x 75B)
Class org.codehaus.groovy.runtime.m12n.ExtensionModuleScanner$ExtensionModuleListener : loaded 2 times (x 66B)
Class kotlinx.coroutines.DispatchedTask                                               : loaded 2 times (x 77B)
Class org.jetbrains.kotlin.metadata.jvm.JvmProtoBuf$JvmMethodSignature$Builder        : loaded 2 times (x 130B)
Class org.jetbrains.kotlin.resolve.scopes.receivers.ReceiverValue                     : loaded 2 times (x 66B)
Class org.jetbrains.kotlin.metadata.jvm.JvmProtoBuf$JvmFieldSignatureOrBuilder        : loaded 2 times (x 66B)
Class org.jetbrains.kotlin.metadata.ProtoBuf$VersionRequirementTableOrBuilder         : loaded 2 times (x 66B)
Class kotlin.reflect.jvm.internal.impl.builtins.functions.FunctionTypeKind$KSuspendFunction: loaded 2 times (x 68B)
Class kotlin.reflect.jvm.internal.KClassImpl$$Lambda$0                                : loaded 2 times (x 72B)
Class kotlin.reflect.full.IllegalCallableAccessException                              : loaded 2 times (x 78B)
Class it.unimi.dsi.fastutil.ints.IntList                                              : loaded 2 times (x 66B)
Class com.android.tools.lint.model.LintModelNamespacingMode                           : loaded 2 times (x 75B)
Class com.google.common.cache.LocalCache$Strength$2                                   : loaded 2 times (x 77B)
Class org.jetbrains.org.objectweb.asm.ModuleVisitor                                   : loaded 2 times (x 77B)
Class com.google.common.collect.AbstractMapBasedMultimap$WrappedSet                   : loaded 2 times (x 138B)
Class com.google.common.util.concurrent.LazyLogger                                    : loaded 2 times (x 68B)
Class org.gradle.api.specs.Spec                                                       : loaded 2 times (x 66B)
Class jdk.internal.jimage.ImageReader$SharedImageReader$LocationVisitor               : loaded 2 times (x 66B)
Class com.google.common.util.concurrent.SettableFuture                                : loaded 2 times (x 110B)
Class org.apache.commons.io.output.QueueOutputStream                                  : loaded 2 times (x 83B)
Class it.unimi.dsi.fastutil.objects.ObjectSpliterator                                 : loaded 2 times (x 66B)
Class com.android.ide.common.rendering.api.StyleResourceValueImpl                     : loaded 2 times (x 115B)
Class com.google.protobuf.LazyStringArrayList                                         : loaded 2 times (x 310B)
Class [Lcom.google.protobuf.ProtocolMessageEnum;                                      : loaded 2 times (x 65B)
Class org.codehaus.groovy.runtime.memoize.StampedCommonCache                          : loaded 2 times (x 150B)
Class org.codehaus.groovy.runtime.metaclass.MixinInstanceMetaMethod                   : loaded 2 times (x 92B)
Class groovy.lang.MetaClass                                                           : loaded 2 times (x 66B)
Class org.codehaus.groovy.reflection.ClassInfo                                        : loaded 2 times (x 88B)
Class org.jetbrains.kotlin.load.kotlin.header.KotlinClassHeader                       : loaded 2 times (x 68B)
Class org.jetbrains.kotlin.protobuf.GeneratedMessageLite$ExtendableMessage            : loaded 2 times (x 109B)
Class com.android.ide.common.resources.configuration.GrammaticalGenderQualifier       : loaded 2 times (x 87B)
Class org.jetbrains.kotlin.metadata.jvm.JvmProtoBuf$JvmPropertySignatureOrBuilder     : loaded 2 times (x 66B)
Class kotlin.reflect.jvm.internal.CachesKt$$Lambda$0                                  : loaded 2 times (x 71B)
Class kotlin.jvm.internal.PropertyReference2                                          : loaded 2 times (x 123B)
Class org.jetbrains.kotlin.name.Name                                                  : loaded 2 times (x 71B)
Class com.android.tools.lint.model.LintModelExternalLibrary                           : loaded 2 times (x 66B)
Class org.apache.commons.io.file.PathFilter                                           : loaded 2 times (x 66B)
Class [Lcom.android.resources.ResourceType;                                           : loaded 2 times (x 65B)
Class [Lcom.android.resources.WideGamutColor;                                         : loaded 2 times (x 65B)
Class kotlinx.coroutines.CoroutineContextKt                                           : loaded 2 times (x 67B)
Class com.google.protobuf.UninitializedMessageException                               : loaded 2 times (x 80B)
Class groovy.lang.EmptyRange                                                          : loaded 2 times (x 238B)
Class org.codehaus.groovy.reflection.stdclasses.IntegerCachedClass                    : loaded 2 times (x 91B)
Class com.android.resources.Keyboard                                                  : loaded 2 times (x 82B)
Class com.android.ide.common.resources.configuration.ScreenWidthQualifier             : loaded 2 times (x 84B)
Class org.jetbrains.kotlin.metadata.deserialization.Flags                             : loaded 2 times (x 67B)
Class org.jetbrains.kotlin.metadata.ProtoBuf$TypeTable$1                              : loaded 2 times (x 140B)
Class [Lkotlin.reflect.jvm.internal.impl.builtins.jvm.JavaToKotlinClassMap$PlatformMutabilityMapping;: loaded 2 times (x 65B)
Class kotlin.reflect.jvm.internal.CachesKt$$Lambda$1                                  : loaded 2 times (x 71B)
Class kotlin.reflect.full.IllegalPropertyDelegateAccessException                      : loaded 2 times (x 78B)
Class it.unimi.dsi.fastutil.HashCommon                                                : loaded 2 times (x 67B)
Class com.android.tools.lint.model.LintModelVariant                                   : loaded 2 times (x 66B)
Class org.jetbrains.org.objectweb.asm.Symbol                                          : loaded 2 times (x 69B)
Class com.google.common.cache.LocalCache$LoadingValueReference                        : loaded 2 times (x 92B)
Class jdk.internal.jimage.decompressor.ResourceDecompressorRepository                 : loaded 2 times (x 67B)
Class com.squareup.javapoet.ArrayTypeName                                             : loaded 2 times (x 77B)
Class kotlin.collections.builders.MapBuilderEntries                                   : loaded 2 times (x 141B)
Class org.codehaus.groovy.reflection.stdclasses.NumberCachedClass                     : loaded 2 times (x 91B)
Class kotlinx.coroutines.internal.DispatchedContinuation                              : loaded 2 times (x 86B)
Class kotlinx.coroutines.internal.Symbol                                              : loaded 2 times (x 68B)
Class org.codehaus.groovy.reflection.stdclasses.CharacterCachedClass                  : loaded 2 times (x 91B)
Class org.codehaus.groovy.runtime.dgmimpl.NumberNumberDiv                             : loaded 2 times (x 110B)
Class org.codehaus.groovy.runtime.dgmimpl.arrays.BooleanArrayPutAtMetaMethod          : loaded 2 times (x 93B)
Class org.codehaus.groovy.runtime.callsite.CallSiteArray                              : loaded 2 times (x 68B)
Class org.codehaus.groovy.runtime.typehandling.GroovyCastException                    : loaded 2 times (x 78B)
Class org.codehaus.groovy.runtime.DefaultGroovyMethods                                : loaded 2 times (x 67B)
Class groovy.lang.StringWriterIOException                                             : loaded 2 times (x 79B)
Class groovy.lang.GroovySystem                                                        : loaded 2 times (x 67B)
Class com.android.resources.WideGamutColor                                            : loaded 2 times (x 82B)
Class com.android.ide.common.resources.configuration.ScreenSizeQualifier              : loaded 2 times (x 88B)
Class com.android.utils.PositionXmlParser$DomBuilder                                  : loaded 2 times (x 144B)
Class org.jetbrains.kotlin.metadata.ProtoBuf$Function                                 : loaded 2 times (x 157B)
Class kotlin.reflect.jvm.internal.CachesKt$$Lambda$2                                  : loaded 2 times (x 71B)
Class [Lcom.android.tools.lint.model.LintModelArtifactType;                           : loaded 2 times (x 65B)
Class com.android.tools.lint.model.LintModelMavenName                                 : loaded 2 times (x 66B)
Class com.google.common.io.LineReader$1                                               : loaded 2 times (x 71B)
Class com.google.common.reflect.Invokable$MethodInvokable                             : loaded 2 times (x 103B)
Class com.google.common.collect.Multimaps$Entries                                     : loaded 2 times (x 114B)
Class com.google.common.collect.MapMakerInternalMap$StrongKeyDummyValueEntry          : loaded 2 times (x 78B)
Class jdk.internal.jimage.ImageReader$Directory                                       : loaded 2 times (x 80B)
Class kotlin.collections.AbstractList$ListIteratorImpl                                : loaded 2 times (x 95B)
Class kotlin.jvm.internal.CharCompanionObject                                         : loaded 2 times (x 67B)
Class kotlin.io.FilePathComponents                                                    : loaded 2 times (x 68B)
Class org.codehaus.groovy.runtime.RangeInfo                                           : loaded 2 times (x 67B)
Class org.codehaus.groovy.runtime.metaclass.MethodMetaProperty$GetMethodMetaProperty  : loaded 2 times (x 74B)
Class groovy.lang.MetaClassImpl$6                                                     : loaded 2 times (x 73B)
Class org.codehaus.groovy.util.SingleKeyHashMap$Entry                                 : loaded 2 times (x 71B)
Class com.google.devtools.ksp.processing.KspGradleLogger$Companion                    : loaded 2 times (x 67B)
Class com.google.protobuf.Internal$LongList                                           : loaded 2 times (x 66B)
Class com.google.gson.JsonIOException                                                 : loaded 2 times (x 78B)
Class groovy.lang.Tuple2                                                              : loaded 2 times (x 202B)
Class org.codehaus.groovy.reflection.ReflectionUtils$ClassContextHelper               : loaded 2 times (x 97B)
Class org.codehaus.groovy.ast.ClassNode                                               : loaded 2 times (x 239B)
Class org.codehaus.groovy.reflection.stdclasses.ByteCachedClass                       : loaded 2 times (x 91B)
Class org.jetbrains.kotlin.load.kotlin.header.ReadKotlinClassHeaderAnnotationVisitor  : loaded 2 times (x 76B)
Class kotlin.reflect.jvm.internal.KMutableProperty1Impl$$Lambda$0                     : loaded 2 times (x 72B)
Class org.jetbrains.kotlin.metadata.ProtoBuf$VersionRequirementTable                  : loaded 2 times (x 103B)
Class org.jetbrains.kotlin.protobuf.LazyField                                         : loaded 2 times (x 79B)
Class kotlin.reflect.jvm.internal.CachesKt$$Lambda$3                                  : loaded 2 times (x 71B)
Class com.android.tools.lint.model.LintModelLibrary                                   : loaded 2 times (x 66B)
Class com.android.tools.analytics.UsageTrackerWriter                                  : loaded 2 times (x 77B)
Class [Lorg.objectweb.asm.AnnotationWriter;                                           : loaded 2 times (x 65B)
Class com.google.common.collect.CompoundOrdering                                      : loaded 2 times (x 111B)
Class com.google.common.collect.AbstractMapBasedMultimap$WrappedList                  : loaded 2 times (x 201B)
Class kotlin.collections.MutableMapWithDefaultImpl                                    : loaded 2 times (x 140B)
Class com.google.protobuf.ExtensionRegistry                                           : loaded 2 times (x 83B)
Class com.google.protobuf.Utf8$UnpairedSurrogateException                             : loaded 2 times (x 78B)
Class kotlinx.coroutines.internal.SystemPropsKt                                       : loaded 2 times (x 67B)
Class kotlinx.coroutines.EventLoopKt                                                  : loaded 2 times (x 67B)
Class com.google.common.cache.LocalCache$Strength$1                                   : loaded 2 times (x 77B)
Class org.objectweb.asm.ModuleVisitor                                                 : loaded 2 times (x 77B)
Class kotlin.reflect.jvm.internal.impl.name.ClassId                                   : loaded 2 times (x 68B)
Class [Lorg.jetbrains.kotlin.protobuf.WireFormat$JavaType;                            : loaded 2 times (x 65B)
Class com.google.protobuf.InvalidProtocolBufferException                              : loaded 2 times (x 84B)
Class org.codehaus.groovy.ast.stmt.AssertStatement                                    : loaded 2 times (x 110B)
Class org.codehaus.groovy.control.ResolveVisitor                                      : loaded 2 times (x 232B)
Class org.codehaus.groovy.util.SingleKeyHashMap$Copier                                : loaded 2 times (x 66B)
Class groovy.lang.MetaClassImpl                                                       : loaded 2 times (x 189B)
Class [Lcom.android.resources.KeyboardState;                                          : loaded 2 times (x 65B)
Class groovy.lang.MetaClassImpl$5                                                     : loaded 2 times (x 74B)
Class org.jetbrains.kotlin.metadata.ProtoBuf$TypeParameter$1                          : loaded 2 times (x 140B)
Class kotlin.reflect.jvm.internal.CachesKt$$Lambda$4                                  : loaded 2 times (x 71B)
Class com.android.utils.EnvironmentProvider                                           : loaded 2 times (x 66B)
Class com.android.tools.analytics.AnalyticsSettingsData                               : loaded 2 times (x 68B)
Class com.google.common.cache.LocalCache$StrongValueReference                         : loaded 2 times (x 86B)
Class com.google.protobuf.UnsafeUtil$Android64MemoryAccessor                          : loaded 2 times (x 87B)
Class kotlinx.coroutines.IncompleteStateBox                                           : loaded 2 times (x 68B)
Class org.gradle.internal.service.UnknownServiceException                             : loaded 2 times (x 79B)
Class com.google.wireless.android.sdk.stats.GradleBuildProfile                        : loaded 2 times (x 244B)
Class com.google.protobuf.Extension                                                   : loaded 2 times (x 81B)
Class com.google.protobuf.MessageOrBuilder                                            : loaded 2 times (x 66B)
Class org.codehaus.groovy.util.URLStreams                                             : loaded 2 times (x 67B)
Class org.codehaus.groovy.ast.expr.MethodCallExpression                               : loaded 2 times (x 149B)
Class org.codehaus.groovy.runtime.dgmimpl.arrays.LongArrayGetAtMetaMethod             : loaded 2 times (x 93B)
Class org.codehaus.groovy.runtime.dgmimpl.arrays.ArrayGetAtMetaMethod                 : loaded 2 times (x 93B)
Class com.google.common.collect.RegularImmutableBiMap$Inverse                         : loaded 2 times (x 139B)
Class com.google.common.cache.LocalCache$LocalLoadingCache                            : loaded 2 times (x 130B)
Class org.jetbrains.kotlin.metadata.deserialization.BinaryVersion$Companion           : loaded 2 times (x 67B)
Class it.unimi.dsi.fastutil.ints.AbstractIntSet                                       : loaded 2 times (x 229B)
Class [Lorg.objectweb.asm.AnnotationVisitor;                                          : loaded 2 times (x 65B)
Class org.gradle.internal.classloader.VisitableURLClassLoader$InstrumentingVisitableURLClassLoader: loaded 2 times (x 119B)
Class kotlin.collections.ReversedListReadOnly$listIterator$1                          : loaded 2 times (x 86B)
Class org.jetbrains.kotlin.cli.common.CompilerSystemProperties                        : loaded 2 times (x 76B)
Class kotlin.reflect.jvm.internal.KProperty1Impl$$Lambda$1                            : loaded 2 times (x 72B)
Class kotlinx.coroutines.Job$DefaultImpls                                             : loaded 2 times (x 67B)
Class kotlin.coroutines.CoroutineContext$Element$DefaultImpls                         : loaded 2 times (x 67B)
Class org.jetbrains.kotlin.metadata.ProtoBuf$MemberKind                               : loaded 2 times (x 78B)
Class com.android.ide.common.resources.configuration.SmallestScreenWidthQualifier     : loaded 2 times (x 84B)
Class org.jetbrains.kotlin.load.java.JvmAnnotationNames                               : loaded 2 times (x 67B)
Class org.jetbrains.kotlin.metadata.jvm.deserialization.JvmNameResolverBase$Companion : loaded 2 times (x 67B)
Class com.android.ide.common.rendering.api.TextResourceValueImpl                      : loaded 2 times (x 105B)
Class com.google.wireless.android.sdk.stats.AndroidStudioEventOrBuilder               : loaded 2 times (x 66B)
Class groovy.lang.MetaClassImpl$DummyMetaMethod                                       : loaded 2 times (x 93B)
Class org.codehaus.groovy.runtime.dgmimpl.arrays.ShortArrayPutAtMetaMethod            : loaded 2 times (x 93B)
Class org.codehaus.groovy.transform.trait.Traits$Implemented                          : loaded 2 times (x 66B)
Class com.google.common.collect.MapMakerInternalMap$AbstractWeakKeyEntry              : loaded 2 times (x 83B)
Class org.jetbrains.kotlin.metadata.ProtoBuf$ValueParameter                           : loaded 2 times (x 129B)
Class org.jetbrains.kotlin.metadata.ProtoBuf$ClassOrBuilder                           : loaded 2 times (x 66B)
Class org.codehaus.groovy.reflection.stdclasses.CachedClosureClass                    : loaded 2 times (x 94B)
Class [Lkotlin.reflect.jvm.internal.impl.resolve.jvm.JvmPrimitiveType;                : loaded 2 times (x 65B)
Class org.codehaus.groovy.runtime.SocketGroovyMethods                                 : loaded 2 times (x 67B)
Class com.android.tools.lint.model.LintModelArtifactType                              : loaded 2 times (x 75B)
Class org.apache.commons.io.FileUtils                                                 : loaded 2 times (x 67B)
Class org.objectweb.asm.ByteVector                                                    : loaded 2 times (x 75B)
Class com.google.common.collect.MapMakerInternalMap$StrongKeyDummyValueEntry$Helper   : loaded 2 times (x 75B)
Class [Lcom.google.common.cache.CacheBuilder$NullListener;                            : loaded 2 times (x 65B)
Class org.gradle.internal.classloader.VisitableURLClassLoader$Spec                    : loaded 2 times (x 70B)
Class org.gradle.internal.classpath.DefaultClassPath                                  : loaded 2 times (x 86B)
Class jdk.internal.jimage.decompressor.ZipDecompressorFactory                         : loaded 2 times (x 70B)
Class org.codehaus.groovy.util.SingleKeyHashMap                                       : loaded 2 times (x 80B)
Class groovy.lang.MetaClassImpl$4                                                     : loaded 2 times (x 73B)
Class org.codehaus.groovy.ast.expr.BooleanExpression                                  : loaded 2 times (x 124B)
Class com.google.wireless.android.sdk.stats.GarbageCollectionStats$1                  : loaded 2 times (x 147B)
Class kotlinx.coroutines.Delay                                                        : loaded 2 times (x 66B)
Class kotlinx.coroutines.ParentJob                                                    : loaded 2 times (x 66B)
Class com.google.devtools.ksp.processing.KspGradleLogger                              : loaded 2 times (x 75B)
Class com.google.protobuf.Utf8$Processor                                              : loaded 2 times (x 73B)
Class com.google.protobuf.Reader                                                      : loaded 2 times (x 66B)
Class [Lcom.google.wireless.android.sdk.stats.AndroidStudioEvent$IdeBrand;            : loaded 2 times (x 65B)
Class org.codehaus.groovy.runtime.metaclass.ClosureStaticMetaMethod                   : loaded 2 times (x 98B)
Class org.codehaus.groovy.runtime.dgmimpl.NumberNumberPlus                            : loaded 2 times (x 110B)
Class org.codehaus.groovy.util.ReferenceType$1                                        : loaded 2 times (x 76B)
Class it.unimi.dsi.fastutil.ints.IntArrays                                            : loaded 2 times (x 67B)
Class it.unimi.dsi.fastutil.Hash$Strategy                                             : loaded 2 times (x 66B)
Class kotlin.text.MatchGroup                                                          : loaded 2 times (x 68B)
Class com.android.tools.lint.model.LintModelDependencies                              : loaded 2 times (x 66B)
Class kotlinx.coroutines.JobNode                                                      : loaded 2 times (x 86B)
Class [Lorg.jetbrains.kotlin.build.report.metrics.GradleBuildTime;                    : loaded 2 times (x 65B)
Class com.google.common.collect.ImmutableSortedMap$1EntrySet$1                        : loaded 2 times (x 209B)
Class org.objectweb.asm.Symbol                                                        : loaded 2 times (x 69B)
Class jdk.internal.jrtfs.SystemImage                                                  : loaded 2 times (x 70B)
Class com.google.protobuf.AbstractMessage$BuilderParent                               : loaded 2 times (x 66B)
Class [Lcom.google.gson.Strictness;                                                   : loaded 2 times (x 65B)
Class org.codehaus.groovy.runtime.InvokerInvocationException                          : loaded 2 times (x 83B)
Class org.codehaus.groovy.util.ReferenceType$2                                        : loaded 2 times (x 76B)
Class groovy.lang.Closure                                                             : loaded 2 times (x 128B)
Class org.jetbrains.kotlin.metadata.jvm.deserialization.JvmMemberSignature$Field      : loaded 2 times (x 71B)
Class com.android.utils.PositionXmlParser$ParserFactoryFunction                       : loaded 2 times (x 66B)
Class org.gradle.api.internal.ClassPathProvider                                       : loaded 2 times (x 66B)
Class org.jetbrains.kotlin.metadata.ProtoBuf$Visibility                               : loaded 2 times (x 78B)
Class org.jetbrains.kotlin.metadata.jvm.JvmProtoBuf                                   : loaded 2 times (x 67B)
Class org.jetbrains.kotlin.metadata.ProtoBuf$ConstructorOrBuilder                     : loaded 2 times (x 66B)
Class org.jetbrains.kotlin.config.ApiVersion$Companion                                : loaded 2 times (x 67B)
Class [Lorg.gradle.api.internal.ClassPathProvider;                                    : loaded 2 times (x 65B)
Class com.google.common.collect.Maps$ViewCachingAbstractMap                           : loaded 2 times (x 121B)
Class com.google.common.io.CharSource$ConcatenatedCharSource                          : loaded 2 times (x 82B)
Class com.google.common.io.Java8Compatibility                                         : loaded 2 times (x 67B)
Class org.gradle.internal.classloader.ClassLoaderSpec                                 : loaded 2 times (x 67B)
Class kotlin.jvm.internal.LongCompanionObject                                         : loaded 2 times (x 67B)
Class kotlin.collections.ReversedListReadOnly                                         : loaded 2 times (x 194B)
Class com.google.common.collect.NaturalOrdering                                       : loaded 2 times (x 111B)
Class org.apache.commons.io.FilenameUtils                                             : loaded 2 times (x 67B)
Class kotlin.text.MatchResult                                                         : loaded 2 times (x 66B)
Class com.google.common.collect.AbstractMapBasedMultimap$1                            : loaded 2 times (x 80B)
Class com.android.ide.common.rendering.api.ResourceNamespace                          : loaded 2 times (x 76B)
Class com.google.protobuf.ByteString                                                  : loaded 2 times (x 97B)
Class com.android.tools.analytics.Environment                                         : loaded 2 times (x 69B)
Class groovy.grape.GrapeIvy                                                           : loaded 2 times (x 123B)
Class org.codehaus.groovy.GroovyExceptionInterface                                    : loaded 2 times (x 66B)
Class org.codehaus.groovy.runtime.memoize.UnlimitedConcurrentCache                    : loaded 2 times (x 130B)
Class org.codehaus.groovy.ast.ConstructorNode                                         : loaded 2 times (x 154B)
Class org.codehaus.groovy.reflection.ReflectionCache                                  : loaded 2 times (x 67B)
Class org.codehaus.groovy.util.ReferenceType$3                                        : loaded 2 times (x 76B)
Class it.unimi.dsi.fastutil.ints.IntIterable                                          : loaded 2 times (x 66B)
Class org.jetbrains.kotlin.descriptors.DeclarationDescriptorWithVisibility            : loaded 2 times (x 66B)
Class com.google.common.collect.CollectCollectors$EnumSetAccumulator                  : loaded 2 times (x 68B)
Class org.jetbrains.kotlin.protobuf.SmallSortedMap                                    : loaded 2 times (x 126B)
Class it.unimi.dsi.fastutil.ints.IntArrays$ForkJoinQuickSortComp                      : loaded 2 times (x 92B)
Class kotlin.reflect.jvm.internal.ReflectProperties$Val$1                             : loaded 2 times (x 67B)
Class com.android.tools.lint.model.LintModelSerialization$LintModelSerializationFileAdapter: loaded 2 times (x 85B)
Class com.android.prefs.VariableType                                                  : loaded 2 times (x 75B)
Class org.objectweb.asm.AnnotationWriter                                              : loaded 2 times (x 75B)
Class com.google.common.cache.CacheStats                                              : loaded 2 times (x 67B)
Class it.unimi.dsi.fastutil.ints.IntSet                                               : loaded 2 times (x 66B)
Class kotlin.time.DurationKt                                                          : loaded 2 times (x 67B)
Class kotlin.reflect.jvm.internal.KProperty1Impl$$Lambda$0                            : loaded 2 times (x 72B)
Class kotlinx.coroutines.CoroutineStart$WhenMappings                                  : loaded 2 times (x 67B)
Class kotlinx.coroutines.scheduling.CoroutineScheduler$Worker                         : loaded 2 times (x 102B)
Class kotlin.reflect.jvm.internal.impl.builtins.jvm.JavaToKotlinClassMap$PlatformMutabilityMapping: loaded 2 times (x 68B)
Class org.jetbrains.kotlin.protobuf.ExtensionRegistryLite                             : loaded 2 times (x 70B)
Class org.jetbrains.kotlin.metadata.jvm.JvmProtoBuf$JvmFieldSignature                 : loaded 2 times (x 104B)
Class com.android.tools.analytics.CommonMetricsData$GarbageCollectionStatsDiffs       : loaded 2 times (x 67B)
Class com.google.protobuf.Internal$ListAdapter$Converter                              : loaded 2 times (x 66B)
Class org.codehaus.groovy.util.ComplexKeyHashMap$Entry                                : loaded 2 times (x 70B)
Class [Lgroovy.lang.MetaClass;                                                        : loaded 2 times (x 65B)
Class org.codehaus.groovy.reflection.ClassInfo$LazyClassLoaderRef                     : loaded 2 times (x 78B)
Class org.codehaus.groovy.util.ReferenceType$4                                        : loaded 2 times (x 76B)
Class org.jetbrains.kotlin.load.kotlin.header.KotlinClassHeader$Kind$Companion        : loaded 2 times (x 67B)
Class com.google.common.collect.MapMakerInternalMap$WeakKeyStrongValueEntry$LinkedWeakKeyStrongValueEntry: loaded 2 times (x 86B)
Class com.android.resources.ResourceType                                              : loaded 2 times (x 75B)
Class org.jetbrains.kotlin.protobuf.SmallSortedMap$EmptySet                           : loaded 2 times (x 67B)
Class org.jetbrains.kotlin.protobuf.MessageLite                                       : loaded 2 times (x 66B)
Class org.jetbrains.kotlin.metadata.ProtoBuf$Modality                                 : loaded 2 times (x 78B)
Class com.android.ide.common.resources.configuration.EnumBasedResourceQualifier       : loaded 2 times (x 85B)
Class com.android.tools.lint.model.PathVariables                                      : loaded 2 times (x 68B)
Class kotlin.collections.builders.MapBuilder$EntryRef                                 : loaded 2 times (x 77B)
Class com.google.common.collect.AbstractMapBasedMultimap$2                            : loaded 2 times (x 81B)
Class com.google.common.collect.ImmutableMultisetGwtSerializationDependencies         : loaded 2 times (x 121B)
Class org.objectweb.asm.RecordComponentWriter                                         : loaded 2 times (x 74B)
Class com.google.common.collect.Interners                                             : loaded 2 times (x 67B)
Class com.google.common.util.concurrent.AbstractFuture$Listener                       : loaded 2 times (x 68B)
Class kotlin.collections.AbstractSet$Companion                                        : loaded 2 times (x 67B)
Class groovy.lang.MetaClassImpl$3                                                     : loaded 2 times (x 74B)
Class com.google.protobuf.CodedOutputStream$UnsafeDirectNioEncoder                    : loaded 2 times (x 106B)
Class com.android.tools.analytics.HostData$memoryBean$2                               : loaded 2 times (x 74B)
Class org.codehaus.groovy.runtime.metaclass.ReflectionMetaMethod                      : loaded 2 times (x 93B)
Class org.codehaus.groovy.reflection.CachedMethod                                     : loaded 2 times (x 108B)
Class [Lorg.objectweb.asm.Label;                                                      : loaded 2 times (x 65B)
Class org.codehaus.groovy.util.ManagedConcurrentMap                                   : loaded 2 times (x 79B)
Class com.android.ide.common.gradle.Version$Companion$ParseState                      : loaded 2 times (x 66B)
Class com.google.common.base.Supplier                                                 : loaded 2 times (x 66B)
Class org.gradle.internal.classloader.VisitableURLClassLoader                         : loaded 2 times (x 113B)
Class com.google.protobuf.AbstractMessage                                             : loaded 2 times (x 160B)
Class com.android.tools.analytics.HostDataKt                                          : loaded 2 times (x 67B)
Class kotlin.coroutines.ContinuationInterceptor$DefaultImpls                          : loaded 2 times (x 67B)
Class org.gradle.api.internal.DefaultClassPathProvider                                : loaded 2 times (x 72B)
Class com.google.common.collect.ImmutableSet$SerializedForm                           : loaded 2 times (x 69B)
Class com.google.protobuf.ExtensionRegistryLite                                       : loaded 2 times (x 70B)
Class org.codehaus.groovy.control.CompilerConfiguration$1                             : loaded 2 times (x 118B)
Class org.codehaus.groovy.ast.stmt.LoopingStatement                                   : loaded 2 times (x 66B)
Class org.codehaus.groovy.runtime.metaclass.MetaMethodIndex                           : loaded 2 times (x 89B)
Class [Lcom.android.resources.ScreenRound;                                            : loaded 2 times (x 65B)
Class kotlin.reflect.jvm.internal.KClassImpl                                          : loaded 2 times (x 111B)
Class com.android.ide.common.repository.AgpVersion$Companion                          : loaded 2 times (x 67B)
Class com.android.prefs.AbstractAndroidLocations                                      : loaded 2 times (x 78B)
Class com.google.common.io.CharSource$AsByteSource                                    : loaded 2 times (x 81B)
Class com.google.common.collect.ImmutableList$SerializedForm                          : loaded 2 times (x 69B)
Class org.gradle.internal.Cast                                                        : loaded 2 times (x 67B)
Class org.gradle.api.Action                                                           : loaded 2 times (x 66B)
Class jdk.internal.jimage.decompressor.ZipDecompressor                                : loaded 2 times (x 71B)
Class org.objectweb.asm.AnnotationVisitor                                             : loaded 2 times (x 74B)
Class kotlin.collections.AbstractMutableList                                          : loaded 2 times (x 202B)
Class kotlinx.coroutines.CompletedExceptionally                                       : loaded 2 times (x 68B)
Class kotlin.coroutines.AbstractCoroutineContextKey                                   : loaded 2 times (x 68B)
Class com.google.common.collect.ComparatorOrdering                                    : loaded 2 times (x 111B)
Class com.google.common.collect.HashBiMap                                             : loaded 2 times (x 139B)
Class com.android.ide.common.gradle.Numeric                                           : loaded 2 times (x 73B)
Class com.android.tools.analytics.AnalyticsSettingsData$Companion                     : loaded 2 times (x 67B)
Class org.codehaus.groovy.ast.expr.ElvisOperatorExpression                            : loaded 2 times (x 126B)
Class org.codehaus.groovy.util.LockableObject                                         : loaded 2 times (x 74B)
Class kotlin.reflect.jvm.internal.KCallableImpl                                       : loaded 2 times (x 101B)
Class com.android.ide.common.resources.configuration.ResourceQualifier                : loaded 2 times (x 84B)
Class org.jetbrains.kotlin.protobuf.CodedOutputStream                                 : loaded 2 times (x 68B)
Class org.jetbrains.kotlin.metadata.ProtoBuf$Annotation                               : loaded 2 times (x 105B)
Class it.unimi.dsi.fastutil.ints.IntArrays$ArrayHashStrategy                          : loaded 2 times (x 71B)
Class kotlin.reflect.jvm.internal.impl.name.ClassId$Companion                         : loaded 2 times (x 67B)
Class org.jetbrains.kotlin.cli.common.messages.GradleStyleMessageRenderer             : loaded 2 times (x 74B)
Class com.android.ide.common.gradle.Version$Companion                                 : loaded 2 times (x 67B)
Class com.android.tools.lint.model.DefaultLintModelMavenName                          : loaded 2 times (x 83B)
Class kotlin.reflect.jvm.internal.impl.builtins.functions.FunctionTypeKind$Function   : loaded 2 times (x 68B)
Class org.jetbrains.kotlin.protobuf.CodedOutputStream$ByteBufferOutputStream          : loaded 2 times (x 82B)
Class org.objectweb.asm.Handler                                                       : loaded 2 times (x 68B)
Class com.google.common.base.Ticker                                                   : loaded 2 times (x 68B)
Class com.android.ide.common.resources.configuration.NavigationMethodQualifier        : loaded 2 times (x 86B)
Class org.codehaus.groovy.ast.Parameter                                               : loaded 2 times (x 147B)
Class org.codehaus.groovy.runtime.dgmimpl.arrays.CharacterArrayGetAtMetaMethod        : loaded 2 times (x 93B)
Class com.google.devtools.ksp.processing.KSPConfig                                    : loaded 2 times (x 68B)
Class com.google.protobuf.Utf8$SafeProcessor                                          : loaded 2 times (x 73B)
Class [Lcom.android.tools.analytics.Environment$EnvironmentVariable;                  : loaded 2 times (x 65B)
Class org.codehaus.groovy.ast.stmt.CaseStatement                                      : loaded 2 times (x 110B)
Class groovy.transform.Generated                                                      : loaded 2 times (x 66B)
Class [Lorg.jetbrains.kotlin.metadata.jvm.JvmProtoBuf$StringTableTypes$Record$Operation;: loaded 2 times (x 65B)
Class [Lorg.jetbrains.kotlin.load.kotlin.header.KotlinClassHeader$Kind;               : loaded 2 times (x 65B)
Class com.android.SdkConstants                                                        : loaded 2 times (x 67B)
Class kotlin.reflect.jvm.internal.KClassImpl$Data$$Lambda$10                          : loaded 2 times (x 72B)
Class kotlin.reflect.jvm.internal.KDeclarationContainerImpl$Data$$Lambda$0            : loaded 2 times (x 72B)
Class org.codehaus.groovy.reflection.CachedField                                      : loaded 2 times (x 78B)
Class groovy.lang.MetaClassImpl$2                                                     : loaded 2 times (x 92B)
Class com.google.common.collect.ImmutableSortedSet$Builder                            : loaded 2 times (x 82B)
Class [Lcom.google.common.cache.LocalCache$Segment;                                   : loaded 2 times (x 65B)
Class [Lcom.google.common.cache.LocalCache$Strength;                                  : loaded 2 times (x 65B)
Class com.google.common.cache.CacheBuilder$1                                          : loaded 2 times (x 81B)
Class org.gradle.internal.classpath.DefaultClassPath$ImmutableUniqueList$Builder      : loaded 2 times (x 71B)
Class org.codehaus.groovy.runtime.DefaultCachedMethodKey                              : loaded 2 times (x 75B)
Class kotlin.io.FileTreeWalk$WalkState                                                : loaded 2 times (x 69B)
Class kotlinx.coroutines.CoroutineStart                                               : loaded 2 times (x 75B)
Class kotlinx.coroutines.scheduling.UnlimitedIoScheduler                              : loaded 2 times (x 95B)
Class org.codehaus.groovy.control.ResolveVisitor$ConstructedClassWithPackage          : loaded 2 times (x 239B)
Class org.codehaus.groovy.ast.stmt.BreakStatement                                     : loaded 2 times (x 107B)
Class org.codehaus.groovy.runtime.metaclass.NewInstanceMetaMethod                     : loaded 2 times (x 95B)
Class groovy.io.GroovyPrintWriter                                                     : loaded 2 times (x 125B)
Class org.codehaus.groovy.ast.expr.PropertyExpression                                 : loaded 2 times (x 136B)
Class [Lgroovy.lang.MetaObjectProtocol;                                               : loaded 2 times (x 65B)
Class org.codehaus.groovy.util.ReferenceManager                                       : loaded 2 times (x 72B)
Class org.codehaus.groovy.reflection.stdclasses.FloatCachedClass                      : loaded 2 times (x 91B)
Class com.android.resources.GrammaticalGender                                         : loaded 2 times (x 82B)
Class org.jetbrains.kotlin.serialization.deserialization.ProtoEnumFlags               : loaded 2 times (x 67B)
Class com.android.ide.common.rendering.api.PluralsResourceValueImpl                   : loaded 2 times (x 113B)
Class com.android.ide.common.resources.configuration.DensityQualifier                 : loaded 2 times (x 85B)
Class com.android.ide.common.rendering.api.TextResourceValue                          : loaded 2 times (x 66B)
Class org.jetbrains.kotlin.protobuf.Internal$EnumLite                                 : loaded 2 times (x 66B)
Class kotlin.reflect.jvm.internal.KClassImpl$Data$$Lambda$11                          : loaded 2 times (x 72B)
Class kotlin.reflect.jvm.internal.KDeclarationContainerImpl$Data                      : loaded 2 times (x 68B)
Class [Lcom.android.prefs.LocationValue;                                              : loaded 2 times (x 65B)
Class kotlinx.coroutines.EventLoop_commonKt                                           : loaded 2 times (x 67B)
Class com.google.common.cache.LocalCache                                              : loaded 2 times (x 183B)
Class com.google.common.cache.CacheBuilder$2                                          : loaded 2 times (x 75B)
Class org.apache.commons.io.output.StringBuilderWriter                                : loaded 2 times (x 96B)
Class [Lorg.apache.commons.io.StandardLineSeparator;                                  : loaded 2 times (x 65B)
Class kotlinx.coroutines.CoroutineId                                                  : loaded 2 times (x 89B)
Class kotlinx.coroutines.EventLoopImplBase                                            : loaded 2 times (x 113B)
Class groovy.lang.MetaClassImpl$1                                                     : loaded 2 times (x 71B)
Class org.codehaus.groovy.control.CompilationFailedException                          : loaded 2 times (x 85B)
Class com.google.protobuf.Internal                                                    : loaded 2 times (x 67B)
Class com.google.gson.TypeAdapter$1                                                   : loaded 2 times (x 70B)
Class org.codehaus.groovy.runtime.ProcessGroovyMethods                                : loaded 2 times (x 67B)
Class org.codehaus.groovy.util.ComplexKeyHashMap                                      : loaded 2 times (x 75B)
Class org.codehaus.groovy.util.Reference                                              : loaded 2 times (x 66B)
Class org.codehaus.groovy.reflection.stdclasses.CachedSAMClass                        : loaded 2 times (x 91B)
Class org.jetbrains.kotlin.metadata.jvm.deserialization.JvmNameResolverBase           : loaded 2 times (x 76B)
Class kotlinx.coroutines.DebugKt                                                      : loaded 2 times (x 67B)
Class org.gradle.api.internal.classpath.EffectiveClassPath                            : loaded 2 times (x 86B)
Class org.jetbrains.kotlin.protobuf.RopeByteString                                    : loaded 2 times (x 106B)
Class kotlin.reflect.jvm.internal.impl.builtins.PrimitiveType$Companion               : loaded 2 times (x 67B)
Class kotlin.reflect.jvm.internal.KClassImpl$Data$$Lambda$12                          : loaded 2 times (x 72B)
Class kotlin.reflect.jvm.internal.KClassImpl$Data                                     : loaded 2 times (x 68B)
Class com.google.common.cache.CacheBuilder$3                                          : loaded 2 times (x 68B)
Class org.gradle.api.GradleException                                                  : loaded 2 times (x 78B)
Class jdk.internal.jimage.ImageStrings                                                : loaded 2 times (x 66B)
Class com.google.common.collect.Ordering                                              : loaded 2 times (x 110B)
Class [Lcom.android.ide.common.repository.AgpVersion$PreviewKind;                     : loaded 2 times (x 65B)
Class it.unimi.dsi.fastutil.ints.Int2ObjectMap                                        : loaded 2 times (x 66B)
Class kotlin.collections.AbstractMap$Companion                                        : loaded 2 times (x 67B)
Class kotlin.reflect.jvm.internal.KProperty1Impl                                      : loaded 2 times (x 124B)
Class com.android.ide.common.resources.ResourceMergerItem$1                           : loaded 2 times (x 119B)
Class org.codehaus.groovy.vmplugin.v9.ClassFinder$1                                   : loaded 2 times (x 80B)
Class groovy.lang.SpreadMapEvaluatingException                                        : loaded 2 times (x 83B)
Class org.codehaus.groovy.reflection.CachedMethod$MyComparator                        : loaded 2 times (x 86B)
Class org.codehaus.groovy.runtime.m12n.ExtensionModuleRegistry                        : loaded 2 times (x 73B)
Class org.codehaus.groovy.reflection.GeneratedMetaMethod$Proxy                        : loaded 2 times (x 92B)
Class groovy.lang.MetaClassRegistry                                                   : loaded 2 times (x 66B)
Class [Lcom.android.resources.LayoutDirection;                                        : loaded 2 times (x 65B)
Class com.android.ide.common.resources.configuration.FolderConfiguration              : loaded 2 times (x 71B)
Class org.jetbrains.kotlin.metadata.deserialization.BinaryVersion                     : loaded 2 times (x 70B)
Class kotlin.reflect.jvm.internal.KClassImpl$Data$$Lambda$13                          : loaded 2 times (x 72B)
Class org.jetbrains.kotlin.metadata.ProtoBuf$Type$Argument$1                          : loaded 2 times (x 140B)
Class com.android.ide.common.gradle.Version                                           : loaded 2 times (x 71B)
Class org.jetbrains.org.objectweb.asm.SymbolTable$Entry                               : loaded 2 times (x 70B)
Class org.apache.commons.io.StandardLineSeparator                                     : loaded 2 times (x 75B)
Class com.google.common.base.Suppliers$MemoizingSupplier                              : loaded 2 times (x 75B)
Class com.google.common.collect.ForwardingMap                                         : loaded 2 times (x 128B)
Class com.google.common.io.CharSource$EmptyCharSource                                 : loaded 2 times (x 82B)
Class org.jetbrains.kotlin.metadata.deserialization.Flags$EnumLiteFlagField           : loaded 2 times (x 72B)
Class com.android.ide.common.resources.configuration.ScreenHeightQualifier            : loaded 2 times (x 84B)
Class kotlinx.coroutines.DefaultExecutorKt                                            : loaded 2 times (x 67B)
Class kotlinx.coroutines.Unconfined                                                   : loaded 2 times (x 95B)
Class kotlinx.coroutines.GlobalScope                                                  : loaded 2 times (x 70B)
Class org.jetbrains.kotlin.metadata.jvm.JvmProtoBuf$StringTableTypesOrBuilder         : loaded 2 times (x 66B)
Class org.codehaus.groovy.reflection.CachedClass                                      : loaded 2 times (x 91B)
Class com.android.ide.common.resources.ResourceMergerItem$2                           : loaded 2 times (x 113B)
Class com.android.ide.common.resources.ResourceItem                                   : loaded 2 times (x 66B)
Class com.google.protobuf.Internal$EnumLiteMap                                        : loaded 2 times (x 66B)
Class com.android.tools.analytics.NullUsageTracker                                    : loaded 2 times (x 77B)
Class org.codehaus.groovy.ast.AnnotationNode                                          : loaded 2 times (x 115B)
Class org.codehaus.groovy.ast.stmt.SwitchStatement                                    : loaded 2 times (x 113B)
Class org.codehaus.groovy.runtime.GroovyCategorySupport                               : loaded 2 times (x 67B)
Class groovy.lang.MetaClassImpl$Index                                                 : loaded 2 times (x 84B)
Class org.codehaus.groovy.runtime.metaclass.NewMetaMethod                             : loaded 2 times (x 95B)
Class org.codehaus.groovy.reflection.stdclasses.DoubleCachedClass                     : loaded 2 times (x 91B)
Class org.apache.groovy.util.BeanUtils                                                : loaded 2 times (x 67B)
Class com.google.protobuf.UnknownFieldSet                                             : loaded 2 times (x 83B)
Class com.android.resources.FolderTypeRelationship                                    : loaded 2 times (x 67B)
Class org.jetbrains.kotlin.metadata.ProtoBuf$Type$Argument$Projection                 : loaded 2 times (x 78B)
Class kotlin.reflect.jvm.internal.KClassImpl$Data$$Lambda$14                          : loaded 2 times (x 72B)
Class kotlin.reflect.jvm.internal.KTypeParameterOwnerImpl                             : loaded 2 times (x 66B)
Class com.android.ide.common.rendering.api.ResourceNamespace$AaptNamespace            : loaded 2 times (x 76B)
Class [Lkotlin.time.DurationUnit;                                                     : loaded 2 times (x 65B)
Class kotlin.io.FileTreeWalk$FileTreeWalkIterator                                     : loaded 2 times (x 79B)
Class kotlin.collections.builders.MapBuilder$KeysItr                                  : loaded 2 times (x 77B)
Class kotlinx.coroutines.AbstractCoroutine                                            : loaded 2 times (x 140B)
Class com.squareup.javapoet.LineWrapper$RecordingAppendable                           : loaded 2 times (x 73B)
Class kotlin.sequences.SequencesKt___SequencesKt$asIterable$$inlined$Iterable$1       : loaded 2 times (x 75B)
Class com.google.protobuf.LazyStringList                                              : loaded 2 times (x 66B)
Class groovy.lang.MetaBeanProperty                                                    : loaded 2 times (x 79B)
Class org.codehaus.groovy.runtime.DefaultGroovyMethods$1                              : loaded 2 times (x 74B)
Class org.codehaus.groovy.runtime.GeneratedClosure                                    : loaded 2 times (x 66B)
Class com.android.resources.NightMode                                                 : loaded 2 times (x 82B)
Class [Lcom.android.resources.UiMode;                                                 : loaded 2 times (x 65B)
Class org.jetbrains.kotlin.metadata.jvm.JvmProtoBuf$JvmPropertySignature$Builder      : loaded 2 times (x 137B)
Class org.gradle.internal.classloader.ClassLoaderVisitor                              : loaded 2 times (x 72B)
Class kotlin.reflect.jvm.internal.impl.name.Name                                      : loaded 2 times (x 71B)
Class kotlin.reflect.jvm.internal.KClassImpl$Data$$Lambda$15                          : loaded 2 times (x 72B)
Class kotlin.reflect.jvm.internal.KPropertyImpl$Companion                             : loaded 2 times (x 67B)
Class it.unimi.dsi.fastutil.objects.ObjectSet                                         : loaded 2 times (x 66B)
Class com.android.tools.lint.model.DefaultLintModelSourceProvider                     : loaded 2 times (x 80B)
Class [Lcom.android.prefs.VariableType;                                               : loaded 2 times (x 65B)
Class [Lorg.jetbrains.org.objectweb.asm.Symbol;                                       : loaded 2 times (x 65B)
Class com.google.common.collect.Iterables$4                                           : loaded 2 times (x 77B)
Class com.google.common.collect.MapMakerInternalMap$StrongKeyDummyValueSegment        : loaded 2 times (x 138B)
Class com.google.common.cache.LocalCache$EntryFactory                                 : loaded 2 times (x 79B)
Class com.squareup.javapoet.Util                                                      : loaded 2 times (x 67B)
Class com.google.common.collect.ReverseNaturalOrdering                                : loaded 2 times (x 110B)
Class org.apache.commons.io.file.PathUtils                                            : loaded 2 times (x 67B)
Class [Lcom.google.common.collect.AbstractIterator$State;                             : loaded 2 times (x 65B)
Class com.android.utils.EnvironmentProvider$DirectEnvironmentProvider                 : loaded 2 times (x 76B)
Class kotlin.text.MatcherMatchResult$groupValues$1                                    : loaded 2 times (x 194B)
Class kotlin.reflect.jvm.internal.KPropertyImpl$$Lambda$1                             : loaded 2 times (x 72B)
Class com.android.tools.analytics.HostData$runtimeBean$2                              : loaded 2 times (x 74B)
Class com.google.protobuf.GeneratedMessageV3$Builder                                  : loaded 2 times (x 274B)
Class com.google.protobuf.MutabilityOracle                                            : loaded 2 times (x 66B)
Class org.codehaus.groovy.reflection.ReflectionUtils                                  : loaded 2 times (x 67B)
Class org.jetbrains.kotlin.metadata.ProtoBuf$Contract                                 : loaded 2 times (x 103B)
Class org.jetbrains.kotlin.metadata.ProtoBuf$VersionRequirementTable$1                : loaded 2 times (x 140B)
Class it.unimi.dsi.fastutil.ints.IntArrays$ForkJoinQuickSortIndirect                  : loaded 2 times (x 92B)
Class kotlin.reflect.jvm.internal.impl.name.FqNameUnsafe                              : loaded 2 times (x 68B)
Class kotlin.reflect.jvm.internal.KClassImpl$Data$$Lambda$16                          : loaded 2 times (x 72B)
Class [Lcom.android.ide.common.gradle.Separator;                                      : loaded 2 times (x 65B)
Class com.android.prefs.QueryResult                                                   : loaded 2 times (x 80B)
Class com.google.common.base.CharMatcher$Whitespace                                   : loaded 2 times (x 108B)
Class com.google.common.base.Splitter$1$1                                             : loaded 2 times (x 82B)
Class com.google.common.reflect.TypeParameter                                         : loaded 2 times (x 68B)
Class com.google.common.collect.NullsLastOrdering                                     : loaded 2 times (x 111B)
Class [Lcom.google.common.collect.MapMaker$Dummy;                                     : loaded 2 times (x 65B)
Class com.google.common.cache.LocalCache$AbstractReferenceEntry                       : loaded 2 times (x 103B)
Class org.gradle.internal.IoActions                                                   : loaded 2 times (x 67B)
Class org.jetbrains.kotlin.metadata.jvm.deserialization.JvmNameResolver               : loaded 2 times (x 76B)
Class com.google.wireless.android.sdk.stats.GarbageCollectionStatsOrBuilder           : loaded 2 times (x 66B)
Class kotlinx.coroutines.CopyableThreadContextElement                                 : loaded 2 times (x 66B)
Class kotlin.sequences.SequencesKt___SequencesKt$flatMap$1                            : loaded 2 times (x 121B)
Class org.gradle.internal.classloader.DefaultClassLoaderFactory                       : loaded 2 times (x 78B)
Class kotlinx.coroutines.scheduling.TaskContext                                       : loaded 2 times (x 66B)
Class com.google.protobuf.Android                                                     : loaded 2 times (x 67B)
Class org.codehaus.groovy.ast.expr.MethodCall                                         : loaded 2 times (x 66B)
Class org.codehaus.groovy.ast.expr.ExpressionTransformer                              : loaded 2 times (x 66B)
Class groovy.lang.ReadOnlyPropertyException                                           : loaded 2 times (x 85B)
Class org.codehaus.groovy.runtime.dgmimpl.arrays.ShortArrayGetAtMetaMethod            : loaded 2 times (x 93B)
Class org.codehaus.groovy.runtime.callsite.CallSite                                   : loaded 2 times (x 66B)
Class groovy.lang.GString                                                             : loaded 2 times (x 117B)
Class com.google.common.base.Suppliers                                                : loaded 2 times (x 67B)
Class org.jetbrains.kotlin.descriptors.Visibilities$Local                             : loaded 2 times (x 75B)
Class org.jetbrains.kotlin.metadata.jvm.deserialization.JvmNameResolverBase$WhenMappings: loaded 2 times (x 67B)
Class org.jetbrains.kotlin.metadata.jvm.deserialization.BitEncoding                   : loaded 2 times (x 67B)
Class [Lcom.google.common.cache.CacheBuilder$OneWeigher;                              : loaded 2 times (x 65B)
Class com.google.common.collect.MapMakerInternalMap$StrongKeyDummyValueEntry$LinkedStrongKeyDummyValueEntry: loaded 2 times (x 78B)
Class org.objectweb.asm.MethodTooLargeException                                       : loaded 2 times (x 79B)
Class com.android.ide.common.resources.configuration.LocaleQualifier                  : loaded 2 times (x 85B)
Class org.jetbrains.kotlin.protobuf.WireFormat                                        : loaded 2 times (x 67B)
Class kotlin.io.path.PathsKt__PathReadWriteKt                                         : loaded 2 times (x 67B)
Class [Lkotlin.reflect.jvm.internal.impl.name.ClassId;                                : loaded 2 times (x 65B)
Class kotlin.reflect.jvm.internal.KClassImpl$Data$$Lambda$17                          : loaded 2 times (x 72B)
Class kotlin.reflect.jvm.internal.KCallableImpl$$Lambda$0                             : loaded 2 times (x 72B)
Class kotlin.reflect.jvm.internal.EmptyContainerForLocal                              : loaded 2 times (x 80B)
Class it.unimi.dsi.fastutil.objects.AbstractObjectSet                                 : loaded 2 times (x 175B)
Class com.android.tools.lint.model.LintModelModule                                    : loaded 2 times (x 66B)
Class org.objectweb.asm.SymbolTable                                                   : loaded 2 times (x 68B)
Class com.google.common.cache.CacheLoader$InvalidCacheLoadException                   : loaded 2 times (x 78B)
Class org.gradle.internal.classloader.SystemClassLoaderSpec                           : loaded 2 times (x 67B)
Class com.google.gson.JsonSyntaxException                                             : loaded 2 times (x 78B)
Class kotlin.reflect.jvm.internal.KPropertyImpl$$Lambda$0                             : loaded 2 times (x 72B)
Class kotlin.reflect.jvm.internal.impl.name.FqName                                    : loaded 2 times (x 68B)
Class kotlinx.coroutines.internal.LockFreeLinkedListNode                              : loaded 2 times (x 71B)
Class com.android.ide.common.resources.configuration.LayoutDirectionQualifier         : loaded 2 times (x 87B)
Class org.codehaus.groovy.util.Finalizable                                            : loaded 2 times (x 66B)
Class kotlin.coroutines.CoroutineContext$DefaultImpls                                 : loaded 2 times (x 67B)
Class org.codehaus.groovy.util.ReferenceBundle                                        : loaded 2 times (x 70B)
Class groovy.lang.GroovyRuntimeException                                              : loaded 2 times (x 83B)
Class org.codehaus.groovy.runtime.metaclass.MultipleSetterProperty                    : loaded 2 times (x 78B)
Class com.android.ide.common.rendering.api.StyleableResourceValueImpl                 : loaded 2 times (x 107B)
Class groovy.lang.MutableMetaClass                                                    : loaded 2 times (x 66B)
Class org.codehaus.groovy.reflection.stdclasses.StringCachedClass                     : loaded 2 times (x 91B)
Class [Lcom.android.resources.HighDynamicRange;                                       : loaded 2 times (x 65B)
Class com.google.common.collect.Queues                                                : loaded 2 times (x 67B)
Class kotlin.reflect.jvm.internal.KCallableImpl$$Lambda$1                             : loaded 2 times (x 72B)
Class kotlin.text.MatcherMatchResult$groups$1                                         : loaded 2 times (x 147B)
Class org.jetbrains.org.objectweb.asm.Frame                                           : loaded 2 times (x 69B)
Class com.google.common.collect.FluentIterable                                        : loaded 2 times (x 77B)
Class com.google.common.cache.LocalCache$StrongEntry                                  : loaded 2 times (x 104B)
Class com.google.common.util.concurrent.AbstractFuture$TrustedFuture                  : loaded 2 times (x 110B)
Class com.google.common.cache.LoadingCache                                            : loaded 2 times (x 66B)
Class jdk.internal.jrtfs.JrtFileSystem                                                : loaded 2 times (x 98B)
Class kotlin.sequences.TakeWhileSequence                                              : loaded 2 times (x 71B)
Class org.codehaus.groovy.ast.stmt.ExpressionStatement                                : loaded 2 times (x 108B)
Class org.codehaus.groovy.ast.stmt.SynchronizedStatement                              : loaded 2 times (x 110B)
Class com.google.protobuf.Internal$IntList                                            : loaded 2 times (x 66B)
Class com.google.protobuf.GeneratedMessageV3$BuilderParent                            : loaded 2 times (x 66B)
Class com.google.protobuf.AbstractProtobufList                                        : loaded 2 times (x 225B)
Class org.codehaus.groovy.runtime.memoize.ValueConvertable                            : loaded 2 times (x 66B)
Class org.codehaus.groovy.ast.AnnotatedNode                                           : loaded 2 times (x 118B)
Class kotlinx.coroutines.EventLoopImplPlatform                                        : loaded 2 times (x 103B)
Class org.jetbrains.kotlin.load.kotlin.FileBasedKotlinClass$InnerClassesInfo          : loaded 2 times (x 70B)
Class kotlinx.coroutines.scheduling.SchedulerTimeSource                               : loaded 2 times (x 68B)
Class kotlinx.coroutines.scheduling.CoroutineScheduler                                : loaded 2 times (x 77B)
Class org.jetbrains.kotlin.metadata.ProtoBuf$Type$Argument                            : loaded 2 times (x 106B)
Class it.unimi.dsi.fastutil.BidirectionalIterator                                     : loaded 2 times (x 66B)
Class kotlin.reflect.jvm.internal.KCallableImpl$$Lambda$2                             : loaded 2 times (x 72B)
Class it.unimi.dsi.fastutil.objects.ObjectCollection                                  : loaded 2 times (x 66B)
Class com.android.tools.lint.model.DefaultLintModelModule                             : loaded 2 times (x 94B)
Class com.google.common.base.Suppliers$NonSerializableMemoizingSupplier               : loaded 2 times (x 75B)
Class [Lcom.google.common.cache.Weigher;                                              : loaded 2 times (x 65B)
Class jdk.internal.jimage.decompressor.CompressedResourceHeader                       : loaded 2 times (x 67B)
Class com.google.common.collect.TransformedListIterator                               : loaded 2 times (x 89B)
Class [Lorg.objectweb.asm.Symbol;                                                     : loaded 2 times (x 65B)
Class com.google.common.reflect.TypeCapture                                           : loaded 2 times (x 67B)
Class kotlinx.coroutines.internal.LockFreeTaskQueueCore$Companion                     : loaded 2 times (x 67B)
Class com.android.utils.ILogger                                                       : loaded 2 times (x 66B)
Class com.android.utils.NullLogger                                                    : loaded 2 times (x 81B)
Class com.android.tools.analytics.HostData$graphicsEnvironment$2                      : loaded 2 times (x 74B)
Class com.google.protobuf.Message$Builder                                             : loaded 2 times (x 66B)
Class com.android.tools.analytics.Environment$EnvironmentVariable                     : loaded 2 times (x 75B)
Class org.jetbrains.kotlin.resolve.scopes.receivers.Receiver                          : loaded 2 times (x 66B)
Class com.android.ide.common.resources.configuration.ScreenRatioQualifier             : loaded 2 times (x 87B)
Class org.jetbrains.kotlin.metadata.ProtoBuf$Modality$1                               : loaded 2 times (x 70B)
Class kotlin.reflect.jvm.internal.KCallableImpl$$Lambda$3                             : loaded 2 times (x 72B)
Class org.jetbrains.kotlin.cli.common.CompilerSystemProperties$Companion              : loaded 2 times (x 67B)
Class com.android.ide.common.gradle.Version$Companion$ParseState$EMPTY                : loaded 2 times (x 70B)
Class com.google.common.collect.ImmutableMultimap$1                                   : loaded 2 times (x 78B)
Class com.google.common.collect.AbstractMapBasedMultimap$RandomAccessWrappedList      : loaded 2 times (x 201B)
Class it.unimi.dsi.fastutil.objects.ReferenceSet                                      : loaded 2 times (x 66B)
Class org.jetbrains.kotlin.protobuf.ByteString$Output                                 : loaded 2 times (x 82B)
Class org.codehaus.groovy.vmplugin.v9.ClassFindFailedException                        : loaded 2 times (x 78B)
Class org.codehaus.groovy.util.ComplexKeyHashMap$1                                    : loaded 2 times (x 75B)
Class org.codehaus.groovy.util.AbstractConcurrentMapBase                              : loaded 2 times (x 73B)
Class org.codehaus.groovy.runtime.ResourceGroovyMethods                               : loaded 2 times (x 67B)
Class org.codehaus.groovy.runtime.IOGroovyMethods                                     : loaded 2 times (x 67B)
Class org.codehaus.groovy.reflection.GroovyClassValueFactory                          : loaded 2 times (x 67B)
Class org.codehaus.groovy.ast.PackageNode                                             : loaded 2 times (x 119B)
Class kotlin.reflect.jvm.internal.KCallableImpl$$Lambda$4                             : loaded 2 times (x 72B)
Class com.android.ide.common.repository.AgpVersion$Companion$WhenMappings             : loaded 2 times (x 67B)
Class groovy.lang.MetaClassImpl$MethodIndex                                           : loaded 2 times (x 85B)
Class groovy.lang.MetaClassImpl$10                                                    : loaded 2 times (x 73B)
Class com.google.common.collect.AbstractIterator$State                                : loaded 2 times (x 75B)
Class com.google.common.collect.ImmutableMultimap$2                                   : loaded 2 times (x 77B)
Class com.google.common.cache.LocalCache$ValueReference                               : loaded 2 times (x 66B)
Class org.codehaus.groovy.reflection.MixinInMetaClass                                 : loaded 2 times (x 83B)
Class kotlin.collections.ArrayDeque$Companion                                         : loaded 2 times (x 67B)
Class com.google.gson.internal.bind.JsonTreeReader                                    : loaded 2 times (x 94B)
Class com.android.utils.FileUtils                                                     : loaded 2 times (x 67B)
Class kotlinx.coroutines.CoroutineScope                                               : loaded 2 times (x 66B)
Class org.codehaus.groovy.runtime.dgmimpl.arrays.FloatArrayPutAtMetaMethod            : loaded 2 times (x 93B)
Class groovy.lang.GString$1                                                           : loaded 2 times (x 117B)
Class groovy.util.BufferedIterator                                                    : loaded 2 times (x 66B)
Class groovy.lang.GroovyObject                                                        : loaded 2 times (x 66B)
Class kotlinx.coroutines.ChildHandle                                                  : loaded 2 times (x 66B)
Class kotlin.coroutines.jvm.internal.Boxing                                           : loaded 2 times (x 67B)
Class kotlin.collections.builders.ListBuilder$Itr                                     : loaded 2 times (x 90B)
Class org.jetbrains.kotlin.descriptors.annotations.Annotated                          : loaded 2 times (x 66B)
Class org.jetbrains.kotlin.descriptors.SourceElement$1                                : loaded 2 times (x 70B)
Class it.unimi.dsi.fastutil.ints.IntArrays$Segment                                    : loaded 2 times (x 67B)
Class it.unimi.dsi.fastutil.ints.IntBidirectionalIterator                             : loaded 2 times (x 66B)
Class kotlin.reflect.jvm.internal.KCallableImpl$$Lambda$5                             : loaded 2 times (x 72B)
Class it.unimi.dsi.fastutil.ints.AbstractInt2ObjectMap                                : loaded 2 times (x 211B)
Class jdk.internal.jimage.decompressor.StringSharingDecompressorFactory               : loaded 2 times (x 70B)
Class com.android.tools.lint.model.LintModelAndroidLibrary                            : loaded 2 times (x 66B)
Class com.android.tools.lint.model.DefaultLintModelAndroidArtifact                    : loaded 2 times (x 89B)
Class [Lorg.jetbrains.org.objectweb.asm.AnnotationVisitor;                            : loaded 2 times (x 65B)
Class com.google.common.util.concurrent.AbstractFuture$Failure                        : loaded 2 times (x 68B)
Class kotlin.jvm.internal.MutablePropertyReference2                                   : loaded 2 times (x 133B)
Class kotlin.reflect.jvm.internal.ReflectProperties$Val                               : loaded 2 times (x 70B)
Class org.jetbrains.kotlin.protobuf.GeneratedMessageLite$ExtendableMessageOrBuilder   : loaded 2 times (x 66B)
Class org.jetbrains.kotlin.metadata.ProtoBuf$FunctionOrBuilder                        : loaded 2 times (x 66B)
Class com.android.ide.common.resources.DataFile                                       : loaded 2 times (x 79B)
Class com.android.ide.common.rendering.api.ResourceValueImpl                          : loaded 2 times (x 94B)
Class org.jetbrains.kotlin.protobuf.GeneratedMessageLite$1                            : loaded 2 times (x 67B)
Class com.google.protobuf.PrimitiveNonBoxingCollection                                : loaded 2 times (x 66B)
Class com.google.gson.stream.JsonReader                                               : loaded 2 times (x 93B)
Class org.codehaus.groovy.runtime.DefaultGroovyMethodsSupport                         : loaded 2 times (x 67B)
Class groovy.lang.groovydoc.Groovydoc                                                 : loaded 2 times (x 72B)
Class groovy.lang.MissingFieldException                                               : loaded 2 times (x 85B)
Class [Lcom.android.resources.NightMode;                                              : loaded 2 times (x 65B)
Class org.codehaus.groovy.ast.MethodNode                                              : loaded 2 times (x 153B)
Class org.codehaus.groovy.runtime.MetaClassHelper                                     : loaded 2 times (x 67B)
Class kotlin.reflect.jvm.internal.KProperty0Impl                                      : loaded 2 times (x 124B)
Class kotlin.reflect.jvm.internal.CacheByClassKt                                      : loaded 2 times (x 67B)
Class org.codehaus.groovy.ast.expr.TupleExpression                                    : loaded 2 times (x 134B)
Class [Lorg.apache.commons.io.file.DeleteOption;                                      : loaded 2 times (x 65B)
Class com.google.common.collect.ByFunctionOrdering                                    : loaded 2 times (x 111B)
Class org.objectweb.asm.CurrentFrame                                                  : loaded 2 times (x 69B)
Class org.objectweb.asm.ClassTooLargeException                                        : loaded 2 times (x 79B)
Class com.google.gson.stream.MalformedJsonException                                   : loaded 2 times (x 78B)
Class com.android.tools.analytics.HostData$threadBean$2                               : loaded 2 times (x 74B)
Class com.google.protobuf.WireFormat                                                  : loaded 2 times (x 67B)
Class org.gradle.api.internal.classpath.ManifestUtil                                  : loaded 2 times (x 67B)
Class com.google.common.collect.AbstractMapBasedMultimap$WrappedCollection            : loaded 2 times (x 120B)
Class com.android.tools.analytics.CommonMetricsData                                   : loaded 2 times (x 67B)
Class org.codehaus.groovy.ast.expr.MethodPointerExpression                            : loaded 2 times (x 127B)
Class org.codehaus.groovy.runtime.DefaultGroovyStaticMethods                          : loaded 2 times (x 67B)
Class com.google.common.util.concurrent.ExecutionError                                : loaded 2 times (x 78B)
Class com.android.tools.lint.model.DefaultLintModelVariant$mainArtifact$2             : loaded 2 times (x 75B)
Class com.android.sdklib.IAndroidTarget                                               : loaded 2 times (x 66B)
Class com.android.resources.ResourceFolderType                                        : loaded 2 times (x 75B)
Class org.jetbrains.kotlin.metadata.deserialization.MetadataVersion$Companion         : loaded 2 times (x 67B)
Class [Lorg.jetbrains.kotlin.metadata.ProtoBuf$Type$Argument$Projection;              : loaded 2 times (x 65B)
Class org.jetbrains.kotlin.cli.common.messages.MessageCollector$Companion$NONE$1      : loaded 2 times (x 72B)
Class com.android.ide.common.gradle.Version$Companion$ParseState$NUMERIC              : loaded 2 times (x 70B)
Class com.android.ide.common.repository.AgpVersion$PreviewKind                        : loaded 2 times (x 75B)
Class [Lcom.android.tools.lint.model.LintModelModuleType;                             : loaded 2 times (x 65B)
Class com.android.tools.lint.model.LintModelSerialization$LintModelSerializationFileAdapter$WhenMappings: loaded 2 times (x 67B)
Class kotlin.reflect.jvm.internal.KProperty0Impl$$Lambda$1                            : loaded 2 times (x 72B)
Class [Lorg.jetbrains.kotlin.metadata.ProtoBuf$Modality;                              : loaded 2 times (x 65B)
Class org.jetbrains.org.objectweb.asm.RecordComponentWriter                           : loaded 2 times (x 74B)
Class org.objectweb.asm.Frame                                                         : loaded 2 times (x 69B)
Class com.google.common.collect.Table                                                 : loaded 2 times (x 66B)
Class com.google.common.cache.LocalCache$EntryFactory$1                               : loaded 2 times (x 79B)
Class [Lcom.google.common.cache.RemovalListener;                                      : loaded 2 times (x 65B)
Class com.android.ide.common.blame.SourcePosition                                     : loaded 2 times (x 67B)
Class com.android.ide.common.resources.configuration.ScreenOrientationQualifier       : loaded 2 times (x 86B)
Class kotlinx.coroutines.scheduling.TaskContextImpl                                   : loaded 2 times (x 71B)
Class org.codehaus.groovy.reflection.stdclasses.LongCachedClass                       : loaded 2 times (x 91B)
Class [Lcom.android.tools.analytics.JournalingUsageTracker$State;                     : loaded 2 times (x 65B)
Class org.codehaus.groovy.ast.stmt.BlockStatement                                     : loaded 2 times (x 111B)
Class org.apache.groovy.plugin.GroovyRunnerRegistry                                   : loaded 2 times (x 130B)
Class org.codehaus.groovy.runtime.metaclass.MetaClassRegistryImpl$DefaultModuleListener: loaded 2 times (x 72B)
Class com.google.common.collect.RegularImmutableBiMap$Inverse$InverseEntrySet         : loaded 2 times (x 148B)
Class [Lcom.android.resources.NavigationState;                                        : loaded 2 times (x 65B)
Class org.codehaus.groovy.reflection.stdclasses.ShortCachedClass                      : loaded 2 times (x 91B)
Class org.jetbrains.kotlin.descriptors.ValidateableDescriptor                         : loaded 2 times (x 66B)
Class org.codehaus.groovy.reflection.stdclasses.BooleanCachedClass                    : loaded 2 times (x 91B)
Class org.jetbrains.kotlin.metadata.jvm.JvmProtoBuf$JvmPropertySignature$1            : loaded 2 times (x 140B)
Class kotlin.reflect.jvm.internal.CachesKt                                            : loaded 2 times (x 67B)
Class com.google.common.cache.LocalCache$EntryFactory$2                               : loaded 2 times (x 79B)
Class org.gradle.api.internal.classpath.GlobalCacheRootsProvider                      : loaded 2 times (x 66B)
Class groovy.lang.MetaProperty                                                        : loaded 2 times (x 73B)
Class org.codehaus.groovy.ast.expr.BinaryExpression                                   : loaded 2 times (x 130B)
Class kotlin.reflect.jvm.internal.KMutableProperty0Impl                               : loaded 2 times (x 131B)
Class com.google.protobuf.CodedInputStream$StreamDecoder                              : loaded 2 times (x 116B)
Class com.android.ide.common.rendering.api.AttrResourceValue                          : loaded 2 times (x 66B)
Class org.apache.groovy.util.Maps                                                     : loaded 2 times (x 67B)
Class org.codehaus.groovy.ast.stmt.TryCatchStatement                                  : loaded 2 times (x 117B)
Class org.codehaus.groovy.runtime.metaclass.MethodSelectionException                  : loaded 2 times (x 83B)
Class org.codehaus.groovy.util.TripleKeyHashMap                                       : loaded 2 times (x 78B)
Class org.codehaus.groovy.util.FastArray                                              : loaded 2 times (x 81B)
Class org.gradle.internal.classloader.ClassLoaderHierarchy                            : loaded 2 times (x 66B)
Class com.google.common.collect.SortedSetMultimap                                     : loaded 2 times (x 66B)
Class it.unimi.dsi.fastutil.ints.IntArrays$ForkJoinQuickSort                          : loaded 2 times (x 92B)
Class com.android.prefs.Global                                                        : loaded 2 times (x 76B)
Class kotlin.jvm.internal.MutablePropertyReference0                                   : loaded 2 times (x 133B)
Class com.google.common.collect.Multimaps                                             : loaded 2 times (x 67B)
Class org.objectweb.asm.ModuleWriter                                                  : loaded 2 times (x 78B)
Class com.google.common.cache.LocalCache$EntryFactory$3                               : loaded 2 times (x 79B)
Class com.google.common.base.Ticker$1                                                 : loaded 2 times (x 68B)
Class kotlinx.coroutines.Incomplete                                                   : loaded 2 times (x 66B)
Class com.android.ide.common.rendering.api.ResourceValue                              : loaded 2 times (x 66B)
Class com.google.protobuf.Descriptors$Descriptor                                      : loaded 2 times (x 72B)
Class [Lcom.android.tools.analytics.Environment$SystemProperty;                       : loaded 2 times (x 65B)
Class com.android.tools.analytics.AnalyticsSettings                                   : loaded 2 times (x 67B)
Class org.codehaus.groovy.control.MultipleCompilationErrorsException                  : loaded 2 times (x 86B)
Class org.codehaus.groovy.runtime.metaclass.ThreadManagedMetaBeanProperty             : loaded 2 times (x 82B)
Class groovy.lang.groovydoc.GroovydocHolder                                           : loaded 2 times (x 66B)
Class org.codehaus.groovy.util.ManagedConcurrentLinkedQueue$Element                   : loaded 2 times (x 72B)
Class groovy.lang.GroovyCallable                                                      : loaded 2 times (x 66B)
Class groovy.lang.GroovyObjectSupport                                                 : loaded 2 times (x 80B)
Class com.android.resources.TouchScreen                                               : loaded 2 times (x 82B)
Class kotlin.reflect.jvm.internal.impl.builtins.CompanionObjectMapping                : loaded 2 times (x 67B)
Class it.unimi.dsi.fastutil.Stack                                                     : loaded 2 times (x 66B)
Class org.jetbrains.kotlin.cli.common.messages.MessageRenderer                        : loaded 2 times (x 66B)
Class kotlin.reflect.jvm.internal.KProperty0Impl$$Lambda$0                            : loaded 2 times (x 72B)
Class org.jetbrains.kotlin.metadata.ProtoBuf$ContractOrBuilder                        : loaded 2 times (x 66B)
Class com.google.common.collect.SetMultimap                                           : loaded 2 times (x 66B)
Class com.google.common.cache.LocalCache$EntryFactory$4                               : loaded 2 times (x 79B)
Class kotlin.concurrent.LocksKt                                                       : loaded 2 times (x 67B)
Class [Lorg.jetbrains.kotlin.metadata.ProtoBuf$Visibility;                            : loaded 2 times (x 65B)
Class kotlinx.coroutines.AbstractTimeSourceKt                                         : loaded 2 times (x 67B)
Class com.android.ide.common.rendering.api.ArrayResourceValue                         : loaded 2 times (x 66B)
Class com.android.tools.analytics.AnalyticsPaths                                      : loaded 2 times (x 67B)
Class groovy.lang.GroovyResourceLoader                                                : loaded 2 times (x 66B)
Class org.jetbrains.kotlin.load.kotlin.FileBasedKotlinClass$OuterAndInnerName         : loaded 2 times (x 68B)
Class com.android.resources.ScreenOrientation                                         : loaded 2 times (x 82B)
Class groovy.lang.Range                                                               : loaded 2 times (x 66B)
Class org.jetbrains.kotlin.descriptors.Visibility                                     : loaded 2 times (x 75B)
Class com.android.ide.common.resources.configuration.NightModeQualifier               : loaded 2 times (x 86B)
Class org.jetbrains.kotlin.protobuf.RopeByteString$RopeInputStream                    : loaded 2 times (x 88B)
Class org.jetbrains.kotlin.protobuf.CodedInputStream                                  : loaded 2 times (x 68B)
Class it.unimi.dsi.fastutil.ints.AbstractInt2ObjectFunction                           : loaded 2 times (x 117B)
Class org.jetbrains.org.objectweb.asm.MethodTooLargeException                         : loaded 2 times (x 79B)
Class com.google.common.collect.ReverseOrdering                                       : loaded 2 times (x 111B)
Class com.google.common.cache.LocalCache$EntryFactory$5                               : loaded 2 times (x 79B)
Class kotlin.jvm.internal.ByteCompanionObject                                         : loaded 2 times (x 67B)
Class kotlin.time.Duration                                                            : loaded 2 times (x 70B)
Class org.codehaus.groovy.reflection.CacheAccessControlException                      : loaded 2 times (x 83B)
Class org.codehaus.groovy.reflection.CachedClass$CachedMethodComparatorWithString     : loaded 2 times (x 86B)
Class org.codehaus.groovy.control.ResolveVisitor$LowerCaseClass                       : loaded 2 times (x 239B)
Class [Lorg.codehaus.groovy.runtime.callsite.CallSite;                                : loaded 2 times (x 65B)
Class [Lgroovy.lang.MetaProperty;                                                     : loaded 2 times (x 65B)
Class org.codehaus.groovy.reflection.CachedClass$1                                    : loaded 2 times (x 78B)
Class org.codehaus.groovy.util.LazyReference$1                                        : loaded 2 times (x 72B)
Class com.android.resources.LayoutDirection                                           : loaded 2 times (x 82B)
Class com.google.common.collect.MapMakerInternalMap$WeakKeyStrongValueSegment         : loaded 2 times (x 138B)
Class org.jetbrains.kotlin.mpp.DeclarationSymbolMarker                                : loaded 2 times (x 66B)
Class org.jetbrains.kotlin.protobuf.MessageLite$Builder                               : loaded 2 times (x 66B)
Class org.jetbrains.org.objectweb.asm.CurrentFrame                                    : loaded 2 times (x 69B)
Class org.apache.commons.io.output.AppendableWriter                                   : loaded 2 times (x 96B)
Class com.google.common.cache.LocalCache$EntryFactory$6                               : loaded 2 times (x 79B)
Class org.gradle.internal.installation.CurrentGradleInstallationLocator               : loaded 2 times (x 67B)
Class [Lkotlin.io.FileWalkDirection;                                                  : loaded 2 times (x 65B)
Class kotlinx.coroutines.internal.OpDescriptor                                        : loaded 2 times (x 69B)
Class kotlinx.coroutines.Empty                                                        : loaded 2 times (x 71B)
Class com.google.protobuf.CodedInputStream$ArrayDecoder                               : loaded 2 times (x 116B)
Class com.android.tools.analytics.HostData$osBean$2                                   : loaded 2 times (x 74B)
Class com.android.tools.analytics.HostData                                            : loaded 2 times (x 67B)
Class com.android.tools.analytics.JournalingUsageTracker                              : loaded 2 times (x 78B)
Class [Lcom.google.protobuf.Internal$EnumLite;                                        : loaded 2 times (x 65B)
Class org.codehaus.groovy.runtime.callsite.BooleanClosureWrapper                      : loaded 2 times (x 70B)
Class groovy.lang.Binding                                                             : loaded 2 times (x 85B)
Class org.codehaus.groovy.runtime.memoize.CommonCache                                 : loaded 2 times (x 150B)
Class [Lorg.codehaus.groovy.reflection.CachedField;                                   : loaded 2 times (x 65B)
Class org.codehaus.groovy.reflection.CachedClass$2                                    : loaded 2 times (x 78B)
Class [Lorg.codehaus.groovy.util.ComplexKeyHashMap$Entry;                             : loaded 2 times (x 65B)
Class org.codehaus.groovy.util.LazyReference$2                                        : loaded 2 times (x 72B)
Class [Lorg.codehaus.groovy.reflection.ParameterTypes;                                : loaded 2 times (x 65B)
Class com.android.tools.analytics.UsageTracker$setMaxJournalTime$1                    : loaded 2 times (x 75B)
Class com.google.protobuf.MapField                                                    : loaded 2 times (x 85B)
Class [Lcom.android.resources.ScreenOrientation;                                      : loaded 2 times (x 65B)
Class com.android.utils.PositionXmlParser$Position                                    : loaded 2 times (x 74B)
Class org.objectweb.asm.ClassReader                                                   : loaded 2 times (x 90B)
Class org.jetbrains.kotlin.protobuf.FieldSet$1                                        : loaded 2 times (x 67B)
Class com.android.tools.lint.model.DefaultLintModelDependencyGraph                    : loaded 2 times (x 74B)
Class com.android.tools.lint.model.DefaultLintModelLintOptions                        : loaded 2 times (x 99B)
Class com.google.protobuf.CodedInputStream$UnsafeDirectNioDecoder                     : loaded 2 times (x 116B)
Class org.apache.commons.io.output.ThresholdingOutputStream                           : loaded 2 times (x 91B)
Class com.google.common.collect.ImmutableMultimap$Builder                             : loaded 2 times (x 82B)
Class com.google.common.collect.Maps$KeySet                                           : loaded 2 times (x 133B)
Class com.google.common.cache.LocalCache$EntryFactory$7                               : loaded 2 times (x 79B)
Class org.gradle.internal.service.DefaultServiceLocator                               : loaded 2 times (x 79B)
Class jdk.internal.jrtfs.JrtDirectoryStream                                           : loaded 2 times (x 85B)
Class kotlinx.coroutines.BuildersKt                                                   : loaded 2 times (x 67B)
Class kotlinx.coroutines.CoroutineContextKt$hasCopyableElements$1                     : loaded 2 times (x 74B)
Class kotlin.io.FileTreeWalk                                                          : loaded 2 times (x 71B)
Class kotlinx.coroutines.internal.ThreadContextKt                                     : loaded 2 times (x 67B)
Class com.google.wireless.android.sdk.stats.AndroidStudioEvent$Builder                : loaded 2 times (x 990B)
Class com.google.protobuf.ProtocolStringList                                          : loaded 2 times (x 66B)
Class groovy.lang.MetaClassImpl$1MOPIter                                              : loaded 2 times (x 72B)
Class org.codehaus.groovy.runtime.dgmimpl.arrays.CharacterArrayPutAtMetaMethod        : loaded 2 times (x 93B)
Class org.codehaus.groovy.reflection.CachedClass$3                                    : loaded 2 times (x 78B)
Class org.codehaus.groovy.reflection.ClassInfo$LazyCachedClassRef                     : loaded 2 times (x 78B)
Class groovy.lang.MetaMethod                                                          : loaded 2 times (x 92B)
Class com.android.resources.ScreenSize                                                : loaded 2 times (x 82B)
Class org.jetbrains.kotlin.util.capitalizeDecapitalize.CapitalizeDecapitalizeKt       : loaded 2 times (x 67B)
Class org.jetbrains.kotlin.metadata.ProtoBuf$Class$Kind$1                             : loaded 2 times (x 70B)
Class org.jetbrains.kotlin.protobuf.SmallSortedMap$Entry                              : loaded 2 times (x 84B)
Class org.jetbrains.kotlin.metadata.ProtoBuf$Package$1                                : loaded 2 times (x 140B)
Class org.jetbrains.kotlin.name.FqName$Companion                                      : loaded 2 times (x 67B)
Class kotlin.sequences.DropWhileSequence$iterator$1                                   : loaded 2 times (x 75B)
Class org.jetbrains.org.objectweb.asm.SymbolTable                                     : loaded 2 times (x 68B)
Class com.google.common.collect.ImmutableMultimap$EntryCollection                     : loaded 2 times (x 124B)
Class com.google.common.collect.Maps$EntrySet                                         : loaded 2 times (x 132B)
Class com.google.common.cache.LocalCache$EntryFactory$8                               : loaded 2 times (x 79B)
Class org.gradle.internal.installation.CurrentGradleInstallation                      : loaded 2 times (x 69B)
Class kotlin.jvm.internal.Ref$BooleanRef                                              : loaded 2 times (x 67B)
Class jdk.internal.jimage.BasicImageReader                                            : loaded 2 times (x 91B)
Class org.gradle.internal.classloader.FilteringClassLoader                            : loaded 2 times (x 101B)
Class kotlinx.coroutines.scheduling.Task                                              : loaded 2 times (x 72B)
Class com.google.common.io.LineReader                                                 : loaded 2 times (x 68B)
Class kotlinx.coroutines.BlockingCoroutine                                            : loaded 2 times (x 140B)
Class com.android.prefs.AndroidPathLocator                                            : loaded 2 times (x 69B)
Class com.android.ide.common.resources.ResourceMergerItem                             : loaded 2 times (x 132B)
Class com.google.wireless.android.sdk.stats.AndroidStudioEvent$IdeBrand$1             : loaded 2 times (x 72B)
Class org.codehaus.groovy.ast.stmt.DoWhileStatement                                   : loaded 2 times (x 114B)
Class org.codehaus.groovy.reflection.CachedClass$4                                    : loaded 2 times (x 78B)
Class org.codehaus.groovy.reflection.ParameterTypes                                   : loaded 2 times (x 78B)
Class com.android.utils.PositionXmlParser$ParserPool                                  : loaded 2 times (x 75B)
Class kotlin.text.MatcherMatchResult                                                  : loaded 2 times (x 76B)
Class org.jetbrains.kotlin.protobuf.FieldSet$FieldDescriptorLite                      : loaded 2 times (x 66B)
Class org.jetbrains.kotlin.protobuf.AbstractMessageLite                               : loaded 2 times (x 94B)
Class com.android.tools.lint.model.DefaultLintModelVariant                            : loaded 2 times (x 97B)
Class com.android.tools.lint.model.LintModelArtifact                                  : loaded 2 times (x 66B)
Class org.jetbrains.org.objectweb.asm.ModuleWriter                                    : loaded 2 times (x 78B)
Class com.google.common.collect.ForwardingObject                                      : loaded 2 times (x 68B)
Class com.google.common.cache.CacheLoader$1                                           : loaded 2 times (x 71B)
Class org.gradle.util.internal.GUtil                                                  : loaded 2 times (x 67B)
Class kotlin.text.MatchGroupCollection                                                : loaded 2 times (x 66B)
Class com.android.tools.lint.model.LintModelJavaLibrary                               : loaded 2 times (x 66B)
Class kotlinx.coroutines.internal.LockFreeTaskQueue                                   : loaded 2 times (x 68B)
Class kotlinx.coroutines.scheduling.DefaultScheduler                                  : loaded 2 times (x 104B)
Class kotlinx.coroutines.Dispatchers                                                  : loaded 2 times (x 67B)
Class org.jetbrains.kotlin.metadata.ProtoBuf$TypeParameter$Variance$1                 : loaded 2 times (x 70B)
Class com.google.protobuf.CodedOutputStream$OutputStreamEncoder                       : loaded 2 times (x 106B)
Class com.google.wireless.android.sdk.stats.JavaProcessStats                          : loaded 2 times (x 203B)
Class com.google.protobuf.Message                                                     : loaded 2 times (x 66B)
Class com.android.tools.analytics.Environment$Companion$SYSTEM$1                      : loaded 2 times (x 69B)
Class com.android.tools.analytics.Environment$Companion                               : loaded 2 times (x 67B)
Class com.android.tools.analytics.Environment$SystemProperty                          : loaded 2 times (x 75B)
Class org.codehaus.groovy.ast.GroovyClassVisitor                                      : loaded 2 times (x 66B)
Class org.codehaus.groovy.runtime.dgmimpl.arrays.FloatArrayGetAtMetaMethod            : loaded 2 times (x 93B)
Class org.codehaus.groovy.runtime.callsite.CallSiteAwareMetaMethod                    : loaded 2 times (x 93B)
Class org.codehaus.groovy.ast.expr.AnnotationConstantExpression                       : loaded 2 times (x 130B)
Class groovy.lang.MissingPropertyException                                            : loaded 2 times (x 85B)
Class groovy.lang.Closure$1                                                           : loaded 2 times (x 129B)
Class org.codehaus.groovy.reflection.CachedClass$5                                    : loaded 2 times (x 78B)
Class org.jetbrains.kotlin.metadata.jvm.JvmProtoBuf$StringTableTypes$Record           : loaded 2 times (x 115B)
Class org.jetbrains.kotlin.descriptors.SourceElement                                  : loaded 2 times (x 66B)
Class com.android.resources.ResourceEnum                                              : loaded 2 times (x 66B)
Class com.android.ide.common.resources.configuration.TextInputMethodQualifier         : loaded 2 times (x 86B)
Class org.jetbrains.kotlin.protobuf.FieldSet                                          : loaded 2 times (x 68B)
Class it.unimi.dsi.fastutil.ints.AbstractIntCollection                                : loaded 2 times (x 181B)
Class com.android.resources.NavigationState                                           : loaded 2 times (x 82B)
Class com.android.prefs.PathLocator$WhenMappings                                      : loaded 2 times (x 67B)
Class com.google.common.cache.AbstractCache$StatsCounter                              : loaded 2 times (x 66B)
Class kotlin.time.DurationUnitKt                                                      : loaded 2 times (x 67B)
Class org.codehaus.groovy.reflection.v7.GroovyClassValueJava7                         : loaded 2 times (x 80B)
Class org.codehaus.groovy.runtime.dgmimpl.NumberNumberMultiply                        : loaded 2 times (x 110B)
Class kotlinx.coroutines.intrinsics.CancellableKt                                     : loaded 2 times (x 67B)
Class org.codehaus.groovy.runtime.NullObject                                          : loaded 2 times (x 87B)
Class com.google.protobuf.CodedOutputStream$SafeDirectNioEncoder                      : loaded 2 times (x 106B)
Class com.google.protobuf.AbstractMessage$Builder                                     : loaded 2 times (x 253B)
Class com.google.protobuf.ExtensionRegistryFactory                                    : loaded 2 times (x 67B)
Class com.google.protobuf.ProtocolMessageEnum                                         : loaded 2 times (x 66B)
Class org.codehaus.groovy.runtime.metaclass.TransformMetaMethod                       : loaded 2 times (x 92B)
Class org.codehaus.groovy.runtime.StringGroovyMethods                                 : loaded 2 times (x 67B)
Class org.codehaus.groovy.ast.NodeMetaDataHandler                                     : loaded 2 times (x 66B)
Class org.codehaus.groovy.reflection.CachedClass$6                                    : loaded 2 times (x 78B)
Class org.codehaus.groovy.util.ReferenceManager$ThreadedReferenceManager              : loaded 2 times (x 73B)
Class com.google.wireless.android.sdk.stats.JavaProcessStatsOrBuilder                 : loaded 2 times (x 66B)
Class com.google.protobuf.UnsafeUtil$JvmMemoryAccessor                                : loaded 2 times (x 87B)
Class org.objectweb.asm.Context                                                       : loaded 2 times (x 68B)
Class [Lorg.jetbrains.kotlin.metadata.ProtoBuf$MemberKind;                            : loaded 2 times (x 65B)
Class org.jetbrains.kotlin.metadata.ProtoBuf$TypeOrBuilder                            : loaded 2 times (x 66B)
Class org.jetbrains.kotlin.metadata.ProtoBuf$TypeTableOrBuilder                       : loaded 2 times (x 66B)
Class org.jetbrains.kotlin.metadata.ProtoBuf$Package                                  : loaded 2 times (x 125B)
Class kotlin.reflect.jvm.internal.RuntimeTypeMapper                                   : loaded 2 times (x 67B)
Class com.android.ide.common.rendering.api.ResourceNamespace$ToolsNamespace           : loaded 2 times (x 76B)
Class com.android.tools.lint.model.DefaultLintModelDependency                         : loaded 2 times (x 82B)
Class com.android.tools.lint.model.DefaultLintModelLibrary                            : loaded 2 times (x 82B)
Class com.android.tools.lint.model.DefaultLintModelBuildFeatures                      : loaded 2 times (x 73B)
Class com.google.common.io.LineBuffer                                                 : loaded 2 times (x 71B)
Class org.gradle.internal.installation.GradleInstallation                             : loaded 2 times (x 71B)
Class jdk.internal.jimage.decompressor.ResourceDecompressor$StringsProvider           : loaded 2 times (x 66B)
Class com.squareup.javapoet.ClassName                                                 : loaded 2 times (x 80B)
Class kotlin.collections.ReversedList                                                 : loaded 2 times (x 203B)
Class com.google.protobuf.Writer                                                      : loaded 2 times (x 66B)
Class com.google.protobuf.CodedInputStream                                            : loaded 2 times (x 115B)
Class com.google.protobuf.MessageLite                                                 : loaded 2 times (x 66B)
Class groovy.lang.ExpandoMetaClass                                                    : loaded 2 times (x 223B)
Class org.codehaus.groovy.reflection.CachedClass$7                                    : loaded 2 times (x 78B)
Class groovy.lang.IntRange                                                            : loaded 2 times (x 243B)
Class org.codehaus.groovy.reflection.ClassInfo$GlobalClassSet                         : loaded 2 times (x 72B)
Class kotlin.reflect.jvm.internal.impl.builtins.PrimitiveType$$Lambda$0               : loaded 2 times (x 72B)
Class com.android.prefs.AndroidLocationsException                                     : loaded 2 times (x 78B)
Class com.android.ide.common.resources.DataFile$FileType                              : loaded 2 times (x 75B)
Class com.google.common.collect.LexicographicalOrdering                               : loaded 2 times (x 111B)
Class com.google.common.collect.Iterables                                             : loaded 2 times (x 67B)
Class kotlin.collections.ReversedList$listIterator$1                                  : loaded 2 times (x 90B)
Class kotlin.io.FileWalkDirection                                                     : loaded 2 times (x 75B)
Class kotlinx.coroutines.internal.ResizableAtomicArray                                : loaded 2 times (x 68B)
Class kotlinx.coroutines.JobSupportKt                                                 : loaded 2 times (x 67B)
Class kotlinx.coroutines.ExecutorCoroutineDispatcher$Key                              : loaded 2 times (x 68B)
Class groovy.lang.GroovyClassLoader                                                   : loaded 2 times (x 138B)
Class com.android.ide.common.rendering.api.StyleResourceValue                         : loaded 2 times (x 66B)
Class com.google.protobuf.AbstractMessageLite$Builder                                 : loaded 2 times (x 122B)
Class com.google.protobuf.MapFieldReflectionAccessor                                  : loaded 2 times (x 70B)
Class org.codehaus.groovy.ast.expr.ConstructorCallExpression                          : loaded 2 times (x 137B)
Class org.codehaus.groovy.reflection.CachedClass$8                                    : loaded 2 times (x 78B)
Class org.jetbrains.kotlin.metadata.jvm.JvmProtoBuf$StringTableTypes$Record$Operation : loaded 2 times (x 78B)
Class com.android.utils.XmlUtils                                                      : loaded 2 times (x 67B)
Class kotlin.reflect.jvm.internal.impl.builtins.PrimitiveType$$Lambda$1               : loaded 2 times (x 72B)
Class com.android.ide.common.gradle.Part                                              : loaded 2 times (x 73B)

---------------  S Y S T E M  ---------------

OS:
 Windows 11 , 64 bit Build 26100 (10.0.26100.5074)
OS uptime: 0 days 2:05 hours
Hyper-V role detected

CPU: total 4 (initial active 4) (2 cores per cpu, 2 threads per core) family 6 model 142 stepping 12 microcode 0xde, cx8, cmov, fxsr, ht, mmx, 3dnowpref, sse, sse2, sse3, ssse3, sse4.1, sse4.2, popcnt, lzcnt, tsc, tscinvbit, avx, avx2, aes, erms, clmul, bmi1, bmi2, adx, fma, vzeroupper, clflush, clflushopt, hv, rdtscp, f16c
Processor Information for the first 4 processors :
  Max Mhz: 2592, Current Mhz: 2592, Mhz Limit: 2073

Memory: 4k page, system-wide physical 8025M (822M free)
TotalPageFile size 13800M (AvailPageFile size 7M)
current process WorkingSet (physical memory assigned to process): 1684M, peak: 2076M
current process commit charge ("private bytes"): 2589M, peak: 2593M

vm_info: OpenJDK 64-Bit Server VM (21.0.6+-13391695-b895.109) for windows-amd64 JRE (21.0.6+-13391695-b895.109), built on 2025-04-22T21:19:17Z by "builder" with MS VC++ 16.10 / 16.11 (VS2019)

END.
