#
# There is insufficient memory for the Java Runtime Environment to continue.
# Native memory allocation (mmap) failed to map 175112192 bytes. Error detail: G1 virtual space
# Possible reasons:
#   The system is out of physical RAM or swap space
#   This process is running with CompressedOops enabled, and the Java Heap may be blocking the growth of the native heap
# Possible solutions:
#   Reduce memory load on the system
#   Increase physical memory or swap space
#   Check if swap backing store is full
#   Decrease Java heap size (-Xmx/-Xms)
#   Decrease number of Java threads
#   Decrease Java thread stack sizes (-Xss)
#   Set larger code cache with -XX:ReservedCodeCacheSize=
#   JVM is running with Unscaled Compressed Oops mode in which the Java heap is
#     placed in the first 4GB address space. The Java Heap base address is the
#     maximum limit for the native heap growth. Please use -XX:HeapBaseMinAddress
#     to set the Java Heap base and to place the Java Heap above 4GB virtual address.
# This output file may be truncated or incomplete.
#
#  Out of Memory Error (os_windows.cpp:3707), pid=13892, tid=8832
#
# JRE version: Java(TM) SE Runtime Environment (23.0.2+7) (build 23.0.2+7-58)
# Java VM: Java HotSpot(TM) 64-Bit Server VM (23.0.2+7-58, mixed mode, sharing, tiered, compressed oops, compressed class ptrs, g1 gc, windows-amd64)
# No core dump will be written. Minidumps are not enabled by default on client versions of Windows
#

---------------  S U M M A R Y ------------

Command Line: -DkotlinLanguageServer.version=1.3.13 org.javacs.kt.MainKt

Host: Intel(R) Core(TM) i3-10110U CPU @ 2.10GHz, 4 cores, 7G,  Windows 11 , 64 bit Build 26100 (10.0.26100.4768)
Time: Thu Aug 28 21:36:24 2025 South Africa Standard Time elapsed time: 312.071425 seconds (0d 0h 5m 12s)

---------------  T H R E A D  ---------------

Current thread (0x000001aac3f675c0):  VMThread "VM Thread"          [id=8832, stack(0x0000004765600000,0x0000004765700000) (1024K)]

Stack: [0x0000004765600000,0x0000004765700000]
Native frames: (J=compiled Java code, j=interpreted, Vv=VM code, C=native code)
V  [jvm.dll+0x6e0b99]  (no source info available)
V  [jvm.dll+0x87e2b3]  (no source info available)
V  [jvm.dll+0x88073e]  (no source info available)
V  [jvm.dll+0x880e13]  (no source info available)
V  [jvm.dll+0x27b006]  (no source info available)
V  [jvm.dll+0x6dd485]  (no source info available)
V  [jvm.dll+0x6d127a]  (no source info available)
V  [jvm.dll+0x35b50a]  (no source info available)
V  [jvm.dll+0x363916]  (no source info available)
V  [jvm.dll+0x34fe7e]  (no source info available)
V  [jvm.dll+0x350118]  (no source info available)
V  [jvm.dll+0x328aec]  (no source info available)
V  [jvm.dll+0x32b4d9]  (no source info available)
V  [jvm.dll+0x336094]  (no source info available)
V  [jvm.dll+0x372e75]  (no source info available)
V  [jvm.dll+0x886d50]  (no source info available)
V  [jvm.dll+0x888077]  (no source info available)
V  [jvm.dll+0x8885a8]  (no source info available)
V  [jvm.dll+0x888843]  (no source info available)
V  [jvm.dll+0x8254cb]  (no source info available)
V  [jvm.dll+0x6df345]  (no source info available)
C  [ucrtbase.dll+0x37b0]  (no source info available)
C  [KERNEL32.DLL+0x2e8d7]  (no source info available)
C  [ntdll.dll+0x3c34c]  (no source info available)

VM_Operation (0x00000047651ffb10): G1PauseRemark, mode: safepoint, requested by thread 0x000001aaa7ca4d30


---------------  P R O C E S S  ---------------

Threads class SMR info:
_java_thread_list=0x000001ab165cda90, length=18, elements={
0x000001aac3f826a0, 0x000001aac3f84020, 0x000001aac3f87d70, 0x000001aac3f88c50,
0x000001aac3f8a3d0, 0x000001aac3f8af60, 0x000001aac3f95b10, 0x000001aac3f9a0d0,
0x000001ab0910a2f0, 0x000001ab091225a0, 0x000001ab13dba7b0, 0x000001aaa5895390,
0x000001ab0ab6b0d0, 0x000001ab092eaff0, 0x000001ab0ae49510, 0x000001ab16bb0ab0,
0x000001ab16bb17d0, 0x000001ab16bb2b80
}

Java Threads: ( => current thread )
  0x000001aac3f826a0 JavaThread "Reference Handler"          daemon [_thread_blocked, id=14604, stack(0x0000004765700000,0x0000004765800000) (1024K)]
  0x000001aac3f84020 JavaThread "Finalizer"                  daemon [_thread_blocked, id=13948, stack(0x0000004765800000,0x0000004765900000) (1024K)]
  0x000001aac3f87d70 JavaThread "Signal Dispatcher"          daemon [_thread_blocked, id=14368, stack(0x0000004765900000,0x0000004765a00000) (1024K)]
  0x000001aac3f88c50 JavaThread "Attach Listener"            daemon [_thread_blocked, id=7768, stack(0x0000004765a00000,0x0000004765b00000) (1024K)]
  0x000001aac3f8a3d0 JavaThread "Service Thread"             daemon [_thread_blocked, id=3716, stack(0x0000004765b00000,0x0000004765c00000) (1024K)]
  0x000001aac3f8af60 JavaThread "Monitor Deflation Thread"   daemon [_thread_blocked, id=7540, stack(0x0000004765c00000,0x0000004765d00000) (1024K)]
  0x000001aac3f95b10 JavaThread "C2 CompilerThread0"         daemon [_thread_blocked, id=7932, stack(0x0000004765d00000,0x0000004765e00000) (1024K)]
  0x000001aac3f9a0d0 JavaThread "C1 CompilerThread0"         daemon [_thread_blocked, id=1764, stack(0x0000004765e00000,0x0000004765f00000) (1024K)]
  0x000001ab0910a2f0 JavaThread "Notification Thread"        daemon [_thread_blocked, id=8676, stack(0x0000004765f00000,0x0000004766000000) (1024K)]
  0x000001ab091225a0 JavaThread "Common-Cleaner"             daemon [_thread_blocked, id=7552, stack(0x0000004766000000,0x0000004766100000) (1024K)]
  0x000001ab13dba7b0 JavaThread "client"                            [_thread_in_native, id=4324, stack(0x0000004766400000,0x0000004766500000) (1024K)]
  0x000001aaa5895390 JavaThread "DestroyJavaVM"                     [_thread_blocked, id=12892, stack(0x0000004764f00000,0x0000004765000000) (1024K)]
  0x000001ab0ab6b0d0 JavaThread "async0"                            [_thread_blocked, id=9056, stack(0x0000004766500000,0x0000004766600000) (1024K)]
  0x000001ab092eaff0 JavaThread "async1"                            [_thread_blocked, id=10196, stack(0x0000004766600000,0x0000004766700000) (1024K)]
  0x000001ab0ae49510 JavaThread "debounce0"                         [_thread_blocked, id=13644, stack(0x0000004766800000,0x0000004766900000) (1024K)]
  0x000001ab16bb0ab0 JavaThread "debounce1"                         [_thread_blocked, id=3948, stack(0x0000004764c00000,0x0000004764d00000) (1024K)]
  0x000001ab16bb17d0 JavaThread "async2"                            [_thread_blocked, id=280, stack(0x0000004764d00000,0x0000004764e00000) (1024K)]
  0x000001ab16bb2b80 JavaThread "async3"                            [_thread_blocked, id=14652, stack(0x0000004764e00000,0x0000004764f00000) (1024K)]
Total: 18

Other Threads:
=>0x000001aac3f675c0 VMThread "VM Thread"                           [id=8832, stack(0x0000004765600000,0x0000004765700000) (1024K)]
  0x000001aac3f50770 WatcherThread "VM Periodic Task Thread"        [id=6068, stack(0x0000004765500000,0x0000004765600000) (1024K)]
  0x000001aaa7c8e300 WorkerThread "GC Thread#0"                     [id=8140, stack(0x0000004765000000,0x0000004765100000) (1024K)]
  0x000001ab098c2210 WorkerThread "GC Thread#1"                     [id=13836, stack(0x0000004766100000,0x0000004766200000) (1024K)]
  0x000001ab098c25c0 WorkerThread "GC Thread#2"                     [id=11712, stack(0x0000004766200000,0x0000004766300000) (1024K)]
  0x000001ab098de8d0 WorkerThread "GC Thread#3"                     [id=2976, stack(0x0000004766300000,0x0000004766400000) (1024K)]
  0x000001aaa7ca4d30 ConcurrentGCThread "G1 Main Marker"            [id=5620, stack(0x0000004765100000,0x0000004765200000) (1024K)]
  0x000001aaa7ca5840 WorkerThread "G1 Conc#0"                       [id=14736, stack(0x0000004765200000,0x0000004765300000) (1024K)]
  0x000001aac3e1d540 ConcurrentGCThread "G1 Refine#0"               [id=8784, stack(0x0000004765300000,0x0000004765400000) (1024K)]
  0x000001aac3e1dfd0 ConcurrentGCThread "G1 Service"                [id=13168, stack(0x0000004765400000,0x0000004765500000) (1024K)]
Total: 10

Threads with active compile tasks:
Total: 0

VM state: at safepoint (normal execution)

VM Mutex/Monitor currently owned by a thread:  ([mutex/lock_event])
[0x00007ff914554888] Threads_lock - owner thread: 0x000001aac3f675c0
[0x00007ff914554988] Heap_lock - owner thread: 0x000001aaa7ca4d30

Heap address: 0x0000000082800000, size: 2008 MB, Compressed Oops mode: 32-bit

CDS archive(s) mapped at: [0x000001aac4000000-0x000001aac4d70000-0x000001aac4d70000), size 14090240, SharedBaseAddress: 0x000001aac4000000, ArchiveRelocationMode: 1.
Compressed class space mapped at: 0x000001aac5000000-0x000001ab05000000, reserved size: 1073741824
Narrow klass base: 0x000001aac4000000, Narrow klass shift: 0, Narrow klass range: 0x41000000

GC Precious Log:
 CardTable entry size: 512
 Card Set container configuration: InlinePtr #cards 5 size 8 Array Of Cards #cards 10 size 36 Howl #buckets 4 coarsen threshold 1843 Howl Bitmap #cards 512 size 80 coarsen threshold 460 Card regions per heap region 1 cards per card region 2048
 CPUs: 4 total, 4 available
 Memory: 8025M
 Large Page Support: Disabled
 NUMA Support: Disabled
 Compressed Oops: Enabled (32-bit)
 Heap Region Size: 1M
 Heap Min Capacity: 8M
 Heap Initial Capacity: 126M
 Heap Max Capacity: 2008M
 Pre-touch: Disabled
 Parallel Workers: 4
 Concurrent Workers: 1
 Concurrent Refinement Workers: 4
 Periodic GC: Disabled

Heap:
 garbage-first heap   total reserved 2056192K, committed 1425408K, used 1003008K [0x0000000082800000, 0x0000000100000000)
  region size 1024K, 67 young (68608K), 21 survivors (21504K)
 Metaspace       used 86112K, committed 87424K, reserved 1179648K
  class space    used 9814K, committed 10432K, reserved 1048576K

Heap Regions: E=young(eden), S=young(survivor), O=old, HS=humongous(starts), HC=humongous(continues), CS=collection set, F=free, TAMS=top-at-mark-start, PB=parsable bottom
|   0|0x0000000082800000, 0x0000000082900000, 0x0000000082900000|100%|HS|  |TAMS 0x0000000082900000| PB 0x0000000082800000| Complete |  0
|   1|0x0000000082900000, 0x0000000082a00000, 0x0000000082a00000|100%|HC|  |TAMS 0x0000000082a00000| PB 0x0000000082900000| Complete |  0
|   2|0x0000000082a00000, 0x0000000082b00000, 0x0000000082b00000|100%|HC|  |TAMS 0x0000000082b00000| PB 0x0000000082a00000| Complete |  0
|   3|0x0000000082b00000, 0x0000000082c00000, 0x0000000082c00000|100%|HC|  |TAMS 0x0000000082c00000| PB 0x0000000082b00000| Complete |  0
|   4|0x0000000082c00000, 0x0000000082d00000, 0x0000000082d00000|100%| O|  |TAMS 0x0000000082d00000| PB 0x0000000082d00000| Untracked |  0
|   5|0x0000000082d00000, 0x0000000082e00000, 0x0000000082e00000|100%| O|  |TAMS 0x0000000082e00000| PB 0x0000000082e00000| Untracked |  0
|   6|0x0000000082e00000, 0x0000000082f00000, 0x0000000082f00000|100%| O|  |TAMS 0x0000000082f00000| PB 0x0000000082f00000| Untracked |  0
|   7|0x0000000082f00000, 0x0000000083000000, 0x0000000083000000|100%| O|  |TAMS 0x0000000083000000| PB 0x0000000083000000| Untracked |  0
|   8|0x0000000083000000, 0x0000000083100000, 0x0000000083100000|100%| O|  |TAMS 0x0000000083100000| PB 0x0000000083100000| Untracked |  0
|   9|0x0000000083100000, 0x0000000083200000, 0x0000000083200000|100%| O|  |TAMS 0x0000000083200000| PB 0x0000000083200000| Untracked |  0
|  10|0x0000000083200000, 0x0000000083300000, 0x0000000083300000|100%| O|  |TAMS 0x0000000083300000| PB 0x0000000083300000| Untracked |  0
|  11|0x0000000083300000, 0x0000000083400000, 0x0000000083400000|100%| O|  |TAMS 0x0000000083400000| PB 0x0000000083400000| Untracked |  0
|  12|0x0000000083400000, 0x0000000083500000, 0x0000000083500000|100%| O|  |TAMS 0x0000000083500000| PB 0x0000000083500000| Untracked |  0
|  13|0x0000000083500000, 0x0000000083600000, 0x0000000083600000|100%| O|  |TAMS 0x0000000083600000| PB 0x0000000083600000| Untracked |  0
|  14|0x0000000083600000, 0x0000000083700000, 0x0000000083700000|100%| O|  |TAMS 0x0000000083700000| PB 0x0000000083700000| Untracked |  0
|  15|0x0000000083700000, 0x0000000083800000, 0x0000000083800000|100%| O|  |TAMS 0x0000000083800000| PB 0x0000000083800000| Untracked |  0
|  16|0x0000000083800000, 0x0000000083900000, 0x0000000083900000|100%| O|  |TAMS 0x0000000083900000| PB 0x0000000083900000| Untracked |  0
|  17|0x0000000083900000, 0x0000000083a00000, 0x0000000083a00000|100%| O|  |TAMS 0x0000000083a00000| PB 0x0000000083a00000| Untracked |  0
|  18|0x0000000083a00000, 0x0000000083b00000, 0x0000000083b00000|100%| O|  |TAMS 0x0000000083b00000| PB 0x0000000083b00000| Untracked |  0
|  19|0x0000000083b00000, 0x0000000083c00000, 0x0000000083c00000|100%| O|  |TAMS 0x0000000083c00000| PB 0x0000000083c00000| Untracked |  0
|  20|0x0000000083c00000, 0x0000000083d00000, 0x0000000083d00000|100%| O|  |TAMS 0x0000000083d00000| PB 0x0000000083d00000| Untracked |  0
|  21|0x0000000083d00000, 0x0000000083e00000, 0x0000000083e00000|100%| O|  |TAMS 0x0000000083e00000| PB 0x0000000083e00000| Untracked |  0
|  22|0x0000000083e00000, 0x0000000083f00000, 0x0000000083f00000|100%| O|  |TAMS 0x0000000083f00000| PB 0x0000000083f00000| Untracked |  0
|  23|0x0000000083f00000, 0x0000000084000000, 0x0000000084000000|100%| O|  |TAMS 0x0000000084000000| PB 0x0000000084000000| Untracked |  0
|  24|0x0000000084000000, 0x0000000084100000, 0x0000000084100000|100%| O|  |TAMS 0x0000000084100000| PB 0x0000000084100000| Untracked |  0
|  25|0x0000000084100000, 0x0000000084200000, 0x0000000084200000|100%| O|  |TAMS 0x0000000084200000| PB 0x0000000084200000| Untracked |  0
|  26|0x0000000084200000, 0x0000000084300000, 0x0000000084300000|100%| O|  |TAMS 0x0000000084300000| PB 0x0000000084300000| Untracked |  0
|  27|0x0000000084300000, 0x0000000084400000, 0x0000000084400000|100%| O|  |TAMS 0x0000000084400000| PB 0x0000000084400000| Untracked |  0
|  28|0x0000000084400000, 0x0000000084500000, 0x0000000084500000|100%| O|  |TAMS 0x0000000084500000| PB 0x0000000084500000| Untracked |  0
|  29|0x0000000084500000, 0x0000000084600000, 0x0000000084600000|100%| O|  |TAMS 0x0000000084600000| PB 0x0000000084600000| Untracked |  0
|  30|0x0000000084600000, 0x0000000084700000, 0x0000000084700000|100%| O|  |TAMS 0x0000000084700000| PB 0x0000000084700000| Untracked |  0
|  31|0x0000000084700000, 0x0000000084800000, 0x0000000084800000|100%| O|  |TAMS 0x0000000084800000| PB 0x0000000084800000| Untracked |  0
|  32|0x0000000084800000, 0x0000000084900000, 0x0000000084900000|100%| O|  |TAMS 0x0000000084900000| PB 0x0000000084900000| Untracked |  0
|  33|0x0000000084900000, 0x0000000084a00000, 0x0000000084a00000|100%| O|  |TAMS 0x0000000084a00000| PB 0x0000000084a00000| Untracked |  0
|  34|0x0000000084a00000, 0x0000000084b00000, 0x0000000084b00000|100%| O|  |TAMS 0x0000000084b00000| PB 0x0000000084b00000| Untracked |  0
|  35|0x0000000084b00000, 0x0000000084c00000, 0x0000000084c00000|100%| O|  |TAMS 0x0000000084c00000| PB 0x0000000084c00000| Untracked |  0
|  36|0x0000000084c00000, 0x0000000084d00000, 0x0000000084d00000|100%| O|  |TAMS 0x0000000084d00000| PB 0x0000000084d00000| Untracked |  0
|  37|0x0000000084d00000, 0x0000000084e00000, 0x0000000084e00000|100%| O|  |TAMS 0x0000000084e00000| PB 0x0000000084e00000| Untracked |  0
|  38|0x0000000084e00000, 0x0000000084f00000, 0x0000000084f00000|100%| O|  |TAMS 0x0000000084f00000| PB 0x0000000084f00000| Untracked |  0
|  39|0x0000000084f00000, 0x0000000085000000, 0x0000000085000000|100%| O|  |TAMS 0x0000000085000000| PB 0x0000000085000000| Untracked |  0
|  40|0x0000000085000000, 0x0000000085100000, 0x0000000085100000|100%| O|  |TAMS 0x0000000085100000| PB 0x0000000085100000| Untracked |  0
|  41|0x0000000085100000, 0x0000000085200000, 0x0000000085200000|100%| O|  |TAMS 0x0000000085200000| PB 0x0000000085200000| Untracked |  0
|  42|0x0000000085200000, 0x0000000085300000, 0x0000000085300000|100%| O|  |TAMS 0x0000000085300000| PB 0x0000000085300000| Untracked |  0
|  43|0x0000000085300000, 0x0000000085400000, 0x0000000085400000|100%| O|  |TAMS 0x0000000085400000| PB 0x0000000085400000| Untracked |  0
|  44|0x0000000085400000, 0x0000000085500000, 0x0000000085500000|100%| O|  |TAMS 0x0000000085500000| PB 0x0000000085500000| Untracked |  0
|  45|0x0000000085500000, 0x0000000085600000, 0x0000000085600000|100%| O|  |TAMS 0x0000000085600000| PB 0x0000000085600000| Untracked |  0
|  46|0x0000000085600000, 0x0000000085700000, 0x0000000085700000|100%| O|  |TAMS 0x0000000085700000| PB 0x0000000085700000| Untracked |  0
|  47|0x0000000085700000, 0x0000000085800000, 0x0000000085800000|100%|HS|  |TAMS 0x0000000085800000| PB 0x0000000085700000| Complete |  0
|  48|0x0000000085800000, 0x0000000085900000, 0x0000000085900000|100%|HC|  |TAMS 0x0000000085900000| PB 0x0000000085800000| Complete |  0
|  49|0x0000000085900000, 0x0000000085a00000, 0x0000000085a00000|100%| O|  |TAMS 0x0000000085a00000| PB 0x0000000085a00000| Untracked |  0
|  50|0x0000000085a00000, 0x0000000085b00000, 0x0000000085b00000|100%| O|  |TAMS 0x0000000085b00000| PB 0x0000000085b00000| Untracked |  0
|  51|0x0000000085b00000, 0x0000000085c00000, 0x0000000085c00000|100%| O|  |TAMS 0x0000000085c00000| PB 0x0000000085c00000| Untracked |  0
|  52|0x0000000085c00000, 0x0000000085d00000, 0x0000000085d00000|100%| O|  |TAMS 0x0000000085d00000| PB 0x0000000085d00000| Untracked |  0
|  53|0x0000000085d00000, 0x0000000085e00000, 0x0000000085e00000|100%| O|  |TAMS 0x0000000085e00000| PB 0x0000000085e00000| Untracked |  0
|  54|0x0000000085e00000, 0x0000000085f00000, 0x0000000085f00000|100%| O|  |TAMS 0x0000000085f00000| PB 0x0000000085f00000| Untracked |  0
|  55|0x0000000085f00000, 0x0000000086000000, 0x0000000086000000|100%| O|  |TAMS 0x0000000086000000| PB 0x0000000086000000| Untracked |  0
|  56|0x0000000086000000, 0x0000000086100000, 0x0000000086100000|100%| O|  |TAMS 0x0000000086100000| PB 0x0000000086100000| Untracked |  0
|  57|0x0000000086100000, 0x0000000086200000, 0x0000000086200000|100%| O|  |TAMS 0x0000000086200000| PB 0x0000000086200000| Untracked |  0
|  58|0x0000000086200000, 0x0000000086300000, 0x0000000086300000|100%| O|  |TAMS 0x0000000086300000| PB 0x0000000086300000| Untracked |  0
|  59|0x0000000086300000, 0x0000000086400000, 0x0000000086400000|100%| O|  |TAMS 0x0000000086400000| PB 0x0000000086400000| Untracked |  0
|  60|0x0000000086400000, 0x0000000086500000, 0x0000000086500000|100%| O|  |TAMS 0x0000000086500000| PB 0x0000000086500000| Untracked |  0
|  61|0x0000000086500000, 0x0000000086600000, 0x0000000086600000|100%| O|  |TAMS 0x0000000086600000| PB 0x0000000086600000| Untracked |  0
|  62|0x0000000086600000, 0x0000000086700000, 0x0000000086700000|100%| O|  |TAMS 0x0000000086700000| PB 0x0000000086700000| Untracked |  0
|  63|0x0000000086700000, 0x0000000086800000, 0x0000000086800000|100%| O|  |TAMS 0x0000000086800000| PB 0x0000000086800000| Untracked |  0
|  64|0x0000000086800000, 0x0000000086900000, 0x0000000086900000|100%| O|  |TAMS 0x0000000086900000| PB 0x0000000086900000| Untracked |  0
|  65|0x0000000086900000, 0x0000000086a00000, 0x0000000086a00000|100%| O|  |TAMS 0x0000000086a00000| PB 0x0000000086a00000| Untracked |  0
|  66|0x0000000086a00000, 0x0000000086b00000, 0x0000000086b00000|100%| O|  |TAMS 0x0000000086b00000| PB 0x0000000086b00000| Untracked |  0
|  67|0x0000000086b00000, 0x0000000086c00000, 0x0000000086c00000|100%| O|  |TAMS 0x0000000086c00000| PB 0x0000000086c00000| Untracked |  0
|  68|0x0000000086c00000, 0x0000000086d00000, 0x0000000086d00000|100%| O|  |TAMS 0x0000000086d00000| PB 0x0000000086d00000| Untracked |  0
|  69|0x0000000086d00000, 0x0000000086e00000, 0x0000000086e00000|100%| O|  |TAMS 0x0000000086e00000| PB 0x0000000086e00000| Untracked |  0
|  70|0x0000000086e00000, 0x0000000086f00000, 0x0000000086f00000|100%| O|  |TAMS 0x0000000086f00000| PB 0x0000000086f00000| Untracked |  0
|  71|0x0000000086f00000, 0x0000000087000000, 0x0000000087000000|100%| O|  |TAMS 0x0000000087000000| PB 0x0000000087000000| Untracked |  0
|  72|0x0000000087000000, 0x0000000087100000, 0x0000000087100000|100%| O|  |TAMS 0x0000000087100000| PB 0x0000000087100000| Untracked |  0
|  73|0x0000000087100000, 0x0000000087200000, 0x0000000087200000|100%| O|  |TAMS 0x0000000087200000| PB 0x0000000087200000| Untracked |  0
|  74|0x0000000087200000, 0x0000000087300000, 0x0000000087300000|100%| O|  |TAMS 0x0000000087300000| PB 0x0000000087300000| Untracked |  0
|  75|0x0000000087300000, 0x0000000087400000, 0x0000000087400000|100%| O|  |TAMS 0x0000000087400000| PB 0x0000000087400000| Untracked |  0
|  76|0x0000000087400000, 0x0000000087500000, 0x0000000087500000|100%| O|  |TAMS 0x0000000087500000| PB 0x0000000087500000| Untracked |  0
|  77|0x0000000087500000, 0x0000000087600000, 0x0000000087600000|100%| O|  |TAMS 0x0000000087600000| PB 0x0000000087600000| Untracked |  0
|  78|0x0000000087600000, 0x0000000087700000, 0x0000000087700000|100%| O|  |TAMS 0x0000000087700000| PB 0x0000000087700000| Untracked |  0
|  79|0x0000000087700000, 0x0000000087800000, 0x0000000087800000|100%| O|  |TAMS 0x0000000087800000| PB 0x0000000087800000| Untracked |  0
|  80|0x0000000087800000, 0x0000000087900000, 0x0000000087900000|100%| O|  |TAMS 0x0000000087900000| PB 0x0000000087900000| Untracked |  0
|  81|0x0000000087900000, 0x0000000087a00000, 0x0000000087a00000|100%| O|  |TAMS 0x0000000087a00000| PB 0x0000000087a00000| Untracked |  0
|  82|0x0000000087a00000, 0x0000000087b00000, 0x0000000087b00000|100%| O|  |TAMS 0x0000000087b00000| PB 0x0000000087b00000| Untracked |  0
|  83|0x0000000087b00000, 0x0000000087c00000, 0x0000000087c00000|100%| O|  |TAMS 0x0000000087c00000| PB 0x0000000087c00000| Untracked |  0
|  84|0x0000000087c00000, 0x0000000087d00000, 0x0000000087d00000|100%| O|  |TAMS 0x0000000087d00000| PB 0x0000000087d00000| Untracked |  0
|  85|0x0000000087d00000, 0x0000000087e00000, 0x0000000087e00000|100%| O|  |TAMS 0x0000000087d00000| PB 0x0000000087d00000| Untracked |  0
|  86|0x0000000087e00000, 0x0000000087f00000, 0x0000000087f00000|100%| O|  |TAMS 0x0000000087f00000| PB 0x0000000087f00000| Untracked |  0
|  87|0x0000000087f00000, 0x0000000088000000, 0x0000000088000000|100%| O|  |TAMS 0x0000000088000000| PB 0x0000000088000000| Untracked |  0
|  88|0x0000000088000000, 0x0000000088100000, 0x0000000088100000|100%| O|  |TAMS 0x0000000088100000| PB 0x0000000088100000| Untracked |  0
|  89|0x0000000088100000, 0x0000000088200000, 0x0000000088200000|100%| O|  |TAMS 0x0000000088200000| PB 0x0000000088200000| Untracked |  0
|  90|0x0000000088200000, 0x0000000088300000, 0x0000000088300000|100%| O|  |TAMS 0x0000000088300000| PB 0x0000000088300000| Untracked |  0
|  91|0x0000000088300000, 0x0000000088400000, 0x0000000088400000|100%| O|  |TAMS 0x0000000088400000| PB 0x0000000088400000| Untracked |  0
|  92|0x0000000088400000, 0x0000000088500000, 0x0000000088500000|100%| O|  |TAMS 0x0000000088500000| PB 0x0000000088500000| Untracked |  0
|  93|0x0000000088500000, 0x0000000088600000, 0x0000000088600000|100%| O|  |TAMS 0x0000000088600000| PB 0x0000000088600000| Untracked |  0
|  94|0x0000000088600000, 0x0000000088700000, 0x0000000088700000|100%| O|  |TAMS 0x0000000088700000| PB 0x0000000088700000| Untracked |  0
|  95|0x0000000088700000, 0x0000000088800000, 0x0000000088800000|100%| O|  |TAMS 0x0000000088800000| PB 0x0000000088800000| Untracked |  0
|  96|0x0000000088800000, 0x0000000088900000, 0x0000000088900000|100%| O|  |TAMS 0x0000000088900000| PB 0x0000000088900000| Untracked |  0
|  97|0x0000000088900000, 0x0000000088a00000, 0x0000000088a00000|100%| O|  |TAMS 0x0000000088a00000| PB 0x0000000088a00000| Untracked |  0
|  98|0x0000000088a00000, 0x0000000088b00000, 0x0000000088b00000|100%| O|  |TAMS 0x0000000088b00000| PB 0x0000000088b00000| Untracked |  0
|  99|0x0000000088b00000, 0x0000000088c00000, 0x0000000088c00000|100%| O|  |TAMS 0x0000000088b00000| PB 0x0000000088b00000| Untracked |  0
| 100|0x0000000088c00000, 0x0000000088d00000, 0x0000000088d00000|100%| O|  |TAMS 0x0000000088d00000| PB 0x0000000088d00000| Untracked |  0
| 101|0x0000000088d00000, 0x0000000088e00000, 0x0000000088e00000|100%| O|  |TAMS 0x0000000088e00000| PB 0x0000000088e00000| Untracked |  0
| 102|0x0000000088e00000, 0x0000000088f00000, 0x0000000088f00000|100%| O|  |TAMS 0x0000000088f00000| PB 0x0000000088f00000| Untracked |  0
| 103|0x0000000088f00000, 0x0000000089000000, 0x0000000089000000|100%| O|  |TAMS 0x0000000089000000| PB 0x0000000089000000| Untracked |  0
| 104|0x0000000089000000, 0x0000000089100000, 0x0000000089100000|100%| O|  |TAMS 0x0000000089100000| PB 0x0000000089100000| Untracked |  0
| 105|0x0000000089100000, 0x0000000089200000, 0x0000000089200000|100%| O|  |TAMS 0x0000000089200000| PB 0x0000000089200000| Untracked |  0
| 106|0x0000000089200000, 0x0000000089300000, 0x0000000089300000|100%| O|  |TAMS 0x0000000089300000| PB 0x0000000089300000| Untracked |  0
| 107|0x0000000089300000, 0x0000000089400000, 0x0000000089400000|100%| O|  |TAMS 0x0000000089400000| PB 0x0000000089400000| Untracked |  0
| 108|0x0000000089400000, 0x0000000089500000, 0x0000000089500000|100%| O|  |TAMS 0x0000000089500000| PB 0x0000000089500000| Untracked |  0
| 109|0x0000000089500000, 0x0000000089600000, 0x0000000089600000|100%| O|  |TAMS 0x0000000089600000| PB 0x0000000089600000| Untracked |  0
| 110|0x0000000089600000, 0x0000000089700000, 0x0000000089700000|100%| O|  |TAMS 0x0000000089700000| PB 0x0000000089700000| Untracked |  0
| 111|0x0000000089700000, 0x0000000089800000, 0x0000000089800000|100%| O|  |TAMS 0x0000000089800000| PB 0x0000000089800000| Untracked |  0
| 112|0x0000000089800000, 0x0000000089900000, 0x0000000089900000|100%| O|  |TAMS 0x0000000089900000| PB 0x0000000089900000| Untracked |  0
| 113|0x0000000089900000, 0x0000000089a00000, 0x0000000089a00000|100%| O|  |TAMS 0x0000000089a00000| PB 0x0000000089a00000| Untracked |  0
| 114|0x0000000089a00000, 0x0000000089b00000, 0x0000000089b00000|100%| O|  |TAMS 0x0000000089b00000| PB 0x0000000089b00000| Untracked |  0
| 115|0x0000000089b00000, 0x0000000089c00000, 0x0000000089c00000|100%| O|  |TAMS 0x0000000089c00000| PB 0x0000000089c00000| Untracked |  0
| 116|0x0000000089c00000, 0x0000000089d00000, 0x0000000089d00000|100%| O|  |TAMS 0x0000000089d00000| PB 0x0000000089d00000| Untracked |  0
| 117|0x0000000089d00000, 0x0000000089e00000, 0x0000000089e00000|100%| O|  |TAMS 0x0000000089e00000| PB 0x0000000089e00000| Untracked |  0
| 118|0x0000000089e00000, 0x0000000089f00000, 0x0000000089f00000|100%| O|  |TAMS 0x0000000089f00000| PB 0x0000000089f00000| Untracked |  0
| 119|0x0000000089f00000, 0x000000008a000000, 0x000000008a000000|100%| O|  |TAMS 0x000000008a000000| PB 0x000000008a000000| Untracked |  0
| 120|0x000000008a000000, 0x000000008a100000, 0x000000008a100000|100%| O|  |TAMS 0x000000008a100000| PB 0x000000008a100000| Untracked |  0
| 121|0x000000008a100000, 0x000000008a200000, 0x000000008a200000|100%| O|  |TAMS 0x000000008a200000| PB 0x000000008a200000| Untracked |  0
| 122|0x000000008a200000, 0x000000008a300000, 0x000000008a300000|100%| O|  |TAMS 0x000000008a300000| PB 0x000000008a300000| Untracked |  0
| 123|0x000000008a300000, 0x000000008a400000, 0x000000008a400000|100%| O|  |TAMS 0x000000008a400000| PB 0x000000008a400000| Untracked |  0
| 124|0x000000008a400000, 0x000000008a500000, 0x000000008a500000|100%| O|  |TAMS 0x000000008a500000| PB 0x000000008a500000| Untracked |  0
| 125|0x000000008a500000, 0x000000008a600000, 0x000000008a600000|100%| O|  |TAMS 0x000000008a600000| PB 0x000000008a600000| Untracked |  0
| 126|0x000000008a600000, 0x000000008a700000, 0x000000008a700000|100%| O|  |TAMS 0x000000008a700000| PB 0x000000008a700000| Untracked |  0
| 127|0x000000008a700000, 0x000000008a800000, 0x000000008a800000|100%| O|  |TAMS 0x000000008a800000| PB 0x000000008a800000| Untracked |  0
| 128|0x000000008a800000, 0x000000008a900000, 0x000000008a900000|100%| O|  |TAMS 0x000000008a900000| PB 0x000000008a900000| Untracked |  0
| 129|0x000000008a900000, 0x000000008aa00000, 0x000000008aa00000|100%| O|  |TAMS 0x000000008aa00000| PB 0x000000008aa00000| Untracked |  0
| 130|0x000000008aa00000, 0x000000008ab00000, 0x000000008ab00000|100%| O|  |TAMS 0x000000008ab00000| PB 0x000000008ab00000| Untracked |  0
| 131|0x000000008ab00000, 0x000000008ac00000, 0x000000008ac00000|100%| O|  |TAMS 0x000000008ac00000| PB 0x000000008ac00000| Untracked |  0
| 132|0x000000008ac00000, 0x000000008ad00000, 0x000000008ad00000|100%| O|  |TAMS 0x000000008ad00000| PB 0x000000008ad00000| Untracked |  0
| 133|0x000000008ad00000, 0x000000008ae00000, 0x000000008ae00000|100%| O|  |TAMS 0x000000008ae00000| PB 0x000000008ae00000| Untracked |  0
| 134|0x000000008ae00000, 0x000000008af00000, 0x000000008af00000|100%| O|  |TAMS 0x000000008af00000| PB 0x000000008af00000| Untracked |  0
| 135|0x000000008af00000, 0x000000008b000000, 0x000000008b000000|100%| O|  |TAMS 0x000000008b000000| PB 0x000000008b000000| Untracked |  0
| 136|0x000000008b000000, 0x000000008b100000, 0x000000008b100000|100%| O|  |TAMS 0x000000008b100000| PB 0x000000008b100000| Untracked |  0
| 137|0x000000008b100000, 0x000000008b200000, 0x000000008b200000|100%| O|  |TAMS 0x000000008b200000| PB 0x000000008b200000| Untracked |  0
| 138|0x000000008b200000, 0x000000008b300000, 0x000000008b300000|100%| O|  |TAMS 0x000000008b300000| PB 0x000000008b300000| Untracked |  0
| 139|0x000000008b300000, 0x000000008b400000, 0x000000008b400000|100%| O|  |TAMS 0x000000008b400000| PB 0x000000008b400000| Untracked |  0
| 140|0x000000008b400000, 0x000000008b500000, 0x000000008b500000|100%| O|  |TAMS 0x000000008b500000| PB 0x000000008b500000| Untracked |  0
| 141|0x000000008b500000, 0x000000008b600000, 0x000000008b600000|100%| O|  |TAMS 0x000000008b600000| PB 0x000000008b600000| Untracked |  0
| 142|0x000000008b600000, 0x000000008b700000, 0x000000008b700000|100%| O|  |TAMS 0x000000008b700000| PB 0x000000008b700000| Untracked |  0
| 143|0x000000008b700000, 0x000000008b800000, 0x000000008b800000|100%| O|  |TAMS 0x000000008b800000| PB 0x000000008b800000| Untracked |  0
| 144|0x000000008b800000, 0x000000008b900000, 0x000000008b900000|100%| O|  |TAMS 0x000000008b900000| PB 0x000000008b900000| Untracked |  0
| 145|0x000000008b900000, 0x000000008ba00000, 0x000000008ba00000|100%| O|  |TAMS 0x000000008ba00000| PB 0x000000008ba00000| Untracked |  0
| 146|0x000000008ba00000, 0x000000008bb00000, 0x000000008bb00000|100%| O|  |TAMS 0x000000008bb00000| PB 0x000000008bb00000| Untracked |  0
| 147|0x000000008bb00000, 0x000000008bc00000, 0x000000008bc00000|100%| O|  |TAMS 0x000000008bc00000| PB 0x000000008bc00000| Untracked |  0
| 148|0x000000008bc00000, 0x000000008bd00000, 0x000000008bd00000|100%| O|  |TAMS 0x000000008bd00000| PB 0x000000008bd00000| Untracked |  0
| 149|0x000000008bd00000, 0x000000008be00000, 0x000000008be00000|100%| O|  |TAMS 0x000000008be00000| PB 0x000000008be00000| Untracked |  0
| 150|0x000000008be00000, 0x000000008bf00000, 0x000000008bf00000|100%| O|  |TAMS 0x000000008bf00000| PB 0x000000008bf00000| Untracked |  0
| 151|0x000000008bf00000, 0x000000008c000000, 0x000000008c000000|100%| O|  |TAMS 0x000000008c000000| PB 0x000000008c000000| Untracked |  0
| 152|0x000000008c000000, 0x000000008c100000, 0x000000008c100000|100%| O|  |TAMS 0x000000008c100000| PB 0x000000008c100000| Untracked |  0
| 153|0x000000008c100000, 0x000000008c200000, 0x000000008c200000|100%| O|  |TAMS 0x000000008c200000| PB 0x000000008c200000| Untracked |  0
| 154|0x000000008c200000, 0x000000008c300000, 0x000000008c300000|100%| O|  |TAMS 0x000000008c300000| PB 0x000000008c300000| Untracked |  0
| 155|0x000000008c300000, 0x000000008c400000, 0x000000008c400000|100%| O|  |TAMS 0x000000008c400000| PB 0x000000008c400000| Untracked |  0
| 156|0x000000008c400000, 0x000000008c500000, 0x000000008c500000|100%| O|  |TAMS 0x000000008c500000| PB 0x000000008c500000| Untracked |  0
| 157|0x000000008c500000, 0x000000008c600000, 0x000000008c600000|100%| O|  |TAMS 0x000000008c600000| PB 0x000000008c600000| Untracked |  0
| 158|0x000000008c600000, 0x000000008c700000, 0x000000008c700000|100%| O|  |TAMS 0x000000008c700000| PB 0x000000008c700000| Untracked |  0
| 159|0x000000008c700000, 0x000000008c800000, 0x000000008c800000|100%| O|  |TAMS 0x000000008c800000| PB 0x000000008c800000| Untracked |  0
| 160|0x000000008c800000, 0x000000008c900000, 0x000000008c900000|100%| O|  |TAMS 0x000000008c900000| PB 0x000000008c900000| Untracked |  0
| 161|0x000000008c900000, 0x000000008ca00000, 0x000000008ca00000|100%| O|  |TAMS 0x000000008ca00000| PB 0x000000008ca00000| Untracked |  0
| 162|0x000000008ca00000, 0x000000008cb00000, 0x000000008cb00000|100%| O|  |TAMS 0x000000008cb00000| PB 0x000000008cb00000| Untracked |  0
| 163|0x000000008cb00000, 0x000000008cc00000, 0x000000008cc00000|100%| O|  |TAMS 0x000000008cc00000| PB 0x000000008cc00000| Untracked |  0
| 164|0x000000008cc00000, 0x000000008cd00000, 0x000000008cd00000|100%| O|  |TAMS 0x000000008cd00000| PB 0x000000008cd00000| Untracked |  0
| 165|0x000000008cd00000, 0x000000008ce00000, 0x000000008ce00000|100%| O|  |TAMS 0x000000008ce00000| PB 0x000000008ce00000| Untracked |  0
| 166|0x000000008ce00000, 0x000000008cf00000, 0x000000008cf00000|100%| O|  |TAMS 0x000000008cf00000| PB 0x000000008cf00000| Untracked |  0
| 167|0x000000008cf00000, 0x000000008d000000, 0x000000008d000000|100%| O|  |TAMS 0x000000008d000000| PB 0x000000008d000000| Untracked |  0
| 168|0x000000008d000000, 0x000000008d100000, 0x000000008d100000|100%| O|  |TAMS 0x000000008d100000| PB 0x000000008d100000| Untracked |  0
| 169|0x000000008d100000, 0x000000008d200000, 0x000000008d200000|100%| O|  |TAMS 0x000000008d200000| PB 0x000000008d200000| Untracked |  0
| 170|0x000000008d200000, 0x000000008d300000, 0x000000008d300000|100%| O|  |TAMS 0x000000008d300000| PB 0x000000008d300000| Untracked |  0
| 171|0x000000008d300000, 0x000000008d400000, 0x000000008d400000|100%| O|  |TAMS 0x000000008d400000| PB 0x000000008d400000| Untracked |  0
| 172|0x000000008d400000, 0x000000008d500000, 0x000000008d500000|100%| O|  |TAMS 0x000000008d500000| PB 0x000000008d500000| Untracked |  0
| 173|0x000000008d500000, 0x000000008d600000, 0x000000008d600000|100%| O|  |TAMS 0x000000008d600000| PB 0x000000008d600000| Untracked |  0
| 174|0x000000008d600000, 0x000000008d700000, 0x000000008d700000|100%| O|  |TAMS 0x000000008d700000| PB 0x000000008d700000| Untracked |  0
| 175|0x000000008d700000, 0x000000008d800000, 0x000000008d800000|100%| O|  |TAMS 0x000000008d800000| PB 0x000000008d800000| Untracked |  0
| 176|0x000000008d800000, 0x000000008d900000, 0x000000008d900000|100%| O|  |TAMS 0x000000008d900000| PB 0x000000008d900000| Untracked |  0
| 177|0x000000008d900000, 0x000000008da00000, 0x000000008da00000|100%| O|  |TAMS 0x000000008da00000| PB 0x000000008da00000| Untracked |  0
| 178|0x000000008da00000, 0x000000008db00000, 0x000000008db00000|100%| O|  |TAMS 0x000000008db00000| PB 0x000000008db00000| Untracked |  0
| 179|0x000000008db00000, 0x000000008dc00000, 0x000000008dc00000|100%| O|  |TAMS 0x000000008dc00000| PB 0x000000008dc00000| Untracked |  0
| 180|0x000000008dc00000, 0x000000008dd00000, 0x000000008dd00000|100%| O|  |TAMS 0x000000008dd00000| PB 0x000000008dd00000| Untracked |  0
| 181|0x000000008dd00000, 0x000000008de00000, 0x000000008de00000|100%| O|  |TAMS 0x000000008de00000| PB 0x000000008de00000| Untracked |  0
| 182|0x000000008de00000, 0x000000008df00000, 0x000000008df00000|100%| O|  |TAMS 0x000000008df00000| PB 0x000000008df00000| Untracked |  0
| 183|0x000000008df00000, 0x000000008e000000, 0x000000008e000000|100%| O|  |TAMS 0x000000008e000000| PB 0x000000008e000000| Untracked |  0
| 184|0x000000008e000000, 0x000000008e100000, 0x000000008e100000|100%| O|  |TAMS 0x000000008e100000| PB 0x000000008e100000| Untracked |  0
| 185|0x000000008e100000, 0x000000008e200000, 0x000000008e200000|100%| O|  |TAMS 0x000000008e200000| PB 0x000000008e200000| Untracked |  0
| 186|0x000000008e200000, 0x000000008e300000, 0x000000008e300000|100%| O|  |TAMS 0x000000008e300000| PB 0x000000008e300000| Untracked |  0
| 187|0x000000008e300000, 0x000000008e400000, 0x000000008e400000|100%| O|  |TAMS 0x000000008e400000| PB 0x000000008e400000| Untracked |  0
| 188|0x000000008e400000, 0x000000008e500000, 0x000000008e500000|100%| O|  |TAMS 0x000000008e500000| PB 0x000000008e500000| Untracked |  0
| 189|0x000000008e500000, 0x000000008e600000, 0x000000008e600000|100%| O|  |TAMS 0x000000008e600000| PB 0x000000008e600000| Untracked |  0
| 190|0x000000008e600000, 0x000000008e700000, 0x000000008e700000|100%| O|  |TAMS 0x000000008e700000| PB 0x000000008e700000| Untracked |  0
| 191|0x000000008e700000, 0x000000008e800000, 0x000000008e800000|100%| O|  |TAMS 0x000000008e800000| PB 0x000000008e800000| Untracked |  0
| 192|0x000000008e800000, 0x000000008e900000, 0x000000008e900000|100%| O|  |TAMS 0x000000008e900000| PB 0x000000008e900000| Untracked |  0
| 193|0x000000008e900000, 0x000000008ea00000, 0x000000008ea00000|100%| O|  |TAMS 0x000000008ea00000| PB 0x000000008ea00000| Untracked |  0
| 194|0x000000008ea00000, 0x000000008eb00000, 0x000000008eb00000|100%| O|  |TAMS 0x000000008eb00000| PB 0x000000008eb00000| Untracked |  0
| 195|0x000000008eb00000, 0x000000008ec00000, 0x000000008ec00000|100%| O|  |TAMS 0x000000008ec00000| PB 0x000000008ec00000| Untracked |  0
| 196|0x000000008ec00000, 0x000000008ed00000, 0x000000008ed00000|100%| O|  |TAMS 0x000000008ed00000| PB 0x000000008ed00000| Untracked |  0
| 197|0x000000008ed00000, 0x000000008ee00000, 0x000000008ee00000|100%| O|  |TAMS 0x000000008ee00000| PB 0x000000008ee00000| Untracked |  0
| 198|0x000000008ee00000, 0x000000008ef00000, 0x000000008ef00000|100%| O|  |TAMS 0x000000008ef00000| PB 0x000000008ef00000| Untracked |  0
| 199|0x000000008ef00000, 0x000000008f000000, 0x000000008f000000|100%| O|  |TAMS 0x000000008f000000| PB 0x000000008f000000| Untracked |  0
| 200|0x000000008f000000, 0x000000008f100000, 0x000000008f100000|100%| O|  |TAMS 0x000000008f100000| PB 0x000000008f100000| Untracked |  0
| 201|0x000000008f100000, 0x000000008f200000, 0x000000008f200000|100%| O|  |TAMS 0x000000008f200000| PB 0x000000008f200000| Untracked |  0
| 202|0x000000008f200000, 0x000000008f300000, 0x000000008f300000|100%| O|  |TAMS 0x000000008f300000| PB 0x000000008f300000| Untracked |  0
| 203|0x000000008f300000, 0x000000008f400000, 0x000000008f400000|100%| O|  |TAMS 0x000000008f400000| PB 0x000000008f400000| Untracked |  0
| 204|0x000000008f400000, 0x000000008f500000, 0x000000008f500000|100%| O|  |TAMS 0x000000008f500000| PB 0x000000008f500000| Untracked |  0
| 205|0x000000008f500000, 0x000000008f600000, 0x000000008f600000|100%| O|  |TAMS 0x000000008f600000| PB 0x000000008f600000| Untracked |  0
| 206|0x000000008f600000, 0x000000008f700000, 0x000000008f700000|100%| O|  |TAMS 0x000000008f700000| PB 0x000000008f700000| Untracked |  0
| 207|0x000000008f700000, 0x000000008f800000, 0x000000008f800000|100%| O|  |TAMS 0x000000008f800000| PB 0x000000008f800000| Untracked |  0
| 208|0x000000008f800000, 0x000000008f900000, 0x000000008f900000|100%| O|  |TAMS 0x000000008f900000| PB 0x000000008f900000| Untracked |  0
| 209|0x000000008f900000, 0x000000008fa00000, 0x000000008fa00000|100%| O|  |TAMS 0x000000008fa00000| PB 0x000000008fa00000| Untracked |  0
| 210|0x000000008fa00000, 0x000000008fb00000, 0x000000008fb00000|100%| O|  |TAMS 0x000000008fb00000| PB 0x000000008fb00000| Untracked |  0
| 211|0x000000008fb00000, 0x000000008fc00000, 0x000000008fc00000|100%| O|  |TAMS 0x000000008fc00000| PB 0x000000008fc00000| Untracked |  0
| 212|0x000000008fc00000, 0x000000008fd00000, 0x000000008fd00000|100%| O|  |TAMS 0x000000008fd00000| PB 0x000000008fd00000| Untracked |  0
| 213|0x000000008fd00000, 0x000000008fe00000, 0x000000008fe00000|100%| O|  |TAMS 0x000000008fe00000| PB 0x000000008fe00000| Untracked |  0
| 214|0x000000008fe00000, 0x000000008ff00000, 0x000000008ff00000|100%| O|  |TAMS 0x000000008ff00000| PB 0x000000008ff00000| Untracked |  0
| 215|0x000000008ff00000, 0x0000000090000000, 0x0000000090000000|100%| O|  |TAMS 0x0000000090000000| PB 0x0000000090000000| Untracked |  0
| 216|0x0000000090000000, 0x0000000090100000, 0x0000000090100000|100%| O|  |TAMS 0x0000000090100000| PB 0x0000000090100000| Untracked |  0
| 217|0x0000000090100000, 0x0000000090200000, 0x0000000090200000|100%| O|  |TAMS 0x0000000090200000| PB 0x0000000090200000| Untracked |  0
| 218|0x0000000090200000, 0x0000000090300000, 0x0000000090300000|100%| O|  |TAMS 0x0000000090300000| PB 0x0000000090300000| Untracked |  0
| 219|0x0000000090300000, 0x0000000090400000, 0x0000000090400000|100%| O|  |TAMS 0x0000000090400000| PB 0x0000000090400000| Untracked |  0
| 220|0x0000000090400000, 0x0000000090500000, 0x0000000090500000|100%| O|  |TAMS 0x0000000090500000| PB 0x0000000090500000| Untracked |  0
| 221|0x0000000090500000, 0x0000000090600000, 0x0000000090600000|100%| O|  |TAMS 0x0000000090600000| PB 0x0000000090600000| Untracked |  0
| 222|0x0000000090600000, 0x0000000090700000, 0x0000000090700000|100%| O|  |TAMS 0x0000000090700000| PB 0x0000000090700000| Untracked |  0
| 223|0x0000000090700000, 0x0000000090800000, 0x0000000090800000|100%| O|  |TAMS 0x0000000090800000| PB 0x0000000090800000| Untracked |  0
| 224|0x0000000090800000, 0x0000000090900000, 0x0000000090900000|100%| O|  |TAMS 0x0000000090900000| PB 0x0000000090900000| Untracked |  0
| 225|0x0000000090900000, 0x0000000090a00000, 0x0000000090a00000|100%| O|  |TAMS 0x0000000090a00000| PB 0x0000000090a00000| Untracked |  0
| 226|0x0000000090a00000, 0x0000000090b00000, 0x0000000090b00000|100%| O|  |TAMS 0x0000000090b00000| PB 0x0000000090b00000| Untracked |  0
| 227|0x0000000090b00000, 0x0000000090c00000, 0x0000000090c00000|100%| O|  |TAMS 0x0000000090c00000| PB 0x0000000090c00000| Untracked |  0
| 228|0x0000000090c00000, 0x0000000090d00000, 0x0000000090d00000|100%| O|  |TAMS 0x0000000090d00000| PB 0x0000000090d00000| Untracked |  0
| 229|0x0000000090d00000, 0x0000000090e00000, 0x0000000090e00000|100%| O|  |TAMS 0x0000000090e00000| PB 0x0000000090e00000| Untracked |  0
| 230|0x0000000090e00000, 0x0000000090f00000, 0x0000000090f00000|100%| O|  |TAMS 0x0000000090f00000| PB 0x0000000090f00000| Untracked |  0
| 231|0x0000000090f00000, 0x0000000091000000, 0x0000000091000000|100%| O|  |TAMS 0x0000000091000000| PB 0x0000000091000000| Untracked |  0
| 232|0x0000000091000000, 0x0000000091100000, 0x0000000091100000|100%| O|  |TAMS 0x0000000091100000| PB 0x0000000091100000| Untracked |  0
| 233|0x0000000091100000, 0x0000000091200000, 0x0000000091200000|100%| O|  |TAMS 0x0000000091200000| PB 0x0000000091200000| Untracked |  0
| 234|0x0000000091200000, 0x0000000091300000, 0x0000000091300000|100%| O|  |TAMS 0x0000000091300000| PB 0x0000000091300000| Untracked |  0
| 235|0x0000000091300000, 0x0000000091400000, 0x0000000091400000|100%| O|  |TAMS 0x0000000091400000| PB 0x0000000091400000| Untracked |  0
| 236|0x0000000091400000, 0x0000000091500000, 0x0000000091500000|100%| O|  |TAMS 0x0000000091500000| PB 0x0000000091500000| Untracked |  0
| 237|0x0000000091500000, 0x0000000091600000, 0x0000000091600000|100%| O|  |TAMS 0x0000000091600000| PB 0x0000000091600000| Untracked |  0
| 238|0x0000000091600000, 0x0000000091700000, 0x0000000091700000|100%| O|  |TAMS 0x0000000091700000| PB 0x0000000091700000| Untracked |  0
| 239|0x0000000091700000, 0x0000000091800000, 0x0000000091800000|100%| O|  |TAMS 0x0000000091800000| PB 0x0000000091800000| Untracked |  0
| 240|0x0000000091800000, 0x0000000091900000, 0x0000000091900000|100%| O|  |TAMS 0x0000000091900000| PB 0x0000000091900000| Untracked |  0
| 241|0x0000000091900000, 0x0000000091a00000, 0x0000000091a00000|100%| O|  |TAMS 0x0000000091a00000| PB 0x0000000091a00000| Untracked |  0
| 242|0x0000000091a00000, 0x0000000091b00000, 0x0000000091b00000|100%| O|  |TAMS 0x0000000091b00000| PB 0x0000000091b00000| Untracked |  0
| 243|0x0000000091b00000, 0x0000000091c00000, 0x0000000091c00000|100%| O|  |TAMS 0x0000000091c00000| PB 0x0000000091c00000| Untracked |  0
| 244|0x0000000091c00000, 0x0000000091d00000, 0x0000000091d00000|100%| O|  |TAMS 0x0000000091d00000| PB 0x0000000091d00000| Untracked |  0
| 245|0x0000000091d00000, 0x0000000091e00000, 0x0000000091e00000|100%| O|  |TAMS 0x0000000091e00000| PB 0x0000000091e00000| Untracked |  0
| 246|0x0000000091e00000, 0x0000000091f00000, 0x0000000091f00000|100%| O|  |TAMS 0x0000000091f00000| PB 0x0000000091f00000| Untracked |  0
| 247|0x0000000091f00000, 0x0000000092000000, 0x0000000092000000|100%| O|  |TAMS 0x0000000092000000| PB 0x0000000092000000| Untracked |  0
| 248|0x0000000092000000, 0x0000000092100000, 0x0000000092100000|100%| O|  |TAMS 0x0000000092100000| PB 0x0000000092100000| Untracked |  0
| 249|0x0000000092100000, 0x0000000092200000, 0x0000000092200000|100%| O|  |TAMS 0x0000000092200000| PB 0x0000000092200000| Untracked |  0
| 250|0x0000000092200000, 0x0000000092300000, 0x0000000092300000|100%| O|  |TAMS 0x0000000092300000| PB 0x0000000092300000| Untracked |  0
| 251|0x0000000092300000, 0x0000000092400000, 0x0000000092400000|100%| O|  |TAMS 0x0000000092400000| PB 0x0000000092400000| Untracked |  0
| 252|0x0000000092400000, 0x0000000092500000, 0x0000000092500000|100%| O|  |TAMS 0x0000000092500000| PB 0x0000000092500000| Untracked |  0
| 253|0x0000000092500000, 0x0000000092600000, 0x0000000092600000|100%| O|  |TAMS 0x0000000092600000| PB 0x0000000092600000| Untracked |  0
| 254|0x0000000092600000, 0x0000000092700000, 0x0000000092700000|100%| O|  |TAMS 0x0000000092700000| PB 0x0000000092700000| Untracked |  0
| 255|0x0000000092700000, 0x0000000092800000, 0x0000000092800000|100%| O|  |TAMS 0x0000000092800000| PB 0x0000000092800000| Untracked |  0
| 256|0x0000000092800000, 0x0000000092900000, 0x0000000092900000|100%| O|  |TAMS 0x0000000092900000| PB 0x0000000092900000| Untracked |  0
| 257|0x0000000092900000, 0x0000000092a00000, 0x0000000092a00000|100%| O|  |TAMS 0x0000000092a00000| PB 0x0000000092a00000| Untracked |  0
| 258|0x0000000092a00000, 0x0000000092b00000, 0x0000000092b00000|100%| O|  |TAMS 0x0000000092b00000| PB 0x0000000092b00000| Untracked |  0
| 259|0x0000000092b00000, 0x0000000092c00000, 0x0000000092c00000|100%| O|  |TAMS 0x0000000092c00000| PB 0x0000000092c00000| Untracked |  0
| 260|0x0000000092c00000, 0x0000000092d00000, 0x0000000092d00000|100%| O|  |TAMS 0x0000000092d00000| PB 0x0000000092d00000| Untracked |  0
| 261|0x0000000092d00000, 0x0000000092e00000, 0x0000000092e00000|100%| O|  |TAMS 0x0000000092e00000| PB 0x0000000092e00000| Untracked |  0
| 262|0x0000000092e00000, 0x0000000092f00000, 0x0000000092f00000|100%| O|  |TAMS 0x0000000092f00000| PB 0x0000000092f00000| Untracked |  0
| 263|0x0000000092f00000, 0x0000000093000000, 0x0000000093000000|100%| O|  |TAMS 0x0000000093000000| PB 0x0000000093000000| Untracked |  0
| 264|0x0000000093000000, 0x0000000093100000, 0x0000000093100000|100%| O|  |TAMS 0x0000000093100000| PB 0x0000000093100000| Untracked |  0
| 265|0x0000000093100000, 0x0000000093200000, 0x0000000093200000|100%| O|  |TAMS 0x0000000093200000| PB 0x0000000093200000| Untracked |  0
| 266|0x0000000093200000, 0x0000000093300000, 0x0000000093300000|100%| O|  |TAMS 0x0000000093300000| PB 0x0000000093300000| Untracked |  0
| 267|0x0000000093300000, 0x0000000093400000, 0x0000000093400000|100%| O|  |TAMS 0x0000000093400000| PB 0x0000000093400000| Untracked |  0
| 268|0x0000000093400000, 0x0000000093500000, 0x0000000093500000|100%| O|  |TAMS 0x0000000093500000| PB 0x0000000093500000| Untracked |  0
| 269|0x0000000093500000, 0x0000000093600000, 0x0000000093600000|100%| O|  |TAMS 0x0000000093600000| PB 0x0000000093600000| Untracked |  0
| 270|0x0000000093600000, 0x0000000093700000, 0x0000000093700000|100%| O|  |TAMS 0x0000000093700000| PB 0x0000000093700000| Untracked |  0
| 271|0x0000000093700000, 0x0000000093800000, 0x0000000093800000|100%| O|  |TAMS 0x0000000093800000| PB 0x0000000093800000| Untracked |  0
| 272|0x0000000093800000, 0x0000000093900000, 0x0000000093900000|100%| O|  |TAMS 0x0000000093900000| PB 0x0000000093900000| Untracked |  0
| 273|0x0000000093900000, 0x0000000093a00000, 0x0000000093a00000|100%| O|  |TAMS 0x0000000093a00000| PB 0x0000000093a00000| Untracked |  0
| 274|0x0000000093a00000, 0x0000000093b00000, 0x0000000093b00000|100%| O|  |TAMS 0x0000000093b00000| PB 0x0000000093b00000| Untracked |  0
| 275|0x0000000093b00000, 0x0000000093c00000, 0x0000000093c00000|100%| O|  |TAMS 0x0000000093c00000| PB 0x0000000093c00000| Untracked |  0
| 276|0x0000000093c00000, 0x0000000093d00000, 0x0000000093d00000|100%| O|  |TAMS 0x0000000093d00000| PB 0x0000000093d00000| Untracked |  0
| 277|0x0000000093d00000, 0x0000000093e00000, 0x0000000093e00000|100%| O|  |TAMS 0x0000000093e00000| PB 0x0000000093e00000| Untracked |  0
| 278|0x0000000093e00000, 0x0000000093f00000, 0x0000000093f00000|100%| O|  |TAMS 0x0000000093f00000| PB 0x0000000093f00000| Untracked |  0
| 279|0x0000000093f00000, 0x0000000094000000, 0x0000000094000000|100%| O|  |TAMS 0x0000000094000000| PB 0x0000000094000000| Untracked |  0
| 280|0x0000000094000000, 0x0000000094100000, 0x0000000094100000|100%| O|  |TAMS 0x0000000094100000| PB 0x0000000094100000| Untracked |  0
| 281|0x0000000094100000, 0x0000000094200000, 0x0000000094200000|100%| O|  |TAMS 0x0000000094200000| PB 0x0000000094200000| Untracked |  0
| 282|0x0000000094200000, 0x0000000094300000, 0x0000000094300000|100%| O|  |TAMS 0x0000000094300000| PB 0x0000000094300000| Untracked |  0
| 283|0x0000000094300000, 0x0000000094400000, 0x0000000094400000|100%| O|  |TAMS 0x0000000094400000| PB 0x0000000094400000| Untracked |  0
| 284|0x0000000094400000, 0x0000000094500000, 0x0000000094500000|100%| O|  |TAMS 0x0000000094500000| PB 0x0000000094500000| Untracked |  0
| 285|0x0000000094500000, 0x0000000094600000, 0x0000000094600000|100%| O|  |TAMS 0x0000000094600000| PB 0x0000000094600000| Untracked |  0
| 286|0x0000000094600000, 0x0000000094700000, 0x0000000094700000|100%| O|  |TAMS 0x0000000094700000| PB 0x0000000094700000| Untracked |  0
| 287|0x0000000094700000, 0x0000000094800000, 0x0000000094800000|100%| O|  |TAMS 0x0000000094800000| PB 0x0000000094800000| Untracked |  0
| 288|0x0000000094800000, 0x0000000094900000, 0x0000000094900000|100%| O|  |TAMS 0x0000000094900000| PB 0x0000000094900000| Untracked |  0
| 289|0x0000000094900000, 0x0000000094a00000, 0x0000000094a00000|100%| O|  |TAMS 0x0000000094a00000| PB 0x0000000094a00000| Untracked |  0
| 290|0x0000000094a00000, 0x0000000094b00000, 0x0000000094b00000|100%| O|  |TAMS 0x0000000094b00000| PB 0x0000000094b00000| Untracked |  0
| 291|0x0000000094b00000, 0x0000000094c00000, 0x0000000094c00000|100%| O|  |TAMS 0x0000000094c00000| PB 0x0000000094c00000| Untracked |  0
| 292|0x0000000094c00000, 0x0000000094d00000, 0x0000000094d00000|100%| O|  |TAMS 0x0000000094d00000| PB 0x0000000094d00000| Untracked |  0
| 293|0x0000000094d00000, 0x0000000094e00000, 0x0000000094e00000|100%| O|  |TAMS 0x0000000094e00000| PB 0x0000000094e00000| Untracked |  0
| 294|0x0000000094e00000, 0x0000000094f00000, 0x0000000094f00000|100%| O|  |TAMS 0x0000000094f00000| PB 0x0000000094f00000| Untracked |  0
| 295|0x0000000094f00000, 0x0000000095000000, 0x0000000095000000|100%| O|  |TAMS 0x0000000095000000| PB 0x0000000095000000| Untracked |  0
| 296|0x0000000095000000, 0x0000000095100000, 0x0000000095100000|100%| O|  |TAMS 0x0000000095100000| PB 0x0000000095100000| Untracked |  0
| 297|0x0000000095100000, 0x0000000095200000, 0x0000000095200000|100%| O|  |TAMS 0x0000000095200000| PB 0x0000000095200000| Untracked |  0
| 298|0x0000000095200000, 0x0000000095300000, 0x0000000095300000|100%| O|  |TAMS 0x0000000095300000| PB 0x0000000095300000| Untracked |  0
| 299|0x0000000095300000, 0x0000000095400000, 0x0000000095400000|100%| O|  |TAMS 0x0000000095400000| PB 0x0000000095400000| Untracked |  0
| 300|0x0000000095400000, 0x0000000095500000, 0x0000000095500000|100%| O|  |TAMS 0x0000000095500000| PB 0x0000000095500000| Untracked |  0
| 301|0x0000000095500000, 0x0000000095600000, 0x0000000095600000|100%| O|  |TAMS 0x0000000095600000| PB 0x0000000095600000| Untracked |  0
| 302|0x0000000095600000, 0x0000000095700000, 0x0000000095700000|100%| O|  |TAMS 0x0000000095700000| PB 0x0000000095700000| Untracked |  0
| 303|0x0000000095700000, 0x0000000095800000, 0x0000000095800000|100%| O|  |TAMS 0x0000000095800000| PB 0x0000000095800000| Untracked |  0
| 304|0x0000000095800000, 0x0000000095900000, 0x0000000095900000|100%| O|  |TAMS 0x0000000095900000| PB 0x0000000095900000| Untracked |  0
| 305|0x0000000095900000, 0x0000000095a00000, 0x0000000095a00000|100%| O|  |TAMS 0x0000000095a00000| PB 0x0000000095a00000| Untracked |  0
| 306|0x0000000095a00000, 0x0000000095b00000, 0x0000000095b00000|100%| O|  |TAMS 0x0000000095b00000| PB 0x0000000095b00000| Untracked |  0
| 307|0x0000000095b00000, 0x0000000095c00000, 0x0000000095c00000|100%| O|  |TAMS 0x0000000095c00000| PB 0x0000000095c00000| Untracked |  0
| 308|0x0000000095c00000, 0x0000000095d00000, 0x0000000095d00000|100%| O|  |TAMS 0x0000000095d00000| PB 0x0000000095d00000| Untracked |  0
| 309|0x0000000095d00000, 0x0000000095e00000, 0x0000000095e00000|100%| O|  |TAMS 0x0000000095e00000| PB 0x0000000095e00000| Untracked |  0
| 310|0x0000000095e00000, 0x0000000095f00000, 0x0000000095f00000|100%| O|  |TAMS 0x0000000095f00000| PB 0x0000000095f00000| Untracked |  0
| 311|0x0000000095f00000, 0x0000000096000000, 0x0000000096000000|100%| O|  |TAMS 0x0000000096000000| PB 0x0000000096000000| Untracked |  0
| 312|0x0000000096000000, 0x0000000096100000, 0x0000000096100000|100%| O|  |TAMS 0x0000000096100000| PB 0x0000000096100000| Untracked |  0
| 313|0x0000000096100000, 0x0000000096200000, 0x0000000096200000|100%| O|  |TAMS 0x0000000096200000| PB 0x0000000096200000| Untracked |  0
| 314|0x0000000096200000, 0x0000000096300000, 0x0000000096300000|100%| O|  |TAMS 0x0000000096300000| PB 0x0000000096300000| Untracked |  0
| 315|0x0000000096300000, 0x0000000096400000, 0x0000000096400000|100%| O|  |TAMS 0x0000000096400000| PB 0x0000000096400000| Untracked |  0
| 316|0x0000000096400000, 0x0000000096500000, 0x0000000096500000|100%| O|  |TAMS 0x0000000096500000| PB 0x0000000096500000| Untracked |  0
| 317|0x0000000096500000, 0x0000000096600000, 0x0000000096600000|100%| O|  |TAMS 0x0000000096600000| PB 0x0000000096600000| Untracked |  0
| 318|0x0000000096600000, 0x0000000096700000, 0x0000000096700000|100%| O|  |TAMS 0x0000000096700000| PB 0x0000000096700000| Untracked |  0
| 319|0x0000000096700000, 0x0000000096800000, 0x0000000096800000|100%| O|  |TAMS 0x0000000096800000| PB 0x0000000096800000| Untracked |  0
| 320|0x0000000096800000, 0x0000000096900000, 0x0000000096900000|100%| O|  |TAMS 0x0000000096900000| PB 0x0000000096900000| Untracked |  0
| 321|0x0000000096900000, 0x0000000096a00000, 0x0000000096a00000|100%| O|  |TAMS 0x0000000096a00000| PB 0x0000000096a00000| Untracked |  0
| 322|0x0000000096a00000, 0x0000000096b00000, 0x0000000096b00000|100%| O|  |TAMS 0x0000000096b00000| PB 0x0000000096b00000| Untracked |  0
| 323|0x0000000096b00000, 0x0000000096c00000, 0x0000000096c00000|100%| O|  |TAMS 0x0000000096c00000| PB 0x0000000096c00000| Untracked |  0
| 324|0x0000000096c00000, 0x0000000096d00000, 0x0000000096d00000|100%| O|  |TAMS 0x0000000096d00000| PB 0x0000000096d00000| Untracked |  0
| 325|0x0000000096d00000, 0x0000000096e00000, 0x0000000096e00000|100%| O|  |TAMS 0x0000000096e00000| PB 0x0000000096e00000| Untracked |  0
| 326|0x0000000096e00000, 0x0000000096f00000, 0x0000000096f00000|100%| O|  |TAMS 0x0000000096f00000| PB 0x0000000096f00000| Untracked |  0
| 327|0x0000000096f00000, 0x0000000097000000, 0x0000000097000000|100%| O|  |TAMS 0x0000000097000000| PB 0x0000000097000000| Untracked |  0
| 328|0x0000000097000000, 0x0000000097100000, 0x0000000097100000|100%| O|  |TAMS 0x0000000097100000| PB 0x0000000097100000| Untracked |  0
| 329|0x0000000097100000, 0x0000000097200000, 0x0000000097200000|100%| O|  |TAMS 0x0000000097200000| PB 0x0000000097200000| Untracked |  0
| 330|0x0000000097200000, 0x0000000097300000, 0x0000000097300000|100%| O|  |TAMS 0x0000000097300000| PB 0x0000000097300000| Untracked |  0
| 331|0x0000000097300000, 0x0000000097400000, 0x0000000097400000|100%| O|  |TAMS 0x0000000097400000| PB 0x0000000097400000| Untracked |  0
| 332|0x0000000097400000, 0x0000000097500000, 0x0000000097500000|100%| O|  |TAMS 0x0000000097500000| PB 0x0000000097500000| Untracked |  0
| 333|0x0000000097500000, 0x0000000097600000, 0x0000000097600000|100%| O|  |TAMS 0x0000000097600000| PB 0x0000000097600000| Untracked |  0
| 334|0x0000000097600000, 0x0000000097700000, 0x0000000097700000|100%| O|  |TAMS 0x0000000097700000| PB 0x0000000097700000| Untracked |  0
| 335|0x0000000097700000, 0x0000000097800000, 0x0000000097800000|100%| O|  |TAMS 0x0000000097800000| PB 0x0000000097800000| Untracked |  0
| 336|0x0000000097800000, 0x0000000097900000, 0x0000000097900000|100%| O|  |TAMS 0x0000000097900000| PB 0x0000000097900000| Untracked |  0
| 337|0x0000000097900000, 0x0000000097a00000, 0x0000000097a00000|100%| O|  |TAMS 0x0000000097a00000| PB 0x0000000097a00000| Untracked |  0
| 338|0x0000000097a00000, 0x0000000097b00000, 0x0000000097b00000|100%| O|  |TAMS 0x0000000097b00000| PB 0x0000000097b00000| Untracked |  0
| 339|0x0000000097b00000, 0x0000000097c00000, 0x0000000097c00000|100%| O|  |TAMS 0x0000000097c00000| PB 0x0000000097c00000| Untracked |  0
| 340|0x0000000097c00000, 0x0000000097d00000, 0x0000000097d00000|100%| O|  |TAMS 0x0000000097d00000| PB 0x0000000097d00000| Untracked |  0
| 341|0x0000000097d00000, 0x0000000097e00000, 0x0000000097e00000|100%| O|  |TAMS 0x0000000097e00000| PB 0x0000000097e00000| Untracked |  0
| 342|0x0000000097e00000, 0x0000000097f00000, 0x0000000097f00000|100%| O|  |TAMS 0x0000000097f00000| PB 0x0000000097f00000| Untracked |  0
| 343|0x0000000097f00000, 0x0000000098000000, 0x0000000098000000|100%| O|  |TAMS 0x0000000098000000| PB 0x0000000098000000| Untracked |  0
| 344|0x0000000098000000, 0x0000000098100000, 0x0000000098100000|100%| O|  |TAMS 0x0000000098100000| PB 0x0000000098100000| Untracked |  0
| 345|0x0000000098100000, 0x0000000098200000, 0x0000000098200000|100%| O|  |TAMS 0x0000000098200000| PB 0x0000000098200000| Untracked |  0
| 346|0x0000000098200000, 0x0000000098300000, 0x0000000098300000|100%| O|  |TAMS 0x0000000098300000| PB 0x0000000098300000| Untracked |  0
| 347|0x0000000098300000, 0x0000000098400000, 0x0000000098400000|100%| O|  |TAMS 0x0000000098400000| PB 0x0000000098400000| Untracked |  0
| 348|0x0000000098400000, 0x0000000098500000, 0x0000000098500000|100%| O|  |TAMS 0x0000000098500000| PB 0x0000000098500000| Untracked |  0
| 349|0x0000000098500000, 0x0000000098600000, 0x0000000098600000|100%| O|  |TAMS 0x0000000098600000| PB 0x0000000098600000| Untracked |  0
| 350|0x0000000098600000, 0x0000000098700000, 0x0000000098700000|100%| O|  |TAMS 0x0000000098700000| PB 0x0000000098700000| Untracked |  0
| 351|0x0000000098700000, 0x0000000098800000, 0x0000000098800000|100%| O|  |TAMS 0x0000000098800000| PB 0x0000000098800000| Untracked |  0
| 352|0x0000000098800000, 0x0000000098900000, 0x0000000098900000|100%| O|  |TAMS 0x0000000098900000| PB 0x0000000098900000| Untracked |  0
| 353|0x0000000098900000, 0x0000000098a00000, 0x0000000098a00000|100%| O|  |TAMS 0x0000000098a00000| PB 0x0000000098a00000| Untracked |  0
| 354|0x0000000098a00000, 0x0000000098b00000, 0x0000000098b00000|100%| O|  |TAMS 0x0000000098b00000| PB 0x0000000098b00000| Untracked |  0
| 355|0x0000000098b00000, 0x0000000098c00000, 0x0000000098c00000|100%| O|  |TAMS 0x0000000098c00000| PB 0x0000000098c00000| Untracked |  0
| 356|0x0000000098c00000, 0x0000000098d00000, 0x0000000098d00000|100%| O|  |TAMS 0x0000000098d00000| PB 0x0000000098d00000| Untracked |  0
| 357|0x0000000098d00000, 0x0000000098e00000, 0x0000000098e00000|100%| O|  |TAMS 0x0000000098e00000| PB 0x0000000098e00000| Untracked |  0
| 358|0x0000000098e00000, 0x0000000098f00000, 0x0000000098f00000|100%| O|  |TAMS 0x0000000098f00000| PB 0x0000000098f00000| Untracked |  0
| 359|0x0000000098f00000, 0x0000000099000000, 0x0000000099000000|100%| O|  |TAMS 0x0000000099000000| PB 0x0000000099000000| Untracked |  0
| 360|0x0000000099000000, 0x0000000099100000, 0x0000000099100000|100%| O|  |TAMS 0x0000000099100000| PB 0x0000000099100000| Untracked |  0
| 361|0x0000000099100000, 0x0000000099200000, 0x0000000099200000|100%| O|  |TAMS 0x0000000099200000| PB 0x0000000099200000| Untracked |  0
| 362|0x0000000099200000, 0x0000000099300000, 0x0000000099300000|100%| O|  |TAMS 0x0000000099300000| PB 0x0000000099300000| Untracked |  0
| 363|0x0000000099300000, 0x0000000099400000, 0x0000000099400000|100%| O|  |TAMS 0x0000000099400000| PB 0x0000000099400000| Untracked |  0
| 364|0x0000000099400000, 0x0000000099500000, 0x0000000099500000|100%| O|  |TAMS 0x0000000099500000| PB 0x0000000099500000| Untracked |  0
| 365|0x0000000099500000, 0x0000000099600000, 0x0000000099600000|100%| O|  |TAMS 0x0000000099600000| PB 0x0000000099600000| Untracked |  0
| 366|0x0000000099600000, 0x0000000099700000, 0x0000000099700000|100%| O|  |TAMS 0x0000000099700000| PB 0x0000000099700000| Untracked |  0
| 367|0x0000000099700000, 0x0000000099800000, 0x0000000099800000|100%| O|  |TAMS 0x0000000099800000| PB 0x0000000099800000| Untracked |  0
| 368|0x0000000099800000, 0x0000000099900000, 0x0000000099900000|100%| O|  |TAMS 0x0000000099900000| PB 0x0000000099900000| Untracked |  0
| 369|0x0000000099900000, 0x0000000099a00000, 0x0000000099a00000|100%| O|  |TAMS 0x0000000099a00000| PB 0x0000000099a00000| Untracked |  0
| 370|0x0000000099a00000, 0x0000000099b00000, 0x0000000099b00000|100%| O|  |TAMS 0x0000000099b00000| PB 0x0000000099b00000| Untracked |  0
| 371|0x0000000099b00000, 0x0000000099c00000, 0x0000000099c00000|100%| O|  |TAMS 0x0000000099c00000| PB 0x0000000099c00000| Untracked |  0
| 372|0x0000000099c00000, 0x0000000099d00000, 0x0000000099d00000|100%| O|  |TAMS 0x0000000099d00000| PB 0x0000000099d00000| Untracked |  0
| 373|0x0000000099d00000, 0x0000000099e00000, 0x0000000099e00000|100%| O|  |TAMS 0x0000000099e00000| PB 0x0000000099e00000| Untracked |  0
| 374|0x0000000099e00000, 0x0000000099f00000, 0x0000000099f00000|100%| O|  |TAMS 0x0000000099f00000| PB 0x0000000099f00000| Untracked |  0
| 375|0x0000000099f00000, 0x000000009a000000, 0x000000009a000000|100%| O|  |TAMS 0x000000009a000000| PB 0x000000009a000000| Untracked |  0
| 376|0x000000009a000000, 0x000000009a100000, 0x000000009a100000|100%| O|  |TAMS 0x000000009a100000| PB 0x000000009a100000| Untracked |  0
| 377|0x000000009a100000, 0x000000009a200000, 0x000000009a200000|100%| O|  |TAMS 0x000000009a200000| PB 0x000000009a200000| Untracked |  0
| 378|0x000000009a200000, 0x000000009a300000, 0x000000009a300000|100%| O|  |TAMS 0x000000009a300000| PB 0x000000009a300000| Untracked |  0
| 379|0x000000009a300000, 0x000000009a400000, 0x000000009a400000|100%| O|  |TAMS 0x000000009a400000| PB 0x000000009a400000| Untracked |  0
| 380|0x000000009a400000, 0x000000009a500000, 0x000000009a500000|100%| O|  |TAMS 0x000000009a500000| PB 0x000000009a500000| Untracked |  0
| 381|0x000000009a500000, 0x000000009a600000, 0x000000009a600000|100%| O|  |TAMS 0x000000009a600000| PB 0x000000009a600000| Untracked |  0
| 382|0x000000009a600000, 0x000000009a700000, 0x000000009a700000|100%| O|  |TAMS 0x000000009a700000| PB 0x000000009a700000| Untracked |  0
| 383|0x000000009a700000, 0x000000009a800000, 0x000000009a800000|100%| O|  |TAMS 0x000000009a800000| PB 0x000000009a800000| Untracked |  0
| 384|0x000000009a800000, 0x000000009a900000, 0x000000009a900000|100%| O|  |TAMS 0x000000009a900000| PB 0x000000009a900000| Untracked |  0
| 385|0x000000009a900000, 0x000000009aa00000, 0x000000009aa00000|100%| O|  |TAMS 0x000000009aa00000| PB 0x000000009aa00000| Untracked |  0
| 386|0x000000009aa00000, 0x000000009ab00000, 0x000000009ab00000|100%| O|  |TAMS 0x000000009ab00000| PB 0x000000009ab00000| Untracked |  0
| 387|0x000000009ab00000, 0x000000009ac00000, 0x000000009ac00000|100%| O|  |TAMS 0x000000009ac00000| PB 0x000000009ac00000| Untracked |  0
| 388|0x000000009ac00000, 0x000000009ad00000, 0x000000009ad00000|100%| O|  |TAMS 0x000000009ad00000| PB 0x000000009ad00000| Untracked |  0
| 389|0x000000009ad00000, 0x000000009ae00000, 0x000000009ae00000|100%| O|  |TAMS 0x000000009ae00000| PB 0x000000009ae00000| Untracked |  0
| 390|0x000000009ae00000, 0x000000009af00000, 0x000000009af00000|100%| O|  |TAMS 0x000000009af00000| PB 0x000000009af00000| Untracked |  0
| 391|0x000000009af00000, 0x000000009b000000, 0x000000009b000000|100%| O|  |TAMS 0x000000009b000000| PB 0x000000009b000000| Untracked |  0
| 392|0x000000009b000000, 0x000000009b100000, 0x000000009b100000|100%| O|  |TAMS 0x000000009b100000| PB 0x000000009b100000| Untracked |  0
| 393|0x000000009b100000, 0x000000009b200000, 0x000000009b200000|100%| O|  |TAMS 0x000000009b200000| PB 0x000000009b200000| Untracked |  0
| 394|0x000000009b200000, 0x000000009b300000, 0x000000009b300000|100%| O|  |TAMS 0x000000009b300000| PB 0x000000009b300000| Untracked |  0
| 395|0x000000009b300000, 0x000000009b400000, 0x000000009b400000|100%| O|  |TAMS 0x000000009b400000| PB 0x000000009b400000| Untracked |  0
| 396|0x000000009b400000, 0x000000009b500000, 0x000000009b500000|100%| O|  |TAMS 0x000000009b500000| PB 0x000000009b500000| Untracked |  0
| 397|0x000000009b500000, 0x000000009b600000, 0x000000009b600000|100%| O|  |TAMS 0x000000009b600000| PB 0x000000009b600000| Untracked |  0
| 398|0x000000009b600000, 0x000000009b700000, 0x000000009b700000|100%| O|  |TAMS 0x000000009b700000| PB 0x000000009b700000| Untracked |  0
| 399|0x000000009b700000, 0x000000009b800000, 0x000000009b800000|100%| O|  |TAMS 0x000000009b800000| PB 0x000000009b800000| Untracked |  0
| 400|0x000000009b800000, 0x000000009b900000, 0x000000009b900000|100%| O|  |TAMS 0x000000009b900000| PB 0x000000009b900000| Untracked |  0
| 401|0x000000009b900000, 0x000000009ba00000, 0x000000009ba00000|100%| O|  |TAMS 0x000000009ba00000| PB 0x000000009ba00000| Untracked |  0
| 402|0x000000009ba00000, 0x000000009bb00000, 0x000000009bb00000|100%| O|  |TAMS 0x000000009bb00000| PB 0x000000009bb00000| Untracked |  0
| 403|0x000000009bb00000, 0x000000009bc00000, 0x000000009bc00000|100%| O|  |TAMS 0x000000009bc00000| PB 0x000000009bc00000| Untracked |  0
| 404|0x000000009bc00000, 0x000000009bd00000, 0x000000009bd00000|100%| O|  |TAMS 0x000000009bd00000| PB 0x000000009bd00000| Untracked |  0
| 405|0x000000009bd00000, 0x000000009be00000, 0x000000009be00000|100%| O|  |TAMS 0x000000009be00000| PB 0x000000009be00000| Untracked |  0
| 406|0x000000009be00000, 0x000000009bf00000, 0x000000009bf00000|100%| O|  |TAMS 0x000000009bf00000| PB 0x000000009bf00000| Untracked |  0
| 407|0x000000009bf00000, 0x000000009c000000, 0x000000009c000000|100%| O|  |TAMS 0x000000009c000000| PB 0x000000009c000000| Untracked |  0
| 408|0x000000009c000000, 0x000000009c100000, 0x000000009c100000|100%| O|  |TAMS 0x000000009c100000| PB 0x000000009c100000| Untracked |  0
| 409|0x000000009c100000, 0x000000009c200000, 0x000000009c200000|100%| O|  |TAMS 0x000000009c200000| PB 0x000000009c200000| Untracked |  0
| 410|0x000000009c200000, 0x000000009c300000, 0x000000009c300000|100%| O|  |TAMS 0x000000009c300000| PB 0x000000009c300000| Untracked |  0
| 411|0x000000009c300000, 0x000000009c400000, 0x000000009c400000|100%| O|  |TAMS 0x000000009c400000| PB 0x000000009c400000| Untracked |  0
| 412|0x000000009c400000, 0x000000009c500000, 0x000000009c500000|100%| O|  |TAMS 0x000000009c500000| PB 0x000000009c500000| Untracked |  0
| 413|0x000000009c500000, 0x000000009c600000, 0x000000009c600000|100%| O|  |TAMS 0x000000009c600000| PB 0x000000009c600000| Untracked |  0
| 414|0x000000009c600000, 0x000000009c700000, 0x000000009c700000|100%| O|  |TAMS 0x000000009c700000| PB 0x000000009c700000| Untracked |  0
| 415|0x000000009c700000, 0x000000009c800000, 0x000000009c800000|100%| O|  |TAMS 0x000000009c800000| PB 0x000000009c800000| Untracked |  0
| 416|0x000000009c800000, 0x000000009c900000, 0x000000009c900000|100%| O|  |TAMS 0x000000009c900000| PB 0x000000009c900000| Untracked |  0
| 417|0x000000009c900000, 0x000000009ca00000, 0x000000009ca00000|100%| O|  |TAMS 0x000000009ca00000| PB 0x000000009ca00000| Untracked |  0
| 418|0x000000009ca00000, 0x000000009cb00000, 0x000000009cb00000|100%| O|  |TAMS 0x000000009cb00000| PB 0x000000009cb00000| Untracked |  0
| 419|0x000000009cb00000, 0x000000009cc00000, 0x000000009cc00000|100%| O|  |TAMS 0x000000009cc00000| PB 0x000000009cc00000| Untracked |  0
| 420|0x000000009cc00000, 0x000000009cd00000, 0x000000009cd00000|100%| O|  |TAMS 0x000000009cd00000| PB 0x000000009cd00000| Untracked |  0
| 421|0x000000009cd00000, 0x000000009ce00000, 0x000000009ce00000|100%| O|  |TAMS 0x000000009ce00000| PB 0x000000009ce00000| Untracked |  0
| 422|0x000000009ce00000, 0x000000009cf00000, 0x000000009cf00000|100%| O|  |TAMS 0x000000009cf00000| PB 0x000000009cf00000| Untracked |  0
| 423|0x000000009cf00000, 0x000000009d000000, 0x000000009d000000|100%| O|  |TAMS 0x000000009d000000| PB 0x000000009d000000| Untracked |  0
| 424|0x000000009d000000, 0x000000009d100000, 0x000000009d100000|100%| O|  |TAMS 0x000000009d100000| PB 0x000000009d100000| Untracked |  0
| 425|0x000000009d100000, 0x000000009d200000, 0x000000009d200000|100%| O|  |TAMS 0x000000009d200000| PB 0x000000009d200000| Untracked |  0
| 426|0x000000009d200000, 0x000000009d300000, 0x000000009d300000|100%| O|  |TAMS 0x000000009d300000| PB 0x000000009d300000| Untracked |  0
| 427|0x000000009d300000, 0x000000009d400000, 0x000000009d400000|100%| O|  |TAMS 0x000000009d400000| PB 0x000000009d400000| Untracked |  0
| 428|0x000000009d400000, 0x000000009d500000, 0x000000009d500000|100%| O|  |TAMS 0x000000009d500000| PB 0x000000009d500000| Untracked |  0
| 429|0x000000009d500000, 0x000000009d600000, 0x000000009d600000|100%| O|  |TAMS 0x000000009d600000| PB 0x000000009d600000| Untracked |  0
| 430|0x000000009d600000, 0x000000009d700000, 0x000000009d700000|100%| O|  |TAMS 0x000000009d700000| PB 0x000000009d700000| Untracked |  0
| 431|0x000000009d700000, 0x000000009d800000, 0x000000009d800000|100%| O|  |TAMS 0x000000009d800000| PB 0x000000009d800000| Untracked |  0
| 432|0x000000009d800000, 0x000000009d900000, 0x000000009d900000|100%| O|  |TAMS 0x000000009d900000| PB 0x000000009d900000| Untracked |  0
| 433|0x000000009d900000, 0x000000009da00000, 0x000000009da00000|100%| O|  |TAMS 0x000000009da00000| PB 0x000000009da00000| Untracked |  0
| 434|0x000000009da00000, 0x000000009db00000, 0x000000009db00000|100%| O|  |TAMS 0x000000009db00000| PB 0x000000009db00000| Untracked |  0
| 435|0x000000009db00000, 0x000000009dc00000, 0x000000009dc00000|100%| O|  |TAMS 0x000000009dc00000| PB 0x000000009dc00000| Untracked |  0
| 436|0x000000009dc00000, 0x000000009dd00000, 0x000000009dd00000|100%| O|  |TAMS 0x000000009dd00000| PB 0x000000009dd00000| Untracked |  0
| 437|0x000000009dd00000, 0x000000009de00000, 0x000000009de00000|100%| O|  |TAMS 0x000000009de00000| PB 0x000000009de00000| Untracked |  0
| 438|0x000000009de00000, 0x000000009df00000, 0x000000009df00000|100%| O|  |TAMS 0x000000009df00000| PB 0x000000009df00000| Untracked |  0
| 439|0x000000009df00000, 0x000000009e000000, 0x000000009e000000|100%| O|  |TAMS 0x000000009e000000| PB 0x000000009e000000| Untracked |  0
| 440|0x000000009e000000, 0x000000009e100000, 0x000000009e100000|100%| O|  |TAMS 0x000000009e100000| PB 0x000000009e100000| Untracked |  0
| 441|0x000000009e100000, 0x000000009e200000, 0x000000009e200000|100%| O|  |TAMS 0x000000009e200000| PB 0x000000009e200000| Untracked |  0
| 442|0x000000009e200000, 0x000000009e300000, 0x000000009e300000|100%| O|  |TAMS 0x000000009e300000| PB 0x000000009e300000| Untracked |  0
| 443|0x000000009e300000, 0x000000009e400000, 0x000000009e400000|100%| O|  |TAMS 0x000000009e400000| PB 0x000000009e400000| Untracked |  0
| 444|0x000000009e400000, 0x000000009e500000, 0x000000009e500000|100%| O|  |TAMS 0x000000009e500000| PB 0x000000009e500000| Untracked |  0
| 445|0x000000009e500000, 0x000000009e600000, 0x000000009e600000|100%| O|  |TAMS 0x000000009e600000| PB 0x000000009e600000| Untracked |  0
| 446|0x000000009e600000, 0x000000009e700000, 0x000000009e700000|100%| O|  |TAMS 0x000000009e700000| PB 0x000000009e700000| Untracked |  0
| 447|0x000000009e700000, 0x000000009e800000, 0x000000009e800000|100%| O|  |TAMS 0x000000009e800000| PB 0x000000009e800000| Untracked |  0
| 448|0x000000009e800000, 0x000000009e900000, 0x000000009e900000|100%| O|  |TAMS 0x000000009e900000| PB 0x000000009e900000| Untracked |  0
| 449|0x000000009e900000, 0x000000009ea00000, 0x000000009ea00000|100%| O|  |TAMS 0x000000009ea00000| PB 0x000000009ea00000| Untracked |  0
| 450|0x000000009ea00000, 0x000000009eb00000, 0x000000009eb00000|100%| O|  |TAMS 0x000000009eb00000| PB 0x000000009eb00000| Untracked |  0
| 451|0x000000009eb00000, 0x000000009ec00000, 0x000000009ec00000|100%| O|  |TAMS 0x000000009ec00000| PB 0x000000009ec00000| Untracked |  0
| 452|0x000000009ec00000, 0x000000009ed00000, 0x000000009ed00000|100%| O|  |TAMS 0x000000009ed00000| PB 0x000000009ed00000| Untracked |  0
| 453|0x000000009ed00000, 0x000000009ee00000, 0x000000009ee00000|100%| O|  |TAMS 0x000000009ee00000| PB 0x000000009ee00000| Untracked |  0
| 454|0x000000009ee00000, 0x000000009ef00000, 0x000000009ef00000|100%| O|  |TAMS 0x000000009ef00000| PB 0x000000009ef00000| Untracked |  0
| 455|0x000000009ef00000, 0x000000009f000000, 0x000000009f000000|100%| O|  |TAMS 0x000000009f000000| PB 0x000000009f000000| Untracked |  0
| 456|0x000000009f000000, 0x000000009f100000, 0x000000009f100000|100%| O|  |TAMS 0x000000009f100000| PB 0x000000009f100000| Untracked |  0
| 457|0x000000009f100000, 0x000000009f200000, 0x000000009f200000|100%| O|  |TAMS 0x000000009f200000| PB 0x000000009f200000| Untracked |  0
| 458|0x000000009f200000, 0x000000009f300000, 0x000000009f300000|100%| O|  |TAMS 0x000000009f300000| PB 0x000000009f300000| Untracked |  0
| 459|0x000000009f300000, 0x000000009f400000, 0x000000009f400000|100%| O|  |TAMS 0x000000009f400000| PB 0x000000009f400000| Untracked |  0
| 460|0x000000009f400000, 0x000000009f500000, 0x000000009f500000|100%| O|  |TAMS 0x000000009f500000| PB 0x000000009f500000| Untracked |  0
| 461|0x000000009f500000, 0x000000009f600000, 0x000000009f600000|100%| O|  |TAMS 0x000000009f600000| PB 0x000000009f600000| Untracked |  0
| 462|0x000000009f600000, 0x000000009f700000, 0x000000009f700000|100%| O|  |TAMS 0x000000009f700000| PB 0x000000009f700000| Untracked |  0
| 463|0x000000009f700000, 0x000000009f800000, 0x000000009f800000|100%| O|  |TAMS 0x000000009f800000| PB 0x000000009f800000| Untracked |  0
| 464|0x000000009f800000, 0x000000009f900000, 0x000000009f900000|100%| O|  |TAMS 0x000000009f900000| PB 0x000000009f900000| Untracked |  0
| 465|0x000000009f900000, 0x000000009fa00000, 0x000000009fa00000|100%| O|  |TAMS 0x000000009fa00000| PB 0x000000009fa00000| Untracked |  0
| 466|0x000000009fa00000, 0x000000009fb00000, 0x000000009fb00000|100%| O|  |TAMS 0x000000009fb00000| PB 0x000000009fb00000| Untracked |  0
| 467|0x000000009fb00000, 0x000000009fc00000, 0x000000009fc00000|100%| O|  |TAMS 0x000000009fc00000| PB 0x000000009fc00000| Untracked |  0
| 468|0x000000009fc00000, 0x000000009fd00000, 0x000000009fd00000|100%| O|  |TAMS 0x000000009fd00000| PB 0x000000009fd00000| Untracked |  0
| 469|0x000000009fd00000, 0x000000009fe00000, 0x000000009fe00000|100%| O|  |TAMS 0x000000009fe00000| PB 0x000000009fe00000| Untracked |  0
| 470|0x000000009fe00000, 0x000000009ff00000, 0x000000009ff00000|100%| O|  |TAMS 0x000000009ff00000| PB 0x000000009ff00000| Untracked |  0
| 471|0x000000009ff00000, 0x00000000a0000000, 0x00000000a0000000|100%| O|  |TAMS 0x00000000a0000000| PB 0x00000000a0000000| Untracked |  0
| 472|0x00000000a0000000, 0x00000000a0100000, 0x00000000a0100000|100%| O|  |TAMS 0x00000000a0100000| PB 0x00000000a0100000| Untracked |  0
| 473|0x00000000a0100000, 0x00000000a0200000, 0x00000000a0200000|100%| O|  |TAMS 0x00000000a0200000| PB 0x00000000a0200000| Untracked |  0
| 474|0x00000000a0200000, 0x00000000a0300000, 0x00000000a0300000|100%| O|  |TAMS 0x00000000a0300000| PB 0x00000000a0300000| Untracked |  0
| 475|0x00000000a0300000, 0x00000000a0400000, 0x00000000a0400000|100%| O|  |TAMS 0x00000000a0400000| PB 0x00000000a0400000| Untracked |  0
| 476|0x00000000a0400000, 0x00000000a0500000, 0x00000000a0500000|100%| O|  |TAMS 0x00000000a0500000| PB 0x00000000a0500000| Untracked |  0
| 477|0x00000000a0500000, 0x00000000a0600000, 0x00000000a0600000|100%| O|  |TAMS 0x00000000a0600000| PB 0x00000000a0600000| Untracked |  0
| 478|0x00000000a0600000, 0x00000000a0700000, 0x00000000a0700000|100%| O|  |TAMS 0x00000000a0700000| PB 0x00000000a0700000| Untracked |  0
| 479|0x00000000a0700000, 0x00000000a0800000, 0x00000000a0800000|100%| O|  |TAMS 0x00000000a0800000| PB 0x00000000a0800000| Untracked |  0
| 480|0x00000000a0800000, 0x00000000a0900000, 0x00000000a0900000|100%| O|  |TAMS 0x00000000a0900000| PB 0x00000000a0900000| Untracked |  0
| 481|0x00000000a0900000, 0x00000000a0a00000, 0x00000000a0a00000|100%| O|  |TAMS 0x00000000a0a00000| PB 0x00000000a0a00000| Untracked |  0
| 482|0x00000000a0a00000, 0x00000000a0b00000, 0x00000000a0b00000|100%| O|  |TAMS 0x00000000a0b00000| PB 0x00000000a0b00000| Untracked |  0
| 483|0x00000000a0b00000, 0x00000000a0c00000, 0x00000000a0c00000|100%| O|  |TAMS 0x00000000a0c00000| PB 0x00000000a0c00000| Untracked |  0
| 484|0x00000000a0c00000, 0x00000000a0d00000, 0x00000000a0d00000|100%| O|  |TAMS 0x00000000a0d00000| PB 0x00000000a0d00000| Untracked |  0
| 485|0x00000000a0d00000, 0x00000000a0e00000, 0x00000000a0e00000|100%| O|  |TAMS 0x00000000a0e00000| PB 0x00000000a0e00000| Untracked |  0
| 486|0x00000000a0e00000, 0x00000000a0f00000, 0x00000000a0f00000|100%| O|  |TAMS 0x00000000a0f00000| PB 0x00000000a0f00000| Untracked |  0
| 487|0x00000000a0f00000, 0x00000000a1000000, 0x00000000a1000000|100%| O|  |TAMS 0x00000000a1000000| PB 0x00000000a1000000| Untracked |  0
| 488|0x00000000a1000000, 0x00000000a1100000, 0x00000000a1100000|100%| O|  |TAMS 0x00000000a1100000| PB 0x00000000a1100000| Untracked |  0
| 489|0x00000000a1100000, 0x00000000a1200000, 0x00000000a1200000|100%| O|  |TAMS 0x00000000a1200000| PB 0x00000000a1200000| Untracked |  0
| 490|0x00000000a1200000, 0x00000000a1300000, 0x00000000a1300000|100%| O|  |TAMS 0x00000000a1300000| PB 0x00000000a1300000| Untracked |  0
| 491|0x00000000a1300000, 0x00000000a1400000, 0x00000000a1400000|100%| O|  |TAMS 0x00000000a1400000| PB 0x00000000a1400000| Untracked |  0
| 492|0x00000000a1400000, 0x00000000a1500000, 0x00000000a1500000|100%| O|  |TAMS 0x00000000a1500000| PB 0x00000000a1500000| Untracked |  0
| 493|0x00000000a1500000, 0x00000000a1600000, 0x00000000a1600000|100%| O|  |TAMS 0x00000000a1600000| PB 0x00000000a1600000| Untracked |  0
| 494|0x00000000a1600000, 0x00000000a1700000, 0x00000000a1700000|100%| O|  |TAMS 0x00000000a1700000| PB 0x00000000a1700000| Untracked |  0
| 495|0x00000000a1700000, 0x00000000a1800000, 0x00000000a1800000|100%| O|  |TAMS 0x00000000a1800000| PB 0x00000000a1800000| Untracked |  0
| 496|0x00000000a1800000, 0x00000000a1900000, 0x00000000a1900000|100%| O|  |TAMS 0x00000000a1900000| PB 0x00000000a1900000| Untracked |  0
| 497|0x00000000a1900000, 0x00000000a1a00000, 0x00000000a1a00000|100%| O|  |TAMS 0x00000000a1a00000| PB 0x00000000a1a00000| Untracked |  0
| 498|0x00000000a1a00000, 0x00000000a1b00000, 0x00000000a1b00000|100%| O|  |TAMS 0x00000000a1b00000| PB 0x00000000a1b00000| Untracked |  0
| 499|0x00000000a1b00000, 0x00000000a1c00000, 0x00000000a1c00000|100%| O|  |TAMS 0x00000000a1c00000| PB 0x00000000a1c00000| Untracked |  0
| 500|0x00000000a1c00000, 0x00000000a1d00000, 0x00000000a1d00000|100%| O|  |TAMS 0x00000000a1d00000| PB 0x00000000a1d00000| Untracked |  0
| 501|0x00000000a1d00000, 0x00000000a1e00000, 0x00000000a1e00000|100%| O|  |TAMS 0x00000000a1e00000| PB 0x00000000a1e00000| Untracked |  0
| 502|0x00000000a1e00000, 0x00000000a1f00000, 0x00000000a1f00000|100%| O|  |TAMS 0x00000000a1f00000| PB 0x00000000a1f00000| Untracked |  0
| 503|0x00000000a1f00000, 0x00000000a2000000, 0x00000000a2000000|100%| O|  |TAMS 0x00000000a2000000| PB 0x00000000a2000000| Untracked |  0
| 504|0x00000000a2000000, 0x00000000a2100000, 0x00000000a2100000|100%| O|  |TAMS 0x00000000a2100000| PB 0x00000000a2100000| Untracked |  0
| 505|0x00000000a2100000, 0x00000000a2200000, 0x00000000a2200000|100%| O|  |TAMS 0x00000000a2200000| PB 0x00000000a2200000| Untracked |  0
| 506|0x00000000a2200000, 0x00000000a2300000, 0x00000000a2300000|100%| O|  |TAMS 0x00000000a2300000| PB 0x00000000a2300000| Untracked |  0
| 507|0x00000000a2300000, 0x00000000a2400000, 0x00000000a2400000|100%| O|  |TAMS 0x00000000a2400000| PB 0x00000000a2400000| Untracked |  0
| 508|0x00000000a2400000, 0x00000000a2500000, 0x00000000a2500000|100%| O|  |TAMS 0x00000000a2500000| PB 0x00000000a2500000| Untracked |  0
| 509|0x00000000a2500000, 0x00000000a2600000, 0x00000000a2600000|100%| O|  |TAMS 0x00000000a2600000| PB 0x00000000a2600000| Untracked |  0
| 510|0x00000000a2600000, 0x00000000a2700000, 0x00000000a2700000|100%| O|  |TAMS 0x00000000a2700000| PB 0x00000000a2700000| Untracked |  0
| 511|0x00000000a2700000, 0x00000000a2800000, 0x00000000a2800000|100%| O|  |TAMS 0x00000000a2800000| PB 0x00000000a2800000| Untracked |  0
| 512|0x00000000a2800000, 0x00000000a2900000, 0x00000000a2900000|100%| O|  |TAMS 0x00000000a2900000| PB 0x00000000a2900000| Untracked |  0
| 513|0x00000000a2900000, 0x00000000a2a00000, 0x00000000a2a00000|100%| O|  |TAMS 0x00000000a2a00000| PB 0x00000000a2a00000| Untracked |  0
| 514|0x00000000a2a00000, 0x00000000a2b00000, 0x00000000a2b00000|100%| O|  |TAMS 0x00000000a2b00000| PB 0x00000000a2b00000| Untracked |  0
| 515|0x00000000a2b00000, 0x00000000a2c00000, 0x00000000a2c00000|100%| O|  |TAMS 0x00000000a2c00000| PB 0x00000000a2c00000| Untracked |  0
| 516|0x00000000a2c00000, 0x00000000a2d00000, 0x00000000a2d00000|100%| O|  |TAMS 0x00000000a2d00000| PB 0x00000000a2d00000| Untracked |  0
| 517|0x00000000a2d00000, 0x00000000a2e00000, 0x00000000a2e00000|100%| O|  |TAMS 0x00000000a2e00000| PB 0x00000000a2e00000| Untracked |  0
| 518|0x00000000a2e00000, 0x00000000a2f00000, 0x00000000a2f00000|100%| O|  |TAMS 0x00000000a2f00000| PB 0x00000000a2f00000| Untracked |  0
| 519|0x00000000a2f00000, 0x00000000a3000000, 0x00000000a3000000|100%| O|  |TAMS 0x00000000a3000000| PB 0x00000000a3000000| Untracked |  0
| 520|0x00000000a3000000, 0x00000000a3100000, 0x00000000a3100000|100%| O|  |TAMS 0x00000000a3100000| PB 0x00000000a3100000| Untracked |  0
| 521|0x00000000a3100000, 0x00000000a3200000, 0x00000000a3200000|100%| O|  |TAMS 0x00000000a3200000| PB 0x00000000a3200000| Untracked |  0
| 522|0x00000000a3200000, 0x00000000a3300000, 0x00000000a3300000|100%| O|  |TAMS 0x00000000a3300000| PB 0x00000000a3300000| Untracked |  0
| 523|0x00000000a3300000, 0x00000000a3400000, 0x00000000a3400000|100%| O|  |TAMS 0x00000000a3400000| PB 0x00000000a3400000| Untracked |  0
| 524|0x00000000a3400000, 0x00000000a3500000, 0x00000000a3500000|100%| O|  |TAMS 0x00000000a3500000| PB 0x00000000a3500000| Untracked |  0
| 525|0x00000000a3500000, 0x00000000a3600000, 0x00000000a3600000|100%| O|  |TAMS 0x00000000a3600000| PB 0x00000000a3600000| Untracked |  0
| 526|0x00000000a3600000, 0x00000000a3700000, 0x00000000a3700000|100%| O|  |TAMS 0x00000000a3700000| PB 0x00000000a3700000| Untracked |  0
| 527|0x00000000a3700000, 0x00000000a3800000, 0x00000000a3800000|100%| O|  |TAMS 0x00000000a3800000| PB 0x00000000a3800000| Untracked |  0
| 528|0x00000000a3800000, 0x00000000a3900000, 0x00000000a3900000|100%| O|  |TAMS 0x00000000a3900000| PB 0x00000000a3900000| Untracked |  0
| 529|0x00000000a3900000, 0x00000000a3a00000, 0x00000000a3a00000|100%| O|  |TAMS 0x00000000a3a00000| PB 0x00000000a3a00000| Untracked |  0
| 530|0x00000000a3a00000, 0x00000000a3b00000, 0x00000000a3b00000|100%| O|  |TAMS 0x00000000a3b00000| PB 0x00000000a3b00000| Untracked |  0
| 531|0x00000000a3b00000, 0x00000000a3c00000, 0x00000000a3c00000|100%| O|  |TAMS 0x00000000a3c00000| PB 0x00000000a3c00000| Untracked |  0
| 532|0x00000000a3c00000, 0x00000000a3d00000, 0x00000000a3d00000|100%| O|  |TAMS 0x00000000a3d00000| PB 0x00000000a3d00000| Untracked |  0
| 533|0x00000000a3d00000, 0x00000000a3e00000, 0x00000000a3e00000|100%| O|  |TAMS 0x00000000a3e00000| PB 0x00000000a3e00000| Untracked |  0
| 534|0x00000000a3e00000, 0x00000000a3f00000, 0x00000000a3f00000|100%| O|  |TAMS 0x00000000a3f00000| PB 0x00000000a3f00000| Untracked |  0
| 535|0x00000000a3f00000, 0x00000000a4000000, 0x00000000a4000000|100%| O|  |TAMS 0x00000000a4000000| PB 0x00000000a4000000| Untracked |  0
| 536|0x00000000a4000000, 0x00000000a4100000, 0x00000000a4100000|100%| O|  |TAMS 0x00000000a4100000| PB 0x00000000a4100000| Untracked |  0
| 537|0x00000000a4100000, 0x00000000a4200000, 0x00000000a4200000|100%| O|  |TAMS 0x00000000a4200000| PB 0x00000000a4200000| Untracked |  0
| 538|0x00000000a4200000, 0x00000000a4300000, 0x00000000a4300000|100%| O|  |TAMS 0x00000000a4300000| PB 0x00000000a4300000| Untracked |  0
| 539|0x00000000a4300000, 0x00000000a4400000, 0x00000000a4400000|100%| O|  |TAMS 0x00000000a4400000| PB 0x00000000a4400000| Untracked |  0
| 540|0x00000000a4400000, 0x00000000a4500000, 0x00000000a4500000|100%| O|  |TAMS 0x00000000a4500000| PB 0x00000000a4500000| Untracked |  0
| 541|0x00000000a4500000, 0x00000000a4600000, 0x00000000a4600000|100%| O|  |TAMS 0x00000000a4600000| PB 0x00000000a4600000| Untracked |  0
| 542|0x00000000a4600000, 0x00000000a4700000, 0x00000000a4700000|100%| O|  |TAMS 0x00000000a4700000| PB 0x00000000a4700000| Untracked |  0
| 543|0x00000000a4700000, 0x00000000a4800000, 0x00000000a4800000|100%| O|  |TAMS 0x00000000a4800000| PB 0x00000000a4800000| Untracked |  0
| 544|0x00000000a4800000, 0x00000000a4900000, 0x00000000a4900000|100%| O|  |TAMS 0x00000000a4900000| PB 0x00000000a4900000| Untracked |  0
| 545|0x00000000a4900000, 0x00000000a4a00000, 0x00000000a4a00000|100%| O|  |TAMS 0x00000000a4a00000| PB 0x00000000a4a00000| Untracked |  0
| 546|0x00000000a4a00000, 0x00000000a4b00000, 0x00000000a4b00000|100%| O|  |TAMS 0x00000000a4b00000| PB 0x00000000a4b00000| Untracked |  0
| 547|0x00000000a4b00000, 0x00000000a4c00000, 0x00000000a4c00000|100%| O|  |TAMS 0x00000000a4c00000| PB 0x00000000a4c00000| Untracked |  0
| 548|0x00000000a4c00000, 0x00000000a4d00000, 0x00000000a4d00000|100%| O|  |TAMS 0x00000000a4d00000| PB 0x00000000a4d00000| Untracked |  0
| 549|0x00000000a4d00000, 0x00000000a4e00000, 0x00000000a4e00000|100%| O|  |TAMS 0x00000000a4e00000| PB 0x00000000a4e00000| Untracked |  0
| 550|0x00000000a4e00000, 0x00000000a4f00000, 0x00000000a4f00000|100%| O|  |TAMS 0x00000000a4f00000| PB 0x00000000a4f00000| Untracked |  0
| 551|0x00000000a4f00000, 0x00000000a5000000, 0x00000000a5000000|100%| O|  |TAMS 0x00000000a5000000| PB 0x00000000a5000000| Untracked |  0
| 552|0x00000000a5000000, 0x00000000a5100000, 0x00000000a5100000|100%| O|  |TAMS 0x00000000a5100000| PB 0x00000000a5100000| Untracked |  0
| 553|0x00000000a5100000, 0x00000000a5200000, 0x00000000a5200000|100%| O|  |TAMS 0x00000000a5200000| PB 0x00000000a5200000| Untracked |  0
| 554|0x00000000a5200000, 0x00000000a5300000, 0x00000000a5300000|100%| O|  |TAMS 0x00000000a5300000| PB 0x00000000a5300000| Untracked |  0
| 555|0x00000000a5300000, 0x00000000a5400000, 0x00000000a5400000|100%| O|  |TAMS 0x00000000a5400000| PB 0x00000000a5400000| Untracked |  0
| 556|0x00000000a5400000, 0x00000000a5500000, 0x00000000a5500000|100%| O|  |TAMS 0x00000000a5500000| PB 0x00000000a5500000| Untracked |  0
| 557|0x00000000a5500000, 0x00000000a5600000, 0x00000000a5600000|100%| O|  |TAMS 0x00000000a5600000| PB 0x00000000a5600000| Untracked |  0
| 558|0x00000000a5600000, 0x00000000a5700000, 0x00000000a5700000|100%| O|  |TAMS 0x00000000a5700000| PB 0x00000000a5700000| Untracked |  0
| 559|0x00000000a5700000, 0x00000000a5800000, 0x00000000a5800000|100%| O|  |TAMS 0x00000000a5800000| PB 0x00000000a5800000| Untracked |  0
| 560|0x00000000a5800000, 0x00000000a5900000, 0x00000000a5900000|100%| O|  |TAMS 0x00000000a5900000| PB 0x00000000a5900000| Untracked |  0
| 561|0x00000000a5900000, 0x00000000a5a00000, 0x00000000a5a00000|100%| O|  |TAMS 0x00000000a5a00000| PB 0x00000000a5a00000| Untracked |  0
| 562|0x00000000a5a00000, 0x00000000a5b00000, 0x00000000a5b00000|100%| O|  |TAMS 0x00000000a5b00000| PB 0x00000000a5b00000| Untracked |  0
| 563|0x00000000a5b00000, 0x00000000a5c00000, 0x00000000a5c00000|100%| O|  |TAMS 0x00000000a5c00000| PB 0x00000000a5c00000| Untracked |  0
| 564|0x00000000a5c00000, 0x00000000a5d00000, 0x00000000a5d00000|100%| O|  |TAMS 0x00000000a5d00000| PB 0x00000000a5d00000| Untracked |  0
| 565|0x00000000a5d00000, 0x00000000a5e00000, 0x00000000a5e00000|100%| O|  |TAMS 0x00000000a5e00000| PB 0x00000000a5e00000| Untracked |  0
| 566|0x00000000a5e00000, 0x00000000a5f00000, 0x00000000a5f00000|100%| O|  |TAMS 0x00000000a5f00000| PB 0x00000000a5f00000| Untracked |  0
| 567|0x00000000a5f00000, 0x00000000a6000000, 0x00000000a6000000|100%| O|  |TAMS 0x00000000a6000000| PB 0x00000000a6000000| Untracked |  0
| 568|0x00000000a6000000, 0x00000000a6100000, 0x00000000a6100000|100%| O|  |TAMS 0x00000000a6100000| PB 0x00000000a6100000| Untracked |  0
| 569|0x00000000a6100000, 0x00000000a6200000, 0x00000000a6200000|100%| O|  |TAMS 0x00000000a6200000| PB 0x00000000a6200000| Untracked |  0
| 570|0x00000000a6200000, 0x00000000a6300000, 0x00000000a6300000|100%| O|  |TAMS 0x00000000a6300000| PB 0x00000000a6300000| Untracked |  0
| 571|0x00000000a6300000, 0x00000000a6400000, 0x00000000a6400000|100%| O|  |TAMS 0x00000000a6400000| PB 0x00000000a6400000| Untracked |  0
| 572|0x00000000a6400000, 0x00000000a6500000, 0x00000000a6500000|100%| O|  |TAMS 0x00000000a6500000| PB 0x00000000a6500000| Untracked |  0
| 573|0x00000000a6500000, 0x00000000a6600000, 0x00000000a6600000|100%| O|  |TAMS 0x00000000a6600000| PB 0x00000000a6600000| Untracked |  0
| 574|0x00000000a6600000, 0x00000000a6700000, 0x00000000a6700000|100%| O|  |TAMS 0x00000000a6700000| PB 0x00000000a6700000| Untracked |  0
| 575|0x00000000a6700000, 0x00000000a6800000, 0x00000000a6800000|100%| O|  |TAMS 0x00000000a6800000| PB 0x00000000a6800000| Untracked |  0
| 576|0x00000000a6800000, 0x00000000a6900000, 0x00000000a6900000|100%| O|  |TAMS 0x00000000a6900000| PB 0x00000000a6900000| Untracked |  0
| 577|0x00000000a6900000, 0x00000000a6a00000, 0x00000000a6a00000|100%| O|  |TAMS 0x00000000a6a00000| PB 0x00000000a6a00000| Untracked |  0
| 578|0x00000000a6a00000, 0x00000000a6b00000, 0x00000000a6b00000|100%| O|  |TAMS 0x00000000a6b00000| PB 0x00000000a6b00000| Untracked |  0
| 579|0x00000000a6b00000, 0x00000000a6c00000, 0x00000000a6c00000|100%| O|  |TAMS 0x00000000a6c00000| PB 0x00000000a6c00000| Untracked |  0
| 580|0x00000000a6c00000, 0x00000000a6d00000, 0x00000000a6d00000|100%| O|  |TAMS 0x00000000a6d00000| PB 0x00000000a6d00000| Untracked |  0
| 581|0x00000000a6d00000, 0x00000000a6e00000, 0x00000000a6e00000|100%| O|  |TAMS 0x00000000a6e00000| PB 0x00000000a6e00000| Untracked |  0
| 582|0x00000000a6e00000, 0x00000000a6f00000, 0x00000000a6f00000|100%| O|  |TAMS 0x00000000a6f00000| PB 0x00000000a6f00000| Untracked |  0
| 583|0x00000000a6f00000, 0x00000000a7000000, 0x00000000a7000000|100%| O|  |TAMS 0x00000000a7000000| PB 0x00000000a7000000| Untracked |  0
| 584|0x00000000a7000000, 0x00000000a7100000, 0x00000000a7100000|100%| O|  |TAMS 0x00000000a7100000| PB 0x00000000a7100000| Untracked |  0
| 585|0x00000000a7100000, 0x00000000a7200000, 0x00000000a7200000|100%| O|  |TAMS 0x00000000a7200000| PB 0x00000000a7200000| Untracked |  0
| 586|0x00000000a7200000, 0x00000000a7300000, 0x00000000a7300000|100%| O|  |TAMS 0x00000000a7300000| PB 0x00000000a7300000| Untracked |  0
| 587|0x00000000a7300000, 0x00000000a7400000, 0x00000000a7400000|100%| O|  |TAMS 0x00000000a7400000| PB 0x00000000a7400000| Untracked |  0
| 588|0x00000000a7400000, 0x00000000a7500000, 0x00000000a7500000|100%| O|  |TAMS 0x00000000a7500000| PB 0x00000000a7500000| Untracked |  0
| 589|0x00000000a7500000, 0x00000000a7600000, 0x00000000a7600000|100%| O|  |TAMS 0x00000000a7600000| PB 0x00000000a7600000| Untracked |  0
| 590|0x00000000a7600000, 0x00000000a7700000, 0x00000000a7700000|100%| O|  |TAMS 0x00000000a7700000| PB 0x00000000a7700000| Untracked |  0
| 591|0x00000000a7700000, 0x00000000a7800000, 0x00000000a7800000|100%| O|  |TAMS 0x00000000a7800000| PB 0x00000000a7800000| Untracked |  0
| 592|0x00000000a7800000, 0x00000000a7900000, 0x00000000a7900000|100%| O|  |TAMS 0x00000000a7900000| PB 0x00000000a7900000| Untracked |  0
| 593|0x00000000a7900000, 0x00000000a7a00000, 0x00000000a7a00000|100%| O|  |TAMS 0x00000000a7a00000| PB 0x00000000a7a00000| Untracked |  0
| 594|0x00000000a7a00000, 0x00000000a7b00000, 0x00000000a7b00000|100%| O|  |TAMS 0x00000000a7b00000| PB 0x00000000a7b00000| Untracked |  0
| 595|0x00000000a7b00000, 0x00000000a7c00000, 0x00000000a7c00000|100%| O|  |TAMS 0x00000000a7c00000| PB 0x00000000a7c00000| Untracked |  0
| 596|0x00000000a7c00000, 0x00000000a7d00000, 0x00000000a7d00000|100%| O|  |TAMS 0x00000000a7d00000| PB 0x00000000a7d00000| Untracked |  0
| 597|0x00000000a7d00000, 0x00000000a7e00000, 0x00000000a7e00000|100%| O|  |TAMS 0x00000000a7e00000| PB 0x00000000a7e00000| Untracked |  0
| 598|0x00000000a7e00000, 0x00000000a7f00000, 0x00000000a7f00000|100%| O|  |TAMS 0x00000000a7f00000| PB 0x00000000a7f00000| Untracked |  0
| 599|0x00000000a7f00000, 0x00000000a8000000, 0x00000000a8000000|100%| O|  |TAMS 0x00000000a8000000| PB 0x00000000a8000000| Untracked |  0
| 600|0x00000000a8000000, 0x00000000a8100000, 0x00000000a8100000|100%| O|  |TAMS 0x00000000a8100000| PB 0x00000000a8100000| Untracked |  0
| 601|0x00000000a8100000, 0x00000000a8200000, 0x00000000a8200000|100%| O|  |TAMS 0x00000000a8200000| PB 0x00000000a8200000| Untracked |  0
| 602|0x00000000a8200000, 0x00000000a8300000, 0x00000000a8300000|100%| O|  |TAMS 0x00000000a8300000| PB 0x00000000a8300000| Untracked |  0
| 603|0x00000000a8300000, 0x00000000a8400000, 0x00000000a8400000|100%| O|  |TAMS 0x00000000a8400000| PB 0x00000000a8400000| Untracked |  0
| 604|0x00000000a8400000, 0x00000000a8500000, 0x00000000a8500000|100%| O|  |TAMS 0x00000000a8500000| PB 0x00000000a8500000| Untracked |  0
| 605|0x00000000a8500000, 0x00000000a8600000, 0x00000000a8600000|100%| O|  |TAMS 0x00000000a8600000| PB 0x00000000a8600000| Untracked |  0
| 606|0x00000000a8600000, 0x00000000a8700000, 0x00000000a8700000|100%| O|  |TAMS 0x00000000a8700000| PB 0x00000000a8700000| Untracked |  0
| 607|0x00000000a8700000, 0x00000000a8800000, 0x00000000a8800000|100%| O|  |TAMS 0x00000000a8800000| PB 0x00000000a8800000| Untracked |  0
| 608|0x00000000a8800000, 0x00000000a8900000, 0x00000000a8900000|100%| O|  |TAMS 0x00000000a8900000| PB 0x00000000a8900000| Untracked |  0
| 609|0x00000000a8900000, 0x00000000a8a00000, 0x00000000a8a00000|100%| O|  |TAMS 0x00000000a8a00000| PB 0x00000000a8a00000| Untracked |  0
| 610|0x00000000a8a00000, 0x00000000a8b00000, 0x00000000a8b00000|100%| O|  |TAMS 0x00000000a8b00000| PB 0x00000000a8b00000| Untracked |  0
| 611|0x00000000a8b00000, 0x00000000a8c00000, 0x00000000a8c00000|100%| O|  |TAMS 0x00000000a8c00000| PB 0x00000000a8c00000| Untracked |  0
| 612|0x00000000a8c00000, 0x00000000a8d00000, 0x00000000a8d00000|100%| O|  |TAMS 0x00000000a8d00000| PB 0x00000000a8d00000| Untracked |  0
| 613|0x00000000a8d00000, 0x00000000a8e00000, 0x00000000a8e00000|100%| O|  |TAMS 0x00000000a8e00000| PB 0x00000000a8e00000| Untracked |  0
| 614|0x00000000a8e00000, 0x00000000a8f00000, 0x00000000a8f00000|100%| O|  |TAMS 0x00000000a8f00000| PB 0x00000000a8f00000| Untracked |  0
| 615|0x00000000a8f00000, 0x00000000a9000000, 0x00000000a9000000|100%| O|  |TAMS 0x00000000a9000000| PB 0x00000000a9000000| Untracked |  0
| 616|0x00000000a9000000, 0x00000000a9100000, 0x00000000a9100000|100%| O|  |TAMS 0x00000000a9100000| PB 0x00000000a9100000| Untracked |  0
| 617|0x00000000a9100000, 0x00000000a9200000, 0x00000000a9200000|100%| O|  |TAMS 0x00000000a9200000| PB 0x00000000a9200000| Untracked |  0
| 618|0x00000000a9200000, 0x00000000a9300000, 0x00000000a9300000|100%| O|  |TAMS 0x00000000a9300000| PB 0x00000000a9300000| Untracked |  0
| 619|0x00000000a9300000, 0x00000000a9400000, 0x00000000a9400000|100%| O|  |TAMS 0x00000000a9400000| PB 0x00000000a9400000| Untracked |  0
| 620|0x00000000a9400000, 0x00000000a9500000, 0x00000000a9500000|100%| O|  |TAMS 0x00000000a9500000| PB 0x00000000a9500000| Untracked |  0
| 621|0x00000000a9500000, 0x00000000a9600000, 0x00000000a9600000|100%| O|  |TAMS 0x00000000a9600000| PB 0x00000000a9600000| Untracked |  0
| 622|0x00000000a9600000, 0x00000000a9700000, 0x00000000a9700000|100%| O|  |TAMS 0x00000000a9700000| PB 0x00000000a9700000| Untracked |  0
| 623|0x00000000a9700000, 0x00000000a9800000, 0x00000000a9800000|100%| O|  |TAMS 0x00000000a9800000| PB 0x00000000a9800000| Untracked |  0
| 624|0x00000000a9800000, 0x00000000a9900000, 0x00000000a9900000|100%| O|  |TAMS 0x00000000a9900000| PB 0x00000000a9900000| Untracked |  0
| 625|0x00000000a9900000, 0x00000000a9a00000, 0x00000000a9a00000|100%| O|  |TAMS 0x00000000a9a00000| PB 0x00000000a9a00000| Untracked |  0
| 626|0x00000000a9a00000, 0x00000000a9b00000, 0x00000000a9b00000|100%| O|  |TAMS 0x00000000a9b00000| PB 0x00000000a9b00000| Untracked |  0
| 627|0x00000000a9b00000, 0x00000000a9c00000, 0x00000000a9c00000|100%| O|  |TAMS 0x00000000a9c00000| PB 0x00000000a9c00000| Untracked |  0
| 628|0x00000000a9c00000, 0x00000000a9d00000, 0x00000000a9d00000|100%| O|  |TAMS 0x00000000a9d00000| PB 0x00000000a9d00000| Untracked |  0
| 629|0x00000000a9d00000, 0x00000000a9e00000, 0x00000000a9e00000|100%| O|  |TAMS 0x00000000a9e00000| PB 0x00000000a9e00000| Untracked |  0
| 630|0x00000000a9e00000, 0x00000000a9f00000, 0x00000000a9f00000|100%| O|  |TAMS 0x00000000a9f00000| PB 0x00000000a9f00000| Untracked |  0
| 631|0x00000000a9f00000, 0x00000000aa000000, 0x00000000aa000000|100%| O|  |TAMS 0x00000000aa000000| PB 0x00000000aa000000| Untracked |  0
| 632|0x00000000aa000000, 0x00000000aa100000, 0x00000000aa100000|100%| O|  |TAMS 0x00000000aa100000| PB 0x00000000aa100000| Untracked |  0
| 633|0x00000000aa100000, 0x00000000aa200000, 0x00000000aa200000|100%| O|  |TAMS 0x00000000aa200000| PB 0x00000000aa200000| Untracked |  0
| 634|0x00000000aa200000, 0x00000000aa300000, 0x00000000aa300000|100%| O|  |TAMS 0x00000000aa300000| PB 0x00000000aa300000| Untracked |  0
| 635|0x00000000aa300000, 0x00000000aa400000, 0x00000000aa400000|100%| O|  |TAMS 0x00000000aa400000| PB 0x00000000aa400000| Untracked |  0
| 636|0x00000000aa400000, 0x00000000aa500000, 0x00000000aa500000|100%| O|  |TAMS 0x00000000aa500000| PB 0x00000000aa500000| Untracked |  0
| 637|0x00000000aa500000, 0x00000000aa600000, 0x00000000aa600000|100%| O|  |TAMS 0x00000000aa600000| PB 0x00000000aa600000| Untracked |  0
| 638|0x00000000aa600000, 0x00000000aa700000, 0x00000000aa700000|100%| O|  |TAMS 0x00000000aa700000| PB 0x00000000aa700000| Untracked |  0
| 639|0x00000000aa700000, 0x00000000aa800000, 0x00000000aa800000|100%| O|  |TAMS 0x00000000aa800000| PB 0x00000000aa800000| Untracked |  0
| 640|0x00000000aa800000, 0x00000000aa900000, 0x00000000aa900000|100%| O|  |TAMS 0x00000000aa900000| PB 0x00000000aa900000| Untracked |  0
| 641|0x00000000aa900000, 0x00000000aaa00000, 0x00000000aaa00000|100%| O|  |TAMS 0x00000000aaa00000| PB 0x00000000aaa00000| Untracked |  0
| 642|0x00000000aaa00000, 0x00000000aab00000, 0x00000000aab00000|100%| O|  |TAMS 0x00000000aab00000| PB 0x00000000aab00000| Untracked |  0
| 643|0x00000000aab00000, 0x00000000aac00000, 0x00000000aac00000|100%| O|  |TAMS 0x00000000aac00000| PB 0x00000000aac00000| Untracked |  0
| 644|0x00000000aac00000, 0x00000000aad00000, 0x00000000aad00000|100%| O|  |TAMS 0x00000000aad00000| PB 0x00000000aad00000| Untracked |  0
| 645|0x00000000aad00000, 0x00000000aae00000, 0x00000000aae00000|100%| O|  |TAMS 0x00000000aae00000| PB 0x00000000aae00000| Untracked |  0
| 646|0x00000000aae00000, 0x00000000aaf00000, 0x00000000aaf00000|100%| O|  |TAMS 0x00000000aaf00000| PB 0x00000000aaf00000| Untracked |  0
| 647|0x00000000aaf00000, 0x00000000ab000000, 0x00000000ab000000|100%| O|  |TAMS 0x00000000ab000000| PB 0x00000000ab000000| Untracked |  0
| 648|0x00000000ab000000, 0x00000000ab100000, 0x00000000ab100000|100%| O|  |TAMS 0x00000000ab100000| PB 0x00000000ab100000| Untracked |  0
| 649|0x00000000ab100000, 0x00000000ab200000, 0x00000000ab200000|100%| O|  |TAMS 0x00000000ab200000| PB 0x00000000ab200000| Untracked |  0
| 650|0x00000000ab200000, 0x00000000ab300000, 0x00000000ab300000|100%| O|  |TAMS 0x00000000ab300000| PB 0x00000000ab300000| Untracked |  0
| 651|0x00000000ab300000, 0x00000000ab400000, 0x00000000ab400000|100%| O|  |TAMS 0x00000000ab400000| PB 0x00000000ab400000| Untracked |  0
| 652|0x00000000ab400000, 0x00000000ab500000, 0x00000000ab500000|100%| O|  |TAMS 0x00000000ab500000| PB 0x00000000ab500000| Untracked |  0
| 653|0x00000000ab500000, 0x00000000ab600000, 0x00000000ab600000|100%| O|  |TAMS 0x00000000ab600000| PB 0x00000000ab600000| Untracked |  0
| 654|0x00000000ab600000, 0x00000000ab700000, 0x00000000ab700000|100%| O|  |TAMS 0x00000000ab700000| PB 0x00000000ab700000| Untracked |  0
| 655|0x00000000ab700000, 0x00000000ab800000, 0x00000000ab800000|100%| O|  |TAMS 0x00000000ab800000| PB 0x00000000ab800000| Untracked |  0
| 656|0x00000000ab800000, 0x00000000ab900000, 0x00000000ab900000|100%| O|  |TAMS 0x00000000ab900000| PB 0x00000000ab900000| Untracked |  0
| 657|0x00000000ab900000, 0x00000000aba00000, 0x00000000aba00000|100%| O|  |TAMS 0x00000000aba00000| PB 0x00000000aba00000| Untracked |  0
| 658|0x00000000aba00000, 0x00000000abb00000, 0x00000000abb00000|100%| O|  |TAMS 0x00000000abb00000| PB 0x00000000abb00000| Untracked |  0
| 659|0x00000000abb00000, 0x00000000abc00000, 0x00000000abc00000|100%| O|  |TAMS 0x00000000abc00000| PB 0x00000000abc00000| Untracked |  0
| 660|0x00000000abc00000, 0x00000000abd00000, 0x00000000abd00000|100%| O|  |TAMS 0x00000000abd00000| PB 0x00000000abd00000| Untracked |  0
| 661|0x00000000abd00000, 0x00000000abe00000, 0x00000000abe00000|100%| O|  |TAMS 0x00000000abe00000| PB 0x00000000abe00000| Untracked |  0
| 662|0x00000000abe00000, 0x00000000abf00000, 0x00000000abf00000|100%| O|  |TAMS 0x00000000abf00000| PB 0x00000000abf00000| Untracked |  0
| 663|0x00000000abf00000, 0x00000000ac000000, 0x00000000ac000000|100%| O|  |TAMS 0x00000000ac000000| PB 0x00000000ac000000| Untracked |  0
| 664|0x00000000ac000000, 0x00000000ac100000, 0x00000000ac100000|100%| O|  |TAMS 0x00000000ac100000| PB 0x00000000ac100000| Untracked |  0
| 665|0x00000000ac100000, 0x00000000ac200000, 0x00000000ac200000|100%| O|  |TAMS 0x00000000ac200000| PB 0x00000000ac200000| Untracked |  0
| 666|0x00000000ac200000, 0x00000000ac300000, 0x00000000ac300000|100%| O|  |TAMS 0x00000000ac300000| PB 0x00000000ac300000| Untracked |  0
| 667|0x00000000ac300000, 0x00000000ac400000, 0x00000000ac400000|100%| O|  |TAMS 0x00000000ac400000| PB 0x00000000ac400000| Untracked |  0
| 668|0x00000000ac400000, 0x00000000ac500000, 0x00000000ac500000|100%| O|  |TAMS 0x00000000ac500000| PB 0x00000000ac500000| Untracked |  0
| 669|0x00000000ac500000, 0x00000000ac600000, 0x00000000ac600000|100%| O|  |TAMS 0x00000000ac600000| PB 0x00000000ac600000| Untracked |  0
| 670|0x00000000ac600000, 0x00000000ac700000, 0x00000000ac700000|100%| O|  |TAMS 0x00000000ac700000| PB 0x00000000ac700000| Untracked |  0
| 671|0x00000000ac700000, 0x00000000ac800000, 0x00000000ac800000|100%| O|  |TAMS 0x00000000ac800000| PB 0x00000000ac800000| Untracked |  0
| 672|0x00000000ac800000, 0x00000000ac900000, 0x00000000ac900000|100%| O|  |TAMS 0x00000000ac900000| PB 0x00000000ac900000| Untracked |  0
| 673|0x00000000ac900000, 0x00000000aca00000, 0x00000000aca00000|100%| O|  |TAMS 0x00000000aca00000| PB 0x00000000aca00000| Untracked |  0
| 674|0x00000000aca00000, 0x00000000acb00000, 0x00000000acb00000|100%| O|  |TAMS 0x00000000acb00000| PB 0x00000000acb00000| Untracked |  0
| 675|0x00000000acb00000, 0x00000000acc00000, 0x00000000acc00000|100%| O|  |TAMS 0x00000000acc00000| PB 0x00000000acc00000| Untracked |  0
| 676|0x00000000acc00000, 0x00000000acd00000, 0x00000000acd00000|100%| O|  |TAMS 0x00000000acd00000| PB 0x00000000acd00000| Untracked |  0
| 677|0x00000000acd00000, 0x00000000ace00000, 0x00000000ace00000|100%| O|  |TAMS 0x00000000ace00000| PB 0x00000000ace00000| Untracked |  0
| 678|0x00000000ace00000, 0x00000000acf00000, 0x00000000acf00000|100%| O|  |TAMS 0x00000000acf00000| PB 0x00000000acf00000| Untracked |  0
| 679|0x00000000acf00000, 0x00000000ad000000, 0x00000000ad000000|100%| O|  |TAMS 0x00000000ad000000| PB 0x00000000ad000000| Untracked |  0
| 680|0x00000000ad000000, 0x00000000ad100000, 0x00000000ad100000|100%| O|  |TAMS 0x00000000ad100000| PB 0x00000000ad100000| Untracked |  0
| 681|0x00000000ad100000, 0x00000000ad200000, 0x00000000ad200000|100%| O|  |TAMS 0x00000000ad200000| PB 0x00000000ad200000| Untracked |  0
| 682|0x00000000ad200000, 0x00000000ad300000, 0x00000000ad300000|100%| O|  |TAMS 0x00000000ad300000| PB 0x00000000ad300000| Untracked |  0
| 683|0x00000000ad300000, 0x00000000ad400000, 0x00000000ad400000|100%| O|  |TAMS 0x00000000ad400000| PB 0x00000000ad400000| Untracked |  0
| 684|0x00000000ad400000, 0x00000000ad500000, 0x00000000ad500000|100%| O|  |TAMS 0x00000000ad500000| PB 0x00000000ad500000| Untracked |  0
| 685|0x00000000ad500000, 0x00000000ad600000, 0x00000000ad600000|100%| O|  |TAMS 0x00000000ad600000| PB 0x00000000ad600000| Untracked |  0
| 686|0x00000000ad600000, 0x00000000ad700000, 0x00000000ad700000|100%| O|  |TAMS 0x00000000ad700000| PB 0x00000000ad700000| Untracked |  0
| 687|0x00000000ad700000, 0x00000000ad800000, 0x00000000ad800000|100%| O|  |TAMS 0x00000000ad800000| PB 0x00000000ad800000| Untracked |  0
| 688|0x00000000ad800000, 0x00000000ad900000, 0x00000000ad900000|100%| O|  |TAMS 0x00000000ad900000| PB 0x00000000ad900000| Untracked |  0
| 689|0x00000000ad900000, 0x00000000ada00000, 0x00000000ada00000|100%| O|  |TAMS 0x00000000ada00000| PB 0x00000000ada00000| Untracked |  0
| 690|0x00000000ada00000, 0x00000000adb00000, 0x00000000adb00000|100%| O|  |TAMS 0x00000000adb00000| PB 0x00000000adb00000| Untracked |  0
| 691|0x00000000adb00000, 0x00000000adc00000, 0x00000000adc00000|100%| O|  |TAMS 0x00000000adc00000| PB 0x00000000adc00000| Untracked |  0
| 692|0x00000000adc00000, 0x00000000add00000, 0x00000000add00000|100%| O|  |TAMS 0x00000000add00000| PB 0x00000000add00000| Untracked |  0
| 693|0x00000000add00000, 0x00000000ade00000, 0x00000000ade00000|100%| O|  |TAMS 0x00000000ade00000| PB 0x00000000ade00000| Untracked |  0
| 694|0x00000000ade00000, 0x00000000adf00000, 0x00000000adf00000|100%| O|  |TAMS 0x00000000adf00000| PB 0x00000000adf00000| Untracked |  0
| 695|0x00000000adf00000, 0x00000000ae000000, 0x00000000ae000000|100%| O|  |TAMS 0x00000000ae000000| PB 0x00000000ae000000| Untracked |  0
| 696|0x00000000ae000000, 0x00000000ae100000, 0x00000000ae100000|100%| O|  |TAMS 0x00000000ae100000| PB 0x00000000ae100000| Untracked |  0
| 697|0x00000000ae100000, 0x00000000ae200000, 0x00000000ae200000|100%| O|  |TAMS 0x00000000ae200000| PB 0x00000000ae200000| Untracked |  0
| 698|0x00000000ae200000, 0x00000000ae300000, 0x00000000ae300000|100%| O|  |TAMS 0x00000000ae300000| PB 0x00000000ae300000| Untracked |  0
| 699|0x00000000ae300000, 0x00000000ae400000, 0x00000000ae400000|100%| O|  |TAMS 0x00000000ae400000| PB 0x00000000ae400000| Untracked |  0
| 700|0x00000000ae400000, 0x00000000ae500000, 0x00000000ae500000|100%| O|  |TAMS 0x00000000ae500000| PB 0x00000000ae500000| Untracked |  0
| 701|0x00000000ae500000, 0x00000000ae600000, 0x00000000ae600000|100%| O|  |TAMS 0x00000000ae600000| PB 0x00000000ae600000| Untracked |  0
| 702|0x00000000ae600000, 0x00000000ae700000, 0x00000000ae700000|100%| O|  |TAMS 0x00000000ae700000| PB 0x00000000ae700000| Untracked |  0
| 703|0x00000000ae700000, 0x00000000ae800000, 0x00000000ae800000|100%| O|  |TAMS 0x00000000ae800000| PB 0x00000000ae800000| Untracked |  0
| 704|0x00000000ae800000, 0x00000000ae900000, 0x00000000ae900000|100%| O|  |TAMS 0x00000000ae900000| PB 0x00000000ae900000| Untracked |  0
| 705|0x00000000ae900000, 0x00000000aea00000, 0x00000000aea00000|100%| O|  |TAMS 0x00000000aea00000| PB 0x00000000aea00000| Untracked |  0
| 706|0x00000000aea00000, 0x00000000aeb00000, 0x00000000aeb00000|100%| O|  |TAMS 0x00000000aeb00000| PB 0x00000000aeb00000| Untracked |  0
| 707|0x00000000aeb00000, 0x00000000aec00000, 0x00000000aec00000|100%| O|  |TAMS 0x00000000aec00000| PB 0x00000000aec00000| Untracked |  0
| 708|0x00000000aec00000, 0x00000000aed00000, 0x00000000aed00000|100%| O|  |TAMS 0x00000000aed00000| PB 0x00000000aed00000| Untracked |  0
| 709|0x00000000aed00000, 0x00000000aee00000, 0x00000000aee00000|100%| O|  |TAMS 0x00000000aee00000| PB 0x00000000aee00000| Untracked |  0
| 710|0x00000000aee00000, 0x00000000aef00000, 0x00000000aef00000|100%| O|  |TAMS 0x00000000aef00000| PB 0x00000000aef00000| Untracked |  0
| 711|0x00000000aef00000, 0x00000000af000000, 0x00000000af000000|100%| O|  |TAMS 0x00000000af000000| PB 0x00000000af000000| Untracked |  0
| 712|0x00000000af000000, 0x00000000af100000, 0x00000000af100000|100%| O|  |TAMS 0x00000000af100000| PB 0x00000000af100000| Untracked |  0
| 713|0x00000000af100000, 0x00000000af200000, 0x00000000af200000|100%| O|  |TAMS 0x00000000af200000| PB 0x00000000af200000| Untracked |  0
| 714|0x00000000af200000, 0x00000000af300000, 0x00000000af300000|100%| O|  |TAMS 0x00000000af300000| PB 0x00000000af300000| Untracked |  0
| 715|0x00000000af300000, 0x00000000af400000, 0x00000000af400000|100%| O|  |TAMS 0x00000000af400000| PB 0x00000000af400000| Untracked |  0
| 716|0x00000000af400000, 0x00000000af500000, 0x00000000af500000|100%| O|  |TAMS 0x00000000af500000| PB 0x00000000af500000| Untracked |  0
| 717|0x00000000af500000, 0x00000000af600000, 0x00000000af600000|100%| O|  |TAMS 0x00000000af600000| PB 0x00000000af600000| Untracked |  0
| 718|0x00000000af600000, 0x00000000af700000, 0x00000000af700000|100%| O|  |TAMS 0x00000000af700000| PB 0x00000000af700000| Untracked |  0
| 719|0x00000000af700000, 0x00000000af800000, 0x00000000af800000|100%| O|  |TAMS 0x00000000af800000| PB 0x00000000af800000| Untracked |  0
| 720|0x00000000af800000, 0x00000000af900000, 0x00000000af900000|100%| O|  |TAMS 0x00000000af900000| PB 0x00000000af900000| Untracked |  0
| 721|0x00000000af900000, 0x00000000afa00000, 0x00000000afa00000|100%| O|  |TAMS 0x00000000afa00000| PB 0x00000000afa00000| Untracked |  0
| 722|0x00000000afa00000, 0x00000000afb00000, 0x00000000afb00000|100%| O|  |TAMS 0x00000000afb00000| PB 0x00000000afb00000| Untracked |  0
| 723|0x00000000afb00000, 0x00000000afc00000, 0x00000000afc00000|100%| O|  |TAMS 0x00000000afc00000| PB 0x00000000afc00000| Untracked |  0
| 724|0x00000000afc00000, 0x00000000afd00000, 0x00000000afd00000|100%| O|  |TAMS 0x00000000afd00000| PB 0x00000000afd00000| Untracked |  0
| 725|0x00000000afd00000, 0x00000000afe00000, 0x00000000afe00000|100%| O|  |TAMS 0x00000000afe00000| PB 0x00000000afe00000| Untracked |  0
| 726|0x00000000afe00000, 0x00000000aff00000, 0x00000000aff00000|100%| O|  |TAMS 0x00000000aff00000| PB 0x00000000aff00000| Untracked |  0
| 727|0x00000000aff00000, 0x00000000b0000000, 0x00000000b0000000|100%| O|  |TAMS 0x00000000b0000000| PB 0x00000000b0000000| Untracked |  0
| 728|0x00000000b0000000, 0x00000000b0100000, 0x00000000b0100000|100%| O|  |TAMS 0x00000000b0100000| PB 0x00000000b0100000| Untracked |  0
| 729|0x00000000b0100000, 0x00000000b0200000, 0x00000000b0200000|100%| O|  |TAMS 0x00000000b0200000| PB 0x00000000b0200000| Untracked |  0
| 730|0x00000000b0200000, 0x00000000b0300000, 0x00000000b0300000|100%| O|  |TAMS 0x00000000b0300000| PB 0x00000000b0300000| Untracked |  0
| 731|0x00000000b0300000, 0x00000000b0400000, 0x00000000b0400000|100%| O|  |TAMS 0x00000000b0400000| PB 0x00000000b0400000| Untracked |  0
| 732|0x00000000b0400000, 0x00000000b0500000, 0x00000000b0500000|100%| O|  |TAMS 0x00000000b0500000| PB 0x00000000b0500000| Untracked |  0
| 733|0x00000000b0500000, 0x00000000b0600000, 0x00000000b0600000|100%| O|  |TAMS 0x00000000b0600000| PB 0x00000000b0600000| Untracked |  0
| 734|0x00000000b0600000, 0x00000000b0700000, 0x00000000b0700000|100%| O|  |TAMS 0x00000000b0700000| PB 0x00000000b0700000| Untracked |  0
| 735|0x00000000b0700000, 0x00000000b0800000, 0x00000000b0800000|100%| O|  |TAMS 0x00000000b0800000| PB 0x00000000b0800000| Untracked |  0
| 736|0x00000000b0800000, 0x00000000b0900000, 0x00000000b0900000|100%| O|  |TAMS 0x00000000b0900000| PB 0x00000000b0900000| Untracked |  0
| 737|0x00000000b0900000, 0x00000000b0a00000, 0x00000000b0a00000|100%| O|  |TAMS 0x00000000b0a00000| PB 0x00000000b0a00000| Untracked |  0
| 738|0x00000000b0a00000, 0x00000000b0b00000, 0x00000000b0b00000|100%| O|  |TAMS 0x00000000b0b00000| PB 0x00000000b0b00000| Untracked |  0
| 739|0x00000000b0b00000, 0x00000000b0c00000, 0x00000000b0c00000|100%| O|  |TAMS 0x00000000b0c00000| PB 0x00000000b0c00000| Untracked |  0
| 740|0x00000000b0c00000, 0x00000000b0d00000, 0x00000000b0d00000|100%| O|  |TAMS 0x00000000b0c00000| PB 0x00000000b0c00000| Untracked |  0
| 741|0x00000000b0d00000, 0x00000000b0e00000, 0x00000000b0e00000|100%| O|  |TAMS 0x00000000b0e00000| PB 0x00000000b0e00000| Untracked |  0
| 742|0x00000000b0e00000, 0x00000000b0f00000, 0x00000000b0f00000|100%| O|  |TAMS 0x00000000b0f00000| PB 0x00000000b0f00000| Untracked |  0
| 743|0x00000000b0f00000, 0x00000000b1000000, 0x00000000b1000000|100%| O|  |TAMS 0x00000000b1000000| PB 0x00000000b1000000| Untracked |  0
| 744|0x00000000b1000000, 0x00000000b1100000, 0x00000000b1100000|100%| O|  |TAMS 0x00000000b1100000| PB 0x00000000b1100000| Untracked |  0
| 745|0x00000000b1100000, 0x00000000b1200000, 0x00000000b1200000|100%| O|  |TAMS 0x00000000b1200000| PB 0x00000000b1200000| Untracked |  0
| 746|0x00000000b1200000, 0x00000000b1300000, 0x00000000b1300000|100%| O|  |TAMS 0x00000000b1300000| PB 0x00000000b1300000| Untracked |  0
| 747|0x00000000b1300000, 0x00000000b1400000, 0x00000000b1400000|100%| O|  |TAMS 0x00000000b1400000| PB 0x00000000b1400000| Untracked |  0
| 748|0x00000000b1400000, 0x00000000b1500000, 0x00000000b1500000|100%| O|  |TAMS 0x00000000b1500000| PB 0x00000000b1500000| Untracked |  0
| 749|0x00000000b1500000, 0x00000000b1600000, 0x00000000b1600000|100%| O|  |TAMS 0x00000000b1600000| PB 0x00000000b1600000| Untracked |  0
| 750|0x00000000b1600000, 0x00000000b1700000, 0x00000000b1700000|100%| O|  |TAMS 0x00000000b1700000| PB 0x00000000b1700000| Untracked |  0
| 751|0x00000000b1700000, 0x00000000b1800000, 0x00000000b1800000|100%| O|  |TAMS 0x00000000b1700000| PB 0x00000000b1700000| Untracked |  0
| 752|0x00000000b1800000, 0x00000000b1900000, 0x00000000b1900000|100%| O|  |TAMS 0x00000000b1800000| PB 0x00000000b1800000| Untracked |  0
| 753|0x00000000b1900000, 0x00000000b1a00000, 0x00000000b1a00000|100%| O|  |TAMS 0x00000000b1a00000| PB 0x00000000b1a00000| Untracked |  0
| 754|0x00000000b1a00000, 0x00000000b1b00000, 0x00000000b1b00000|100%| O|  |TAMS 0x00000000b1b00000| PB 0x00000000b1b00000| Untracked |  0
| 755|0x00000000b1b00000, 0x00000000b1c00000, 0x00000000b1c00000|100%| O|  |TAMS 0x00000000b1c00000| PB 0x00000000b1c00000| Untracked |  0
| 756|0x00000000b1c00000, 0x00000000b1d00000, 0x00000000b1d00000|100%| O|  |TAMS 0x00000000b1d00000| PB 0x00000000b1d00000| Untracked |  0
| 757|0x00000000b1d00000, 0x00000000b1e00000, 0x00000000b1e00000|100%| O|  |TAMS 0x00000000b1e00000| PB 0x00000000b1e00000| Untracked |  0
| 758|0x00000000b1e00000, 0x00000000b1f00000, 0x00000000b1f00000|100%| O|  |TAMS 0x00000000b1f00000| PB 0x00000000b1f00000| Untracked |  0
| 759|0x00000000b1f00000, 0x00000000b2000000, 0x00000000b2000000|100%| O|  |TAMS 0x00000000b2000000| PB 0x00000000b2000000| Untracked |  0
| 760|0x00000000b2000000, 0x00000000b2100000, 0x00000000b2100000|100%| O|  |TAMS 0x00000000b2100000| PB 0x00000000b2100000| Untracked |  0
| 761|0x00000000b2100000, 0x00000000b2200000, 0x00000000b2200000|100%| O|  |TAMS 0x00000000b2200000| PB 0x00000000b2200000| Untracked |  0
| 762|0x00000000b2200000, 0x00000000b2300000, 0x00000000b2300000|100%| O|  |TAMS 0x00000000b2300000| PB 0x00000000b2300000| Untracked |  0
| 763|0x00000000b2300000, 0x00000000b2400000, 0x00000000b2400000|100%| O|  |TAMS 0x00000000b2400000| PB 0x00000000b2400000| Untracked |  0
| 764|0x00000000b2400000, 0x00000000b2500000, 0x00000000b2500000|100%| O|  |TAMS 0x00000000b2500000| PB 0x00000000b2500000| Untracked |  0
| 765|0x00000000b2500000, 0x00000000b2600000, 0x00000000b2600000|100%| O|  |TAMS 0x00000000b2600000| PB 0x00000000b2600000| Untracked |  0
| 766|0x00000000b2600000, 0x00000000b2700000, 0x00000000b2700000|100%| O|  |TAMS 0x00000000b2700000| PB 0x00000000b2700000| Untracked |  0
| 767|0x00000000b2700000, 0x00000000b2800000, 0x00000000b2800000|100%| O|  |TAMS 0x00000000b2800000| PB 0x00000000b2800000| Untracked |  0
| 768|0x00000000b2800000, 0x00000000b2900000, 0x00000000b2900000|100%| O|  |TAMS 0x00000000b2900000| PB 0x00000000b2900000| Untracked |  0
| 769|0x00000000b2900000, 0x00000000b2a00000, 0x00000000b2a00000|100%| O|  |TAMS 0x00000000b2a00000| PB 0x00000000b2a00000| Untracked |  0
| 770|0x00000000b2a00000, 0x00000000b2b00000, 0x00000000b2b00000|100%| O|  |TAMS 0x00000000b2b00000| PB 0x00000000b2b00000| Untracked |  0
| 771|0x00000000b2b00000, 0x00000000b2c00000, 0x00000000b2c00000|100%| O|  |TAMS 0x00000000b2c00000| PB 0x00000000b2c00000| Untracked |  0
| 772|0x00000000b2c00000, 0x00000000b2d00000, 0x00000000b2d00000|100%| O|  |TAMS 0x00000000b2d00000| PB 0x00000000b2d00000| Untracked |  0
| 773|0x00000000b2d00000, 0x00000000b2e00000, 0x00000000b2e00000|100%| O|  |TAMS 0x00000000b2e00000| PB 0x00000000b2e00000| Untracked |  0
| 774|0x00000000b2e00000, 0x00000000b2f00000, 0x00000000b2f00000|100%| O|  |TAMS 0x00000000b2f00000| PB 0x00000000b2f00000| Untracked |  0
| 775|0x00000000b2f00000, 0x00000000b3000000, 0x00000000b3000000|100%| O|  |TAMS 0x00000000b3000000| PB 0x00000000b3000000| Untracked |  0
| 776|0x00000000b3000000, 0x00000000b3100000, 0x00000000b3100000|100%| O|  |TAMS 0x00000000b3100000| PB 0x00000000b3100000| Untracked |  0
| 777|0x00000000b3100000, 0x00000000b3200000, 0x00000000b3200000|100%| O|  |TAMS 0x00000000b3200000| PB 0x00000000b3200000| Untracked |  0
| 778|0x00000000b3200000, 0x00000000b3300000, 0x00000000b3300000|100%| O|  |TAMS 0x00000000b3300000| PB 0x00000000b3300000| Untracked |  0
| 779|0x00000000b3300000, 0x00000000b3400000, 0x00000000b3400000|100%| O|  |TAMS 0x00000000b3400000| PB 0x00000000b3400000| Untracked |  0
| 780|0x00000000b3400000, 0x00000000b3500000, 0x00000000b3500000|100%| O|  |TAMS 0x00000000b3500000| PB 0x00000000b3500000| Untracked |  0
| 781|0x00000000b3500000, 0x00000000b3600000, 0x00000000b3600000|100%| O|  |TAMS 0x00000000b3600000| PB 0x00000000b3600000| Untracked |  0
| 782|0x00000000b3600000, 0x00000000b3700000, 0x00000000b3700000|100%| O|  |TAMS 0x00000000b3700000| PB 0x00000000b3700000| Untracked |  0
| 783|0x00000000b3700000, 0x00000000b3800000, 0x00000000b3800000|100%| O|  |TAMS 0x00000000b3800000| PB 0x00000000b3800000| Untracked |  0
| 784|0x00000000b3800000, 0x00000000b3900000, 0x00000000b3900000|100%| O|  |TAMS 0x00000000b3900000| PB 0x00000000b3900000| Untracked |  0
| 785|0x00000000b3900000, 0x00000000b3a00000, 0x00000000b3a00000|100%| O|  |TAMS 0x00000000b3a00000| PB 0x00000000b3a00000| Untracked |  0
| 786|0x00000000b3a00000, 0x00000000b3b00000, 0x00000000b3b00000|100%| O|  |TAMS 0x00000000b3b00000| PB 0x00000000b3b00000| Untracked |  0
| 787|0x00000000b3b00000, 0x00000000b3c00000, 0x00000000b3c00000|100%| O|  |TAMS 0x00000000b3c00000| PB 0x00000000b3c00000| Untracked |  0
| 788|0x00000000b3c00000, 0x00000000b3d00000, 0x00000000b3d00000|100%| O|  |TAMS 0x00000000b3d00000| PB 0x00000000b3d00000| Untracked |  0
| 789|0x00000000b3d00000, 0x00000000b3e00000, 0x00000000b3e00000|100%| O|  |TAMS 0x00000000b3e00000| PB 0x00000000b3e00000| Untracked |  0
| 790|0x00000000b3e00000, 0x00000000b3f00000, 0x00000000b3f00000|100%| O|  |TAMS 0x00000000b3f00000| PB 0x00000000b3f00000| Untracked |  0
| 791|0x00000000b3f00000, 0x00000000b4000000, 0x00000000b4000000|100%| O|  |TAMS 0x00000000b4000000| PB 0x00000000b4000000| Untracked |  0
| 792|0x00000000b4000000, 0x00000000b4100000, 0x00000000b4100000|100%| O|  |TAMS 0x00000000b4100000| PB 0x00000000b4100000| Untracked |  0
| 793|0x00000000b4100000, 0x00000000b4200000, 0x00000000b4200000|100%| O|  |TAMS 0x00000000b4200000| PB 0x00000000b4200000| Untracked |  0
| 794|0x00000000b4200000, 0x00000000b4300000, 0x00000000b4300000|100%| O|  |TAMS 0x00000000b4300000| PB 0x00000000b4300000| Untracked |  0
| 795|0x00000000b4300000, 0x00000000b4400000, 0x00000000b4400000|100%| O|  |TAMS 0x00000000b4300000| PB 0x00000000b4300000| Untracked |  0
| 796|0x00000000b4400000, 0x00000000b4500000, 0x00000000b4500000|100%| O|  |TAMS 0x00000000b4500000| PB 0x00000000b4500000| Untracked |  0
| 797|0x00000000b4500000, 0x00000000b4600000, 0x00000000b4600000|100%| O|  |TAMS 0x00000000b4600000| PB 0x00000000b4600000| Untracked |  0
| 798|0x00000000b4600000, 0x00000000b4700000, 0x00000000b4700000|100%| O|  |TAMS 0x00000000b4700000| PB 0x00000000b4700000| Untracked |  0
| 799|0x00000000b4700000, 0x00000000b4800000, 0x00000000b4800000|100%| O|  |TAMS 0x00000000b4800000| PB 0x00000000b4800000| Untracked |  0
| 800|0x00000000b4800000, 0x00000000b4900000, 0x00000000b4900000|100%| O|  |TAMS 0x00000000b4900000| PB 0x00000000b4900000| Untracked |  0
| 801|0x00000000b4900000, 0x00000000b4a00000, 0x00000000b4a00000|100%| O|  |TAMS 0x00000000b4a00000| PB 0x00000000b4a00000| Untracked |  0
| 802|0x00000000b4a00000, 0x00000000b4b00000, 0x00000000b4b00000|100%| O|  |TAMS 0x00000000b4b00000| PB 0x00000000b4b00000| Untracked |  0
| 803|0x00000000b4b00000, 0x00000000b4c00000, 0x00000000b4c00000|100%| O|  |TAMS 0x00000000b4c00000| PB 0x00000000b4c00000| Untracked |  0
| 804|0x00000000b4c00000, 0x00000000b4d00000, 0x00000000b4d00000|100%| O|  |TAMS 0x00000000b4d00000| PB 0x00000000b4d00000| Untracked |  0
| 805|0x00000000b4d00000, 0x00000000b4e00000, 0x00000000b4e00000|100%| O|  |TAMS 0x00000000b4e00000| PB 0x00000000b4e00000| Untracked |  0
| 806|0x00000000b4e00000, 0x00000000b4f00000, 0x00000000b4f00000|100%| O|  |TAMS 0x00000000b4f00000| PB 0x00000000b4f00000| Untracked |  0
| 807|0x00000000b4f00000, 0x00000000b5000000, 0x00000000b5000000|100%| O|  |TAMS 0x00000000b5000000| PB 0x00000000b5000000| Untracked |  0
| 808|0x00000000b5000000, 0x00000000b5100000, 0x00000000b5100000|100%| O|  |TAMS 0x00000000b5100000| PB 0x00000000b5100000| Untracked |  0
| 809|0x00000000b5100000, 0x00000000b5200000, 0x00000000b5200000|100%| O|  |TAMS 0x00000000b5200000| PB 0x00000000b5200000| Untracked |  0
| 810|0x00000000b5200000, 0x00000000b5300000, 0x00000000b5300000|100%| O|  |TAMS 0x00000000b5300000| PB 0x00000000b5300000| Untracked |  0
| 811|0x00000000b5300000, 0x00000000b5400000, 0x00000000b5400000|100%| O|  |TAMS 0x00000000b5400000| PB 0x00000000b5400000| Untracked |  0
| 812|0x00000000b5400000, 0x00000000b5500000, 0x00000000b5500000|100%| O|  |TAMS 0x00000000b5500000| PB 0x00000000b5500000| Untracked |  0
| 813|0x00000000b5500000, 0x00000000b5600000, 0x00000000b5600000|100%| O|  |TAMS 0x00000000b5600000| PB 0x00000000b5600000| Untracked |  0
| 814|0x00000000b5600000, 0x00000000b5700000, 0x00000000b5700000|100%| O|  |TAMS 0x00000000b5700000| PB 0x00000000b5700000| Untracked |  0
| 815|0x00000000b5700000, 0x00000000b5800000, 0x00000000b5800000|100%| O|  |TAMS 0x00000000b5800000| PB 0x00000000b5800000| Untracked |  0
| 816|0x00000000b5800000, 0x00000000b5900000, 0x00000000b5900000|100%| O|  |TAMS 0x00000000b5900000| PB 0x00000000b5900000| Untracked |  0
| 817|0x00000000b5900000, 0x00000000b5a00000, 0x00000000b5a00000|100%| O|  |TAMS 0x00000000b5a00000| PB 0x00000000b5a00000| Untracked |  0
| 818|0x00000000b5a00000, 0x00000000b5b00000, 0x00000000b5b00000|100%| O|  |TAMS 0x00000000b5b00000| PB 0x00000000b5b00000| Untracked |  0
| 819|0x00000000b5b00000, 0x00000000b5c00000, 0x00000000b5c00000|100%| O|  |TAMS 0x00000000b5c00000| PB 0x00000000b5c00000| Untracked |  0
| 820|0x00000000b5c00000, 0x00000000b5d00000, 0x00000000b5d00000|100%| O|  |TAMS 0x00000000b5d00000| PB 0x00000000b5d00000| Untracked |  0
| 821|0x00000000b5d00000, 0x00000000b5e00000, 0x00000000b5e00000|100%| O|  |TAMS 0x00000000b5e00000| PB 0x00000000b5e00000| Untracked |  0
| 822|0x00000000b5e00000, 0x00000000b5f00000, 0x00000000b5f00000|100%| O|  |TAMS 0x00000000b5f00000| PB 0x00000000b5f00000| Untracked |  0
| 823|0x00000000b5f00000, 0x00000000b6000000, 0x00000000b6000000|100%| O|  |TAMS 0x00000000b6000000| PB 0x00000000b6000000| Untracked |  0
| 824|0x00000000b6000000, 0x00000000b6100000, 0x00000000b6100000|100%| O|Cm|TAMS 0x00000000b6100000| PB 0x00000000b6100000| Updating |  0
| 825|0x00000000b6100000, 0x00000000b6200000, 0x00000000b6200000|100%| O|  |TAMS 0x00000000b6200000| PB 0x00000000b6200000| Untracked |  0
| 826|0x00000000b6200000, 0x00000000b6300000, 0x00000000b6300000|100%| O|  |TAMS 0x00000000b6200000| PB 0x00000000b6200000| Untracked |  0
| 827|0x00000000b6300000, 0x00000000b6400000, 0x00000000b6400000|100%| O|  |TAMS 0x00000000b6300000| PB 0x00000000b6300000| Untracked |  0
| 828|0x00000000b6400000, 0x00000000b6500000, 0x00000000b6500000|100%| O|  |TAMS 0x00000000b6400000| PB 0x00000000b6400000| Untracked |  0
| 829|0x00000000b6500000, 0x00000000b6600000, 0x00000000b6600000|100%| O|  |TAMS 0x00000000b6500000| PB 0x00000000b6500000| Untracked |  0
| 830|0x00000000b6600000, 0x00000000b6700000, 0x00000000b6700000|100%| O|  |TAMS 0x00000000b6600000| PB 0x00000000b6600000| Untracked |  0
| 831|0x00000000b6700000, 0x00000000b6800000, 0x00000000b6800000|100%| O|  |TAMS 0x00000000b6700000| PB 0x00000000b6700000| Untracked |  0
| 832|0x00000000b6800000, 0x00000000b6900000, 0x00000000b6900000|100%| O|  |TAMS 0x00000000b6900000| PB 0x00000000b6900000| Untracked |  0
| 833|0x00000000b6900000, 0x00000000b6a00000, 0x00000000b6a00000|100%| O|Cm|TAMS 0x00000000b6a00000| PB 0x00000000b6a00000| Updating |  0
| 834|0x00000000b6a00000, 0x00000000b6b00000, 0x00000000b6b00000|100%| O|Cm|TAMS 0x00000000b6b00000| PB 0x00000000b6b00000| Updating |  0
| 835|0x00000000b6b00000, 0x00000000b6c00000, 0x00000000b6c00000|100%| O|  |TAMS 0x00000000b6b00000| PB 0x00000000b6b00000| Untracked |  0
| 836|0x00000000b6c00000, 0x00000000b6d00000, 0x00000000b6d00000|100%| O|  |TAMS 0x00000000b6c00000| PB 0x00000000b6c00000| Untracked |  0
| 837|0x00000000b6d00000, 0x00000000b6e00000, 0x00000000b6e00000|100%| O|  |TAMS 0x00000000b6d00000| PB 0x00000000b6d00000| Untracked |  0
| 838|0x00000000b6e00000, 0x00000000b6f00000, 0x00000000b6f00000|100%| O|  |TAMS 0x00000000b6e00000| PB 0x00000000b6e00000| Untracked |  0
| 839|0x00000000b6f00000, 0x00000000b7000000, 0x00000000b7000000|100%| O|  |TAMS 0x00000000b7000000| PB 0x00000000b7000000| Untracked |  0
| 840|0x00000000b7000000, 0x00000000b7100000, 0x00000000b7100000|100%| O|  |TAMS 0x00000000b7100000| PB 0x00000000b7100000| Untracked |  0
| 841|0x00000000b7100000, 0x00000000b7200000, 0x00000000b7200000|100%| O|  |TAMS 0x00000000b7200000| PB 0x00000000b7200000| Untracked |  0
| 842|0x00000000b7200000, 0x00000000b7300000, 0x00000000b7300000|100%| O|  |TAMS 0x00000000b7300000| PB 0x00000000b7300000| Untracked |  0
| 843|0x00000000b7300000, 0x00000000b7400000, 0x00000000b7400000|100%| O|  |TAMS 0x00000000b7400000| PB 0x00000000b7400000| Untracked |  0
| 844|0x00000000b7400000, 0x00000000b7500000, 0x00000000b7500000|100%| O|Cm|TAMS 0x00000000b7500000| PB 0x00000000b7500000| Updating |  0
| 845|0x00000000b7500000, 0x00000000b7600000, 0x00000000b7600000|100%| O|  |TAMS 0x00000000b7600000| PB 0x00000000b7600000| Untracked |  0
| 846|0x00000000b7600000, 0x00000000b7700000, 0x00000000b7700000|100%| O|  |TAMS 0x00000000b7700000| PB 0x00000000b7700000| Untracked |  0
| 847|0x00000000b7700000, 0x00000000b7800000, 0x00000000b7800000|100%| O|  |TAMS 0x00000000b7800000| PB 0x00000000b7800000| Untracked |  0
| 848|0x00000000b7800000, 0x00000000b7900000, 0x00000000b7900000|100%| O|  |TAMS 0x00000000b7900000| PB 0x00000000b7900000| Untracked |  0
| 849|0x00000000b7900000, 0x00000000b7a00000, 0x00000000b7a00000|100%| O|  |TAMS 0x00000000b7a00000| PB 0x00000000b7a00000| Untracked |  0
| 850|0x00000000b7a00000, 0x00000000b7b00000, 0x00000000b7b00000|100%| O|  |TAMS 0x00000000b7b00000| PB 0x00000000b7b00000| Untracked |  0
| 851|0x00000000b7b00000, 0x00000000b7c00000, 0x00000000b7c00000|100%| O|  |TAMS 0x00000000b7c00000| PB 0x00000000b7c00000| Untracked |  0
| 852|0x00000000b7c00000, 0x00000000b7d00000, 0x00000000b7d00000|100%| O|  |TAMS 0x00000000b7d00000| PB 0x00000000b7d00000| Untracked |  0
| 853|0x00000000b7d00000, 0x00000000b7e00000, 0x00000000b7e00000|100%| O|  |TAMS 0x00000000b7e00000| PB 0x00000000b7e00000| Untracked |  0
| 854|0x00000000b7e00000, 0x00000000b7f00000, 0x00000000b7f00000|100%| O|  |TAMS 0x00000000b7f00000| PB 0x00000000b7f00000| Untracked |  0
| 855|0x00000000b7f00000, 0x00000000b8000000, 0x00000000b8000000|100%| O|Cm|TAMS 0x00000000b8000000| PB 0x00000000b8000000| Updating |  0
| 856|0x00000000b8000000, 0x00000000b8100000, 0x00000000b8100000|100%| O|  |TAMS 0x00000000b8100000| PB 0x00000000b8100000| Untracked |  0
| 857|0x00000000b8100000, 0x00000000b8200000, 0x00000000b8200000|100%| O|  |TAMS 0x00000000b8200000| PB 0x00000000b8200000| Untracked |  0
| 858|0x00000000b8200000, 0x00000000b8300000, 0x00000000b8300000|100%| O|  |TAMS 0x00000000b8300000| PB 0x00000000b8300000| Untracked |  0
| 859|0x00000000b8300000, 0x00000000b8400000, 0x00000000b8400000|100%| O|  |TAMS 0x00000000b8400000| PB 0x00000000b8400000| Untracked |  0
| 860|0x00000000b8400000, 0x00000000b8500000, 0x00000000b8500000|100%| O|  |TAMS 0x00000000b8500000| PB 0x00000000b8500000| Untracked |  0
| 861|0x00000000b8500000, 0x00000000b8600000, 0x00000000b8600000|100%| O|  |TAMS 0x00000000b8600000| PB 0x00000000b8600000| Untracked |  0
| 862|0x00000000b8600000, 0x00000000b8700000, 0x00000000b8700000|100%| O|  |TAMS 0x00000000b8700000| PB 0x00000000b8700000| Untracked |  0
| 863|0x00000000b8700000, 0x00000000b8800000, 0x00000000b8800000|100%| O|  |TAMS 0x00000000b8800000| PB 0x00000000b8800000| Untracked |  0
| 864|0x00000000b8800000, 0x00000000b8900000, 0x00000000b8900000|100%| O|  |TAMS 0x00000000b8900000| PB 0x00000000b8900000| Untracked |  0
| 865|0x00000000b8900000, 0x00000000b8a00000, 0x00000000b8a00000|100%| O|  |TAMS 0x00000000b8a00000| PB 0x00000000b8a00000| Untracked |  0
| 866|0x00000000b8a00000, 0x00000000b8b00000, 0x00000000b8b00000|100%| O|  |TAMS 0x00000000b8b00000| PB 0x00000000b8b00000| Untracked |  0
| 867|0x00000000b8b00000, 0x00000000b8c00000, 0x00000000b8c00000|100%| O|  |TAMS 0x00000000b8c00000| PB 0x00000000b8c00000| Untracked |  0
| 868|0x00000000b8c00000, 0x00000000b8d00000, 0x00000000b8d00000|100%| O|  |TAMS 0x00000000b8d00000| PB 0x00000000b8d00000| Untracked |  0
| 869|0x00000000b8d00000, 0x00000000b8e00000, 0x00000000b8e00000|100%| O|  |TAMS 0x00000000b8e00000| PB 0x00000000b8e00000| Untracked |  0
| 870|0x00000000b8e00000, 0x00000000b8f00000, 0x00000000b8f00000|100%| O|  |TAMS 0x00000000b8f00000| PB 0x00000000b8f00000| Untracked |  0
| 871|0x00000000b8f00000, 0x00000000b9000000, 0x00000000b9000000|100%| O|  |TAMS 0x00000000b9000000| PB 0x00000000b9000000| Untracked |  0
| 872|0x00000000b9000000, 0x00000000b9100000, 0x00000000b9100000|100%| O|  |TAMS 0x00000000b9100000| PB 0x00000000b9100000| Untracked |  0
| 873|0x00000000b9100000, 0x00000000b9200000, 0x00000000b9200000|100%| O|  |TAMS 0x00000000b9200000| PB 0x00000000b9200000| Untracked |  0
| 874|0x00000000b9200000, 0x00000000b9300000, 0x00000000b9300000|100%| O|  |TAMS 0x00000000b9300000| PB 0x00000000b9300000| Untracked |  0
| 875|0x00000000b9300000, 0x00000000b9400000, 0x00000000b9400000|100%| O|  |TAMS 0x00000000b9400000| PB 0x00000000b9400000| Untracked |  0
| 876|0x00000000b9400000, 0x00000000b9500000, 0x00000000b9500000|100%| O|  |TAMS 0x00000000b9500000| PB 0x00000000b9500000| Untracked |  0
| 877|0x00000000b9500000, 0x00000000b9600000, 0x00000000b9600000|100%| O|  |TAMS 0x00000000b9600000| PB 0x00000000b9600000| Untracked |  0
| 878|0x00000000b9600000, 0x00000000b9700000, 0x00000000b9700000|100%| O|  |TAMS 0x00000000b9700000| PB 0x00000000b9700000| Untracked |  0
| 879|0x00000000b9700000, 0x00000000b9800000, 0x00000000b9800000|100%| O|  |TAMS 0x00000000b9800000| PB 0x00000000b9800000| Untracked |  0
| 880|0x00000000b9800000, 0x00000000b9900000, 0x00000000b9900000|100%| O|  |TAMS 0x00000000b9900000| PB 0x00000000b9900000| Untracked |  0
| 881|0x00000000b9900000, 0x00000000b9a00000, 0x00000000b9a00000|100%| O|  |TAMS 0x00000000b9a00000| PB 0x00000000b9a00000| Untracked |  0
| 882|0x00000000b9a00000, 0x00000000b9b00000, 0x00000000b9b00000|100%| O|  |TAMS 0x00000000b9b00000| PB 0x00000000b9b00000| Untracked |  0
| 883|0x00000000b9b00000, 0x00000000b9c00000, 0x00000000b9c00000|100%| O|Cm|TAMS 0x00000000b9c00000| PB 0x00000000b9c00000| Updating |  0
| 884|0x00000000b9c00000, 0x00000000b9d00000, 0x00000000b9d00000|100%| O|  |TAMS 0x00000000b9c00000| PB 0x00000000b9c00000| Untracked |  0
| 885|0x00000000b9d00000, 0x00000000b9e00000, 0x00000000b9e00000|100%| O|  |TAMS 0x00000000b9d00000| PB 0x00000000b9d00000| Untracked |  0
| 886|0x00000000b9e00000, 0x00000000b9f00000, 0x00000000b9f00000|100%| O|  |TAMS 0x00000000b9e00000| PB 0x00000000b9e00000| Untracked |  0
| 887|0x00000000b9f00000, 0x00000000ba000000, 0x00000000ba000000|100%| O|  |TAMS 0x00000000b9f00000| PB 0x00000000b9f00000| Untracked |  0
| 888|0x00000000ba000000, 0x00000000ba100000, 0x00000000ba100000|100%| O|  |TAMS 0x00000000ba000000| PB 0x00000000ba000000| Untracked |  0
| 889|0x00000000ba100000, 0x00000000ba200000, 0x00000000ba200000|100%| O|  |TAMS 0x00000000ba100000| PB 0x00000000ba100000| Untracked |  0
| 890|0x00000000ba200000, 0x00000000ba300000, 0x00000000ba300000|100%| O|  |TAMS 0x00000000ba200000| PB 0x00000000ba200000| Untracked |  0
| 891|0x00000000ba300000, 0x00000000ba400000, 0x00000000ba400000|100%| O|  |TAMS 0x00000000ba300000| PB 0x00000000ba300000| Untracked |  0
| 892|0x00000000ba400000, 0x00000000ba500000, 0x00000000ba500000|100%| O|  |TAMS 0x00000000ba400000| PB 0x00000000ba400000| Untracked |  0
| 893|0x00000000ba500000, 0x00000000ba600000, 0x00000000ba600000|100%| O|  |TAMS 0x00000000ba500000| PB 0x00000000ba500000| Untracked |  0
| 894|0x00000000ba600000, 0x00000000ba700000, 0x00000000ba700000|100%| O|  |TAMS 0x00000000ba600000| PB 0x00000000ba600000| Untracked |  0
| 895|0x00000000ba700000, 0x00000000ba800000, 0x00000000ba800000|100%| O|  |TAMS 0x00000000ba700000| PB 0x00000000ba700000| Untracked |  0
| 896|0x00000000ba800000, 0x00000000ba900000, 0x00000000ba900000|100%| O|  |TAMS 0x00000000ba800000| PB 0x00000000ba800000| Untracked |  0
| 897|0x00000000ba900000, 0x00000000baa00000, 0x00000000baa00000|100%| O|  |TAMS 0x00000000ba900000| PB 0x00000000ba900000| Untracked |  0
| 898|0x00000000baa00000, 0x00000000bab00000, 0x00000000bab00000|100%| O|  |TAMS 0x00000000baa00000| PB 0x00000000baa00000| Untracked |  0
| 899|0x00000000bab00000, 0x00000000bac00000, 0x00000000bac00000|100%| O|  |TAMS 0x00000000bab00000| PB 0x00000000bab00000| Untracked |  0
| 900|0x00000000bac00000, 0x00000000bad00000, 0x00000000bad00000|100%| O|  |TAMS 0x00000000bac00000| PB 0x00000000bac00000| Untracked |  0
| 901|0x00000000bad00000, 0x00000000bae00000, 0x00000000bae00000|100%| O|  |TAMS 0x00000000bad00000| PB 0x00000000bad00000| Untracked |  0
| 902|0x00000000bae00000, 0x00000000baf00000, 0x00000000baf00000|100%| O|  |TAMS 0x00000000bae00000| PB 0x00000000bae00000| Untracked |  0
| 903|0x00000000baf00000, 0x00000000bb000000, 0x00000000bb000000|100%| O|  |TAMS 0x00000000baf00000| PB 0x00000000baf00000| Untracked |  0
| 904|0x00000000bb000000, 0x00000000bb100000, 0x00000000bb100000|100%| O|  |TAMS 0x00000000bb000000| PB 0x00000000bb000000| Untracked |  0
| 905|0x00000000bb100000, 0x00000000bb200000, 0x00000000bb200000|100%| O|  |TAMS 0x00000000bb100000| PB 0x00000000bb100000| Untracked |  0
| 906|0x00000000bb200000, 0x00000000bb300000, 0x00000000bb300000|100%| O|  |TAMS 0x00000000bb200000| PB 0x00000000bb200000| Untracked |  0
| 907|0x00000000bb300000, 0x00000000bb400000, 0x00000000bb400000|100%| O|  |TAMS 0x00000000bb300000| PB 0x00000000bb300000| Untracked |  0
| 908|0x00000000bb400000, 0x00000000bb500000, 0x00000000bb500000|100%| O|  |TAMS 0x00000000bb400000| PB 0x00000000bb400000| Untracked |  0
| 909|0x00000000bb500000, 0x00000000bb600000, 0x00000000bb600000|100%| O|  |TAMS 0x00000000bb500000| PB 0x00000000bb500000| Untracked |  0
| 910|0x00000000bb600000, 0x00000000bb700000, 0x00000000bb700000|100%|HS|  |TAMS 0x00000000bb600000| PB 0x00000000bb600000| Complete |  0
| 911|0x00000000bb700000, 0x00000000bb700000, 0x00000000bb800000|  0%| F|  |TAMS 0x00000000bb700000| PB 0x00000000bb700000| Untracked |  0
| 912|0x00000000bb800000, 0x00000000bb800000, 0x00000000bb900000|  0%| F|  |TAMS 0x00000000bb800000| PB 0x00000000bb800000| Untracked |  0
| 913|0x00000000bb900000, 0x00000000bba00000, 0x00000000bba00000|100%| O|  |TAMS 0x00000000bb900000| PB 0x00000000bb900000| Untracked |  0
| 914|0x00000000bba00000, 0x00000000bbb00000, 0x00000000bbb00000|100%| O|  |TAMS 0x00000000bba00000| PB 0x00000000bba00000| Untracked |  0
| 915|0x00000000bbb00000, 0x00000000bbb80000, 0x00000000bbc00000| 50%| O|  |TAMS 0x00000000bbb00000| PB 0x00000000bbb00000| Untracked |  0
| 916|0x00000000bbc00000, 0x00000000bbc00000, 0x00000000bbd00000|  0%| F|  |TAMS 0x00000000bbc00000| PB 0x00000000bbc00000| Untracked |  0
| 917|0x00000000bbd00000, 0x00000000bbd00000, 0x00000000bbe00000|  0%| F|  |TAMS 0x00000000bbd00000| PB 0x00000000bbd00000| Untracked |  0
| 918|0x00000000bbe00000, 0x00000000bbe00000, 0x00000000bbf00000|  0%| F|  |TAMS 0x00000000bbe00000| PB 0x00000000bbe00000| Untracked |  0
| 919|0x00000000bbf00000, 0x00000000bbf00000, 0x00000000bc000000|  0%| F|  |TAMS 0x00000000bbf00000| PB 0x00000000bbf00000| Untracked |  0
| 920|0x00000000bc000000, 0x00000000bc000000, 0x00000000bc100000|  0%| F|  |TAMS 0x00000000bc000000| PB 0x00000000bc000000| Untracked |  0
| 921|0x00000000bc100000, 0x00000000bc100000, 0x00000000bc200000|  0%| F|  |TAMS 0x00000000bc100000| PB 0x00000000bc100000| Untracked |  0
| 922|0x00000000bc200000, 0x00000000bc200000, 0x00000000bc300000|  0%| F|  |TAMS 0x00000000bc200000| PB 0x00000000bc200000| Untracked |  0
| 923|0x00000000bc300000, 0x00000000bc300000, 0x00000000bc400000|  0%| F|  |TAMS 0x00000000bc300000| PB 0x00000000bc300000| Untracked |  0
| 924|0x00000000bc400000, 0x00000000bc400000, 0x00000000bc500000|  0%| F|  |TAMS 0x00000000bc400000| PB 0x00000000bc400000| Untracked |  0
| 925|0x00000000bc500000, 0x00000000bc500000, 0x00000000bc600000|  0%| F|  |TAMS 0x00000000bc500000| PB 0x00000000bc500000| Untracked |  0
| 926|0x00000000bc600000, 0x00000000bc600000, 0x00000000bc700000|  0%| F|  |TAMS 0x00000000bc600000| PB 0x00000000bc600000| Untracked |  0
| 927|0x00000000bc700000, 0x00000000bc700000, 0x00000000bc800000|  0%| F|  |TAMS 0x00000000bc700000| PB 0x00000000bc700000| Untracked |  0
| 928|0x00000000bc800000, 0x00000000bc800000, 0x00000000bc900000|  0%| F|  |TAMS 0x00000000bc800000| PB 0x00000000bc800000| Untracked |  0
| 929|0x00000000bc900000, 0x00000000bc900000, 0x00000000bca00000|  0%| F|  |TAMS 0x00000000bc900000| PB 0x00000000bc900000| Untracked |  0
| 930|0x00000000bca00000, 0x00000000bca00000, 0x00000000bcb00000|  0%| F|  |TAMS 0x00000000bca00000| PB 0x00000000bca00000| Untracked |  0
| 931|0x00000000bcb00000, 0x00000000bcb00000, 0x00000000bcc00000|  0%| F|  |TAMS 0x00000000bcb00000| PB 0x00000000bcb00000| Untracked |  0
| 932|0x00000000bcc00000, 0x00000000bcc00000, 0x00000000bcd00000|  0%| F|  |TAMS 0x00000000bcc00000| PB 0x00000000bcc00000| Untracked |  0
| 933|0x00000000bcd00000, 0x00000000bcd00000, 0x00000000bce00000|  0%| F|  |TAMS 0x00000000bcd00000| PB 0x00000000bcd00000| Untracked |  0
| 934|0x00000000bce00000, 0x00000000bce00000, 0x00000000bcf00000|  0%| F|  |TAMS 0x00000000bce00000| PB 0x00000000bce00000| Untracked |  0
| 935|0x00000000bcf00000, 0x00000000bcf00000, 0x00000000bd000000|  0%| F|  |TAMS 0x00000000bcf00000| PB 0x00000000bcf00000| Untracked |  0
| 936|0x00000000bd000000, 0x00000000bd000000, 0x00000000bd100000|  0%| F|  |TAMS 0x00000000bd000000| PB 0x00000000bd000000| Untracked |  0
| 937|0x00000000bd100000, 0x00000000bd100000, 0x00000000bd200000|  0%| F|  |TAMS 0x00000000bd100000| PB 0x00000000bd100000| Untracked |  0
| 938|0x00000000bd200000, 0x00000000bd200000, 0x00000000bd300000|  0%| F|  |TAMS 0x00000000bd200000| PB 0x00000000bd200000| Untracked |  0
| 939|0x00000000bd300000, 0x00000000bd300000, 0x00000000bd400000|  0%| F|  |TAMS 0x00000000bd300000| PB 0x00000000bd300000| Untracked |  0
| 940|0x00000000bd400000, 0x00000000bd400000, 0x00000000bd500000|  0%| F|  |TAMS 0x00000000bd400000| PB 0x00000000bd400000| Untracked |  0
| 941|0x00000000bd500000, 0x00000000bd500000, 0x00000000bd600000|  0%| F|  |TAMS 0x00000000bd500000| PB 0x00000000bd500000| Untracked |  0
| 942|0x00000000bd600000, 0x00000000bd600000, 0x00000000bd700000|  0%| F|  |TAMS 0x00000000bd600000| PB 0x00000000bd600000| Untracked |  0
| 943|0x00000000bd700000, 0x00000000bd700000, 0x00000000bd800000|  0%| F|  |TAMS 0x00000000bd700000| PB 0x00000000bd700000| Untracked |  0
| 944|0x00000000bd800000, 0x00000000bd800000, 0x00000000bd900000|  0%| F|  |TAMS 0x00000000bd800000| PB 0x00000000bd800000| Untracked |  0
| 945|0x00000000bd900000, 0x00000000bd900000, 0x00000000bda00000|  0%| F|  |TAMS 0x00000000bd900000| PB 0x00000000bd900000| Untracked |  0
| 946|0x00000000bda00000, 0x00000000bda00000, 0x00000000bdb00000|  0%| F|  |TAMS 0x00000000bda00000| PB 0x00000000bda00000| Untracked |  0
| 947|0x00000000bdb00000, 0x00000000bdb00000, 0x00000000bdc00000|  0%| F|  |TAMS 0x00000000bdb00000| PB 0x00000000bdb00000| Untracked |  0
| 948|0x00000000bdc00000, 0x00000000bdc00000, 0x00000000bdd00000|  0%| F|  |TAMS 0x00000000bdc00000| PB 0x00000000bdc00000| Untracked |  0
| 949|0x00000000bdd00000, 0x00000000bdd00000, 0x00000000bde00000|  0%| F|  |TAMS 0x00000000bdd00000| PB 0x00000000bdd00000| Untracked |  0
| 950|0x00000000bde00000, 0x00000000bde00000, 0x00000000bdf00000|  0%| F|  |TAMS 0x00000000bde00000| PB 0x00000000bde00000| Untracked |  0
| 951|0x00000000bdf00000, 0x00000000bdf00000, 0x00000000be000000|  0%| F|  |TAMS 0x00000000bdf00000| PB 0x00000000bdf00000| Untracked |  0
| 952|0x00000000be000000, 0x00000000be000000, 0x00000000be100000|  0%| F|  |TAMS 0x00000000be000000| PB 0x00000000be000000| Untracked |  0
| 953|0x00000000be100000, 0x00000000be100000, 0x00000000be200000|  0%| F|  |TAMS 0x00000000be100000| PB 0x00000000be100000| Untracked |  0
| 954|0x00000000be200000, 0x00000000be200000, 0x00000000be300000|  0%| F|  |TAMS 0x00000000be200000| PB 0x00000000be200000| Untracked |  0
| 955|0x00000000be300000, 0x00000000be300000, 0x00000000be400000|  0%| F|  |TAMS 0x00000000be300000| PB 0x00000000be300000| Untracked |  0
| 956|0x00000000be400000, 0x00000000be400000, 0x00000000be500000|  0%| F|  |TAMS 0x00000000be400000| PB 0x00000000be400000| Untracked |  0
| 957|0x00000000be500000, 0x00000000be500000, 0x00000000be600000|  0%| F|  |TAMS 0x00000000be500000| PB 0x00000000be500000| Untracked |  0
| 958|0x00000000be600000, 0x00000000be600000, 0x00000000be700000|  0%| F|  |TAMS 0x00000000be600000| PB 0x00000000be600000| Untracked |  0
| 959|0x00000000be700000, 0x00000000be700000, 0x00000000be800000|  0%| F|  |TAMS 0x00000000be700000| PB 0x00000000be700000| Untracked |  0
| 960|0x00000000be800000, 0x00000000be800000, 0x00000000be900000|  0%| F|  |TAMS 0x00000000be800000| PB 0x00000000be800000| Untracked |  0
| 961|0x00000000be900000, 0x00000000be900000, 0x00000000bea00000|  0%| F|  |TAMS 0x00000000be900000| PB 0x00000000be900000| Untracked |  0
| 962|0x00000000bea00000, 0x00000000bea00000, 0x00000000beb00000|  0%| F|  |TAMS 0x00000000bea00000| PB 0x00000000bea00000| Untracked |  0
| 963|0x00000000beb00000, 0x00000000beb00000, 0x00000000bec00000|  0%| F|  |TAMS 0x00000000beb00000| PB 0x00000000beb00000| Untracked |  0
| 964|0x00000000bec00000, 0x00000000bec00000, 0x00000000bed00000|  0%| F|  |TAMS 0x00000000bec00000| PB 0x00000000bec00000| Untracked |  0
| 965|0x00000000bed00000, 0x00000000bed00000, 0x00000000bee00000|  0%| F|  |TAMS 0x00000000bed00000| PB 0x00000000bed00000| Untracked |  0
| 966|0x00000000bee00000, 0x00000000bee00000, 0x00000000bef00000|  0%| F|  |TAMS 0x00000000bee00000| PB 0x00000000bee00000| Untracked |  0
| 967|0x00000000bef00000, 0x00000000bef00000, 0x00000000bf000000|  0%| F|  |TAMS 0x00000000bef00000| PB 0x00000000bef00000| Untracked |  0
| 968|0x00000000bf000000, 0x00000000bf000000, 0x00000000bf100000|  0%| F|  |TAMS 0x00000000bf000000| PB 0x00000000bf000000| Untracked |  0
| 969|0x00000000bf100000, 0x00000000bf100000, 0x00000000bf200000|  0%| F|  |TAMS 0x00000000bf100000| PB 0x00000000bf100000| Untracked |  0
| 970|0x00000000bf200000, 0x00000000bf200000, 0x00000000bf300000|  0%| F|  |TAMS 0x00000000bf200000| PB 0x00000000bf200000| Untracked |  0
| 971|0x00000000bf300000, 0x00000000bf300000, 0x00000000bf400000|  0%| F|  |TAMS 0x00000000bf300000| PB 0x00000000bf300000| Untracked |  0
| 972|0x00000000bf400000, 0x00000000bf400000, 0x00000000bf500000|  0%| F|  |TAMS 0x00000000bf400000| PB 0x00000000bf400000| Untracked |  0
| 973|0x00000000bf500000, 0x00000000bf500000, 0x00000000bf600000|  0%| F|  |TAMS 0x00000000bf500000| PB 0x00000000bf500000| Untracked |  0
| 974|0x00000000bf600000, 0x00000000bf600000, 0x00000000bf700000|  0%| F|  |TAMS 0x00000000bf600000| PB 0x00000000bf600000| Untracked |  0
| 975|0x00000000bf700000, 0x00000000bf700000, 0x00000000bf800000|  0%| F|  |TAMS 0x00000000bf700000| PB 0x00000000bf700000| Untracked |  0
| 976|0x00000000bf800000, 0x00000000bf800000, 0x00000000bf900000|  0%| F|  |TAMS 0x00000000bf800000| PB 0x00000000bf800000| Untracked |  0
| 977|0x00000000bf900000, 0x00000000bf900000, 0x00000000bfa00000|  0%| F|  |TAMS 0x00000000bf900000| PB 0x00000000bf900000| Untracked |  0
| 978|0x00000000bfa00000, 0x00000000bfa00000, 0x00000000bfb00000|  0%| F|  |TAMS 0x00000000bfa00000| PB 0x00000000bfa00000| Untracked |  0
| 979|0x00000000bfb00000, 0x00000000bfb00000, 0x00000000bfc00000|  0%| F|  |TAMS 0x00000000bfb00000| PB 0x00000000bfb00000| Untracked |  0
| 980|0x00000000bfc00000, 0x00000000bfc00000, 0x00000000bfd00000|  0%| F|  |TAMS 0x00000000bfc00000| PB 0x00000000bfc00000| Untracked |  0
| 981|0x00000000bfd00000, 0x00000000bfd00000, 0x00000000bfe00000|  0%| F|  |TAMS 0x00000000bfd00000| PB 0x00000000bfd00000| Untracked |  0
| 982|0x00000000bfe00000, 0x00000000bfe00000, 0x00000000bff00000|  0%| F|  |TAMS 0x00000000bfe00000| PB 0x00000000bfe00000| Untracked |  0
| 983|0x00000000bff00000, 0x00000000bff00000, 0x00000000c0000000|  0%| F|  |TAMS 0x00000000bff00000| PB 0x00000000bff00000| Untracked |  0
| 984|0x00000000c0000000, 0x00000000c0000000, 0x00000000c0100000|  0%| F|  |TAMS 0x00000000c0000000| PB 0x00000000c0000000| Untracked |  0
| 985|0x00000000c0100000, 0x00000000c0100000, 0x00000000c0200000|  0%| F|  |TAMS 0x00000000c0100000| PB 0x00000000c0100000| Untracked |  0
| 986|0x00000000c0200000, 0x00000000c0200000, 0x00000000c0300000|  0%| F|  |TAMS 0x00000000c0200000| PB 0x00000000c0200000| Untracked |  0
| 987|0x00000000c0300000, 0x00000000c0300000, 0x00000000c0400000|  0%| F|  |TAMS 0x00000000c0300000| PB 0x00000000c0300000| Untracked |  0
| 988|0x00000000c0400000, 0x00000000c0400000, 0x00000000c0500000|  0%| F|  |TAMS 0x00000000c0400000| PB 0x00000000c0400000| Untracked |  0
| 989|0x00000000c0500000, 0x00000000c0500000, 0x00000000c0600000|  0%| F|  |TAMS 0x00000000c0500000| PB 0x00000000c0500000| Untracked |  0
| 990|0x00000000c0600000, 0x00000000c0600000, 0x00000000c0700000|  0%| F|  |TAMS 0x00000000c0600000| PB 0x00000000c0600000| Untracked |  0
| 991|0x00000000c0700000, 0x00000000c0700000, 0x00000000c0800000|  0%| F|  |TAMS 0x00000000c0700000| PB 0x00000000c0700000| Untracked |  0
| 992|0x00000000c0800000, 0x00000000c0800000, 0x00000000c0900000|  0%| F|  |TAMS 0x00000000c0800000| PB 0x00000000c0800000| Untracked |  0
| 993|0x00000000c0900000, 0x00000000c0900000, 0x00000000c0a00000|  0%| F|  |TAMS 0x00000000c0900000| PB 0x00000000c0900000| Untracked |  0
| 994|0x00000000c0a00000, 0x00000000c0a00000, 0x00000000c0b00000|  0%| F|  |TAMS 0x00000000c0a00000| PB 0x00000000c0a00000| Untracked |  0
| 995|0x00000000c0b00000, 0x00000000c0b00000, 0x00000000c0c00000|  0%| F|  |TAMS 0x00000000c0b00000| PB 0x00000000c0b00000| Untracked |  0
| 996|0x00000000c0c00000, 0x00000000c0c00000, 0x00000000c0d00000|  0%| F|  |TAMS 0x00000000c0c00000| PB 0x00000000c0c00000| Untracked |  0
| 997|0x00000000c0d00000, 0x00000000c0d00000, 0x00000000c0e00000|  0%| F|  |TAMS 0x00000000c0d00000| PB 0x00000000c0d00000| Untracked |  0
| 998|0x00000000c0e00000, 0x00000000c0e00000, 0x00000000c0f00000|  0%| F|  |TAMS 0x00000000c0e00000| PB 0x00000000c0e00000| Untracked |  0
| 999|0x00000000c0f00000, 0x00000000c0f00000, 0x00000000c1000000|  0%| F|  |TAMS 0x00000000c0f00000| PB 0x00000000c0f00000| Untracked |  0
|1000|0x00000000c1000000, 0x00000000c1000000, 0x00000000c1100000|  0%| F|  |TAMS 0x00000000c1000000| PB 0x00000000c1000000| Untracked |  0
|1001|0x00000000c1100000, 0x00000000c1100000, 0x00000000c1200000|  0%| F|  |TAMS 0x00000000c1100000| PB 0x00000000c1100000| Untracked |  0
|1002|0x00000000c1200000, 0x00000000c1200000, 0x00000000c1300000|  0%| F|  |TAMS 0x00000000c1200000| PB 0x00000000c1200000| Untracked |  0
|1003|0x00000000c1300000, 0x00000000c1300000, 0x00000000c1400000|  0%| F|  |TAMS 0x00000000c1300000| PB 0x00000000c1300000| Untracked |  0
|1004|0x00000000c1400000, 0x00000000c1400000, 0x00000000c1500000|  0%| F|  |TAMS 0x00000000c1400000| PB 0x00000000c1400000| Untracked |  0
|1005|0x00000000c1500000, 0x00000000c1500000, 0x00000000c1600000|  0%| F|  |TAMS 0x00000000c1500000| PB 0x00000000c1500000| Untracked |  0
|1006|0x00000000c1600000, 0x00000000c1600000, 0x00000000c1700000|  0%| F|  |TAMS 0x00000000c1600000| PB 0x00000000c1600000| Untracked |  0
|1007|0x00000000c1700000, 0x00000000c1700000, 0x00000000c1800000|  0%| F|  |TAMS 0x00000000c1700000| PB 0x00000000c1700000| Untracked |  0
|1008|0x00000000c1800000, 0x00000000c1800000, 0x00000000c1900000|  0%| F|  |TAMS 0x00000000c1800000| PB 0x00000000c1800000| Untracked |  0
|1009|0x00000000c1900000, 0x00000000c1900000, 0x00000000c1a00000|  0%| F|  |TAMS 0x00000000c1900000| PB 0x00000000c1900000| Untracked |  0
|1010|0x00000000c1a00000, 0x00000000c1a00000, 0x00000000c1b00000|  0%| F|  |TAMS 0x00000000c1a00000| PB 0x00000000c1a00000| Untracked |  0
|1011|0x00000000c1b00000, 0x00000000c1b00000, 0x00000000c1c00000|  0%| F|  |TAMS 0x00000000c1b00000| PB 0x00000000c1b00000| Untracked |  0
|1012|0x00000000c1c00000, 0x00000000c1c00000, 0x00000000c1d00000|  0%| F|  |TAMS 0x00000000c1c00000| PB 0x00000000c1c00000| Untracked |  0
|1013|0x00000000c1d00000, 0x00000000c1d00000, 0x00000000c1e00000|  0%| F|  |TAMS 0x00000000c1d00000| PB 0x00000000c1d00000| Untracked |  0
|1014|0x00000000c1e00000, 0x00000000c1e00000, 0x00000000c1f00000|  0%| F|  |TAMS 0x00000000c1e00000| PB 0x00000000c1e00000| Untracked |  0
|1015|0x00000000c1f00000, 0x00000000c1f00000, 0x00000000c2000000|  0%| F|  |TAMS 0x00000000c1f00000| PB 0x00000000c1f00000| Untracked |  0
|1016|0x00000000c2000000, 0x00000000c2000000, 0x00000000c2100000|  0%| F|  |TAMS 0x00000000c2000000| PB 0x00000000c2000000| Untracked |  0
|1017|0x00000000c2100000, 0x00000000c2100000, 0x00000000c2200000|  0%| F|  |TAMS 0x00000000c2100000| PB 0x00000000c2100000| Untracked |  0
|1018|0x00000000c2200000, 0x00000000c2200000, 0x00000000c2300000|  0%| F|  |TAMS 0x00000000c2200000| PB 0x00000000c2200000| Untracked |  0
|1019|0x00000000c2300000, 0x00000000c2300000, 0x00000000c2400000|  0%| F|  |TAMS 0x00000000c2300000| PB 0x00000000c2300000| Untracked |  0
|1020|0x00000000c2400000, 0x00000000c2400000, 0x00000000c2500000|  0%| F|  |TAMS 0x00000000c2400000| PB 0x00000000c2400000| Untracked |  0
|1021|0x00000000c2500000, 0x00000000c2500000, 0x00000000c2600000|  0%| F|  |TAMS 0x00000000c2500000| PB 0x00000000c2500000| Untracked |  0
|1022|0x00000000c2600000, 0x00000000c2600000, 0x00000000c2700000|  0%| F|  |TAMS 0x00000000c2600000| PB 0x00000000c2600000| Untracked |  0
|1023|0x00000000c2700000, 0x00000000c2700000, 0x00000000c2800000|  0%| F|  |TAMS 0x00000000c2700000| PB 0x00000000c2700000| Untracked |  0
|1024|0x00000000c2800000, 0x00000000c2800000, 0x00000000c2900000|  0%| F|  |TAMS 0x00000000c2800000| PB 0x00000000c2800000| Untracked |  0
|1025|0x00000000c2900000, 0x00000000c2900000, 0x00000000c2a00000|  0%| F|  |TAMS 0x00000000c2900000| PB 0x00000000c2900000| Untracked |  0
|1026|0x00000000c2a00000, 0x00000000c2a00000, 0x00000000c2b00000|  0%| F|  |TAMS 0x00000000c2a00000| PB 0x00000000c2a00000| Untracked |  0
|1027|0x00000000c2b00000, 0x00000000c2b00000, 0x00000000c2c00000|  0%| F|  |TAMS 0x00000000c2b00000| PB 0x00000000c2b00000| Untracked |  0
|1028|0x00000000c2c00000, 0x00000000c2c00000, 0x00000000c2d00000|  0%| F|  |TAMS 0x00000000c2c00000| PB 0x00000000c2c00000| Untracked |  0
|1029|0x00000000c2d00000, 0x00000000c2d00000, 0x00000000c2e00000|  0%| F|  |TAMS 0x00000000c2d00000| PB 0x00000000c2d00000| Untracked |  0
|1030|0x00000000c2e00000, 0x00000000c2e00000, 0x00000000c2f00000|  0%| F|  |TAMS 0x00000000c2e00000| PB 0x00000000c2e00000| Untracked |  0
|1031|0x00000000c2f00000, 0x00000000c2f00000, 0x00000000c3000000|  0%| F|  |TAMS 0x00000000c2f00000| PB 0x00000000c2f00000| Untracked |  0
|1032|0x00000000c3000000, 0x00000000c3000000, 0x00000000c3100000|  0%| F|  |TAMS 0x00000000c3000000| PB 0x00000000c3000000| Untracked |  0
|1033|0x00000000c3100000, 0x00000000c3100000, 0x00000000c3200000|  0%| F|  |TAMS 0x00000000c3100000| PB 0x00000000c3100000| Untracked |  0
|1034|0x00000000c3200000, 0x00000000c3200000, 0x00000000c3300000|  0%| F|  |TAMS 0x00000000c3200000| PB 0x00000000c3200000| Untracked |  0
|1035|0x00000000c3300000, 0x00000000c3300000, 0x00000000c3400000|  0%| F|  |TAMS 0x00000000c3300000| PB 0x00000000c3300000| Untracked |  0
|1036|0x00000000c3400000, 0x00000000c3400000, 0x00000000c3500000|  0%| F|  |TAMS 0x00000000c3400000| PB 0x00000000c3400000| Untracked |  0
|1037|0x00000000c3500000, 0x00000000c3500000, 0x00000000c3600000|  0%| F|  |TAMS 0x00000000c3500000| PB 0x00000000c3500000| Untracked |  0
|1038|0x00000000c3600000, 0x00000000c3600000, 0x00000000c3700000|  0%| F|  |TAMS 0x00000000c3600000| PB 0x00000000c3600000| Untracked |  0
|1039|0x00000000c3700000, 0x00000000c3700000, 0x00000000c3800000|  0%| F|  |TAMS 0x00000000c3700000| PB 0x00000000c3700000| Untracked |  0
|1040|0x00000000c3800000, 0x00000000c3800000, 0x00000000c3900000|  0%| F|  |TAMS 0x00000000c3800000| PB 0x00000000c3800000| Untracked |  0
|1041|0x00000000c3900000, 0x00000000c3900000, 0x00000000c3a00000|  0%| F|  |TAMS 0x00000000c3900000| PB 0x00000000c3900000| Untracked |  0
|1042|0x00000000c3a00000, 0x00000000c3a00000, 0x00000000c3b00000|  0%| F|  |TAMS 0x00000000c3a00000| PB 0x00000000c3a00000| Untracked |  0
|1043|0x00000000c3b00000, 0x00000000c3b00000, 0x00000000c3c00000|  0%| F|  |TAMS 0x00000000c3b00000| PB 0x00000000c3b00000| Untracked |  0
|1044|0x00000000c3c00000, 0x00000000c3c00000, 0x00000000c3d00000|  0%| F|  |TAMS 0x00000000c3c00000| PB 0x00000000c3c00000| Untracked |  0
|1045|0x00000000c3d00000, 0x00000000c3d00000, 0x00000000c3e00000|  0%| F|  |TAMS 0x00000000c3d00000| PB 0x00000000c3d00000| Untracked |  0
|1046|0x00000000c3e00000, 0x00000000c3e00000, 0x00000000c3f00000|  0%| F|  |TAMS 0x00000000c3e00000| PB 0x00000000c3e00000| Untracked |  0
|1047|0x00000000c3f00000, 0x00000000c3f00000, 0x00000000c4000000|  0%| F|  |TAMS 0x00000000c3f00000| PB 0x00000000c3f00000| Untracked |  0
|1048|0x00000000c4000000, 0x00000000c4000000, 0x00000000c4100000|  0%| F|  |TAMS 0x00000000c4000000| PB 0x00000000c4000000| Untracked |  0
|1049|0x00000000c4100000, 0x00000000c4100000, 0x00000000c4200000|  0%| F|  |TAMS 0x00000000c4100000| PB 0x00000000c4100000| Untracked |  0
|1050|0x00000000c4200000, 0x00000000c4200000, 0x00000000c4300000|  0%| F|  |TAMS 0x00000000c4200000| PB 0x00000000c4200000| Untracked |  0
|1051|0x00000000c4300000, 0x00000000c4300000, 0x00000000c4400000|  0%| F|  |TAMS 0x00000000c4300000| PB 0x00000000c4300000| Untracked |  0
|1052|0x00000000c4400000, 0x00000000c4400000, 0x00000000c4500000|  0%| F|  |TAMS 0x00000000c4400000| PB 0x00000000c4400000| Untracked |  0
|1053|0x00000000c4500000, 0x00000000c4500000, 0x00000000c4600000|  0%| F|  |TAMS 0x00000000c4500000| PB 0x00000000c4500000| Untracked |  0
|1054|0x00000000c4600000, 0x00000000c4600000, 0x00000000c4700000|  0%| F|  |TAMS 0x00000000c4600000| PB 0x00000000c4600000| Untracked |  0
|1055|0x00000000c4700000, 0x00000000c4700000, 0x00000000c4800000|  0%| F|  |TAMS 0x00000000c4700000| PB 0x00000000c4700000| Untracked |  0
|1056|0x00000000c4800000, 0x00000000c4800000, 0x00000000c4900000|  0%| F|  |TAMS 0x00000000c4800000| PB 0x00000000c4800000| Untracked |  0
|1057|0x00000000c4900000, 0x00000000c4900000, 0x00000000c4a00000|  0%| F|  |TAMS 0x00000000c4900000| PB 0x00000000c4900000| Untracked |  0
|1058|0x00000000c4a00000, 0x00000000c4a00000, 0x00000000c4b00000|  0%| F|  |TAMS 0x00000000c4a00000| PB 0x00000000c4a00000| Untracked |  0
|1059|0x00000000c4b00000, 0x00000000c4b00000, 0x00000000c4c00000|  0%| F|  |TAMS 0x00000000c4b00000| PB 0x00000000c4b00000| Untracked |  0
|1060|0x00000000c4c00000, 0x00000000c4c00000, 0x00000000c4d00000|  0%| F|  |TAMS 0x00000000c4c00000| PB 0x00000000c4c00000| Untracked |  0
|1061|0x00000000c4d00000, 0x00000000c4d00000, 0x00000000c4e00000|  0%| F|  |TAMS 0x00000000c4d00000| PB 0x00000000c4d00000| Untracked |  0
|1062|0x00000000c4e00000, 0x00000000c4e00000, 0x00000000c4f00000|  0%| F|  |TAMS 0x00000000c4e00000| PB 0x00000000c4e00000| Untracked |  0
|1063|0x00000000c4f00000, 0x00000000c4f00000, 0x00000000c5000000|  0%| F|  |TAMS 0x00000000c4f00000| PB 0x00000000c4f00000| Untracked |  0
|1064|0x00000000c5000000, 0x00000000c5000000, 0x00000000c5100000|  0%| F|  |TAMS 0x00000000c5000000| PB 0x00000000c5000000| Untracked |  0
|1065|0x00000000c5100000, 0x00000000c5100000, 0x00000000c5200000|  0%| F|  |TAMS 0x00000000c5100000| PB 0x00000000c5100000| Untracked |  0
|1066|0x00000000c5200000, 0x00000000c5200000, 0x00000000c5300000|  0%| F|  |TAMS 0x00000000c5200000| PB 0x00000000c5200000| Untracked |  0
|1067|0x00000000c5300000, 0x00000000c5300000, 0x00000000c5400000|  0%| F|  |TAMS 0x00000000c5300000| PB 0x00000000c5300000| Untracked |  0
|1068|0x00000000c5400000, 0x00000000c5400000, 0x00000000c5500000|  0%| F|  |TAMS 0x00000000c5400000| PB 0x00000000c5400000| Untracked |  0
|1069|0x00000000c5500000, 0x00000000c5500000, 0x00000000c5600000|  0%| F|  |TAMS 0x00000000c5500000| PB 0x00000000c5500000| Untracked |  0
|1070|0x00000000c5600000, 0x00000000c5600000, 0x00000000c5700000|  0%| F|  |TAMS 0x00000000c5600000| PB 0x00000000c5600000| Untracked |  0
|1071|0x00000000c5700000, 0x00000000c5700000, 0x00000000c5800000|  0%| F|  |TAMS 0x00000000c5700000| PB 0x00000000c5700000| Untracked |  0
|1072|0x00000000c5800000, 0x00000000c5800000, 0x00000000c5900000|  0%| F|  |TAMS 0x00000000c5800000| PB 0x00000000c5800000| Untracked |  0
|1073|0x00000000c5900000, 0x00000000c5900000, 0x00000000c5a00000|  0%| F|  |TAMS 0x00000000c5900000| PB 0x00000000c5900000| Untracked |  0
|1074|0x00000000c5a00000, 0x00000000c5a00000, 0x00000000c5b00000|  0%| F|  |TAMS 0x00000000c5a00000| PB 0x00000000c5a00000| Untracked |  0
|1075|0x00000000c5b00000, 0x00000000c5b00000, 0x00000000c5c00000|  0%| F|  |TAMS 0x00000000c5b00000| PB 0x00000000c5b00000| Untracked |  0
|1076|0x00000000c5c00000, 0x00000000c5c00000, 0x00000000c5d00000|  0%| F|  |TAMS 0x00000000c5c00000| PB 0x00000000c5c00000| Untracked |  0
|1077|0x00000000c5d00000, 0x00000000c5d00000, 0x00000000c5e00000|  0%| F|  |TAMS 0x00000000c5d00000| PB 0x00000000c5d00000| Untracked |  0
|1078|0x00000000c5e00000, 0x00000000c5e00000, 0x00000000c5f00000|  0%| F|  |TAMS 0x00000000c5e00000| PB 0x00000000c5e00000| Untracked |  0
|1079|0x00000000c5f00000, 0x00000000c5f00000, 0x00000000c6000000|  0%| F|  |TAMS 0x00000000c5f00000| PB 0x00000000c5f00000| Untracked |  0
|1080|0x00000000c6000000, 0x00000000c6000000, 0x00000000c6100000|  0%| F|  |TAMS 0x00000000c6000000| PB 0x00000000c6000000| Untracked |  0
|1081|0x00000000c6100000, 0x00000000c6100000, 0x00000000c6200000|  0%| F|  |TAMS 0x00000000c6100000| PB 0x00000000c6100000| Untracked |  0
|1082|0x00000000c6200000, 0x00000000c6200000, 0x00000000c6300000|  0%| F|  |TAMS 0x00000000c6200000| PB 0x00000000c6200000| Untracked |  0
|1083|0x00000000c6300000, 0x00000000c6300000, 0x00000000c6400000|  0%| F|  |TAMS 0x00000000c6300000| PB 0x00000000c6300000| Untracked |  0
|1084|0x00000000c6400000, 0x00000000c6400000, 0x00000000c6500000|  0%| F|  |TAMS 0x00000000c6400000| PB 0x00000000c6400000| Untracked |  0
|1085|0x00000000c6500000, 0x00000000c6500000, 0x00000000c6600000|  0%| F|  |TAMS 0x00000000c6500000| PB 0x00000000c6500000| Untracked |  0
|1086|0x00000000c6600000, 0x00000000c6600000, 0x00000000c6700000|  0%| F|  |TAMS 0x00000000c6600000| PB 0x00000000c6600000| Untracked |  0
|1087|0x00000000c6700000, 0x00000000c6700000, 0x00000000c6800000|  0%| F|  |TAMS 0x00000000c6700000| PB 0x00000000c6700000| Untracked |  0
|1088|0x00000000c6800000, 0x00000000c6800000, 0x00000000c6900000|  0%| F|  |TAMS 0x00000000c6800000| PB 0x00000000c6800000| Untracked |  0
|1089|0x00000000c6900000, 0x00000000c6900000, 0x00000000c6a00000|  0%| F|  |TAMS 0x00000000c6900000| PB 0x00000000c6900000| Untracked |  0
|1090|0x00000000c6a00000, 0x00000000c6a00000, 0x00000000c6b00000|  0%| F|  |TAMS 0x00000000c6a00000| PB 0x00000000c6a00000| Untracked |  0
|1091|0x00000000c6b00000, 0x00000000c6b00000, 0x00000000c6c00000|  0%| F|  |TAMS 0x00000000c6b00000| PB 0x00000000c6b00000| Untracked |  0
|1092|0x00000000c6c00000, 0x00000000c6c00000, 0x00000000c6d00000|  0%| F|  |TAMS 0x00000000c6c00000| PB 0x00000000c6c00000| Untracked |  0
|1093|0x00000000c6d00000, 0x00000000c6d00000, 0x00000000c6e00000|  0%| F|  |TAMS 0x00000000c6d00000| PB 0x00000000c6d00000| Untracked |  0
|1094|0x00000000c6e00000, 0x00000000c6e00000, 0x00000000c6f00000|  0%| F|  |TAMS 0x00000000c6e00000| PB 0x00000000c6e00000| Untracked |  0
|1095|0x00000000c6f00000, 0x00000000c6f00000, 0x00000000c7000000|  0%| F|  |TAMS 0x00000000c6f00000| PB 0x00000000c6f00000| Untracked |  0
|1096|0x00000000c7000000, 0x00000000c7000000, 0x00000000c7100000|  0%| F|  |TAMS 0x00000000c7000000| PB 0x00000000c7000000| Untracked |  0
|1097|0x00000000c7100000, 0x00000000c7100000, 0x00000000c7200000|  0%| F|  |TAMS 0x00000000c7100000| PB 0x00000000c7100000| Untracked |  0
|1098|0x00000000c7200000, 0x00000000c7200000, 0x00000000c7300000|  0%| F|  |TAMS 0x00000000c7200000| PB 0x00000000c7200000| Untracked |  0
|1099|0x00000000c7300000, 0x00000000c7300000, 0x00000000c7400000|  0%| F|  |TAMS 0x00000000c7300000| PB 0x00000000c7300000| Untracked |  0
|1100|0x00000000c7400000, 0x00000000c7400000, 0x00000000c7500000|  0%| F|  |TAMS 0x00000000c7400000| PB 0x00000000c7400000| Untracked |  0
|1101|0x00000000c7500000, 0x00000000c7500000, 0x00000000c7600000|  0%| F|  |TAMS 0x00000000c7500000| PB 0x00000000c7500000| Untracked |  0
|1102|0x00000000c7600000, 0x00000000c7600000, 0x00000000c7700000|  0%| F|  |TAMS 0x00000000c7600000| PB 0x00000000c7600000| Untracked |  0
|1103|0x00000000c7700000, 0x00000000c7700000, 0x00000000c7800000|  0%| F|  |TAMS 0x00000000c7700000| PB 0x00000000c7700000| Untracked |  0
|1104|0x00000000c7800000, 0x00000000c7800000, 0x00000000c7900000|  0%| F|  |TAMS 0x00000000c7800000| PB 0x00000000c7800000| Untracked |  0
|1105|0x00000000c7900000, 0x00000000c7900000, 0x00000000c7a00000|  0%| F|  |TAMS 0x00000000c7900000| PB 0x00000000c7900000| Untracked |  0
|1106|0x00000000c7a00000, 0x00000000c7a00000, 0x00000000c7b00000|  0%| F|  |TAMS 0x00000000c7a00000| PB 0x00000000c7a00000| Untracked |  0
|1107|0x00000000c7b00000, 0x00000000c7b00000, 0x00000000c7c00000|  0%| F|  |TAMS 0x00000000c7b00000| PB 0x00000000c7b00000| Untracked |  0
|1108|0x00000000c7c00000, 0x00000000c7c00000, 0x00000000c7d00000|  0%| F|  |TAMS 0x00000000c7c00000| PB 0x00000000c7c00000| Untracked |  0
|1109|0x00000000c7d00000, 0x00000000c7d00000, 0x00000000c7e00000|  0%| F|  |TAMS 0x00000000c7d00000| PB 0x00000000c7d00000| Untracked |  0
|1110|0x00000000c7e00000, 0x00000000c7e00000, 0x00000000c7f00000|  0%| F|  |TAMS 0x00000000c7e00000| PB 0x00000000c7e00000| Untracked |  0
|1111|0x00000000c7f00000, 0x00000000c7f00000, 0x00000000c8000000|  0%| F|  |TAMS 0x00000000c7f00000| PB 0x00000000c7f00000| Untracked |  0
|1112|0x00000000c8000000, 0x00000000c8000000, 0x00000000c8100000|  0%| F|  |TAMS 0x00000000c8000000| PB 0x00000000c8000000| Untracked |  0
|1113|0x00000000c8100000, 0x00000000c8100000, 0x00000000c8200000|  0%| F|  |TAMS 0x00000000c8100000| PB 0x00000000c8100000| Untracked |  0
|1114|0x00000000c8200000, 0x00000000c8200000, 0x00000000c8300000|  0%| F|  |TAMS 0x00000000c8200000| PB 0x00000000c8200000| Untracked |  0
|1115|0x00000000c8300000, 0x00000000c8300000, 0x00000000c8400000|  0%| F|  |TAMS 0x00000000c8300000| PB 0x00000000c8300000| Untracked |  0
|1116|0x00000000c8400000, 0x00000000c8400000, 0x00000000c8500000|  0%| F|  |TAMS 0x00000000c8400000| PB 0x00000000c8400000| Untracked |  0
|1117|0x00000000c8500000, 0x00000000c8500000, 0x00000000c8600000|  0%| F|  |TAMS 0x00000000c8500000| PB 0x00000000c8500000| Untracked |  0
|1118|0x00000000c8600000, 0x00000000c8600000, 0x00000000c8700000|  0%| F|  |TAMS 0x00000000c8600000| PB 0x00000000c8600000| Untracked |  0
|1119|0x00000000c8700000, 0x00000000c8700000, 0x00000000c8800000|  0%| F|  |TAMS 0x00000000c8700000| PB 0x00000000c8700000| Untracked |  0
|1120|0x00000000c8800000, 0x00000000c8800000, 0x00000000c8900000|  0%| F|  |TAMS 0x00000000c8800000| PB 0x00000000c8800000| Untracked |  0
|1121|0x00000000c8900000, 0x00000000c8900000, 0x00000000c8a00000|  0%| F|  |TAMS 0x00000000c8900000| PB 0x00000000c8900000| Untracked |  0
|1122|0x00000000c8a00000, 0x00000000c8a00000, 0x00000000c8b00000|  0%| F|  |TAMS 0x00000000c8a00000| PB 0x00000000c8a00000| Untracked |  0
|1123|0x00000000c8b00000, 0x00000000c8b00000, 0x00000000c8c00000|  0%| F|  |TAMS 0x00000000c8b00000| PB 0x00000000c8b00000| Untracked |  0
|1124|0x00000000c8c00000, 0x00000000c8c00000, 0x00000000c8d00000|  0%| F|  |TAMS 0x00000000c8c00000| PB 0x00000000c8c00000| Untracked |  0
|1125|0x00000000c8d00000, 0x00000000c8d00000, 0x00000000c8e00000|  0%| F|  |TAMS 0x00000000c8d00000| PB 0x00000000c8d00000| Untracked |  0
|1126|0x00000000c8e00000, 0x00000000c8e00000, 0x00000000c8f00000|  0%| F|  |TAMS 0x00000000c8e00000| PB 0x00000000c8e00000| Untracked |  0
|1127|0x00000000c8f00000, 0x00000000c8f00000, 0x00000000c9000000|  0%| F|  |TAMS 0x00000000c8f00000| PB 0x00000000c8f00000| Untracked |  0
|1128|0x00000000c9000000, 0x00000000c9000000, 0x00000000c9100000|  0%| F|  |TAMS 0x00000000c9000000| PB 0x00000000c9000000| Untracked |  0
|1129|0x00000000c9100000, 0x00000000c9100000, 0x00000000c9200000|  0%| F|  |TAMS 0x00000000c9100000| PB 0x00000000c9100000| Untracked |  0
|1130|0x00000000c9200000, 0x00000000c9200000, 0x00000000c9300000|  0%| F|  |TAMS 0x00000000c9200000| PB 0x00000000c9200000| Untracked |  0
|1131|0x00000000c9300000, 0x00000000c9300000, 0x00000000c9400000|  0%| F|  |TAMS 0x00000000c9300000| PB 0x00000000c9300000| Untracked |  0
|1132|0x00000000c9400000, 0x00000000c9400000, 0x00000000c9500000|  0%| F|  |TAMS 0x00000000c9400000| PB 0x00000000c9400000| Untracked |  0
|1133|0x00000000c9500000, 0x00000000c9500000, 0x00000000c9600000|  0%| F|  |TAMS 0x00000000c9500000| PB 0x00000000c9500000| Untracked |  0
|1134|0x00000000c9600000, 0x00000000c9600000, 0x00000000c9700000|  0%| F|  |TAMS 0x00000000c9600000| PB 0x00000000c9600000| Untracked |  0
|1135|0x00000000c9700000, 0x00000000c9700000, 0x00000000c9800000|  0%| F|  |TAMS 0x00000000c9700000| PB 0x00000000c9700000| Untracked |  0
|1136|0x00000000c9800000, 0x00000000c9800000, 0x00000000c9900000|  0%| F|  |TAMS 0x00000000c9800000| PB 0x00000000c9800000| Untracked |  0
|1137|0x00000000c9900000, 0x00000000c9900000, 0x00000000c9a00000|  0%| F|  |TAMS 0x00000000c9900000| PB 0x00000000c9900000| Untracked |  0
|1138|0x00000000c9a00000, 0x00000000c9a00000, 0x00000000c9b00000|  0%| F|  |TAMS 0x00000000c9a00000| PB 0x00000000c9a00000| Untracked |  0
|1139|0x00000000c9b00000, 0x00000000c9b00000, 0x00000000c9c00000|  0%| F|  |TAMS 0x00000000c9b00000| PB 0x00000000c9b00000| Untracked |  0
|1140|0x00000000c9c00000, 0x00000000c9c00000, 0x00000000c9d00000|  0%| F|  |TAMS 0x00000000c9c00000| PB 0x00000000c9c00000| Untracked |  0
|1141|0x00000000c9d00000, 0x00000000c9d00000, 0x00000000c9e00000|  0%| F|  |TAMS 0x00000000c9d00000| PB 0x00000000c9d00000| Untracked |  0
|1142|0x00000000c9e00000, 0x00000000c9e00000, 0x00000000c9f00000|  0%| F|  |TAMS 0x00000000c9e00000| PB 0x00000000c9e00000| Untracked |  0
|1143|0x00000000c9f00000, 0x00000000c9f00000, 0x00000000ca000000|  0%| F|  |TAMS 0x00000000c9f00000| PB 0x00000000c9f00000| Untracked |  0
|1144|0x00000000ca000000, 0x00000000ca000000, 0x00000000ca100000|  0%| F|  |TAMS 0x00000000ca000000| PB 0x00000000ca000000| Untracked |  0
|1145|0x00000000ca100000, 0x00000000ca100000, 0x00000000ca200000|  0%| F|  |TAMS 0x00000000ca100000| PB 0x00000000ca100000| Untracked |  0
|1146|0x00000000ca200000, 0x00000000ca200000, 0x00000000ca300000|  0%| F|  |TAMS 0x00000000ca200000| PB 0x00000000ca200000| Untracked |  0
|1147|0x00000000ca300000, 0x00000000ca300000, 0x00000000ca400000|  0%| F|  |TAMS 0x00000000ca300000| PB 0x00000000ca300000| Untracked |  0
|1148|0x00000000ca400000, 0x00000000ca400000, 0x00000000ca500000|  0%| F|  |TAMS 0x00000000ca400000| PB 0x00000000ca400000| Untracked |  0
|1149|0x00000000ca500000, 0x00000000ca500000, 0x00000000ca600000|  0%| F|  |TAMS 0x00000000ca500000| PB 0x00000000ca500000| Untracked |  0
|1150|0x00000000ca600000, 0x00000000ca600000, 0x00000000ca700000|  0%| F|  |TAMS 0x00000000ca600000| PB 0x00000000ca600000| Untracked |  0
|1151|0x00000000ca700000, 0x00000000ca700000, 0x00000000ca800000|  0%| F|  |TAMS 0x00000000ca700000| PB 0x00000000ca700000| Untracked |  0
|1152|0x00000000ca800000, 0x00000000ca800000, 0x00000000ca900000|  0%| F|  |TAMS 0x00000000ca800000| PB 0x00000000ca800000| Untracked |  0
|1153|0x00000000ca900000, 0x00000000ca900000, 0x00000000caa00000|  0%| F|  |TAMS 0x00000000ca900000| PB 0x00000000ca900000| Untracked |  0
|1154|0x00000000caa00000, 0x00000000caa00000, 0x00000000cab00000|  0%| F|  |TAMS 0x00000000caa00000| PB 0x00000000caa00000| Untracked |  0
|1155|0x00000000cab00000, 0x00000000cab00000, 0x00000000cac00000|  0%| F|  |TAMS 0x00000000cab00000| PB 0x00000000cab00000| Untracked |  0
|1156|0x00000000cac00000, 0x00000000cac00000, 0x00000000cad00000|  0%| F|  |TAMS 0x00000000cac00000| PB 0x00000000cac00000| Untracked |  0
|1157|0x00000000cad00000, 0x00000000cad00000, 0x00000000cae00000|  0%| F|  |TAMS 0x00000000cad00000| PB 0x00000000cad00000| Untracked |  0
|1158|0x00000000cae00000, 0x00000000cae00000, 0x00000000caf00000|  0%| F|  |TAMS 0x00000000cae00000| PB 0x00000000cae00000| Untracked |  0
|1159|0x00000000caf00000, 0x00000000caf00000, 0x00000000cb000000|  0%| F|  |TAMS 0x00000000caf00000| PB 0x00000000caf00000| Untracked |  0
|1160|0x00000000cb000000, 0x00000000cb000000, 0x00000000cb100000|  0%| F|  |TAMS 0x00000000cb000000| PB 0x00000000cb000000| Untracked |  0
|1161|0x00000000cb100000, 0x00000000cb100000, 0x00000000cb200000|  0%| F|  |TAMS 0x00000000cb100000| PB 0x00000000cb100000| Untracked |  0
|1162|0x00000000cb200000, 0x00000000cb200000, 0x00000000cb300000|  0%| F|  |TAMS 0x00000000cb200000| PB 0x00000000cb200000| Untracked |  0
|1163|0x00000000cb300000, 0x00000000cb300000, 0x00000000cb400000|  0%| F|  |TAMS 0x00000000cb300000| PB 0x00000000cb300000| Untracked |  0
|1164|0x00000000cb400000, 0x00000000cb400000, 0x00000000cb500000|  0%| F|  |TAMS 0x00000000cb400000| PB 0x00000000cb400000| Untracked |  0
|1165|0x00000000cb500000, 0x00000000cb500000, 0x00000000cb600000|  0%| F|  |TAMS 0x00000000cb500000| PB 0x00000000cb500000| Untracked |  0
|1166|0x00000000cb600000, 0x00000000cb600000, 0x00000000cb700000|  0%| F|  |TAMS 0x00000000cb600000| PB 0x00000000cb600000| Untracked |  0
|1167|0x00000000cb700000, 0x00000000cb700000, 0x00000000cb800000|  0%| F|  |TAMS 0x00000000cb700000| PB 0x00000000cb700000| Untracked |  0
|1168|0x00000000cb800000, 0x00000000cb800000, 0x00000000cb900000|  0%| F|  |TAMS 0x00000000cb800000| PB 0x00000000cb800000| Untracked |  0
|1169|0x00000000cb900000, 0x00000000cb900000, 0x00000000cba00000|  0%| F|  |TAMS 0x00000000cb900000| PB 0x00000000cb900000| Untracked |  0
|1170|0x00000000cba00000, 0x00000000cba00000, 0x00000000cbb00000|  0%| F|  |TAMS 0x00000000cba00000| PB 0x00000000cba00000| Untracked |  0
|1171|0x00000000cbb00000, 0x00000000cbb00000, 0x00000000cbc00000|  0%| F|  |TAMS 0x00000000cbb00000| PB 0x00000000cbb00000| Untracked |  0
|1172|0x00000000cbc00000, 0x00000000cbc00000, 0x00000000cbd00000|  0%| F|  |TAMS 0x00000000cbc00000| PB 0x00000000cbc00000| Untracked |  0
|1173|0x00000000cbd00000, 0x00000000cbd00000, 0x00000000cbe00000|  0%| F|  |TAMS 0x00000000cbd00000| PB 0x00000000cbd00000| Untracked |  0
|1174|0x00000000cbe00000, 0x00000000cbe00000, 0x00000000cbf00000|  0%| F|  |TAMS 0x00000000cbe00000| PB 0x00000000cbe00000| Untracked |  0
|1175|0x00000000cbf00000, 0x00000000cbf00000, 0x00000000cc000000|  0%| F|  |TAMS 0x00000000cbf00000| PB 0x00000000cbf00000| Untracked |  0
|1176|0x00000000cc000000, 0x00000000cc000000, 0x00000000cc100000|  0%| F|  |TAMS 0x00000000cc000000| PB 0x00000000cc000000| Untracked |  0
|1177|0x00000000cc100000, 0x00000000cc100000, 0x00000000cc200000|  0%| F|  |TAMS 0x00000000cc100000| PB 0x00000000cc100000| Untracked |  0
|1178|0x00000000cc200000, 0x00000000cc200000, 0x00000000cc300000|  0%| F|  |TAMS 0x00000000cc200000| PB 0x00000000cc200000| Untracked |  0
|1179|0x00000000cc300000, 0x00000000cc300000, 0x00000000cc400000|  0%| F|  |TAMS 0x00000000cc300000| PB 0x00000000cc300000| Untracked |  0
|1180|0x00000000cc400000, 0x00000000cc400000, 0x00000000cc500000|  0%| F|  |TAMS 0x00000000cc400000| PB 0x00000000cc400000| Untracked |  0
|1181|0x00000000cc500000, 0x00000000cc500000, 0x00000000cc600000|  0%| F|  |TAMS 0x00000000cc500000| PB 0x00000000cc500000| Untracked |  0
|1182|0x00000000cc600000, 0x00000000cc600000, 0x00000000cc700000|  0%| F|  |TAMS 0x00000000cc600000| PB 0x00000000cc600000| Untracked |  0
|1183|0x00000000cc700000, 0x00000000cc700000, 0x00000000cc800000|  0%| F|  |TAMS 0x00000000cc700000| PB 0x00000000cc700000| Untracked |  0
|1184|0x00000000cc800000, 0x00000000cc800000, 0x00000000cc900000|  0%| F|  |TAMS 0x00000000cc800000| PB 0x00000000cc800000| Untracked |  0
|1185|0x00000000cc900000, 0x00000000cc900000, 0x00000000cca00000|  0%| F|  |TAMS 0x00000000cc900000| PB 0x00000000cc900000| Untracked |  0
|1186|0x00000000cca00000, 0x00000000cca00000, 0x00000000ccb00000|  0%| F|  |TAMS 0x00000000cca00000| PB 0x00000000cca00000| Untracked |  0
|1187|0x00000000ccb00000, 0x00000000ccb00000, 0x00000000ccc00000|  0%| F|  |TAMS 0x00000000ccb00000| PB 0x00000000ccb00000| Untracked |  0
|1188|0x00000000ccc00000, 0x00000000ccc00000, 0x00000000ccd00000|  0%| F|  |TAMS 0x00000000ccc00000| PB 0x00000000ccc00000| Untracked |  0
|1189|0x00000000ccd00000, 0x00000000ccd00000, 0x00000000cce00000|  0%| F|  |TAMS 0x00000000ccd00000| PB 0x00000000ccd00000| Untracked |  0
|1190|0x00000000cce00000, 0x00000000cce00000, 0x00000000ccf00000|  0%| F|  |TAMS 0x00000000cce00000| PB 0x00000000cce00000| Untracked |  0
|1191|0x00000000ccf00000, 0x00000000ccf00000, 0x00000000cd000000|  0%| F|  |TAMS 0x00000000ccf00000| PB 0x00000000ccf00000| Untracked |  0
|1192|0x00000000cd000000, 0x00000000cd000000, 0x00000000cd100000|  0%| F|  |TAMS 0x00000000cd000000| PB 0x00000000cd000000| Untracked |  0
|1193|0x00000000cd100000, 0x00000000cd100000, 0x00000000cd200000|  0%| F|  |TAMS 0x00000000cd100000| PB 0x00000000cd100000| Untracked |  0
|1194|0x00000000cd200000, 0x00000000cd200000, 0x00000000cd300000|  0%| F|  |TAMS 0x00000000cd200000| PB 0x00000000cd200000| Untracked |  0
|1195|0x00000000cd300000, 0x00000000cd300000, 0x00000000cd400000|  0%| F|  |TAMS 0x00000000cd300000| PB 0x00000000cd300000| Untracked |  0
|1196|0x00000000cd400000, 0x00000000cd400000, 0x00000000cd500000|  0%| F|  |TAMS 0x00000000cd400000| PB 0x00000000cd400000| Untracked |  0
|1197|0x00000000cd500000, 0x00000000cd500000, 0x00000000cd600000|  0%| F|  |TAMS 0x00000000cd500000| PB 0x00000000cd500000| Untracked |  0
|1198|0x00000000cd600000, 0x00000000cd600000, 0x00000000cd700000|  0%| F|  |TAMS 0x00000000cd600000| PB 0x00000000cd600000| Untracked |  0
|1199|0x00000000cd700000, 0x00000000cd700000, 0x00000000cd800000|  0%| F|  |TAMS 0x00000000cd700000| PB 0x00000000cd700000| Untracked |  0
|1200|0x00000000cd800000, 0x00000000cd800000, 0x00000000cd900000|  0%| F|  |TAMS 0x00000000cd800000| PB 0x00000000cd800000| Untracked |  0
|1201|0x00000000cd900000, 0x00000000cd900000, 0x00000000cda00000|  0%| F|  |TAMS 0x00000000cd900000| PB 0x00000000cd900000| Untracked |  0
|1202|0x00000000cda00000, 0x00000000cda00000, 0x00000000cdb00000|  0%| F|  |TAMS 0x00000000cda00000| PB 0x00000000cda00000| Untracked |  0
|1203|0x00000000cdb00000, 0x00000000cdb00000, 0x00000000cdc00000|  0%| F|  |TAMS 0x00000000cdb00000| PB 0x00000000cdb00000| Untracked |  0
|1204|0x00000000cdc00000, 0x00000000cdc00000, 0x00000000cdd00000|  0%| F|  |TAMS 0x00000000cdc00000| PB 0x00000000cdc00000| Untracked |  0
|1205|0x00000000cdd00000, 0x00000000cdd00000, 0x00000000cde00000|  0%| F|  |TAMS 0x00000000cdd00000| PB 0x00000000cdd00000| Untracked |  0
|1206|0x00000000cde00000, 0x00000000cdf00000, 0x00000000cdf00000|100%| S|CS|TAMS 0x00000000cde00000| PB 0x00000000cde00000| Complete |  0
|1207|0x00000000cdf00000, 0x00000000ce000000, 0x00000000ce000000|100%| S|CS|TAMS 0x00000000cdf00000| PB 0x00000000cdf00000| Complete |  0
|1208|0x00000000ce000000, 0x00000000ce100000, 0x00000000ce100000|100%| S|CS|TAMS 0x00000000ce000000| PB 0x00000000ce000000| Complete |  0
|1209|0x00000000ce100000, 0x00000000ce200000, 0x00000000ce200000|100%| S|CS|TAMS 0x00000000ce100000| PB 0x00000000ce100000| Complete |  0
|1210|0x00000000ce200000, 0x00000000ce300000, 0x00000000ce300000|100%| S|CS|TAMS 0x00000000ce200000| PB 0x00000000ce200000| Complete |  0
|1211|0x00000000ce300000, 0x00000000ce400000, 0x00000000ce400000|100%| S|CS|TAMS 0x00000000ce300000| PB 0x00000000ce300000| Complete |  0
|1212|0x00000000ce400000, 0x00000000ce500000, 0x00000000ce500000|100%| S|CS|TAMS 0x00000000ce400000| PB 0x00000000ce400000| Complete |  0
|1213|0x00000000ce500000, 0x00000000ce600000, 0x00000000ce600000|100%| S|CS|TAMS 0x00000000ce500000| PB 0x00000000ce500000| Complete |  0
|1214|0x00000000ce600000, 0x00000000ce700000, 0x00000000ce700000|100%| S|CS|TAMS 0x00000000ce600000| PB 0x00000000ce600000| Complete |  0
|1215|0x00000000ce700000, 0x00000000ce800000, 0x00000000ce800000|100%| S|CS|TAMS 0x00000000ce700000| PB 0x00000000ce700000| Complete |  0
|1216|0x00000000ce800000, 0x00000000ce900000, 0x00000000ce900000|100%| S|CS|TAMS 0x00000000ce800000| PB 0x00000000ce800000| Complete |  0
|1217|0x00000000ce900000, 0x00000000cea00000, 0x00000000cea00000|100%| S|CS|TAMS 0x00000000ce900000| PB 0x00000000ce900000| Complete |  0
|1218|0x00000000cea00000, 0x00000000ceb00000, 0x00000000ceb00000|100%| S|CS|TAMS 0x00000000cea00000| PB 0x00000000cea00000| Complete |  0
|1219|0x00000000ceb00000, 0x00000000cec00000, 0x00000000cec00000|100%| S|CS|TAMS 0x00000000ceb00000| PB 0x00000000ceb00000| Complete |  0
|1220|0x00000000cec00000, 0x00000000ced00000, 0x00000000ced00000|100%| S|CS|TAMS 0x00000000cec00000| PB 0x00000000cec00000| Complete |  0
|1221|0x00000000ced00000, 0x00000000cee00000, 0x00000000cee00000|100%| S|CS|TAMS 0x00000000ced00000| PB 0x00000000ced00000| Complete |  0
|1222|0x00000000cee00000, 0x00000000cef00000, 0x00000000cef00000|100%| S|CS|TAMS 0x00000000cee00000| PB 0x00000000cee00000| Complete |  0
|1223|0x00000000cef00000, 0x00000000cf000000, 0x00000000cf000000|100%| S|CS|TAMS 0x00000000cef00000| PB 0x00000000cef00000| Complete |  0
|1224|0x00000000cf000000, 0x00000000cf100000, 0x00000000cf100000|100%| S|CS|TAMS 0x00000000cf000000| PB 0x00000000cf000000| Complete |  0
|1225|0x00000000cf100000, 0x00000000cf200000, 0x00000000cf200000|100%| S|CS|TAMS 0x00000000cf100000| PB 0x00000000cf100000| Complete |  0
|1226|0x00000000cf200000, 0x00000000cf300000, 0x00000000cf300000|100%| S|CS|TAMS 0x00000000cf200000| PB 0x00000000cf200000| Complete |  0
|1227|0x00000000cf300000, 0x00000000cf300000, 0x00000000cf400000|  0%| F|  |TAMS 0x00000000cf300000| PB 0x00000000cf300000| Untracked |  0
|1228|0x00000000cf400000, 0x00000000cf400000, 0x00000000cf500000|  0%| F|  |TAMS 0x00000000cf400000| PB 0x00000000cf400000| Untracked |  0
|1229|0x00000000cf500000, 0x00000000cf500000, 0x00000000cf600000|  0%| F|  |TAMS 0x00000000cf500000| PB 0x00000000cf500000| Untracked |  0
|1230|0x00000000cf600000, 0x00000000cf600000, 0x00000000cf700000|  0%| F|  |TAMS 0x00000000cf600000| PB 0x00000000cf600000| Untracked |  0
|1231|0x00000000cf700000, 0x00000000cf700000, 0x00000000cf800000|  0%| F|  |TAMS 0x00000000cf700000| PB 0x00000000cf700000| Untracked |  0
|1232|0x00000000cf800000, 0x00000000cf800000, 0x00000000cf900000|  0%| F|  |TAMS 0x00000000cf800000| PB 0x00000000cf800000| Untracked |  0
|1233|0x00000000cf900000, 0x00000000cf900000, 0x00000000cfa00000|  0%| F|  |TAMS 0x00000000cf900000| PB 0x00000000cf900000| Untracked |  0
|1234|0x00000000cfa00000, 0x00000000cfa00000, 0x00000000cfb00000|  0%| F|  |TAMS 0x00000000cfa00000| PB 0x00000000cfa00000| Untracked |  0
|1235|0x00000000cfb00000, 0x00000000cfb00000, 0x00000000cfc00000|  0%| F|  |TAMS 0x00000000cfb00000| PB 0x00000000cfb00000| Untracked |  0
|1236|0x00000000cfc00000, 0x00000000cfc00000, 0x00000000cfd00000|  0%| F|  |TAMS 0x00000000cfc00000| PB 0x00000000cfc00000| Untracked |  0
|1237|0x00000000cfd00000, 0x00000000cfd00000, 0x00000000cfe00000|  0%| F|  |TAMS 0x00000000cfd00000| PB 0x00000000cfd00000| Untracked |  0
|1238|0x00000000cfe00000, 0x00000000cfe00000, 0x00000000cff00000|  0%| F|  |TAMS 0x00000000cfe00000| PB 0x00000000cfe00000| Untracked |  0
|1239|0x00000000cff00000, 0x00000000cff00000, 0x00000000d0000000|  0%| F|  |TAMS 0x00000000cff00000| PB 0x00000000cff00000| Untracked |  0
|1240|0x00000000d0000000, 0x00000000d0000000, 0x00000000d0100000|  0%| F|  |TAMS 0x00000000d0000000| PB 0x00000000d0000000| Untracked |  0
|1241|0x00000000d0100000, 0x00000000d0100000, 0x00000000d0200000|  0%| F|  |TAMS 0x00000000d0100000| PB 0x00000000d0100000| Untracked |  0
|1242|0x00000000d0200000, 0x00000000d0200000, 0x00000000d0300000|  0%| F|  |TAMS 0x00000000d0200000| PB 0x00000000d0200000| Untracked |  0
|1243|0x00000000d0300000, 0x00000000d0300000, 0x00000000d0400000|  0%| F|  |TAMS 0x00000000d0300000| PB 0x00000000d0300000| Untracked |  0
|1244|0x00000000d0400000, 0x00000000d0400000, 0x00000000d0500000|  0%| F|  |TAMS 0x00000000d0400000| PB 0x00000000d0400000| Untracked |  0
|1245|0x00000000d0500000, 0x00000000d0500000, 0x00000000d0600000|  0%| F|  |TAMS 0x00000000d0500000| PB 0x00000000d0500000| Untracked |  0
|1246|0x00000000d0600000, 0x00000000d0600000, 0x00000000d0700000|  0%| F|  |TAMS 0x00000000d0600000| PB 0x00000000d0600000| Untracked |  0
|1247|0x00000000d0700000, 0x00000000d0700000, 0x00000000d0800000|  0%| F|  |TAMS 0x00000000d0700000| PB 0x00000000d0700000| Untracked |  0
|1248|0x00000000d0800000, 0x00000000d0800000, 0x00000000d0900000|  0%| F|  |TAMS 0x00000000d0800000| PB 0x00000000d0800000| Untracked |  0
|1249|0x00000000d0900000, 0x00000000d0900000, 0x00000000d0a00000|  0%| F|  |TAMS 0x00000000d0900000| PB 0x00000000d0900000| Untracked |  0
|1250|0x00000000d0a00000, 0x00000000d0a00000, 0x00000000d0b00000|  0%| F|  |TAMS 0x00000000d0a00000| PB 0x00000000d0a00000| Untracked |  0
|1251|0x00000000d0b00000, 0x00000000d0b00000, 0x00000000d0c00000|  0%| F|  |TAMS 0x00000000d0b00000| PB 0x00000000d0b00000| Untracked |  0
|1252|0x00000000d0c00000, 0x00000000d0c00000, 0x00000000d0d00000|  0%| F|  |TAMS 0x00000000d0c00000| PB 0x00000000d0c00000| Untracked |  0
|1253|0x00000000d0d00000, 0x00000000d0d00000, 0x00000000d0e00000|  0%| F|  |TAMS 0x00000000d0d00000| PB 0x00000000d0d00000| Untracked |  0
|1254|0x00000000d0e00000, 0x00000000d0e00000, 0x00000000d0f00000|  0%| F|  |TAMS 0x00000000d0e00000| PB 0x00000000d0e00000| Untracked |  0
|1255|0x00000000d0f00000, 0x00000000d0f00000, 0x00000000d1000000|  0%| F|  |TAMS 0x00000000d0f00000| PB 0x00000000d0f00000| Untracked |  0
|1256|0x00000000d1000000, 0x00000000d1000000, 0x00000000d1100000|  0%| F|  |TAMS 0x00000000d1000000| PB 0x00000000d1000000| Untracked |  0
|1257|0x00000000d1100000, 0x00000000d1100000, 0x00000000d1200000|  0%| F|  |TAMS 0x00000000d1100000| PB 0x00000000d1100000| Untracked |  0
|1258|0x00000000d1200000, 0x00000000d1200000, 0x00000000d1300000|  0%| F|  |TAMS 0x00000000d1200000| PB 0x00000000d1200000| Untracked |  0
|1259|0x00000000d1300000, 0x00000000d1300000, 0x00000000d1400000|  0%| F|  |TAMS 0x00000000d1300000| PB 0x00000000d1300000| Untracked |  0
|1260|0x00000000d1400000, 0x00000000d1400000, 0x00000000d1500000|  0%| F|  |TAMS 0x00000000d1400000| PB 0x00000000d1400000| Untracked |  0
|1261|0x00000000d1500000, 0x00000000d1500000, 0x00000000d1600000|  0%| F|  |TAMS 0x00000000d1500000| PB 0x00000000d1500000| Untracked |  0
|1262|0x00000000d1600000, 0x00000000d1600000, 0x00000000d1700000|  0%| F|  |TAMS 0x00000000d1600000| PB 0x00000000d1600000| Untracked |  0
|1263|0x00000000d1700000, 0x00000000d1700000, 0x00000000d1800000|  0%| F|  |TAMS 0x00000000d1700000| PB 0x00000000d1700000| Untracked |  0
|1264|0x00000000d1800000, 0x00000000d1800000, 0x00000000d1900000|  0%| F|  |TAMS 0x00000000d1800000| PB 0x00000000d1800000| Untracked |  0
|1265|0x00000000d1900000, 0x00000000d1900000, 0x00000000d1a00000|  0%| F|  |TAMS 0x00000000d1900000| PB 0x00000000d1900000| Untracked |  0
|1266|0x00000000d1a00000, 0x00000000d1a00000, 0x00000000d1b00000|  0%| F|  |TAMS 0x00000000d1a00000| PB 0x00000000d1a00000| Untracked |  0
|1267|0x00000000d1b00000, 0x00000000d1b00000, 0x00000000d1c00000|  0%| F|  |TAMS 0x00000000d1b00000| PB 0x00000000d1b00000| Untracked |  0
|1268|0x00000000d1c00000, 0x00000000d1c00000, 0x00000000d1d00000|  0%| F|  |TAMS 0x00000000d1c00000| PB 0x00000000d1c00000| Untracked |  0
|1269|0x00000000d1d00000, 0x00000000d1d00000, 0x00000000d1e00000|  0%| F|  |TAMS 0x00000000d1d00000| PB 0x00000000d1d00000| Untracked |  0
|1270|0x00000000d1e00000, 0x00000000d1e00000, 0x00000000d1f00000|  0%| F|  |TAMS 0x00000000d1e00000| PB 0x00000000d1e00000| Untracked |  0
|1271|0x00000000d1f00000, 0x00000000d1f00000, 0x00000000d2000000|  0%| F|  |TAMS 0x00000000d1f00000| PB 0x00000000d1f00000| Untracked |  0
|1272|0x00000000d2000000, 0x00000000d2000000, 0x00000000d2100000|  0%| F|  |TAMS 0x00000000d2000000| PB 0x00000000d2000000| Untracked |  0
|1273|0x00000000d2100000, 0x00000000d2100000, 0x00000000d2200000|  0%| F|  |TAMS 0x00000000d2100000| PB 0x00000000d2100000| Untracked |  0
|1274|0x00000000d2200000, 0x00000000d2200000, 0x00000000d2300000|  0%| F|  |TAMS 0x00000000d2200000| PB 0x00000000d2200000| Untracked |  0
|1275|0x00000000d2300000, 0x00000000d2300000, 0x00000000d2400000|  0%| F|  |TAMS 0x00000000d2300000| PB 0x00000000d2300000| Untracked |  0
|1276|0x00000000d2400000, 0x00000000d2400000, 0x00000000d2500000|  0%| F|  |TAMS 0x00000000d2400000| PB 0x00000000d2400000| Untracked |  0
|1277|0x00000000d2500000, 0x00000000d2500000, 0x00000000d2600000|  0%| F|  |TAMS 0x00000000d2500000| PB 0x00000000d2500000| Untracked |  0
|1278|0x00000000d2600000, 0x00000000d2600000, 0x00000000d2700000|  0%| F|  |TAMS 0x00000000d2600000| PB 0x00000000d2600000| Untracked |  0
|1279|0x00000000d2700000, 0x00000000d2700000, 0x00000000d2800000|  0%| F|  |TAMS 0x00000000d2700000| PB 0x00000000d2700000| Untracked |  0
|1280|0x00000000d2800000, 0x00000000d2800000, 0x00000000d2900000|  0%| F|  |TAMS 0x00000000d2800000| PB 0x00000000d2800000| Untracked |  0
|1281|0x00000000d2900000, 0x00000000d2900000, 0x00000000d2a00000|  0%| F|  |TAMS 0x00000000d2900000| PB 0x00000000d2900000| Untracked |  0
|1282|0x00000000d2a00000, 0x00000000d2a00000, 0x00000000d2b00000|  0%| F|  |TAMS 0x00000000d2a00000| PB 0x00000000d2a00000| Untracked |  0
|1283|0x00000000d2b00000, 0x00000000d2b00000, 0x00000000d2c00000|  0%| F|  |TAMS 0x00000000d2b00000| PB 0x00000000d2b00000| Untracked |  0
|1284|0x00000000d2c00000, 0x00000000d2c00000, 0x00000000d2d00000|  0%| F|  |TAMS 0x00000000d2c00000| PB 0x00000000d2c00000| Untracked |  0
|1285|0x00000000d2d00000, 0x00000000d2d00000, 0x00000000d2e00000|  0%| F|  |TAMS 0x00000000d2d00000| PB 0x00000000d2d00000| Untracked |  0
|1286|0x00000000d2e00000, 0x00000000d2e00000, 0x00000000d2f00000|  0%| F|  |TAMS 0x00000000d2e00000| PB 0x00000000d2e00000| Untracked |  0
|1287|0x00000000d2f00000, 0x00000000d2f00000, 0x00000000d3000000|  0%| F|  |TAMS 0x00000000d2f00000| PB 0x00000000d2f00000| Untracked |  0
|1288|0x00000000d3000000, 0x00000000d3000000, 0x00000000d3100000|  0%| F|  |TAMS 0x00000000d3000000| PB 0x00000000d3000000| Untracked |  0
|1289|0x00000000d3100000, 0x00000000d3100000, 0x00000000d3200000|  0%| F|  |TAMS 0x00000000d3100000| PB 0x00000000d3100000| Untracked |  0
|1290|0x00000000d3200000, 0x00000000d3200000, 0x00000000d3300000|  0%| F|  |TAMS 0x00000000d3200000| PB 0x00000000d3200000| Untracked |  0
|1291|0x00000000d3300000, 0x00000000d3300000, 0x00000000d3400000|  0%| F|  |TAMS 0x00000000d3300000| PB 0x00000000d3300000| Untracked |  0
|1292|0x00000000d3400000, 0x00000000d3400000, 0x00000000d3500000|  0%| F|  |TAMS 0x00000000d3400000| PB 0x00000000d3400000| Untracked |  0
|1293|0x00000000d3500000, 0x00000000d3500000, 0x00000000d3600000|  0%| F|  |TAMS 0x00000000d3500000| PB 0x00000000d3500000| Untracked |  0
|1294|0x00000000d3600000, 0x00000000d3600000, 0x00000000d3700000|  0%| F|  |TAMS 0x00000000d3600000| PB 0x00000000d3600000| Untracked |  0
|1295|0x00000000d3700000, 0x00000000d3700000, 0x00000000d3800000|  0%| F|  |TAMS 0x00000000d3700000| PB 0x00000000d3700000| Untracked |  0
|1296|0x00000000d3800000, 0x00000000d3800000, 0x00000000d3900000|  0%| F|  |TAMS 0x00000000d3800000| PB 0x00000000d3800000| Untracked |  0
|1297|0x00000000d3900000, 0x00000000d3900000, 0x00000000d3a00000|  0%| F|  |TAMS 0x00000000d3900000| PB 0x00000000d3900000| Untracked |  0
|1298|0x00000000d3a00000, 0x00000000d3a00000, 0x00000000d3b00000|  0%| F|  |TAMS 0x00000000d3a00000| PB 0x00000000d3a00000| Untracked |  0
|1299|0x00000000d3b00000, 0x00000000d3b00000, 0x00000000d3c00000|  0%| F|  |TAMS 0x00000000d3b00000| PB 0x00000000d3b00000| Untracked |  0
|1300|0x00000000d3c00000, 0x00000000d3c00000, 0x00000000d3d00000|  0%| F|  |TAMS 0x00000000d3c00000| PB 0x00000000d3c00000| Untracked |  0
|1301|0x00000000d3d00000, 0x00000000d3d00000, 0x00000000d3e00000|  0%| F|  |TAMS 0x00000000d3d00000| PB 0x00000000d3d00000| Untracked |  0
|1302|0x00000000d3e00000, 0x00000000d3e00000, 0x00000000d3f00000|  0%| F|  |TAMS 0x00000000d3e00000| PB 0x00000000d3e00000| Untracked |  0
|1303|0x00000000d3f00000, 0x00000000d3f00000, 0x00000000d4000000|  0%| F|  |TAMS 0x00000000d3f00000| PB 0x00000000d3f00000| Untracked |  0
|1304|0x00000000d4000000, 0x00000000d4000000, 0x00000000d4100000|  0%| F|  |TAMS 0x00000000d4000000| PB 0x00000000d4000000| Untracked |  0
|1305|0x00000000d4100000, 0x00000000d4100000, 0x00000000d4200000|  0%| F|  |TAMS 0x00000000d4100000| PB 0x00000000d4100000| Untracked |  0
|1306|0x00000000d4200000, 0x00000000d4200000, 0x00000000d4300000|  0%| F|  |TAMS 0x00000000d4200000| PB 0x00000000d4200000| Untracked |  0
|1307|0x00000000d4300000, 0x00000000d4300000, 0x00000000d4400000|  0%| F|  |TAMS 0x00000000d4300000| PB 0x00000000d4300000| Untracked |  0
|1308|0x00000000d4400000, 0x00000000d4400000, 0x00000000d4500000|  0%| F|  |TAMS 0x00000000d4400000| PB 0x00000000d4400000| Untracked |  0
|1309|0x00000000d4500000, 0x00000000d4500000, 0x00000000d4600000|  0%| F|  |TAMS 0x00000000d4500000| PB 0x00000000d4500000| Untracked |  0
|1310|0x00000000d4600000, 0x00000000d4600000, 0x00000000d4700000|  0%| F|  |TAMS 0x00000000d4600000| PB 0x00000000d4600000| Untracked |  0
|1311|0x00000000d4700000, 0x00000000d4700000, 0x00000000d4800000|  0%| F|  |TAMS 0x00000000d4700000| PB 0x00000000d4700000| Untracked |  0
|1312|0x00000000d4800000, 0x00000000d4800000, 0x00000000d4900000|  0%| F|  |TAMS 0x00000000d4800000| PB 0x00000000d4800000| Untracked |  0
|1313|0x00000000d4900000, 0x00000000d4900000, 0x00000000d4a00000|  0%| F|  |TAMS 0x00000000d4900000| PB 0x00000000d4900000| Untracked |  0
|1314|0x00000000d4a00000, 0x00000000d4a00000, 0x00000000d4b00000|  0%| F|  |TAMS 0x00000000d4a00000| PB 0x00000000d4a00000| Untracked |  0
|1315|0x00000000d4b00000, 0x00000000d4b00000, 0x00000000d4c00000|  0%| F|  |TAMS 0x00000000d4b00000| PB 0x00000000d4b00000| Untracked |  0
|1316|0x00000000d4c00000, 0x00000000d4c00000, 0x00000000d4d00000|  0%| F|  |TAMS 0x00000000d4c00000| PB 0x00000000d4c00000| Untracked |  0
|1317|0x00000000d4d00000, 0x00000000d4d00000, 0x00000000d4e00000|  0%| F|  |TAMS 0x00000000d4d00000| PB 0x00000000d4d00000| Untracked |  0
|1318|0x00000000d4e00000, 0x00000000d4e00000, 0x00000000d4f00000|  0%| F|  |TAMS 0x00000000d4e00000| PB 0x00000000d4e00000| Untracked |  0
|1319|0x00000000d4f00000, 0x00000000d4f00000, 0x00000000d5000000|  0%| F|  |TAMS 0x00000000d4f00000| PB 0x00000000d4f00000| Untracked |  0
|1320|0x00000000d5000000, 0x00000000d5000000, 0x00000000d5100000|  0%| F|  |TAMS 0x00000000d5000000| PB 0x00000000d5000000| Untracked |  0
|1321|0x00000000d5100000, 0x00000000d5100000, 0x00000000d5200000|  0%| F|  |TAMS 0x00000000d5100000| PB 0x00000000d5100000| Untracked |  0
|1322|0x00000000d5200000, 0x00000000d5200000, 0x00000000d5300000|  0%| F|  |TAMS 0x00000000d5200000| PB 0x00000000d5200000| Untracked |  0
|1323|0x00000000d5300000, 0x00000000d5300000, 0x00000000d5400000|  0%| F|  |TAMS 0x00000000d5300000| PB 0x00000000d5300000| Untracked |  0
|1324|0x00000000d5400000, 0x00000000d5400000, 0x00000000d5500000|  0%| F|  |TAMS 0x00000000d5400000| PB 0x00000000d5400000| Untracked |  0
|1325|0x00000000d5500000, 0x00000000d5500000, 0x00000000d5600000|  0%| F|  |TAMS 0x00000000d5500000| PB 0x00000000d5500000| Untracked |  0
|1326|0x00000000d5600000, 0x00000000d5600000, 0x00000000d5700000|  0%| F|  |TAMS 0x00000000d5600000| PB 0x00000000d5600000| Untracked |  0
|1327|0x00000000d5700000, 0x00000000d5700000, 0x00000000d5800000|  0%| F|  |TAMS 0x00000000d5700000| PB 0x00000000d5700000| Untracked |  0
|1328|0x00000000d5800000, 0x00000000d5800000, 0x00000000d5900000|  0%| F|  |TAMS 0x00000000d5800000| PB 0x00000000d5800000| Untracked |  0
|1329|0x00000000d5900000, 0x00000000d5900000, 0x00000000d5a00000|  0%| F|  |TAMS 0x00000000d5900000| PB 0x00000000d5900000| Untracked |  0
|1330|0x00000000d5a00000, 0x00000000d5a00000, 0x00000000d5b00000|  0%| F|  |TAMS 0x00000000d5a00000| PB 0x00000000d5a00000| Untracked |  0
|1331|0x00000000d5b00000, 0x00000000d5b00000, 0x00000000d5c00000|  0%| F|  |TAMS 0x00000000d5b00000| PB 0x00000000d5b00000| Untracked |  0
|1332|0x00000000d5c00000, 0x00000000d5c00000, 0x00000000d5d00000|  0%| F|  |TAMS 0x00000000d5c00000| PB 0x00000000d5c00000| Untracked |  0
|1333|0x00000000d5d00000, 0x00000000d5d00000, 0x00000000d5e00000|  0%| F|  |TAMS 0x00000000d5d00000| PB 0x00000000d5d00000| Untracked |  0
|1334|0x00000000d5e00000, 0x00000000d5e00000, 0x00000000d5f00000|  0%| F|  |TAMS 0x00000000d5e00000| PB 0x00000000d5e00000| Untracked |  0
|1335|0x00000000d5f00000, 0x00000000d5f00000, 0x00000000d6000000|  0%| F|  |TAMS 0x00000000d5f00000| PB 0x00000000d5f00000| Untracked |  0
|1336|0x00000000d6000000, 0x00000000d6000000, 0x00000000d6100000|  0%| F|  |TAMS 0x00000000d6000000| PB 0x00000000d6000000| Untracked |  0
|1337|0x00000000d6100000, 0x00000000d6100000, 0x00000000d6200000|  0%| F|  |TAMS 0x00000000d6100000| PB 0x00000000d6100000| Untracked |  0
|1338|0x00000000d6200000, 0x00000000d6200000, 0x00000000d6300000|  0%| F|  |TAMS 0x00000000d6200000| PB 0x00000000d6200000| Untracked |  0
|1339|0x00000000d6300000, 0x00000000d6300000, 0x00000000d6400000|  0%| F|  |TAMS 0x00000000d6300000| PB 0x00000000d6300000| Untracked |  0
|1340|0x00000000d6400000, 0x00000000d6400000, 0x00000000d6500000|  0%| F|  |TAMS 0x00000000d6400000| PB 0x00000000d6400000| Untracked |  0
|1341|0x00000000d6500000, 0x00000000d6500000, 0x00000000d6600000|  0%| F|  |TAMS 0x00000000d6500000| PB 0x00000000d6500000| Untracked |  0
|1342|0x00000000d6600000, 0x00000000d6600000, 0x00000000d6700000|  0%| F|  |TAMS 0x00000000d6600000| PB 0x00000000d6600000| Untracked |  0
|1343|0x00000000d6700000, 0x00000000d6700000, 0x00000000d6800000|  0%| F|  |TAMS 0x00000000d6700000| PB 0x00000000d6700000| Untracked |  0
|1344|0x00000000d6800000, 0x00000000d6800000, 0x00000000d6900000|  0%| F|  |TAMS 0x00000000d6800000| PB 0x00000000d6800000| Untracked |  0
|1345|0x00000000d6900000, 0x00000000d6900000, 0x00000000d6a00000|  0%| F|  |TAMS 0x00000000d6900000| PB 0x00000000d6900000| Untracked |  0
|1346|0x00000000d6a00000, 0x00000000d6b00000, 0x00000000d6b00000|100%| E|  |TAMS 0x00000000d6a00000| PB 0x00000000d6a00000| Complete |  0
|1347|0x00000000d6b00000, 0x00000000d6c00000, 0x00000000d6c00000|100%| E|CS|TAMS 0x00000000d6b00000| PB 0x00000000d6b00000| Complete |  0
|1348|0x00000000d6c00000, 0x00000000d6d00000, 0x00000000d6d00000|100%| E|CS|TAMS 0x00000000d6c00000| PB 0x00000000d6c00000| Complete |  0
|1349|0x00000000d6d00000, 0x00000000d6e00000, 0x00000000d6e00000|100%| E|CS|TAMS 0x00000000d6d00000| PB 0x00000000d6d00000| Complete |  0
|1350|0x00000000d6e00000, 0x00000000d6f00000, 0x00000000d6f00000|100%| E|CS|TAMS 0x00000000d6e00000| PB 0x00000000d6e00000| Complete |  0
|1351|0x00000000d6f00000, 0x00000000d7000000, 0x00000000d7000000|100%| E|CS|TAMS 0x00000000d6f00000| PB 0x00000000d6f00000| Complete |  0
|1352|0x00000000d7000000, 0x00000000d7100000, 0x00000000d7100000|100%| E|CS|TAMS 0x00000000d7000000| PB 0x00000000d7000000| Complete |  0
|1353|0x00000000d7100000, 0x00000000d7200000, 0x00000000d7200000|100%| E|CS|TAMS 0x00000000d7100000| PB 0x00000000d7100000| Complete |  0
|1354|0x00000000d7200000, 0x00000000d7300000, 0x00000000d7300000|100%| E|CS|TAMS 0x00000000d7200000| PB 0x00000000d7200000| Complete |  0
|1355|0x00000000d7300000, 0x00000000d7400000, 0x00000000d7400000|100%| E|CS|TAMS 0x00000000d7300000| PB 0x00000000d7300000| Complete |  0
|1356|0x00000000d7400000, 0x00000000d7500000, 0x00000000d7500000|100%| E|CS|TAMS 0x00000000d7400000| PB 0x00000000d7400000| Complete |  0
|1357|0x00000000d7500000, 0x00000000d7600000, 0x00000000d7600000|100%| E|CS|TAMS 0x00000000d7500000| PB 0x00000000d7500000| Complete |  0
|1358|0x00000000d7600000, 0x00000000d7700000, 0x00000000d7700000|100%| E|CS|TAMS 0x00000000d7600000| PB 0x00000000d7600000| Complete |  0
|1359|0x00000000d7700000, 0x00000000d7800000, 0x00000000d7800000|100%| E|CS|TAMS 0x00000000d7700000| PB 0x00000000d7700000| Complete |  0
|1360|0x00000000d7800000, 0x00000000d7900000, 0x00000000d7900000|100%| E|CS|TAMS 0x00000000d7800000| PB 0x00000000d7800000| Complete |  0
|1361|0x00000000d7900000, 0x00000000d7a00000, 0x00000000d7a00000|100%| E|CS|TAMS 0x00000000d7900000| PB 0x00000000d7900000| Complete |  0
|1362|0x00000000d7a00000, 0x00000000d7b00000, 0x00000000d7b00000|100%| E|CS|TAMS 0x00000000d7a00000| PB 0x00000000d7a00000| Complete |  0
|1363|0x00000000d7b00000, 0x00000000d7c00000, 0x00000000d7c00000|100%| E|CS|TAMS 0x00000000d7b00000| PB 0x00000000d7b00000| Complete |  0
|1364|0x00000000d7c00000, 0x00000000d7d00000, 0x00000000d7d00000|100%| E|CS|TAMS 0x00000000d7c00000| PB 0x00000000d7c00000| Complete |  0
|1365|0x00000000d7d00000, 0x00000000d7e00000, 0x00000000d7e00000|100%| E|CS|TAMS 0x00000000d7d00000| PB 0x00000000d7d00000| Complete |  0
|1366|0x00000000d7e00000, 0x00000000d7f00000, 0x00000000d7f00000|100%| E|CS|TAMS 0x00000000d7e00000| PB 0x00000000d7e00000| Complete |  0
|1367|0x00000000d7f00000, 0x00000000d8000000, 0x00000000d8000000|100%| E|CS|TAMS 0x00000000d7f00000| PB 0x00000000d7f00000| Complete |  0
|1368|0x00000000d8000000, 0x00000000d8100000, 0x00000000d8100000|100%| E|CS|TAMS 0x00000000d8000000| PB 0x00000000d8000000| Complete |  0
|1369|0x00000000d8100000, 0x00000000d8200000, 0x00000000d8200000|100%| E|CS|TAMS 0x00000000d8100000| PB 0x00000000d8100000| Complete |  0
|1370|0x00000000d8200000, 0x00000000d8300000, 0x00000000d8300000|100%| E|CS|TAMS 0x00000000d8200000| PB 0x00000000d8200000| Complete |  0
|1371|0x00000000d8300000, 0x00000000d8400000, 0x00000000d8400000|100%| E|CS|TAMS 0x00000000d8300000| PB 0x00000000d8300000| Complete |  0
|1372|0x00000000d8400000, 0x00000000d8500000, 0x00000000d8500000|100%| E|CS|TAMS 0x00000000d8400000| PB 0x00000000d8400000| Complete |  0
|1373|0x00000000d8500000, 0x00000000d8600000, 0x00000000d8600000|100%| E|CS|TAMS 0x00000000d8500000| PB 0x00000000d8500000| Complete |  0
|1374|0x00000000d8600000, 0x00000000d8700000, 0x00000000d8700000|100%| E|CS|TAMS 0x00000000d8600000| PB 0x00000000d8600000| Complete |  0
|1375|0x00000000d8700000, 0x00000000d8800000, 0x00000000d8800000|100%| E|CS|TAMS 0x00000000d8700000| PB 0x00000000d8700000| Complete |  0
|1376|0x00000000d8800000, 0x00000000d8900000, 0x00000000d8900000|100%| E|CS|TAMS 0x00000000d8800000| PB 0x00000000d8800000| Complete |  0
|1377|0x00000000d8900000, 0x00000000d8a00000, 0x00000000d8a00000|100%| E|CS|TAMS 0x00000000d8900000| PB 0x00000000d8900000| Complete |  0
|1378|0x00000000d8a00000, 0x00000000d8b00000, 0x00000000d8b00000|100%| E|CS|TAMS 0x00000000d8a00000| PB 0x00000000d8a00000| Complete |  0
|1379|0x00000000d8b00000, 0x00000000d8c00000, 0x00000000d8c00000|100%| E|CS|TAMS 0x00000000d8b00000| PB 0x00000000d8b00000| Complete |  0
|1380|0x00000000d8c00000, 0x00000000d8d00000, 0x00000000d8d00000|100%| E|CS|TAMS 0x00000000d8c00000| PB 0x00000000d8c00000| Complete |  0
|1381|0x00000000d8d00000, 0x00000000d8e00000, 0x00000000d8e00000|100%| E|CS|TAMS 0x00000000d8d00000| PB 0x00000000d8d00000| Complete |  0
|1382|0x00000000d8e00000, 0x00000000d8f00000, 0x00000000d8f00000|100%| E|CS|TAMS 0x00000000d8e00000| PB 0x00000000d8e00000| Complete |  0
|1383|0x00000000d8f00000, 0x00000000d9000000, 0x00000000d9000000|100%| E|CS|TAMS 0x00000000d8f00000| PB 0x00000000d8f00000| Complete |  0
|1384|0x00000000d9000000, 0x00000000d9100000, 0x00000000d9100000|100%| E|CS|TAMS 0x00000000d9000000| PB 0x00000000d9000000| Complete |  0
|1385|0x00000000d9100000, 0x00000000d9200000, 0x00000000d9200000|100%| E|CS|TAMS 0x00000000d9100000| PB 0x00000000d9100000| Complete |  0
|1386|0x00000000d9200000, 0x00000000d9300000, 0x00000000d9300000|100%| E|CS|TAMS 0x00000000d9200000| PB 0x00000000d9200000| Complete |  0
|1387|0x00000000d9300000, 0x00000000d9400000, 0x00000000d9400000|100%| E|CS|TAMS 0x00000000d9300000| PB 0x00000000d9300000| Complete |  0
|1388|0x00000000d9400000, 0x00000000d9500000, 0x00000000d9500000|100%| E|CS|TAMS 0x00000000d9400000| PB 0x00000000d9400000| Complete |  0
|1389|0x00000000d9500000, 0x00000000d9600000, 0x00000000d9600000|100%| E|CS|TAMS 0x00000000d9500000| PB 0x00000000d9500000| Complete |  0
|1390|0x00000000d9600000, 0x00000000d9700000, 0x00000000d9700000|100%| E|CS|TAMS 0x00000000d9600000| PB 0x00000000d9600000| Complete |  0
|1391|0x00000000d9700000, 0x00000000d9800000, 0x00000000d9800000|100%| E|CS|TAMS 0x00000000d9700000| PB 0x00000000d9700000| Complete |  0

Card table byte_map: [0x000001aabf760000,0x000001aabfb50000] _byte_map_base: 0x000001aabf34c000

Marking Bits: (CMBitMap*) 0x000001aaa7c8fa20
 Bits: [0x000001aabfb50000, 0x000001aac1ab0000)

Polling page: 0x000001aaa5be0000

Metaspace:

Usage:
  Non-class:     74.51 MB used.
      Class:      9.58 MB used.
       Both:     84.09 MB used.

Virtual space:
  Non-class space:      128.00 MB reserved,      75.19 MB ( 59%) committed,  2 nodes.
      Class space:        1.00 GB reserved,      10.19 MB ( <1%) committed,  1 nodes.
             Both:        1.12 GB reserved,      85.38 MB (  7%) committed. 

Chunk freelists:
   Non-Class:  4.72 MB
       Class:  5.79 MB
        Both:  10.51 MB

MaxMetaspaceSize: unlimited
CompressedClassSpaceSize: 1.00 GB
Initial GC threshold: 21.00 MB
Current GC threshold: 141.81 MB
CDS: on
 - commit_granule_bytes: 65536.
 - commit_granule_words: 8192.
 - virtual_space_node_default_size: 8388608.
 - enlarge_chunks_in_place: 1.
 - use_allocation_guard: 0.


Internal statistics:

num_allocs_failed_limit: 3.
num_arena_births: 2186.
num_arena_deaths: 0.
num_vsnodes_births: 3.
num_vsnodes_deaths: 0.
num_space_committed: 1365.
num_space_uncommitted: 0.
num_chunks_returned_to_freelist: 3.
num_chunks_taken_from_freelist: 5595.
num_chunk_merges: 0.
num_chunk_splits: 3982.
num_chunks_enlarged: 2928.
num_inconsistent_stats: 0.

CodeHeap 'non-profiled nmethods': size=120064Kb used=16479Kb max_used=16665Kb free=103584Kb
 bounds [0x000001aab7e30000, 0x000001aab8e80000, 0x000001aabf370000]
CodeHeap 'profiled nmethods': size=120000Kb used=32576Kb max_used=34957Kb free=87423Kb
 bounds [0x000001aab0370000, 0x000001aab25b0000, 0x000001aab78a0000]
CodeHeap 'non-nmethods': size=5696Kb used=1772Kb max_used=1902Kb free=3923Kb
 bounds [0x000001aab78a0000, 0x000001aab7b10000, 0x000001aab7e30000]
CodeCache: size=245760Kb, used=50827Kb, max_used=53524Kb, free=194930Kb
 total_blobs=17628, nmethods=16837, adapters=691, full_count=0
Compilation: enabled, stopped_count=0, restarted_count=0

Compilation events (20 events):
Event: 309.512 Thread 0x000001aac3f9a0d0 nmethod 25125 0x000001aab8e71d88 code [0x000001aab8e71ea0, 0x000001aab8e71f68]
Event: 309.512 Thread 0x000001aac3f9a0d0 25127       3       org.jetbrains.exposed.sql.QueriesKt::executeBatch$handleBatchException$default (23 bytes)
Event: 309.513 Thread 0x000001aac3f9a0d0 nmethod 25127 0x000001aab1d5a088 code [0x000001aab1d5a1a0, 0x000001aab1d5a2f0]
Event: 309.513 Thread 0x000001aac3f9a0d0 25128       3       org.jetbrains.exposed.sql.QueriesKt$executeBatch$1$1::invoke (12 bytes)
Event: 309.578 Thread 0x000001aac3f9a0d0 nmethod 25128 0x000001aab1b54108 code [0x000001aab1b542c0, 0x000001aab1b549c0]
Event: 309.579 Thread 0x000001aac3f95b10 nmethod 25118 0x000001aab8e72088 code [0x000001aab8e72360, 0x000001aab8e73f50]
Event: 309.579 Thread 0x000001aac3f95b10 25134       4       org.h2.expression.Parameter::getParamValue (16 bytes)
Event: 309.579 Thread 0x000001aac3f9a0d0 25131       3       org.jetbrains.exposed.dao.EntityCache::removeTablesReferrers$exposed_dao (644 bytes)
Event: 309.609 Thread 0x000001aac3f95b10 nmethod 25134 0x000001aab8e74208 code [0x000001aab8e74300, 0x000001aab8e74398]
Event: 309.609 Thread 0x000001aac3f95b10 25119       4       org.jetbrains.kotlin.descriptors.DescriptorWithRelation::hashCode (23 bytes)
Event: 309.624 Thread 0x000001aac3f95b10 nmethod 25119 0x000001aab8e74508 code [0x000001aab8e74620, 0x000001aab8e747b8]
Event: 309.758 Thread 0x000001aac3f9a0d0 nmethod 25131 0x000001aab19b6b08 code [0x000001aab19b7260, 0x000001aab19bc6f8]
Event: 309.758 Thread 0x000001aac3f95b10 25142       4       org.jetbrains.kotlin.descriptors.impl.FunctionDescriptorImpl$CopyConfiguration::setReturnType (25 bytes)
Event: 309.758 Thread 0x000001aac3f9a0d0 25135       3       org.h2.command.CommandContainer$GeneratedKeysCollector::addRow (50 bytes)
Event: 309.766 Thread 0x000001aac3f95b10 nmethod 25142 0x000001aab8e74808 code [0x000001aab8e74900, 0x000001aab8e74a90]
Event: 309.787 Thread 0x000001aac3f9a0d0 nmethod 25135 0x000001aab1a8bf08 code [0x000001aab1a8c060, 0x000001aab1a8c4f0]
Event: 309.787 Thread 0x000001aac3f9a0d0 25138   !   3       org.h2.jdbc.JdbcResultSet::getObject (30 bytes)
Event: 309.841 Thread 0x000001aac3f9a0d0 nmethod 25138 0x000001aab1087888 code [0x000001aab10879e0, 0x000001aab1087d30]
Event: 309.898 Thread 0x000001aac3f95b10 25143       4       org.jetbrains.kotlin.resolve.OverridingUtil::extractAndBindOverridesForMember (212 bytes)
Event: 310.146 Thread 0x000001aac3f95b10 nmethod 25143 0x000001aab8e74b08 code [0x000001aab8e74dc0, 0x000001aab8e765c8]

GC Heap History (20 events):
Event: 228.543 GC heap before
{Heap before GC invocations=111 (full 0):
 garbage-first heap   total reserved 2056192K, committed 1179648K, used 950272K [0x0000000082800000, 0x0000000100000000)
  region size 1024K, 260 young (266240K), 26 survivors (26624K)
 Metaspace       used 85431K, committed 86720K, reserved 1179648K
  class space    used 9786K, committed 10432K, reserved 1048576K
}
Event: 228.617 GC heap after
{Heap after GC invocations=112 (full 0):
 garbage-first heap   total reserved 2056192K, committed 1179648K, used 728576K [0x0000000082800000, 0x0000000100000000)
  region size 1024K, 22 young (22528K), 22 survivors (22528K)
 Metaspace       used 85431K, committed 86720K, reserved 1179648K
  class space    used 9786K, committed 10432K, reserved 1048576K
}
Event: 233.842 GC heap before
{Heap before GC invocations=112 (full 0):
 garbage-first heap   total reserved 2056192K, committed 1179648K, used 1041920K [0x0000000082800000, 0x0000000100000000)
  region size 1024K, 322 young (329728K), 22 survivors (22528K)
 Metaspace       used 85560K, committed 86848K, reserved 1179648K
  class space    used 9792K, committed 10432K, reserved 1048576K
}
Event: 233.965 GC heap after
{Heap after GC invocations=113 (full 0):
 garbage-first heap   total reserved 2056192K, committed 1179648K, used 762368K [0x0000000082800000, 0x0000000100000000)
  region size 1024K, 36 young (36864K), 36 survivors (36864K)
 Metaspace       used 85560K, committed 86848K, reserved 1179648K
  class space    used 9792K, committed 10432K, reserved 1048576K
}
Event: 236.090 GC heap before
{Heap before GC invocations=113 (full 0):
 garbage-first heap   total reserved 2056192K, committed 1179648K, used 823808K [0x0000000082800000, 0x0000000100000000)
  region size 1024K, 97 young (99328K), 36 survivors (36864K)
 Metaspace       used 85588K, committed 86848K, reserved 1179648K
  class space    used 9793K, committed 10432K, reserved 1048576K
}
Event: 236.155 GC heap after
{Heap after GC invocations=114 (full 0):
 garbage-first heap   total reserved 2056192K, committed 1179648K, used 768512K [0x0000000082800000, 0x0000000100000000)
  region size 1024K, 10 young (10240K), 10 survivors (10240K)
 Metaspace       used 85588K, committed 86848K, reserved 1179648K
  class space    used 9793K, committed 10432K, reserved 1048576K
}
Event: 248.722 GC heap before
{Heap before GC invocations=115 (full 0):
 garbage-first heap   total reserved 2056192K, committed 1285120K, used 1069568K [0x0000000082800000, 0x0000000100000000)
  region size 1024K, 299 young (306176K), 10 survivors (10240K)
 Metaspace       used 85655K, committed 86912K, reserved 1179648K
  class space    used 9795K, committed 10432K, reserved 1048576K
}
Event: 248.800 GC heap after
{Heap after GC invocations=116 (full 0):
 garbage-first heap   total reserved 2056192K, committed 1285120K, used 804864K [0x0000000082800000, 0x0000000100000000)
  region size 1024K, 38 young (38912K), 38 survivors (38912K)
 Metaspace       used 85655K, committed 86912K, reserved 1179648K
  class space    used 9795K, committed 10432K, reserved 1048576K
}
Event: 256.522 GC heap before
{Heap before GC invocations=116 (full 0):
 garbage-first heap   total reserved 2056192K, committed 1285120K, used 1149952K [0x0000000082800000, 0x0000000100000000)
  region size 1024K, 369 young (377856K), 38 survivors (38912K)
 Metaspace       used 85774K, committed 87040K, reserved 1179648K
  class space    used 9799K, committed 10432K, reserved 1048576K
}
Event: 256.629 GC heap after
{Heap after GC invocations=117 (full 0):
 garbage-first heap   total reserved 2056192K, committed 1285120K, used 845824K [0x0000000082800000, 0x0000000100000000)
  region size 1024K, 42 young (43008K), 42 survivors (43008K)
 Metaspace       used 85774K, committed 87040K, reserved 1179648K
  class space    used 9799K, committed 10432K, reserved 1048576K
}
Event: 257.867 GC heap before
{Heap before GC invocations=117 (full 0):
 garbage-first heap   total reserved 2056192K, committed 1285120K, used 891904K [0x0000000082800000, 0x0000000100000000)
  region size 1024K, 88 young (90112K), 42 survivors (43008K)
 Metaspace       used 85814K, committed 87104K, reserved 1179648K
  class space    used 9799K, committed 10432K, reserved 1048576K
}
Event: 257.963 GC heap after
{Heap after GC invocations=118 (full 0):
 garbage-first heap   total reserved 2056192K, committed 1285120K, used 853504K [0x0000000082800000, 0x0000000100000000)
  region size 1024K, 8 young (8192K), 8 survivors (8192K)
 Metaspace       used 85814K, committed 87104K, reserved 1179648K
  class space    used 9799K, committed 10432K, reserved 1048576K
}
Event: 281.122 GC heap before
{Heap before GC invocations=119 (full 0):
 garbage-first heap   total reserved 2056192K, committed 1425408K, used 1181184K [0x0000000082800000, 0x0000000100000000)
  region size 1024K, 322 young (329728K), 8 survivors (8192K)
 Metaspace       used 85988K, committed 87296K, reserved 1179648K
  class space    used 9811K, committed 10432K, reserved 1048576K
}
Event: 281.197 GC heap after
{Heap after GC invocations=120 (full 0):
 garbage-first heap   total reserved 2056192K, committed 1425408K, used 890368K [0x0000000082800000, 0x0000000100000000)
  region size 1024K, 41 young (41984K), 41 survivors (41984K)
 Metaspace       used 85988K, committed 87296K, reserved 1179648K
  class space    used 9811K, committed 10432K, reserved 1048576K
}
Event: 295.204 GC heap before
{Heap before GC invocations=120 (full 0):
 garbage-first heap   total reserved 2056192K, committed 1425408K, used 1285632K [0x0000000082800000, 0x0000000100000000)
  region size 1024K, 417 young (427008K), 41 survivors (41984K)
 Metaspace       used 86013K, committed 87360K, reserved 1179648K
  class space    used 9811K, committed 10432K, reserved 1048576K
}
Event: 296.430 GC heap after
{Heap after GC invocations=121 (full 0):
 garbage-first heap   total reserved 2056192K, committed 1425408K, used 932864K [0x0000000082800000, 0x0000000100000000)
  region size 1024K, 43 young (44032K), 43 survivors (44032K)
 Metaspace       used 86013K, committed 87360K, reserved 1179648K
  class space    used 9811K, committed 10432K, reserved 1048576K
}
Event: 297.121 GC heap before
{Heap before GC invocations=121 (full 0):
 garbage-first heap   total reserved 2056192K, committed 1425408K, used 971776K [0x0000000082800000, 0x0000000100000000)
  region size 1024K, 82 young (83968K), 43 survivors (44032K)
 Metaspace       used 86013K, committed 87360K, reserved 1179648K
  class space    used 9811K, committed 10432K, reserved 1048576K
}
Event: 297.619 GC heap after
{Heap after GC invocations=122 (full 0):
 garbage-first heap   total reserved 2056192K, committed 1425408K, used 937472K [0x0000000082800000, 0x0000000100000000)
  region size 1024K, 6 young (6144K), 6 survivors (6144K)
 Metaspace       used 86013K, committed 87360K, reserved 1179648K
  class space    used 9811K, committed 10432K, reserved 1048576K
}
Event: 309.194 GC heap before
{Heap before GC invocations=122 (full 0):
 garbage-first heap   total reserved 2056192K, committed 1425408K, used 1103360K [0x0000000082800000, 0x0000000100000000)
  region size 1024K, 165 young (168960K), 6 survivors (6144K)
 Metaspace       used 86108K, committed 87424K, reserved 1179648K
  class space    used 9814K, committed 10432K, reserved 1048576K
}
Event: 309.489 GC heap after
{Heap after GC invocations=123 (full 0):
 garbage-first heap   total reserved 2056192K, committed 1425408K, used 955904K [0x0000000082800000, 0x0000000100000000)
  region size 1024K, 21 young (21504K), 21 survivors (21504K)
 Metaspace       used 86108K, committed 87424K, reserved 1179648K
  class space    used 9814K, committed 10432K, reserved 1048576K
}

Dll operation events (8 events):
Event: 0.027 Loaded shared library C:\Program Files\Java\jdk-23\bin\java.dll
Event: 0.115 Loaded shared library C:\Program Files\Java\jdk-23\bin\jsvml.dll
Event: 0.756 Loaded shared library C:\Program Files\Java\jdk-23\bin\net.dll
Event: 0.762 Loaded shared library C:\Program Files\Java\jdk-23\bin\nio.dll
Event: 0.782 Loaded shared library C:\Program Files\Java\jdk-23\bin\zip.dll
Event: 1.029 Loaded shared library C:\Program Files\Java\jdk-23\bin\jimage.dll
Event: 7.845 Loaded shared library C:\Program Files\Java\jdk-23\bin\verify.dll
Event: 16.384 Loaded shared library C:\Users\Mbongeni\AppData\Local\Temp\sqlite-3.41.2.1-42cc495e-24e0-4f0d-a087-1eaeeeb671d3-sqlitejdbc.dll

Deoptimization events (20 events):
Event: 308.119 Thread 0x000001ab0ae49510 Uncommon trap: trap_request=0xffffffde fr.pc=0x000001aab85f1530 relative=0x0000000000000c10
Event: 308.119 Thread 0x000001ab0ae49510 Uncommon trap: reason=class_check action=maybe_recompile pc=0x000001aab85f1530 method=kotlin.collections.CollectionsKt___CollectionsKt.firstOrNull(Ljava/lang/Iterable;)Ljava/lang/Object; @ 57 c2
Event: 308.119 Thread 0x000001ab0ae49510 DEOPT PACKING pc=0x000001aab85f1530 sp=0x00000047668f8aa0
Event: 308.119 Thread 0x000001ab0ae49510 DEOPT UNPACKING pc=0x000001aab78f4402 sp=0x00000047668f8a68 mode 2
Event: 308.576 Thread 0x000001ab0ae49510 Uncommon trap: trap_request=0xffffffc6 fr.pc=0x000001aab87febdc relative=0x000000000000207c
Event: 308.576 Thread 0x000001ab0ae49510 Uncommon trap: reason=bimorphic_or_optimized_type_check action=maybe_recompile pc=0x000001aab87febdc method=org.jetbrains.kotlin.resolve.calls.util.IsFromStdlibJre7Or8Kt.isLowPriorityFromStdlibJre7Or8(Lorg/jetbrains/kotlin/descriptors/CallableDescriptor;)
Event: 308.576 Thread 0x000001ab0ae49510 DEOPT PACKING pc=0x000001aab87febdc sp=0x00000047668f9bf0
Event: 308.576 Thread 0x000001ab0ae49510 DEOPT UNPACKING pc=0x000001aab78f4402 sp=0x00000047668f9a80 mode 2
Event: 308.578 Thread 0x000001ab0ae49510 Uncommon trap: trap_request=0xffffffc6 fr.pc=0x000001aab87febdc relative=0x000000000000207c
Event: 308.578 Thread 0x000001ab0ae49510 Uncommon trap: reason=bimorphic_or_optimized_type_check action=maybe_recompile pc=0x000001aab87febdc method=org.jetbrains.kotlin.resolve.calls.util.IsFromStdlibJre7Or8Kt.isLowPriorityFromStdlibJre7Or8(Lorg/jetbrains/kotlin/descriptors/CallableDescriptor;)
Event: 308.578 Thread 0x000001ab0ae49510 DEOPT PACKING pc=0x000001aab87febdc sp=0x00000047668f9bf0
Event: 308.578 Thread 0x000001ab0ae49510 DEOPT UNPACKING pc=0x000001aab78f4402 sp=0x00000047668f9a80 mode 2
Event: 308.578 Thread 0x000001ab0ae49510 Uncommon trap: trap_request=0xffffffc6 fr.pc=0x000001aab87febdc relative=0x000000000000207c
Event: 308.578 Thread 0x000001ab0ae49510 Uncommon trap: reason=bimorphic_or_optimized_type_check action=maybe_recompile pc=0x000001aab87febdc method=org.jetbrains.kotlin.resolve.calls.util.IsFromStdlibJre7Or8Kt.isLowPriorityFromStdlibJre7Or8(Lorg/jetbrains/kotlin/descriptors/CallableDescriptor;)
Event: 308.578 Thread 0x000001ab0ae49510 DEOPT PACKING pc=0x000001aab87febdc sp=0x00000047668f9bf0
Event: 308.578 Thread 0x000001ab0ae49510 DEOPT UNPACKING pc=0x000001aab78f4402 sp=0x00000047668f9a80 mode 2
Event: 308.578 Thread 0x000001ab0ae49510 Uncommon trap: trap_request=0xffffffc6 fr.pc=0x000001aab87febdc relative=0x000000000000207c
Event: 308.578 Thread 0x000001ab0ae49510 Uncommon trap: reason=bimorphic_or_optimized_type_check action=maybe_recompile pc=0x000001aab87febdc method=org.jetbrains.kotlin.resolve.calls.util.IsFromStdlibJre7Or8Kt.isLowPriorityFromStdlibJre7Or8(Lorg/jetbrains/kotlin/descriptors/CallableDescriptor;)
Event: 308.578 Thread 0x000001ab0ae49510 DEOPT PACKING pc=0x000001aab87febdc sp=0x00000047668f9bf0
Event: 308.578 Thread 0x000001ab0ae49510 DEOPT UNPACKING pc=0x000001aab78f4402 sp=0x00000047668f9a80 mode 2

Classes loaded (20 events):
Event: 125.006 Loading class java/util/ResourceBundle$CacheKeyReference done
Event: 125.006 Loading class java/util/ResourceBundle$KeyElementReference done
Event: 125.007 Loading class java/util/ResourceBundle$3
Event: 125.007 Loading class java/util/ResourceBundle$3 done
Event: 125.011 Loading class sun/util/logging/resources/logging
Event: 125.012 Loading class sun/util/logging/resources/logging done
Event: 125.012 Loading class java/util/ResourceBundle$BundleReference
Event: 125.012 Loading class java/util/ResourceBundle$BundleReference done
Event: 125.012 Loading class sun/util/logging/resources/logging_en
Event: 125.012 Loading class sun/util/logging/resources/logging_en done
Event: 125.012 Loading class sun/util/logging/resources/logging_en
Event: 125.012 Loading class sun/util/logging/resources/logging_en done
Event: 125.017 Loading class sun/util/logging/resources/logging_en_US
Event: 125.017 Loading class sun/util/logging/resources/logging_en_US done
Event: 125.017 Loading class sun/util/logging/resources/logging_en_US
Event: 125.017 Loading class sun/util/logging/resources/logging_en_US done
Event: 125.017 Loading class java/util/Formatter$DateTime
Event: 125.018 Loading class java/util/Formatter$DateTime done
Event: 125.021 Loading class java/time/ZonedDateTime$1
Event: 125.021 Loading class java/time/ZonedDateTime$1 done

Classes unloaded (0 events):
No events

Classes redefined (0 events):
No events

Internal exceptions (20 events):
Event: 138.803 Thread 0x000001ab0ae49510 Exception <a 'java/lang/NoSuchMethodError'{0x000000009994d398}: 'java.lang.Object java.lang.invoke.DirectMethodHandle$Holder.newInvokeSpecial(java.lang.Object, java.lang.Object, java.lang.Object, java.lang.Object, java.lang.Object, int, java.lang.Object)'> (0x000000009994d398) 
thrown [s\open\src\hotspot\share\interpreter\linkResolver.cpp, line 796]
Event: 138.804 Thread 0x000001ab0ae49510 Exception <a 'java/lang/NoSuchMethodError'{0x0000000099951840}: 'java.lang.Object java.lang.invoke.DirectMethodHandle$Holder.invokeSpecial(java.lang.Object, java.lang.Object, java.lang.Object, java.lang.Object, java.lang.Object, java.lang.Object, int, java.lang.Object)'> (0x0000000099951840) 
thrown [s\open\src\hotspot\share\interpreter\linkResolver.cpp, line 796]
Event: 138.804 Thread 0x000001ab0ae49510 Exception <a 'java/lang/NoSuchMethodError'{0x00000000999553a8}: 'java.lang.Object java.lang.invoke.Invokers$Holder.linkToTargetMethod(java.lang.Object, java.lang.Object, java.lang.Object, java.lang.Object, int, java.lang.Object, java.lang.Object)'> (0x00000000999553a8) 
thrown [s\open\src\hotspot\share\interpreter\linkResolver.cpp, line 796]
Event: 139.434 Thread 0x000001ab0ae49510 Implicit null exception at 0x000001aab87cc75b to 0x000001aab87cf6c8
Event: 139.454 Thread 0x000001ab0ae49510 Implicit null exception at 0x000001aab7e6210f to 0x000001aab7e6243c
Event: 142.481 Thread 0x000001ab0ae49510 Implicit null exception at 0x000001aab870f2f1 to 0x000001aab8710460
Event: 168.384 Thread 0x000001ab0ae49510 Implicit null exception at 0x000001aab87565e0 to 0x000001aab8756724
Event: 168.454 Thread 0x000001ab0ae49510 Implicit null exception at 0x000001aab8ab12e3 to 0x000001aab8ab24ac
Event: 168.454 Thread 0x000001ab0ae49510 Implicit null exception at 0x000001aab8abb50b to 0x000001aab8abc0a0
Event: 178.244 Thread 0x000001ab0ae49510 Implicit null exception at 0x000001aab8ade500 to 0x000001aab8ae0918
Event: 186.413 Thread 0x000001ab0ae49510 Implicit null exception at 0x000001aab866560f to 0x000001aab86656ed
Event: 200.235 Thread 0x000001ab0ae49510 Implicit null exception at 0x000001aab8924737 to 0x000001aab8927ba8
Event: 200.236 Thread 0x000001ab0ae49510 Implicit null exception at 0x000001aab8af082f to 0x000001aab8af3bf4
Event: 210.565 Thread 0x000001ab0ae49510 Implicit null exception at 0x000001aab891c6c0 to 0x000001aab891d7cc
Event: 222.634 Thread 0x000001ab0ae49510 Implicit null exception at 0x000001aab8bce2e0 to 0x000001aab8bd22e8
Event: 229.132 Thread 0x000001ab0ae49510 Implicit null exception at 0x000001aab8c3dfda to 0x000001aab8c41d30
Event: 253.689 Thread 0x000001ab0ae49510 Implicit null exception at 0x000001aab8424500 to 0x000001aab8424768
Event: 263.085 Thread 0x000001ab0ae49510 Implicit null exception at 0x000001aab839ecc9 to 0x000001aab839ed91
Event: 296.906 Thread 0x000001ab0ae49510 Implicit null exception at 0x000001aab8be4fa0 to 0x000001aab8becac0
Event: 307.702 Thread 0x000001ab0ae49510 Implicit null exception at 0x000001aab861e88c to 0x000001aab861ea58

VM Operations (20 events):
Event: 239.613 Executing VM operation: G1PauseCleanup done
Event: 248.722 Executing VM operation: G1CollectForAllocation (G1 Evacuation Pause)
Event: 248.800 Executing VM operation: G1CollectForAllocation (G1 Evacuation Pause) done
Event: 256.522 Executing VM operation: G1CollectForAllocation (G1 Evacuation Pause)
Event: 256.629 Executing VM operation: G1CollectForAllocation (G1 Evacuation Pause) done
Event: 257.867 Executing VM operation: G1TryInitiateConcMark (G1 Humongous Allocation)
Event: 257.963 Executing VM operation: G1TryInitiateConcMark (G1 Humongous Allocation) done
Event: 260.539 Executing VM operation: G1PauseRemark
Event: 261.717 Executing VM operation: G1PauseRemark done
Event: 262.793 Executing VM operation: G1PauseCleanup
Event: 262.794 Executing VM operation: G1PauseCleanup done
Event: 281.122 Executing VM operation: G1CollectForAllocation (G1 Evacuation Pause)
Event: 281.197 Executing VM operation: G1CollectForAllocation (G1 Evacuation Pause) done
Event: 295.190 Executing VM operation: G1CollectForAllocation (G1 Evacuation Pause)
Event: 296.430 Executing VM operation: G1CollectForAllocation (G1 Evacuation Pause) done
Event: 297.105 Executing VM operation: G1TryInitiateConcMark (G1 Humongous Allocation)
Event: 297.619 Executing VM operation: G1TryInitiateConcMark (G1 Humongous Allocation) done
Event: 309.170 Executing VM operation: G1CollectForAllocation (G1 Evacuation Pause)
Event: 309.489 Executing VM operation: G1CollectForAllocation (G1 Evacuation Pause) done
Event: 311.895 Executing VM operation: G1PauseRemark

Memory protections (0 events):
No events

Nmethod flushes (20 events):
Event: 312.046 Thread 0x000001aac3f675c0 flushing  nmethod 0x000001aab0fa3b08
Event: 312.047 Thread 0x000001aac3f675c0 flushing  nmethod 0x000001aab1352b88
Event: 312.047 Thread 0x000001aac3f675c0 flushing  nmethod 0x000001aab1354388
Event: 312.048 Thread 0x000001aac3f675c0 flushing  nmethod 0x000001aab1576488
Event: 312.049 Thread 0x000001aac3f675c0 flushing  nmethod 0x000001aab15d1188
Event: 312.049 Thread 0x000001aac3f675c0 flushing  nmethod 0x000001aab15e0888
Event: 312.049 Thread 0x000001aac3f675c0 flushing  nmethod 0x000001aab18fd188
Event: 312.049 Thread 0x000001aac3f675c0 flushing  nmethod 0x000001aab19ac788
Event: 312.049 Thread 0x000001aac3f675c0 flushing  nmethod 0x000001aab1a65988
Event: 312.049 Thread 0x000001aac3f675c0 flushing  nmethod 0x000001aab1a99b08
Event: 312.049 Thread 0x000001aac3f675c0 flushing  nmethod 0x000001aab1b53788
Event: 312.049 Thread 0x000001aac3f675c0 flushing  nmethod 0x000001aab1b53a88
Event: 312.050 Thread 0x000001aac3f675c0 flushing  nmethod 0x000001aab1c46388
Event: 312.050 Thread 0x000001aac3f675c0 flushing  nmethod 0x000001aab1cc4b08
Event: 312.050 Thread 0x000001aac3f675c0 flushing  nmethod 0x000001aab1cfaf88
Event: 312.050 Thread 0x000001aac3f675c0 flushing  nmethod 0x000001aab1cfcc88
Event: 312.050 Thread 0x000001aac3f675c0 flushing  nmethod 0x000001aab1de5308
Event: 312.050 Thread 0x000001aac3f675c0 flushing  nmethod 0x000001aab1df5288
Event: 312.051 Thread 0x000001aac3f675c0 flushing  nmethod 0x000001aab211d888
Event: 312.053 Thread 0x000001aac3f675c0 flushing  nmethod 0x000001aab21f4188

Events (20 events):
Event: 196.008 Thread 0x000001aac3f9a0d0 Thread added: 0x000001ab16ac79b0
Event: 196.403 Thread 0x000001ab16ac79b0 Thread exited: 0x000001ab16ac79b0
Event: 197.604 Thread 0x000001aac3f9a0d0 Thread added: 0x000001ab16ac8080
Event: 199.056 Thread 0x000001ab16ac8080 Thread exited: 0x000001ab16ac8080
Event: 207.365 Thread 0x000001aac3f9a0d0 Thread added: 0x000001ab16ac8750
Event: 208.401 Thread 0x000001ab16ac8750 Thread exited: 0x000001ab16ac8750
Event: 208.558 Thread 0x000001aac3f9a0d0 Thread added: 0x000001ab16ac6540
Event: 210.105 Thread 0x000001ab16ac6540 Thread exited: 0x000001ab16ac6540
Event: 210.796 Thread 0x000001aac3f9a0d0 Thread added: 0x000001ab13be99e0
Event: 212.680 Thread 0x000001ab13be99e0 Thread exited: 0x000001ab13be99e0
Event: 215.569 Thread 0x000001aac3f95b10 Thread added: 0x000001ab13be99e0
Event: 216.111 Thread 0x000001ab13be99e0 Thread exited: 0x000001ab13be99e0
Event: 216.887 Thread 0x000001aac3f9a0d0 Thread added: 0x000001ab13be99e0
Event: 217.119 Thread 0x000001ab13be99e0 Thread exited: 0x000001ab13be99e0
Event: 224.562 Thread 0x000001aac3f9a0d0 Thread added: 0x000001ab13be6a30
Event: 224.762 Thread 0x000001ab13be6a30 Thread exited: 0x000001ab13be6a30
Event: 275.414 Thread 0x000001aac3f9a0d0 Thread added: 0x000001ab1d609630
Event: 277.600 Thread 0x000001ab1d609630 Thread exited: 0x000001ab1d609630
Event: 279.814 Thread 0x000001aac3f9a0d0 Thread added: 0x000001ab1d6081c0
Event: 280.695 Thread 0x000001ab1d6081c0 Thread exited: 0x000001ab1d6081c0


Dynamic libraries:
0x00007ff684ee0000 - 0x00007ff684ef0000 	C:\Program Files\Java\jdk-23\bin\java.exe
0x00007ff9d5600000 - 0x00007ff9d5867000 	C:\WINDOWS\SYSTEM32\ntdll.dll
0x00007ff9d4240000 - 0x00007ff9d4309000 	C:\WINDOWS\System32\KERNEL32.DLL
0x00007ff9d2b80000 - 0x00007ff9d2f70000 	C:\WINDOWS\System32\KERNELBASE.dll
0x00007ff9d3100000 - 0x00007ff9d324b000 	C:\WINDOWS\System32\ucrtbase.dll
0x00007ff9769d0000 - 0x00007ff9769e7000 	C:\Program Files\Java\jdk-23\bin\jli.dll
0x00007ff9b6c40000 - 0x00007ff9b6c5b000 	C:\Program Files\Java\jdk-23\bin\VCRUNTIME140.dll
0x00007ff9d5140000 - 0x00007ff9d5305000 	C:\WINDOWS\System32\USER32.dll
0x00007ff9d2b50000 - 0x00007ff9d2b77000 	C:\WINDOWS\System32\win32u.dll
0x00007ff9d5110000 - 0x00007ff9d513b000 	C:\WINDOWS\System32\GDI32.dll
0x00007ff9bbf70000 - 0x00007ff9bc20a000 	C:\WINDOWS\WinSxS\amd64_microsoft.windows.common-controls_6595b64144ccf1df_6.0.26100.4768_none_3e0c112ce331287c\COMCTL32.dll
0x00007ff9d3250000 - 0x00007ff9d3388000 	C:\WINDOWS\System32\gdi32full.dll
0x00007ff9d3780000 - 0x00007ff9d3829000 	C:\WINDOWS\System32\msvcrt.dll
0x00007ff9d29e0000 - 0x00007ff9d2a83000 	C:\WINDOWS\System32\msvcp_win.dll
0x00007ff9d5450000 - 0x00007ff9d547f000 	C:\WINDOWS\System32\IMM32.DLL
0x00007ff9babf0000 - 0x00007ff9babfc000 	C:\Program Files\Java\jdk-23\bin\vcruntime140_1.dll
0x00007ff942f10000 - 0x00007ff942f9e000 	C:\Program Files\Java\jdk-23\bin\msvcp140.dll
0x00007ff9138e0000 - 0x00007ff914630000 	C:\Program Files\Java\jdk-23\bin\server\jvm.dll
0x00007ff9d3420000 - 0x00007ff9d34d4000 	C:\WINDOWS\System32\ADVAPI32.dll
0x00007ff9d53a0000 - 0x00007ff9d5446000 	C:\WINDOWS\System32\sechost.dll
0x00007ff9d4310000 - 0x00007ff9d4428000 	C:\WINDOWS\System32\RPCRT4.dll
0x00007ff9d5490000 - 0x00007ff9d5504000 	C:\WINDOWS\System32\WS2_32.dll
0x00007ff9d25b0000 - 0x00007ff9d260e000 	C:\WINDOWS\SYSTEM32\POWRPROF.dll
0x00007ff9d0290000 - 0x00007ff9d02c5000 	C:\WINDOWS\SYSTEM32\WINMM.dll
0x00007ff9c5040000 - 0x00007ff9c504b000 	C:\WINDOWS\SYSTEM32\VERSION.dll
0x00007ff9d2590000 - 0x00007ff9d25a4000 	C:\WINDOWS\SYSTEM32\UMPDC.dll
0x00007ff9d1480000 - 0x00007ff9d149b000 	C:\WINDOWS\SYSTEM32\kernel.appcore.dll
0x00007ff9b9b20000 - 0x00007ff9b9b2a000 	C:\Program Files\Java\jdk-23\bin\jimage.dll
0x00007ff9cfae0000 - 0x00007ff9cfd21000 	C:\WINDOWS\SYSTEM32\DBGHELP.DLL
0x00007ff9d3e40000 - 0x00007ff9d41c5000 	C:\WINDOWS\System32\combase.dll
0x00007ff9d34e0000 - 0x00007ff9d35c0000 	C:\WINDOWS\System32\OLEAUT32.dll
0x00007ff9b49b0000 - 0x00007ff9b49f3000 	C:\WINDOWS\SYSTEM32\dbgcore.DLL
0x00007ff9d2940000 - 0x00007ff9d29d9000 	C:\WINDOWS\System32\bcryptPrimitives.dll
0x00007ff9a30a0000 - 0x00007ff9a30be000 	C:\Program Files\Java\jdk-23\bin\java.dll
0x00007ff9d4c60000 - 0x00007ff9d4e00000 	C:\WINDOWS\System32\ole32.dll
0x00007ff9d4430000 - 0x00007ff9d4b7d000 	C:\WINDOWS\System32\SHELL32.dll
0x00007ff9d2f80000 - 0x00007ff9d30f3000 	C:\WINDOWS\System32\wintypes.dll
0x00007ff9d02f0000 - 0x00007ff9d0b50000 	C:\WINDOWS\SYSTEM32\windows.storage.dll
0x00007ff9d4e10000 - 0x00007ff9d4f05000 	C:\WINDOWS\System32\SHCORE.dll
0x00007ff9d41d0000 - 0x00007ff9d423a000 	C:\WINDOWS\System32\shlwapi.dll
0x00007ff9d2650000 - 0x00007ff9d2679000 	C:\WINDOWS\SYSTEM32\profapi.dll
0x00007ff94d9f0000 - 0x00007ff94dac7000 	C:\Program Files\Java\jdk-23\bin\jsvml.dll
0x00007ff9b9a90000 - 0x00007ff9b9aa0000 	C:\Program Files\Java\jdk-23\bin\net.dll
0x00007ff9d1a40000 - 0x00007ff9d1aab000 	C:\WINDOWS\system32\mswsock.dll
0x00007ff9a3080000 - 0x00007ff9a3096000 	C:\Program Files\Java\jdk-23\bin\nio.dll
0x00007ff9a3060000 - 0x00007ff9a3077000 	C:\Program Files\Java\jdk-23\bin\zip.dll
0x00007ff9d1d00000 - 0x00007ff9d1d1b000 	C:\WINDOWS\SYSTEM32\CRYPTSP.dll
0x00007ff9d13e0000 - 0x00007ff9d141b000 	C:\WINDOWS\system32\rsaenh.dll
0x00007ff9d1ae0000 - 0x00007ff9d1b0b000 	C:\WINDOWS\SYSTEM32\USERENV.dll
0x00007ff9d2620000 - 0x00007ff9d2646000 	C:\WINDOWS\SYSTEM32\bcrypt.dll
0x00007ff9d1d20000 - 0x00007ff9d1d2c000 	C:\WINDOWS\SYSTEM32\CRYPTBASE.dll
0x00007ff9d0eb0000 - 0x00007ff9d0ee3000 	C:\WINDOWS\SYSTEM32\IPHLPAPI.DLL
0x00007ff9d33f0000 - 0x00007ff9d33fa000 	C:\WINDOWS\System32\NSI.dll
0x00007ff9b7ad0000 - 0x00007ff9b7ae0000 	C:\Program Files\Java\jdk-23\bin\verify.dll
0x00007ff94d860000 - 0x00007ff94d949000 	C:\Users\Mbongeni\AppData\Local\Temp\sqlite-3.41.2.1-42cc495e-24e0-4f0d-a087-1eaeeeb671d3-sqlitejdbc.dll

dbghelp: loaded successfully - version: 4.0.5 - missing functions: none
symbol engine: initialized successfully - sym options: 0x614 - pdb path: .;C:\Program Files\Java\jdk-23\bin;C:\WINDOWS\SYSTEM32;C:\WINDOWS\WinSxS\amd64_microsoft.windows.common-controls_6595b64144ccf1df_6.0.26100.4768_none_3e0c112ce331287c;C:\Program Files\Java\jdk-23\bin\server;C:\Users\Mbongeni\AppData\Local\Temp

VM Arguments:
jvm_args: -DkotlinLanguageServer.version=1.3.13 
java_command: org.javacs.kt.MainKt
java_class_path (initial): c:\Users\Mbongeni\AppData\Roaming\Code\User\globalStorage\fwcd.kotlin\langServerInstall\server\lib\server-1.3.13.jar;c:\Users\Mbongeni\AppData\Roaming\Code\User\globalStorage\fwcd.kotlin\langServerInstall\server\lib\shared-1.3.13.jar;c:\Users\Mbongeni\AppData\Roaming\Code\User\globalStorage\fwcd.kotlin\langServerInstall\server\lib\kotlin-scripting-jvm-host-unshaded-2.1.0.jar;c:\Users\Mbongeni\AppData\Roaming\Code\User\globalStorage\fwcd.kotlin\langServerInstall\server\lib\kotlin-scripting-compiler-2.1.0.jar;c:\Users\Mbongeni\AppData\Roaming\Code\User\globalStorage\fwcd.kotlin\langServerInstall\server\lib\ktfmt-b5d31d1.jar;c:\Users\Mbongeni\AppData\Roaming\Code\User\globalStorage\fwcd.kotlin\langServerInstall\server\lib\kotlin-compiler-2.1.0.jar;c:\Users\Mbongeni\AppData\Roaming\Code\User\globalStorage\fwcd.kotlin\langServerInstall\server\lib\exposed-dao-0.37.3.jar;c:\Users\Mbongeni\AppData\Roaming\Code\User\globalStorage\fwcd.kotlin\langServerInstall\server\lib\exposed-jdbc-0.37.3.jar;c:\Users\Mbongeni\AppData\Roaming\Code\User\globalStorage\fwcd.kotlin\langServerInstall\server\lib\exposed-core-0.37.3.jar;c:\Users\Mbongeni\AppData\Roaming\Code\User\globalStorage\fwcd.kotlin\langServerInstall\server\lib\kotlin-scripting-compiler-impl-2.1.0.jar;c:\Users\Mbongeni\AppData\Roaming\Code\User\globalStorage\fwcd.kotlin\langServerInstall\server\lib\kotlin-reflect-2.1.0.jar;c:\Users\Mbongeni\AppData\Roaming\Code\User\globalStorage\fwcd.kotlin\langServerInstall\server\lib\kotlin-scripting-jvm-2.1.0.jar;c:\Users\Mbongeni\AppData\Roaming\Code\User\globalStorage\fwcd.kotlin\langServerInstall\server\lib\kotlin-scripting-common-2.1.0.jar;c:\Users\Mbongeni\AppData\Roaming\Code\User\globalStorage\fwcd.kotlin\langServerInstall\server\lib\kotlinx-coroutines-core-jvm-1.6.4.jar;c:\Users\Mbongeni\AppData\Roaming\Code\User\globalStorage\fwcd.kotlin\langServerInstall\server\lib\kotlin-stdlib-jdk8-2.1.0.jar;c:\Users\Mbongeni\AppData\Roaming\Code\User\globalStorage\fwcd.kotlin\langServerInstall\server\lib\kotlin-stdlib-jdk7-2.1.0.jar;c:\Users\Mbongeni\AppData\Roaming\Code\User\globalStorage\fwcd.kotlin\langServerInstall\server\lib\kotlin-stdlib-2.1.0.jar;c:\Users\Mbongeni\AppData\Roaming\Code\User\globalStorage\fwcd.kotlin\langServerInstall\server\lib\org.eclipse.lsp4j-0.21.2.jar;c:\Users\Mbongeni\AppData\Roaming\Code\User\globalStorage\fwcd.kotlin\langServerInstall\server\lib\org.eclipse.lsp4j.jsonrpc-0.21.2.jar;c:\Users\Mbongeni\AppData\Roaming\Code\User\globalStorage\fwcd.kotlin\langServerInstall\server\lib\kotlin-sam-with-receiver-compiler-plugin-2.1.0.jar;c:\Users\Mbongeni\AppData\Roaming\Code\User\globalStorage\fwcd.kotlin\langServerInstall\server\lib\fernflower-1.0.jar;c:\Users\Mbongeni\AppData\Roaming\Code\User\globalStorage\fwcd.kotlin\langServerInstall\server\lib\h2-1.4.200.jar;c:\Users\Mbongeni\AppData\Roaming\Code\User\globalStorage\fwcd.kotlin\langServerInstall\server\lib\jcommander-1.78.jar;c:\Users\Mbongeni\AppData\Roaming\Code\User\globalStorage\fwcd.kotlin\langServerInstall\server\lib\sqlite-jdbc-3.41.2.1.jar;c:\Users\Mbongeni\AppData\Roaming\Code\User\globalStorage\fwcd.kotlin\langServerInstall\server\lib\google-java-format-1.8.jar;c:\Users\Mbongeni\AppData\Roaming\Code\User\globalStorage\fwcd.kotlin\langServerInstall\server\lib\guava-33.3.0-jre.jar;c:\Users\Mbongeni\AppData\Roaming\Code\User\globalStorage\fwcd.kotlin\langServerInstall\server\lib\annotations-13.0.jar;c:\Users\Mbongeni\AppData\Roaming\Code\User\globalStorage\fwcd.kotlin\langServerInstall\server\lib\gson-2.10.1.jar;c:\Users\Mbongeni\AppData\Roaming\Code\User\globalStorage\fwcd.kotlin\langServerInstall\server\lib\kotlin-script-runtime-2.1.0.jar;c:\Users\Mbongeni\AppData\Roaming\Code\User\globalStorage\fwcd.kotlin\langServerInstall\server\lib\trove4j-1.0.20200330.jar;c:\Users\Mbongeni\AppData\Roaming\Code\User\globalStorage\fwcd.kotlin\langServerInstall\server\lib\jline-3.24.1.jar;c:\Users\Mbongeni\AppData\Roaming\Code\User\globalStorage\fwcd.kotlin\langServerInstall\server\lib\slf4j-api-1.7.25.jar;c:\Users\Mbongeni\AppData\Roaming\Code\User\globalStorage\fwcd.kotlin\langServerInstall\server\lib\jna-4.2.2.jar;c:\Users\Mbongeni\AppData\Roaming\Code\User\globalStorage\fwcd.kotlin\langServerInstall\server\lib\failureaccess-1.0.2.jar;c:\Users\Mbongeni\AppData\Roaming\Code\User\globalStorage\fwcd.kotlin\langServerInstall\server\lib\listenablefuture-9999.0-empty-to-avoid-conflict-with-guava.jar;c:\Users\Mbongeni\AppData\Roaming\Code\User\globalStorage\fwcd.kotlin\langServerInstall\server\lib\jsr305-3.0.2.jar;c:\Users\Mbongeni\AppData\Roaming\Code\User\globalStorage\fwcd.kotlin\langServerInstall\server\lib\checker-qual-3.43.0.jar;c:\Users\Mbongeni\AppData\Roaming\Code\User\globalStorage\fwcd.kotlin\langServerInstall\server\lib\error_prone_annotations-2.28.0.jar
Launcher Type: SUN_STANDARD

[Global flags]
     intx CICompilerCount                          = 3                                         {product} {ergonomic}
     uint ConcGCThreads                            = 1                                         {product} {ergonomic}
     uint G1ConcRefinementThreads                  = 4                                         {product} {ergonomic}
   size_t G1HeapRegionSize                         = 1048576                                   {product} {ergonomic}
   size_t InitialHeapSize                          = 132120576                                 {product} {ergonomic}
   size_t MarkStackSize                            = 4194304                                   {product} {ergonomic}
   size_t MarkStackSizeMax                         = 536870912                                 {product} {ergonomic}
   size_t MaxHeapSize                              = 2105540608                                {product} {ergonomic}
   size_t MaxNewSize                               = 1262485504                                {product} {ergonomic}
   size_t MinHeapDeltaBytes                        = 1048576                                   {product} {ergonomic}
   size_t MinHeapSize                              = 8388608                                   {product} {ergonomic}
    uintx NonNMethodCodeHeapSize                   = 5832704                                {pd product} {ergonomic}
    uintx NonProfiledCodeHeapSize                  = 122945536                              {pd product} {ergonomic}
    uintx ProfiledCodeHeapSize                     = 122880000                              {pd product} {ergonomic}
    uintx ReservedCodeCacheSize                    = 251658240                              {pd product} {ergonomic}
     bool SegmentedCodeCache                       = true                                      {product} {ergonomic}
   size_t SoftMaxHeapSize                          = 2105540608                             {manageable} {ergonomic}
     bool UseCompressedOops                        = true                           {product lp64_product} {ergonomic}
     bool UseG1GC                                  = true                                      {product} {ergonomic}
     bool UseLargePagesIndividualAllocation        = false                                  {pd product} {ergonomic}

Logging:
Log output configuration:
 #0: stdout all=warning uptime,level,tags foldmultilines=false
 #1: stderr all=off uptime,level,tags foldmultilines=false

Environment Variables:
CLASSPATH=c:\Users\Mbongeni\AppData\Roaming\Code\User\globalStorage\fwcd.kotlin\langServerInstall\server\lib\server-1.3.13.jar;c:\Users\Mbongeni\AppData\Roaming\Code\User\globalStorage\fwcd.kotlin\langServerInstall\server\lib\shared-1.3.13.jar;c:\Users\Mbongeni\AppData\Roaming\Code\User\globalStorage\fwcd.kotlin\langServerInstall\server\lib\kotlin-scripting-jvm-host-unshaded-2.1.0.jar;c:\Users\Mbongeni\AppData\Roaming\Code\User\globalStorage\fwcd.kotlin\langServerInstall\server\lib\kotlin-scripting-compiler-2.1.0.jar;c:\Users\Mbongeni\AppData\Roaming\Code\User\globalStorage\fwcd.kotlin\langServerInstall\server\lib\ktfmt-b5d31d1.jar;c:\Users\Mbongeni\AppData\Roaming\Code\User\globalStorage\fwcd.kotlin\langServerInstall\server\lib\kotlin-compiler-2.1.0.jar;c:\Users\Mbongeni\AppData\Roaming\Code\User\globalStorage\fwcd.kotlin\langServerInstall\server\lib\exposed-dao-0.37.3.jar;c:\Users\Mbongeni\AppData\Roaming\Code\User\globalStorage\fwcd.kotlin\langServerInstall\server\lib\exposed-jdbc-0.37.3.jar;c:\Users\Mbongeni\AppData\Roaming\Code\User\globalStorage\fwcd.kotlin\langServerInstall\server\lib\exposed-core-0.37.3.jar;c:\Users\Mbongeni\AppData\Roaming\Code\User\globalStorage\fwcd.kotlin\langServerInstall\server\lib\kotlin-scripting-compiler-impl-2.1.0.jar;c:\Users\Mbongeni\AppData\Roaming\Code\User\globalStorage\fwcd.kotlin\langServerInstall\server\lib\kotlin-reflect-2.1.0.jar;c:\Users\Mbongeni\AppData\Roaming\Code\User\globalStorage\fwcd.kotlin\langServerInstall\server\lib\kotlin-scripting-jvm-2.1.0.jar;c:\Users\Mbongeni\AppData\Roaming\Code\User\globalStorage\fwcd.kotlin\langServerInstall\server\lib\kotlin-scripting-common-2.1.0.jar;c:\Users\Mbongeni\AppData\Roaming\Code\User\globalStorage\fwcd.kotlin\langServerInstall\server\lib\kotlinx-coroutines-core-jvm-1.6.4.jar;c:\Users\Mbongeni\AppData\Roaming\Code\User\globalStorage\fwcd.kotlin\langServerInstall\server\lib\kotlin-stdlib-jdk8-2.1.0.jar;c:\Users\Mbongeni\AppData\Roaming\Code\User\globalStorage\fwcd.kotlin\langServerInstall\server\lib\kotlin-stdlib-jdk7-2.1.0.jar;c:\Users\Mbongeni\AppData\Roaming\Code\User\globalStorage\fwcd.kotlin\langServerInstall\server\lib\kotlin-stdlib-2.1.0.jar;c:\Users\Mbongeni\AppData\Roaming\Code\User\globalStorage\fwcd.kotlin\langServerInstall\server\lib\org.eclipse.lsp4j-0.21.2.jar;c:\Users\Mbongeni\AppData\Roaming\Code\User\globalStorage\fwcd.kotlin\langServerInstall\server\lib\org.eclipse.lsp4j.jsonrpc-0.21.2.jar;c:\Users\Mbongeni\AppData\Roaming\Code\User\globalStorage\fwcd.kotlin\langServerInstall\server\lib\kotlin-sam-with-receiver-compiler-plugin-2.1.0.jar;c:\Users\Mbongeni\AppData\Roaming\Code\User\globalStorage\fwcd.kotlin\langServerInstall\server\lib\fernflower-1.0.jar;c:\Users\Mbongeni\AppData\Roaming\Code\User\globalStorage\fwcd.kotlin\langServerInstall\server\lib\h2-1.4.200.jar;c:\Users\Mbongeni\AppData\Roaming\Code\User\globalStorage\fwcd.kotlin\langServerInstall\server\lib\jcommander-1.78.jar;c:\Users\Mbongeni\AppData\Roaming\Code\User\globalStorage\fwcd.kotlin\langServerInstall\server\lib\sqlite-jdbc-3.41.2.1.jar;c:\Users\Mbongeni\AppData\Roaming\Code\User\globalStorage\fwcd.kotlin\langServerInstall\server\lib\google-java-format-1.8.jar;c:\Users\Mbongeni\AppData\Roaming\Code\User\globalStorage\fwcd.kotlin\langServerInstall\server\lib\guava-33.3.0-jre.jar;c:\Users\Mbongeni\AppData\Roaming\Code\User\globalStorage\fwcd.kotlin\langServerInstall\server\lib\annotations-13.0.jar;c:\Users\Mbongeni\AppData\Roaming\Code\User\globalStorage\fwcd.kotlin\langServerInstall\server\lib\gson-2.10.1.jar;c:\Users\Mbongeni\AppData\Roaming\Code\User\globalStorage\fwcd.kotlin\langServerInstall\server\lib\kotlin-script-runtime-2.1.0.jar;c:\Users\Mbongeni\AppData\Roaming\Code\User\globalStorage\fwcd.kotlin\langServerInstall\server\lib\trove4j-1.0.20200330.jar;c:\Users\Mbongeni\AppData\Roaming\Code\User\globalStorage\fwcd.kotlin\langServerInstall\server\lib\jline-3.24.1.jar;c:\Users\Mbongeni\AppData\Roaming\Code\User\globalStorage\fwcd.kotlin\langServerInstall\server\lib\slf4j-api-1.7.25.jar;c:\Users\Mbongeni\AppData\Roaming\Code\User\globalStorage\fwcd.kotlin\langServerInstall\server\lib\jna-4.2.2.jar;c:\Users\Mbongeni\AppData\Roaming\Code\User\globalStorage\fwcd.kotlin\langServerInstall\server\lib\failureaccess-1.0.2.jar;c:\Users\Mbongeni\AppData\Roaming\Code\User\globalStorage\fwcd.kotlin\langServerInstall\server\lib\listenablefuture-9999.0-empty-to-avoid-conflict-with-guava.jar;c:\Users\Mbongeni\AppData\Roaming\Code\User\globalStorage\fwcd.kotlin\langServerInstall\server\lib\jsr305-3.0.2.jar;c:\Users\Mbongeni\AppData\Roaming\Code\User\globalStorage\fwcd.kotlin\langServerInstall\server\lib\checker-qual-3.43.0.jar;c:\Users\Mbongeni\AppData\Roaming\Code\User\globalStorage\fwcd.kotlin\langServerInstall\server\lib\error_prone_annotations-2.28.0.jar
PATH=C:\Program Files\Common Files\Oracle\Java\javapath;C:\Windows\System32\HWAudioDriverLibs;C:\Windows\system32;C:\Windows;C:\Windows\System32\Wbem;C:\Windows\System32\WindowsPowerShell\v1.0\;C:\Windows\System32\OpenSSH\;C:\Windows\system32\config\systemprofile\AppData\Local\Microsoft\WindowsApps;C:\WINDOWS\system32;C:\WINDOWS;C:\WINDOWS\System32\Wbem;C:\WINDOWS\System32\WindowsPowerShell\v1.0\;C:\WINDOWS\System32\OpenSSH\;C:\Program Files\nodejs\;C:\Program Files\apache-maven-3.9.9\bin;C:\Program Files\Microsoft SQL Server\150\Tools\Binn\;C:\Users\Mbongeni\Downloads\ffmpeg-2025-04-14-git-3b2a9410ef-full_build\ffmpeg-2025-04-14-git-3b2a9410ef-full_build\bin;C:\platform-tools;C:\xampp\php;C:\ProgramData\ComposerSetup\bin;C:\dev\flutter\bin;C:\Program Files\Git\cmd;C:\Users\Mbongeni\AppData\Local\Microsoft\WindowsApps;C:\Users\Mbongeni\AppData\Local\Programs\Microsoft VS Code\bin;C:\Users\Mbongeni\AppData\Roaming\npm;C:\Users\Mbongeni\AppData\Local\GitHubDesktop\bin;C:\Users\Mbongeni\.dotnet\tools;C:\msys64\ucrt64\bin;C:\Users\Mbongeni\AppData\Roaming\Composer\vendor\bin
USERNAME=Mbongeni
OS=Windows_NT
PROCESSOR_IDENTIFIER=Intel64 Family 6 Model 142 Stepping 12, GenuineIntel
TMP=C:\Users\Mbongeni\AppData\Local\Temp
TEMP=C:\Users\Mbongeni\AppData\Local\Temp




Periodic native trim disabled

---------------  S Y S T E M  ---------------

OS:
 Windows 11 , 64 bit Build 26100 (10.0.26100.4768)
OS uptime: 0 days 2:31 hours
Hyper-V role detected

CPU: total 4 (initial active 4) (2 cores per cpu, 2 threads per core) family 6 model 142 stepping 12 microcode 0xde, cx8, cmov, fxsr, ht, mmx, 3dnowpref, sse, sse2, sse3, ssse3, sse4.1, sse4.2, popcnt, lzcnt, tsc, tscinvbit, avx, avx2, aes, erms, clmul, bmi1, bmi2, adx, fma, vzeroupper, clflush, clflushopt, hv, rdtscp, f16c
Processor Information for the first 4 processors :
  Max Mhz: 2592, Current Mhz: 2592, Mhz Limit: 2073

Memory: 4k page, system-wide physical 8025M (665M free)
TotalPageFile size 23091M (AvailPageFile size 34M)
current process WorkingSet (physical memory assigned to process): 1548M, peak: 1558M
current process commit charge ("private bytes"): 1741M, peak: 1908M

vm_info: Java HotSpot(TM) 64-Bit Server VM (23.0.2+7-58) for windows-amd64 JRE (23.0.2+7-58), built on 2024-11-29T09:34:55Z with MS VC++ 17.6 (VS2022)

END.
