#
# There is insufficient memory for the Java Runtime Environment to continue.
# Native memory allocation (malloc) failed to allocate 1881936 bytes. Error detail: Chunk::new
# Possible reasons:
#   The system is out of physical RAM or swap space
#   This process is running with CompressedOops enabled, and the Java Heap may be blocking the growth of the native heap
# Possible solutions:
#   Reduce memory load on the system
#   Increase physical memory or swap space
#   Check if swap backing store is full
#   Decrease Java heap size (-Xmx/-Xms)
#   Decrease number of Java threads
#   Decrease Java thread stack sizes (-Xss)
#   Set larger code cache with -XX:ReservedCodeCacheSize=
#   JVM is running with Zero Based Compressed Oops mode in which the Java heap is
#     placed in the first 32GB address space. The Java Heap base address is the
#     maximum limit for the native heap growth. Please use -XX:HeapBaseMinAddress
#     to set the Java Heap base and to place the Java Heap above 32GB virtual address.
# This output file may be truncated or incomplete.
#
#  Out of Memory Error (arena.cpp:168), pid=2404, tid=1800
#
# JRE version: OpenJDK Runtime Environment (21.0.6) (build 21.0.6+-13391695-b895.109)
# Java VM: OpenJDK 64-Bit Server VM (21.0.6+-13391695-b895.109, mixed mode, tiered, compressed oops, compressed class ptrs, parallel gc, windows-amd64)
# No core dump will be written. Minidumps are not enabled by default on client versions of Windows
#

---------------  S U M M A R Y ------------

Command Line: --add-opens=java.base/java.lang=ALL-UNNAMED --add-opens=java.base/java.lang.invoke=ALL-UNNAMED --add-opens=java.base/java.util=ALL-UNNAMED --add-opens=java.prefs/java.util.prefs=ALL-UNNAMED --add-exports=jdk.compiler/com.sun.tools.javac.api=ALL-UNNAMED --add-exports=jdk.compiler/com.sun.tools.javac.util=ALL-UNNAMED --add-opens=java.base/java.util=ALL-UNNAMED --add-opens=java.prefs/java.util.prefs=ALL-UNNAMED --add-opens=java.base/java.nio.charset=ALL-UNNAMED --add-opens=java.base/java.net=ALL-UNNAMED --add-opens=java.base/java.util.concurrent.atomic=ALL-UNNAMED --add-opens=java.xml/javax.xml.namespace=ALL-UNNAMED -XX:+UseParallelGC -Xmx4g -Dfile.encoding=UTF-8 -Duser.country=CN -Duser.language=zh -Duser.variant -javaagent:C:\Users\Mbongeni\.gradle\wrapper\dists\gradle-8.14.2-bin\2pb3mgt1p815evrl3weanttgr\gradle-8.14.2\lib\agents\gradle-instrumentation-agent-8.14.2.jar org.gradle.launcher.daemon.bootstrap.GradleDaemon 8.14.2

Host: Intel(R) Core(TM) i3-10110U CPU @ 2.10GHz, 4 cores, 7G,  Windows 11 , 64 bit Build 26100 (10.0.26100.5074)
Time: Sun Sep  7 00:59:10 2025 South Africa Standard Time elapsed time: 9547.155314 seconds (0d 2h 39m 7s)

---------------  T H R E A D  ---------------

Current thread (0x00000227108f81a0):  JavaThread "C2 CompilerThread1" daemon [_thread_in_native, id=1800, stack(0x0000006d00000000,0x0000006d00100000) (1024K)]


Current CompileTask:
C2:9547155 102718 %     4       com.android.tools.r8.ir.optimize.q0::c @ 1113 (4296 bytes)

Stack: [0x0000006d00000000,0x0000006d00100000]
Native frames: (J=compiled Java code, j=interpreted, Vv=VM code, C=native code)
V  [jvm.dll+0x6d0639]
V  [jvm.dll+0x85eb03]
V  [jvm.dll+0x86105e]
V  [jvm.dll+0x861743]
V  [jvm.dll+0x27e6e6]
V  [jvm.dll+0xbff6d]
V  [jvm.dll+0xc04a3]
V  [jvm.dll+0x3b6171]
V  [jvm.dll+0x3820c7]
V  [jvm.dll+0x38153a]
V  [jvm.dll+0x247c82]
V  [jvm.dll+0x247251]
V  [jvm.dll+0x1c5f04]
V  [jvm.dll+0x2569ac]
V  [jvm.dll+0x254ef6]
V  [jvm.dll+0x3f0e96]
V  [jvm.dll+0x806ed8]
V  [jvm.dll+0x6cef0d]
C  [ucrtbase.dll+0x37b0]
C  [KERNEL32.DLL+0x2e8d7]
C  [ntdll.dll+0x8d9c]


---------------  P R O C E S S  ---------------

Threads class SMR info:
_java_thread_list=0x0000022722795590, length=142, elements={
0x0000022769a88160, 0x000002270c010480, 0x000002277efe48f0, 0x000002277efe7bd0,
0x000002277efea630, 0x000002277efeb080, 0x000002277efebad0, 0x000002277efec850,
0x000002277effbea0, 0x000002270c173ab0, 0x000002270c33cd00, 0x000002270c6211d0,
0x000002270c485830, 0x000002270dc86ac0, 0x000002270d798ba0, 0x000002270d7977f0,
0x000002270d797e80, 0x000002270d799230, 0x000002270f5803c0, 0x000002270f581770,
0x000002270f57fd30, 0x000002270e7cdc80, 0x0000022711cc8e30, 0x000002270ea2e850,
0x000002270ea2d4a0, 0x000002270ea2eee0, 0x000002271317cf00, 0x000002271317c1e0,
0x000002270e7d0a70, 0x000002271990d4f0, 0x000002271990c140, 0x000002271990e8a0,
0x000002271990e210, 0x000002270e7ca800, 0x0000022719ae0a20, 0x0000022719adc1f0,
0x0000022719adae40, 0x0000022719adefe0, 0x0000022719ae1740, 0x0000022719ade950,
0x0000022719ae10b0, 0x0000022719ae2460, 0x0000022723183dd0, 0x000002270e7cf030,
0x0000022711cc73f0, 0x000002271ab77610, 0x0000022719ad58f0, 0x0000022726807590,
0x000002272680a380, 0x0000022719ad79c0, 0x0000022719ad4540, 0x0000022719ad8050,
0x0000022719ad9400, 0x0000022719ad8d70, 0x0000022719ad5f80, 0x0000022719ada7b0,
0x0000022719ad7330, 0x0000022719ad86e0, 0x0000022719adc880, 0x0000022719addc30,
0x0000022719ade2c0, 0x00000227268054c0, 0x00000227268033f0, 0x0000022726803a80,
0x00000227268026d0, 0x0000022726802040, 0x0000022726804e30, 0x0000022726805b50,
0x00000227268047a0, 0x00000227268082b0, 0x0000022726808940, 0x000002272680b0a0,
0x0000022726809660, 0x0000022726807c20, 0x0000022726809cf0, 0x000002272680b730,
0x000002272680c450, 0x000002272680de90, 0x000002272680bdc0, 0x00000227268105f0,
0x000002272680d800, 0x000002272680f8d0, 0x0000022726811310, 0x0000022723182390,
0x0000022723184460, 0x0000022723180fe0, 0x0000022723184af0, 0x0000022723185810,
0x0000022723186bc0, 0x0000022723187250, 0x0000022711cc94c0, 0x0000022711ccc940,
0x0000022711ccd660, 0x000002270e7ccf60, 0x000002270e7ce9a0, 0x000002270e7cb520,
0x000002270e7cbbb0, 0x000002270e7cc240, 0x000002270e7cfd50, 0x000002270f4445b0,
0x000002270f443200, 0x000002270f4473a0, 0x000002270f448750, 0x000002270f449470,
0x000002271ab73b00, 0x000002271ab74820, 0x000002271ab76260, 0x000002271ab7aa90,
0x000002271317c870, 0x0000022713180a10, 0x000002270f585910, 0x000002270f587350,
0x0000022711ccb590, 0x000002270ea28c70, 0x000002271a65cd80, 0x000002270d796440,
0x0000022719911690, 0x0000022719ae1dd0, 0x0000022719ad5260, 0x0000022718ec5ee0,
0x0000022718ec7290, 0x0000022718ec6c00, 0x0000022718ec4b30, 0x0000022718ec3e10,
0x0000022718ec44a0, 0x0000022718ec5850, 0x0000022718ec6570, 0x0000022718ec8cd0,
0x0000022718ec9360, 0x0000022718ecada0, 0x0000022718eca080, 0x0000022719adb4d0,
0x0000022723517070, 0x0000022723516350, 0x0000022723518420, 0x00000227235197d0,
0x0000022723517d90, 0x0000022723519e60, 0x00000227235169e0, 0x00000227235221a0,
0x0000022723522830, 0x00000227108f81a0
}

Java Threads: ( => current thread )
  0x0000022769a88160 JavaThread "main"                              [_thread_blocked, id=2232, stack(0x0000006d77600000,0x0000006d77700000) (1024K)]
  0x000002270c010480 JavaThread "Reference Handler"          daemon [_thread_blocked, id=4380, stack(0x0000006d77a00000,0x0000006d77b00000) (1024K)]
  0x000002277efe48f0 JavaThread "Finalizer"                  daemon [_thread_blocked, id=5772, stack(0x0000006d77b00000,0x0000006d77c00000) (1024K)]
  0x000002277efe7bd0 JavaThread "Signal Dispatcher"          daemon [_thread_blocked, id=1672, stack(0x0000006d77c00000,0x0000006d77d00000) (1024K)]
  0x000002277efea630 JavaThread "Attach Listener"            daemon [_thread_blocked, id=9268, stack(0x0000006d77d00000,0x0000006d77e00000) (1024K)]
  0x000002277efeb080 JavaThread "Service Thread"             daemon [_thread_blocked, id=10252, stack(0x0000006d77e00000,0x0000006d77f00000) (1024K)]
  0x000002277efebad0 JavaThread "Monitor Deflation Thread"   daemon [_thread_blocked, id=6408, stack(0x0000006d77f00000,0x0000006d78000000) (1024K)]
  0x000002277efec850 JavaThread "C2 CompilerThread0"         daemon [_thread_in_native, id=6104, stack(0x0000006d78000000,0x0000006d78100000) (1024K)]
  0x000002277effbea0 JavaThread "C1 CompilerThread0"         daemon [_thread_blocked, id=5572, stack(0x0000006d78100000,0x0000006d78200000) (1024K)]
  0x000002270c173ab0 JavaThread "Common-Cleaner"             daemon [_thread_blocked, id=6320, stack(0x0000006d78200000,0x0000006d78300000) (1024K)]
  0x000002270c33cd00 JavaThread "Notification Thread"        daemon [_thread_blocked, id=6924, stack(0x0000006d78300000,0x0000006d78400000) (1024K)]
  0x000002270c6211d0 JavaThread "Daemon health stats"               [_thread_blocked, id=4172, stack(0x0000006d78400000,0x0000006d78500000) (1024K)]
  0x000002270c485830 JavaThread "Incoming local TCP Connector on port 49999"        [_thread_in_native, id=6756, stack(0x0000006d78800000,0x0000006d78900000) (1024K)]
  0x000002270dc86ac0 JavaThread "Daemon periodic checks"            [_thread_blocked, id=1588, stack(0x0000006d78900000,0x0000006d78a00000) (1024K)]
  0x000002270d798ba0 JavaThread "Cache worker for journal cache (C:\Users\Mbongeni\.gradle\caches\journal-1)"        [_thread_blocked, id=9884, stack(0x0000006d79100000,0x0000006d79200000) (1024K)]
  0x000002270d7977f0 JavaThread "File lock request listener"        [_thread_in_native, id=6968, stack(0x0000006d79200000,0x0000006d79300000) (1024K)]
  0x000002270d797e80 JavaThread "Cache worker for file hash cache (C:\Users\Mbongeni\.gradle\caches\8.14.2\fileHashes)"        [_thread_blocked, id=7460, stack(0x0000006d79300000,0x0000006d79400000) (1024K)]
  0x000002270d799230 JavaThread "Cache worker for file content cache (C:\Users\Mbongeni\.gradle\caches\8.14.2\fileContent)"        [_thread_blocked, id=10724, stack(0x0000006d79800000,0x0000006d79900000) (1024K)]
  0x000002270f5803c0 JavaThread "File watcher server"        daemon [_thread_in_native, id=6384, stack(0x0000006d79900000,0x0000006d79a00000) (1024K)]
  0x000002270f581770 JavaThread "File watcher consumer"      daemon [_thread_blocked, id=8972, stack(0x0000006d79a00000,0x0000006d79b00000) (1024K)]
  0x000002270f57fd30 JavaThread "JNA Cleaner"                daemon [_thread_blocked, id=6284, stack(0x0000006d79400000,0x0000006d79500000) (1024K)]
  0x000002270e7cdc80 JavaThread "Memory manager"                    [_thread_blocked, id=4352, stack(0x0000006d7ac00000,0x0000006d7ad00000) (1024K)]
  0x0000022711cc8e30 JavaThread "pool-2-thread-1"                   [_thread_blocked, id=5060, stack(0x0000006d7bf00000,0x0000006d7c000000) (1024K)]
  0x000002270ea2e850 JavaThread "RMI Scheduler(0)"           daemon [_thread_blocked, id=11212, stack(0x0000006d7e500000,0x0000006d7e600000) (1024K)]
  0x000002270ea2d4a0 JavaThread "RMI GC Daemon"              daemon [_thread_blocked, id=3440, stack(0x0000006d7e700000,0x0000006d7e800000) (1024K)]
  0x000002270ea2eee0 JavaThread "RMI TCP Accept-0"           daemon [_thread_in_native, id=7388, stack(0x0000006d7e800000,0x0000006d7e900000) (1024K)]
  0x000002271317cf00 JavaThread "RMI Reaper"                        [_thread_blocked, id=13984, stack(0x0000006d7e900000,0x0000006d7ea00000) (1024K)]
  0x000002271317c1e0 JavaThread "Cache worker for Java compile cache (C:\Users\Mbongeni\.gradle\caches\8.14.2\javaCompile)"        [_thread_blocked, id=5244, stack(0x0000006d7ea00000,0x0000006d7eb00000) (1024K)]
  0x000002270e7d0a70 JavaThread "pool-5-thread-1"                   [_thread_blocked, id=10384, stack(0x0000006d7ae00000,0x0000006d7af00000) (1024K)]
  0x000002271990d4f0 JavaThread "Periodic tasks thread"      daemon [_thread_blocked, id=5292, stack(0x0000006d7be00000,0x0000006d7bf00000) (1024K)]
  0x000002271990c140 JavaThread "ApplicationImpl pooled thread 1" daemon [_thread_blocked, id=4772, stack(0x0000006d7c000000,0x0000006d7c100000) (1024K)]
  0x000002271990e8a0 JavaThread "Java2D Disposer"            daemon [_thread_blocked, id=4480, stack(0x0000006d7c100000,0x0000006d7c200000) (1024K)]
  0x000002271990e210 JavaThread "AWT-Windows"                daemon [_thread_in_native, id=1996, stack(0x0000006d7c300000,0x0000006d7c400000) (1024K)]
  0x000002270e7ca800 JavaThread "pool-9-thread-1"                   [_thread_blocked, id=12644, stack(0x0000006d7aa00000,0x0000006d7ab00000) (1024K)]
  0x0000022719ae0a20 JavaThread "pool-12-thread-1"                  [_thread_blocked, id=11512, stack(0x0000006d7b000000,0x0000006d7b100000) (1024K)]
  0x0000022719adc1f0 JavaThread "pool-15-thread-1"                  [_thread_blocked, id=3456, stack(0x0000006d7ab00000,0x0000006d7ac00000) (1024K)]
  0x0000022719adae40 JavaThread "pool-18-thread-1"                  [_thread_blocked, id=13544, stack(0x0000006d7ad00000,0x0000006d7ae00000) (1024K)]
  0x0000022719adefe0 JavaThread "pool-21-thread-1"                  [_thread_blocked, id=3772, stack(0x0000006d7a800000,0x0000006d7a900000) (1024K)]
  0x0000022719ae1740 JavaThread "pool-24-thread-1"                  [_thread_blocked, id=13592, stack(0x0000006d7b500000,0x0000006d7b600000) (1024K)]
  0x0000022719ade950 JavaThread "pool-26-thread-1"                  [_thread_blocked, id=12796, stack(0x0000006d7a900000,0x0000006d7aa00000) (1024K)]
  0x0000022719ae10b0 JavaThread "pool-29-thread-1"                  [_thread_blocked, id=10008, stack(0x0000006d7b300000,0x0000006d7b400000) (1024K)]
  0x0000022719ae2460 JavaThread "pool-31-thread-1"                  [_thread_blocked, id=3484, stack(0x0000006d7af00000,0x0000006d7b000000) (1024K)]
  0x0000022723183dd0 JavaThread "pool-34-thread-1"                  [_thread_blocked, id=2068, stack(0x0000006d7a600000,0x0000006d7a700000) (1024K)]
  0x000002270e7cf030 JavaThread "pool-37-thread-1"                  [_thread_blocked, id=10676, stack(0x0000006d7b100000,0x0000006d7b200000) (1024K)]
  0x0000022711cc73f0 JavaThread "pool-40-thread-1"                  [_thread_blocked, id=3892, stack(0x0000006d7b600000,0x0000006d7b700000) (1024K)]
  0x000002271ab77610 JavaThread "pool-43-thread-1"                  [_thread_blocked, id=5264, stack(0x0000006d7ba00000,0x0000006d7bb00000) (1024K)]
  0x0000022719ad58f0 JavaThread "pool-46-thread-1"                  [_thread_blocked, id=10316, stack(0x0000006d7ca00000,0x0000006d7cb00000) (1024K)]
  0x0000022726807590 JavaThread "pool-49-thread-1"                  [_thread_blocked, id=1648, stack(0x0000006d7b400000,0x0000006d7b500000) (1024K)]
  0x000002272680a380 JavaThread "pool-52-thread-1"                  [_thread_blocked, id=13864, stack(0x0000006d7b700000,0x0000006d7b800000) (1024K)]
  0x0000022719ad79c0 JavaThread "Daemon Thread 18"                  [_thread_blocked, id=14204, stack(0x0000006d77300000,0x0000006d77400000) (1024K)]
  0x0000022719ad4540 JavaThread "Handler for socket connection from /127.0.0.1:49999 to /127.0.0.1:51572"        [_thread_in_native, id=4264, stack(0x0000006d77400000,0x0000006d77500000) (1024K)]
  0x0000022719ad8050 JavaThread "Cancel handler"                    [_thread_blocked, id=11784, stack(0x0000006d77500000,0x0000006d77600000) (1024K)]
  0x0000022719ad9400 JavaThread "Daemon worker Thread 18"           [_thread_blocked, id=8312, stack(0x0000006d78a00000,0x0000006d78b00000) (1024K)]
  0x0000022719ad8d70 JavaThread "Asynchronous log dispatcher for DefaultDaemonConnection: socket connection from /127.0.0.1:49999 to /127.0.0.1:51572"        [_thread_blocked, id=3956, stack(0x0000006d78b00000,0x0000006d78c00000) (1024K)]
  0x0000022719ad5f80 JavaThread "Stdin handler"                     [_thread_blocked, id=336, stack(0x0000006d78c00000,0x0000006d78d00000) (1024K)]
  0x0000022719ada7b0 JavaThread "Daemon client event forwarder"        [_thread_blocked, id=2256, stack(0x0000006d78d00000,0x0000006d78e00000) (1024K)]
  0x0000022719ad7330 JavaThread "Cache worker for file hash cache (C:\Users\Mbongeni\OneDrive\Documents\GitHub\Lost\.gradle\8.14.2\fileHashes)"        [_thread_blocked, id=8348, stack(0x0000006d78e00000,0x0000006d78f00000) (1024K)]
  0x0000022719ad86e0 JavaThread "Cache worker for checksums cache (C:\Users\Mbongeni\OneDrive\Documents\GitHub\Lost\.gradle\8.14.2\checksums)"        [_thread_blocked, id=12976, stack(0x0000006d78f00000,0x0000006d79000000) (1024K)]
  0x0000022719adc880 JavaThread "Cache worker for Build Output Cleanup Cache (C:\Users\Mbongeni\OneDrive\Documents\GitHub\Lost\.gradle\buildOutputCleanup)"        [_thread_blocked, id=1536, stack(0x0000006d79000000,0x0000006d79100000) (1024K)]
  0x0000022719addc30 JavaThread "gradle-enterprise-worker-18"        [_thread_blocked, id=13932, stack(0x0000006d79500000,0x0000006d79600000) (1024K)]
  0x0000022719ade2c0 JavaThread "Develocity resource usage"  daemon [_thread_blocked, id=13764, stack(0x0000006d79600000,0x0000006d79700000) (1024K)]
  0x00000227268054c0 JavaThread "build event listener"              [_thread_blocked, id=1936, stack(0x0000006d79d00000,0x0000006d79e00000) (1024K)]
  0x00000227268033f0 JavaThread "build event listener"              [_thread_blocked, id=7592, stack(0x0000006d79e00000,0x0000006d79f00000) (1024K)]
  0x0000022726803a80 JavaThread "build event listener"              [_thread_blocked, id=4044, stack(0x0000006d79f00000,0x0000006d7a000000) (1024K)]
  0x00000227268026d0 JavaThread "Build operations"                  [_thread_blocked, id=10380, stack(0x0000006d7a000000,0x0000006d7a100000) (1024K)]
  0x0000022726802040 JavaThread "Build operations Thread 2"         [_thread_blocked, id=3900, stack(0x0000006d7a100000,0x0000006d7a200000) (1024K)]
  0x0000022726804e30 JavaThread "ForkJoinPool.commonPool-worker-50" daemon [_thread_blocked, id=6388, stack(0x0000006d79c00000,0x0000006d79d00000) (1024K)]
  0x0000022726805b50 JavaThread "ForkJoinPool.commonPool-worker-51" daemon [_thread_blocked, id=13596, stack(0x0000006d7a300000,0x0000006d7a400000) (1024K)]
  0x00000227268047a0 JavaThread "ForkJoinPool.commonPool-worker-52" daemon [_thread_blocked, id=12936, stack(0x0000006d7a400000,0x0000006d7a500000) (1024K)]
  0x00000227268082b0 JavaThread "Resource Usage Collector SystemCpu" daemon [_thread_blocked, id=13784, stack(0x0000006d7a500000,0x0000006d7a600000) (1024K)]
  0x0000022726808940 JavaThread "Resource Usage Collector Monitoring 0" daemon [_thread_blocked, id=8096, stack(0x0000006d7b200000,0x0000006d7b300000) (1024K)]
  0x000002272680b0a0 JavaThread "Resource Usage Collector Memory" daemon [_thread_blocked, id=4372, stack(0x0000006d7b800000,0x0000006d7b900000) (1024K)]
  0x0000022726809660 JavaThread "Resource Usage Collector Monitoring 1" daemon [_thread_blocked, id=656, stack(0x0000006d7b900000,0x0000006d7ba00000) (1024K)]
  0x0000022726807c20 JavaThread "Resource Usage Collector NetworkSpeed" daemon [_thread_blocked, id=12696, stack(0x0000006d7bb00000,0x0000006d7bc00000) (1024K)]
  0x0000022726809cf0 JavaThread "Resource Usage Collector Monitoring 2" daemon [_thread_blocked, id=3516, stack(0x0000006d7bc00000,0x0000006d7bd00000) (1024K)]
  0x000002272680b730 JavaThread "Resource Usage Collector DiskSpeed" daemon [_thread_blocked, id=5404, stack(0x0000006d7bd00000,0x0000006d7be00000) (1024K)]
  0x000002272680c450 JavaThread "Resource Usage Collector Monitoring 3" daemon [_thread_blocked, id=2848, stack(0x0000006d7c200000,0x0000006d7c300000) (1024K)]
  0x000002272680de90 JavaThread "Resource Usage Collector Processes" daemon [_thread_blocked, id=7700, stack(0x0000006d7c400000,0x0000006d7c500000) (1024K)]
  0x000002272680bdc0 JavaThread "Resource Usage Collector Monitoring 4" daemon [_thread_blocked, id=13088, stack(0x0000006d7c500000,0x0000006d7c600000) (1024K)]
  0x00000227268105f0 JavaThread "included builds"                   [_thread_blocked, id=13072, stack(0x0000006d7c700000,0x0000006d7c800000) (1024K)]
  0x000002272680d800 JavaThread "Execution worker"                  [_thread_blocked, id=12104, stack(0x0000006d7c800000,0x0000006d7c900000) (1024K)]
  0x000002272680f8d0 JavaThread "Execution worker Thread 2"         [_thread_blocked, id=1724, stack(0x0000006d7c900000,0x0000006d7ca00000) (1024K)]
  0x0000022726811310 JavaThread "Execution worker Thread 3"         [_thread_blocked, id=4788, stack(0x0000006d7cb00000,0x0000006d7cc00000) (1024K)]
  0x0000022723182390 JavaThread "Cache worker for execution history cache (C:\Users\Mbongeni\OneDrive\Documents\GitHub\Lost\.gradle\8.14.2\executionHistory)"        [_thread_blocked, id=5748, stack(0x0000006d7cc00000,0x0000006d7cd00000) (1024K)]
  0x0000022723184460 JavaThread "pool-55-thread-1"                  [_thread_blocked, id=7348, stack(0x0000006d7cd00000,0x0000006d7ce00000) (1024K)]
  0x0000022723180fe0 JavaThread "Unconstrained build operations"        [_thread_blocked, id=13492, stack(0x0000006d7ce00000,0x0000006d7cf00000) (1024K)]
  0x0000022723184af0 JavaThread "Unconstrained build operations Thread 2"        [_thread_blocked, id=588, stack(0x0000006d7d000000,0x0000006d7d100000) (1024K)]
  0x0000022723185810 JavaThread "Unconstrained build operations Thread 4"        [_thread_blocked, id=7012, stack(0x0000006d7d100000,0x0000006d7d200000) (1024K)]
  0x0000022723186bc0 JavaThread "Unconstrained build operations Thread 3"        [_thread_blocked, id=3492, stack(0x0000006d7d200000,0x0000006d7d300000) (1024K)]
  0x0000022723187250 JavaThread "Unconstrained build operations Thread 5"        [_thread_blocked, id=11132, stack(0x0000006d7d300000,0x0000006d7d400000) (1024K)]
  0x0000022711cc94c0 JavaThread "Unconstrained build operations Thread 6"        [_thread_blocked, id=6032, stack(0x0000006d7d400000,0x0000006d7d500000) (1024K)]
  0x0000022711ccc940 JavaThread "Unconstrained build operations Thread 7"        [_thread_blocked, id=14320, stack(0x0000006d7a200000,0x0000006d7a300000) (1024K)]
  0x0000022711ccd660 JavaThread "Unconstrained build operations Thread 8"        [_thread_blocked, id=11300, stack(0x0000006d7d600000,0x0000006d7d700000) (1024K)]
  0x000002270e7ccf60 JavaThread "Unconstrained build operations Thread 9"        [_thread_blocked, id=104, stack(0x0000006d7d700000,0x0000006d7d800000) (1024K)]
  0x000002270e7ce9a0 JavaThread "Unconstrained build operations Thread 10"        [_thread_blocked, id=12980, stack(0x0000006d7d500000,0x0000006d7d600000) (1024K)]
  0x000002270e7cb520 JavaThread "Unconstrained build operations Thread 11"        [_thread_blocked, id=1460, stack(0x0000006d7d800000,0x0000006d7d900000) (1024K)]
  0x000002270e7cbbb0 JavaThread "Unconstrained build operations Thread 12"        [_thread_blocked, id=9876, stack(0x0000006d7d900000,0x0000006d7da00000) (1024K)]
  0x000002270e7cc240 JavaThread "Unconstrained build operations Thread 13"        [_thread_blocked, id=7828, stack(0x0000006d7da00000,0x0000006d7db00000) (1024K)]
  0x000002270e7cfd50 JavaThread "Unconstrained build operations Thread 14"        [_thread_blocked, id=5336, stack(0x0000006d7db00000,0x0000006d7dc00000) (1024K)]
  0x000002270f4445b0 JavaThread "Unconstrained build operations Thread 15"        [_thread_blocked, id=12620, stack(0x0000006d7dc00000,0x0000006d7dd00000) (1024K)]
  0x000002270f443200 JavaThread "Unconstrained build operations Thread 16"        [_thread_blocked, id=9176, stack(0x0000006d7dd00000,0x0000006d7de00000) (1024K)]
  0x000002270f4473a0 JavaThread "Unconstrained build operations Thread 17"        [_thread_blocked, id=5148, stack(0x0000006d7de00000,0x0000006d7df00000) (1024K)]
  0x000002270f448750 JavaThread "Unconstrained build operations Thread 18"        [_thread_blocked, id=3024, stack(0x0000006d7df00000,0x0000006d7e000000) (1024K)]
  0x000002270f449470 JavaThread "Unconstrained build operations Thread 19"        [_thread_blocked, id=3888, stack(0x0000006d7e000000,0x0000006d7e100000) (1024K)]
  0x000002271ab73b00 JavaThread "Unconstrained build operations Thread 20"        [_thread_blocked, id=3700, stack(0x0000006d7e100000,0x0000006d7e200000) (1024K)]
  0x000002271ab74820 JavaThread "Unconstrained build operations Thread 21"        [_thread_blocked, id=10020, stack(0x0000006d7e200000,0x0000006d7e300000) (1024K)]
  0x000002271ab76260 JavaThread "Unconstrained build operations Thread 22"        [_thread_blocked, id=2420, stack(0x0000006d7e300000,0x0000006d7e400000) (1024K)]
  0x000002271ab7aa90 JavaThread "Unconstrained build operations Thread 23"        [_thread_blocked, id=3740, stack(0x0000006d7e400000,0x0000006d7e500000) (1024K)]
  0x000002271317c870 JavaThread "Unconstrained build operations Thread 24"        [_thread_blocked, id=12384, stack(0x0000006d7e600000,0x0000006d7e700000) (1024K)]
  0x0000022713180a10 JavaThread "Unconstrained build operations Thread 25"        [_thread_blocked, id=2660, stack(0x0000006d7eb00000,0x0000006d7ec00000) (1024K)]
  0x000002270f585910 JavaThread "Unconstrained build operations Thread 26"        [_thread_blocked, id=5088, stack(0x0000006d7ec00000,0x0000006d7ed00000) (1024K)]
  0x000002270f587350 JavaThread "Unconstrained build operations Thread 27"        [_thread_blocked, id=472, stack(0x0000006d7ed00000,0x0000006d7ee00000) (1024K)]
  0x0000022711ccb590 JavaThread "Unconstrained build operations Thread 28"        [_thread_blocked, id=9676, stack(0x0000006d7ee00000,0x0000006d7ef00000) (1024K)]
  0x000002270ea28c70 JavaThread "Unconstrained build operations Thread 29"        [_thread_blocked, id=8124, stack(0x0000006d7ef00000,0x0000006d7f000000) (1024K)]
  0x000002271a65cd80 JavaThread "Unconstrained build operations Thread 30"        [_thread_blocked, id=2348, stack(0x0000006d7f000000,0x0000006d7f100000) (1024K)]
  0x000002270d796440 JavaThread "Unconstrained build operations Thread 31"        [_thread_blocked, id=5440, stack(0x0000006d7f100000,0x0000006d7f200000) (1024K)]
  0x0000022719911690 JavaThread "Unconstrained build operations Thread 32"        [_thread_blocked, id=10920, stack(0x0000006d7f200000,0x0000006d7f300000) (1024K)]
  0x0000022719ae1dd0 JavaThread "Unconstrained build operations Thread 33"        [_thread_blocked, id=6828, stack(0x0000006d7f300000,0x0000006d7f400000) (1024K)]
  0x0000022719ad5260 JavaThread "Unconstrained build operations Thread 34"        [_thread_blocked, id=10972, stack(0x0000006d7cf00000,0x0000006d7d000000) (1024K)]
  0x0000022718ec5ee0 JavaThread "Unconstrained build operations Thread 35"        [_thread_blocked, id=9808, stack(0x0000006d7f400000,0x0000006d7f500000) (1024K)]
  0x0000022718ec7290 JavaThread "Unconstrained build operations Thread 36"        [_thread_blocked, id=1992, stack(0x0000006d7f500000,0x0000006d7f600000) (1024K)]
  0x0000022718ec6c00 JavaThread "Unconstrained build operations Thread 37"        [_thread_blocked, id=6360, stack(0x0000006d7f600000,0x0000006d7f700000) (1024K)]
  0x0000022718ec4b30 JavaThread "Unconstrained build operations Thread 38"        [_thread_blocked, id=5876, stack(0x0000006d7f700000,0x0000006d7f800000) (1024K)]
  0x0000022718ec3e10 JavaThread "Unconstrained build operations Thread 39"        [_thread_blocked, id=2416, stack(0x0000006d7f800000,0x0000006d7f900000) (1024K)]
  0x0000022718ec44a0 JavaThread "Unconstrained build operations Thread 40"        [_thread_blocked, id=3372, stack(0x0000006d7f900000,0x0000006d7fa00000) (1024K)]
  0x0000022718ec5850 JavaThread "WorkerExecutor Queue"              [_thread_blocked, id=12700, stack(0x0000006d7fa00000,0x0000006d7fb00000) (1024K)]
  0x0000022718ec6570 JavaThread "WorkerExecutor Queue Thread 2"        [_thread_blocked, id=11136, stack(0x0000006d7fc00000,0x0000006d7fd00000) (1024K)]
  0x0000022718ec8cd0 JavaThread "Build operations Thread 3"         [_thread_blocked, id=10680, stack(0x0000006d00100000,0x0000006d00200000) (1024K)]
  0x0000022718ec9360 JavaThread "Build operations Thread 4"         [_thread_blocked, id=1008, stack(0x0000006d00200000,0x0000006d00300000) (1024K)]
  0x0000022718ecada0 JavaThread "WorkerExecutor Queue Thread 3"        [_thread_blocked, id=12692, stack(0x0000006d00300000,0x0000006d00400000) (1024K)]
  0x0000022718eca080 JavaThread "WorkerExecutor Queue Thread 4"        [_thread_blocked, id=9460, stack(0x0000006d00500000,0x0000006d00600000) (1024K)]
  0x0000022719adb4d0 JavaThread "DefaultDispatcher-worker-1" daemon [_thread_blocked, id=13152, stack(0x0000006d00800000,0x0000006d00900000) (1024K)]
  0x0000022723517070 JavaThread "DefaultDispatcher-worker-2" daemon [_thread_blocked, id=8160, stack(0x0000006d00900000,0x0000006d00a00000) (1024K)]
  0x0000022723516350 JavaThread "DefaultDispatcher-worker-3" daemon [_thread_blocked, id=8172, stack(0x0000006d00a00000,0x0000006d00b00000) (1024K)]
  0x0000022723518420 JavaThread "DefaultDispatcher-worker-4" daemon [_thread_blocked, id=6468, stack(0x0000006d00b00000,0x0000006d00c00000) (1024K)]
  0x00000227235197d0 JavaThread "ForkJoinPool-1-worker-1"    daemon [_thread_in_Java, id=11016, stack(0x0000006d00600000,0x0000006d00700000) (1024K)]
  0x0000022723517d90 JavaThread "ForkJoinPool-1-worker-2"    daemon [_thread_in_Java, id=2580, stack(0x0000006d00700000,0x0000006d00800000) (1024K)]
  0x0000022723519e60 JavaThread "ForkJoinPool-1-worker-3"    daemon [_thread_in_Java, id=12264, stack(0x0000006d00c00000,0x0000006d00d00000) (1024K)]
  0x00000227235169e0 JavaThread "ForkJoinPool-1-worker-4"    daemon [_thread_in_Java, id=7732, stack(0x0000006d00d00000,0x0000006d00e00000) (1024K)]
  0x00000227235221a0 JavaThread "Periodic tasks thread"      daemon [_thread_blocked, id=8412, stack(0x0000006d00e00000,0x0000006d00f00000) (1024K)]
  0x0000022723522830 JavaThread "ApplicationImpl pooled thread 1"        [_thread_blocked, id=8892, stack(0x0000006d00f00000,0x0000006d01000000) (1024K)]
=>0x00000227108f81a0 JavaThread "C2 CompilerThread1"         daemon [_thread_in_native, id=1800, stack(0x0000006d00000000,0x0000006d00100000) (1024K)]
Total: 142

Other Threads:
  0x000002277ef95d40 VMThread "VM Thread"                           [id=5756, stack(0x0000006d77900000,0x0000006d77a00000) (1024K)] _threads_hazard_ptr=0x0000022722795590
  0x000002277eedba00 WatcherThread "VM Periodic Task Thread"        [id=12820, stack(0x0000006d77800000,0x0000006d77900000) (1024K)]
  0x000002276bcb4590 WorkerThread "GC Thread#0"                     [id=12816, stack(0x0000006d77700000,0x0000006d77800000) (1024K)]
  0x000002270ca40f40 WorkerThread "GC Thread#1"                     [id=13908, stack(0x0000006d78500000,0x0000006d78600000) (1024K)]
  0x000002270ca412e0 WorkerThread "GC Thread#2"                     [id=4900, stack(0x0000006d78600000,0x0000006d78700000) (1024K)]
  0x000002270ca41680 WorkerThread "GC Thread#3"                     [id=8424, stack(0x0000006d78700000,0x0000006d78800000) (1024K)]
Total: 6

Threads with active compile tasks:
C2 CompilerThread0  9547235 102769       4       com.android.tools.r8.internal.GB::a (5598 bytes)
C2 CompilerThread1  9547235 102718 %     4       com.android.tools.r8.ir.optimize.q0::c @ 1113 (4296 bytes)
Total: 2

VM state: not at safepoint (normal execution)

VM Mutex/Monitor currently owned by a thread: None

Heap address: 0x0000000700000000, size: 4096 MB, Compressed Oops mode: Zero based, Oop shift amount: 3

CDS archive(s) not mapped
Compressed class space mapped at: 0x0000000800000000-0x0000000840000000, reserved size: 1073741824
Narrow klass base: 0x0000000800000000, Narrow klass shift: 0, Narrow klass range: 0x40000000

GC Precious Log:
 CardTable entry size: 512
 CPUs: 4 total, 4 available
 Memory: 8025M
 Large Page Support: Disabled
 NUMA Support: Disabled
 Compressed Oops: Enabled (Zero based)
 Alignments: Space 512K, Generation 512K, Heap 2M
 Heap Min Capacity: 8M
 Heap Initial Capacity: 126M
 Heap Max Capacity: 4G
 Pre-touch: Disabled
 Parallel Workers: 4

Heap:
 PSYoungGen      total 1339904K, used 215649K [0x00000007aab00000, 0x0000000800000000, 0x0000000800000000)
  eden space 1303552K, 16% used [0x00000007aab00000,0x00000007b7d987d8,0x00000007fa400000)
  from space 36352K, 0% used [0x00000007fd380000,0x00000007fd380000,0x00000007ff700000)
  to   space 47104K, 0% used [0x00000007fa400000,0x00000007fa400000,0x00000007fd200000)
 ParOldGen       total 1260032K, used 1197015K [0x0000000700000000, 0x000000074ce80000, 0x00000007aab00000)
  object space 1260032K, 94% used [0x0000000700000000,0x00000007490f5c28,0x000000074ce80000)
 Metaspace       used 337031K, committed 339456K, reserved 1376256K
  class space    used 39490K, committed 40832K, reserved 1048576K

Card table byte_map: [0x000002277ddf0000,0x000002277e600000] _byte_map_base: 0x000002277a5f0000

Marking Bits: (ParMarkBitMap*) 0x00007ffe3f073300
 Begin Bits: [0x0000022700000000, 0x0000022704000000)
 End Bits:   [0x0000022704000000, 0x0000022708000000)

Polling page: 0x0000022769e80000

Metaspace:

Usage:
  Non-class:    290.57 MB used.
      Class:     38.56 MB used.
       Both:    329.13 MB used.

Virtual space:
  Non-class space:      320.00 MB reserved,     291.62 MB ( 91%) committed,  5 nodes.
      Class space:        1.00 GB reserved,      39.88 MB (  4%) committed,  1 nodes.
             Both:        1.31 GB reserved,     331.50 MB ( 25%) committed. 

Chunk freelists:
   Non-Class:  12.38 MB
       Class:  8.14 MB
        Both:  20.52 MB

MaxMetaspaceSize: unlimited
CompressedClassSpaceSize: 1.00 GB
Initial GC threshold: 21.00 MB
Current GC threshold: 552.50 MB
CDS: off
 - commit_granule_bytes: 65536.
 - commit_granule_words: 8192.
 - virtual_space_node_default_size: 8388608.
 - enlarge_chunks_in_place: 1.
 - use_allocation_guard: 0.


Internal statistics:

num_allocs_failed_limit: 12.
num_arena_births: 7336.
num_arena_deaths: 2030.
num_vsnodes_births: 6.
num_vsnodes_deaths: 0.
num_space_committed: 5701.
num_space_uncommitted: 243.
num_chunks_returned_to_freelist: 5311.
num_chunks_taken_from_freelist: 26248.
num_chunk_merges: 1124.
num_chunk_splits: 15870.
num_chunks_enlarged: 10601.
num_inconsistent_stats: 0.

CodeHeap 'non-profiled nmethods': size=120000Kb used=36915Kb max_used=53732Kb free=83084Kb
 bounds [0x00000227768c0000, 0x0000022779d40000, 0x000002277ddf0000]
CodeHeap 'profiled nmethods': size=120000Kb used=64996Kb max_used=99000Kb free=55003Kb
 bounds [0x000002276edf0000, 0x0000022774ea0000, 0x0000022776320000]
CodeHeap 'non-nmethods': size=5760Kb used=2241Kb max_used=2414Kb free=3518Kb
 bounds [0x0000022776320000, 0x0000022776590000, 0x00000227768c0000]
 total_blobs=25044 nmethods=23669 adapters=1274
 compilation: enabled
              stopped_count=0, restarted_count=0
 full_count=0

Compilation events (20 events):
Event: 9547.053 Thread 0x000002277efec850 nmethod 102747 0x00000227770b0090 code [0x00000227770b0220, 0x00000227770b02c8]
Event: 9547.053 Thread 0x000002277efec850 102749       4       kotlin.collections.builders.SetBuilder::addAll (19 bytes)
Event: 9547.069 Thread 0x000002277efec850 nmethod 102749 0x0000022778772090 code [0x00000227787722e0, 0x0000022778772ba0]
Event: 9547.069 Thread 0x000002277efec850 102761       4       com.android.tools.r8.internal.l20::<init> (57 bytes)
Event: 9547.070 Thread 0x000002277efec850 nmethod 102761 0x000002277711c490 code [0x000002277711c620, 0x000002277711c6e0]
Event: 9547.070 Thread 0x000002277efec850 102740       4       org.jetbrains.kotlin.metadata.deserialization.Flags$EnumLiteFlagField::get (6 bytes)
Event: 9547.072 Thread 0x000002277efec850 nmethod 102740 0x0000022777196e10 code [0x0000022777196fa0, 0x0000022777197130]
Event: 9547.072 Thread 0x000002277efec850 102739       4       kotlin.collections.EmptyMap::values (5 bytes)
Event: 9547.072 Thread 0x000002277efec850 nmethod 102739 0x00000227771e0810 code [0x00000227771e09a0, 0x00000227771e0a30]
Event: 9547.072 Thread 0x000002277efec850 102738       4       org.jetbrains.kotlin.protobuf.ByteString::concat (74 bytes)
Event: 9547.074 Thread 0x000002277efec850 nmethod 102738 0x0000022777065090 code [0x0000022777065240, 0x00000227770653f0]
Event: 9547.092 Thread 0x000002277efec850 102762       4       com.android.tools.r8.internal.b4::b (7 bytes)
Event: 9547.093 Thread 0x000002277efec850 nmethod 102762 0x0000022777205890 code [0x0000022777205a20, 0x0000022777205ad0]
Event: 9547.096 Thread 0x000002277effbea0 102763       1       com.android.tools.r8.internal.NW::a (5 bytes)
Event: 9547.097 Thread 0x000002277effbea0 nmethod 102763 0x00000227772cdc90 code [0x00000227772cde20, 0x00000227772cdef0]
Event: 9547.097 Thread 0x000002277effbea0 102764       3       com.android.tools.r8.internal.JC::values (5 bytes)
Event: 9547.097 Thread 0x000002277effbea0 nmethod 102764 0x000002276f845110 code [0x000002276f8452c0, 0x000002276f845488]
Event: 9547.107 Thread 0x000002277efec850 102765       4       org.jetbrains.kotlin.analysis.low.level.api.fir.file.structure.FirElementsRecorder::visitResolvedTypeRef (13 bytes)
Event: 9547.144 Thread 0x000002277efec850 nmethod 102765 0x000002277768cc10 code [0x000002277768cfa0, 0x000002277768e1e0]
Event: 9547.145 Thread 0x000002277efec850 102769       4       com.android.tools.r8.internal.GB::a (5598 bytes)

GC Heap History (20 events):
Event: 9515.342 GC heap before
{Heap before GC invocations=148 (full 20):
 PSYoungGen      total 1337856K, used 1298496K [0x00000007aab00000, 0x00000007ffd00000, 0x0000000800000000)
  eden space 1284096K, 100% used [0x00000007aab00000,0x00000007f9100000,0x00000007f9100000)
  from space 53760K, 26% used [0x00000007f9100000,0x00000007f9f101e8,0x00000007fc580000)
  to   space 50688K, 0% used [0x00000007fcb80000,0x00000007fcb80000,0x00000007ffd00000)
 ParOldGen       total 1148416K, used 1132563K [0x0000000700000000, 0x0000000746180000, 0x00000007aab00000)
  object space 1148416K, 98% used [0x0000000700000000,0x0000000745204f08,0x0000000746180000)
 Metaspace       used 333780K, committed 336256K, reserved 1376256K
  class space    used 39161K, committed 40512K, reserved 1048576K
}
Event: 9515.396 GC heap after
{Heap after GC invocations=148 (full 20):
 PSYoungGen      total 1337856K, used 14560K [0x00000007aab00000, 0x00000007ff700000, 0x0000000800000000)
  eden space 1293312K, 0% used [0x00000007aab00000,0x00000007aab00000,0x00000007f9a00000)
  from space 44544K, 32% used [0x00000007fcb80000,0x00000007fd9b8010,0x00000007ff700000)
  to   space 47616K, 0% used [0x00000007f9a00000,0x00000007f9a00000,0x00000007fc880000)
 ParOldGen       total 1148416K, used 1141134K [0x0000000700000000, 0x0000000746180000, 0x00000007aab00000)
  object space 1148416K, 99% used [0x0000000700000000,0x0000000745a63a60,0x0000000746180000)
 Metaspace       used 333780K, committed 336256K, reserved 1376256K
  class space    used 39161K, committed 40512K, reserved 1048576K
}
Event: 9518.462 GC heap before
{Heap before GC invocations=149 (full 20):
 PSYoungGen      total 1337856K, used 1307872K [0x00000007aab00000, 0x00000007ff700000, 0x0000000800000000)
  eden space 1293312K, 100% used [0x00000007aab00000,0x00000007f9a00000,0x00000007f9a00000)
  from space 44544K, 32% used [0x00000007fcb80000,0x00000007fd9b8010,0x00000007ff700000)
  to   space 47616K, 0% used [0x00000007f9a00000,0x00000007f9a00000,0x00000007fc880000)
 ParOldGen       total 1148416K, used 1141134K [0x0000000700000000, 0x0000000746180000, 0x00000007aab00000)
  object space 1148416K, 99% used [0x0000000700000000,0x0000000745a63a60,0x0000000746180000)
 Metaspace       used 333991K, committed 336448K, reserved 1376256K
  class space    used 39170K, committed 40512K, reserved 1048576K
}
Event: 9518.497 GC heap after
{Heap after GC invocations=149 (full 20):
 PSYoungGen      total 1340928K, used 15264K [0x00000007aab00000, 0x00000007ffd00000, 0x0000000800000000)
  eden space 1293312K, 0% used [0x00000007aab00000,0x00000007aab00000,0x00000007f9a00000)
  from space 47616K, 32% used [0x00000007f9a00000,0x00000007fa8e8050,0x00000007fc880000)
  to   space 44544K, 0% used [0x00000007fd180000,0x00000007fd180000,0x00000007ffd00000)
 ParOldGen       total 1149952K, used 1149594K [0x0000000700000000, 0x0000000746300000, 0x00000007aab00000)
  object space 1149952K, 99% used [0x0000000700000000,0x00000007462a6b58,0x0000000746300000)
 Metaspace       used 333991K, committed 336448K, reserved 1376256K
  class space    used 39170K, committed 40512K, reserved 1048576K
}
Event: 9521.426 GC heap before
{Heap before GC invocations=150 (full 20):
 PSYoungGen      total 1340928K, used 1308576K [0x00000007aab00000, 0x00000007ffd00000, 0x0000000800000000)
  eden space 1293312K, 100% used [0x00000007aab00000,0x00000007f9a00000,0x00000007f9a00000)
  from space 47616K, 32% used [0x00000007f9a00000,0x00000007fa8e8050,0x00000007fc880000)
  to   space 44544K, 0% used [0x00000007fd180000,0x00000007fd180000,0x00000007ffd00000)
 ParOldGen       total 1149952K, used 1149594K [0x0000000700000000, 0x0000000746300000, 0x00000007aab00000)
  object space 1149952K, 99% used [0x0000000700000000,0x00000007462a6b58,0x0000000746300000)
 Metaspace       used 334113K, committed 336576K, reserved 1376256K
  class space    used 39175K, committed 40512K, reserved 1048576K
}
Event: 9521.467 GC heap after
{Heap after GC invocations=150 (full 20):
 PSYoungGen      total 1345024K, used 15568K [0x00000007aab00000, 0x00000007ff800000, 0x0000000800000000)
  eden space 1305600K, 0% used [0x00000007aab00000,0x00000007aab00000,0x00000007fa600000)
  from space 39424K, 39% used [0x00000007fd180000,0x00000007fe0b4040,0x00000007ff800000)
  to   space 41984K, 0% used [0x00000007fa600000,0x00000007fa600000,0x00000007fcf00000)
 ParOldGen       total 1160704K, used 1160578K [0x0000000700000000, 0x0000000746d80000, 0x00000007aab00000)
  object space 1160704K, 99% used [0x0000000700000000,0x0000000746d60a48,0x0000000746d80000)
 Metaspace       used 334113K, committed 336576K, reserved 1376256K
  class space    used 39175K, committed 40512K, reserved 1048576K
}
Event: 9524.151 GC heap before
{Heap before GC invocations=151 (full 20):
 PSYoungGen      total 1345024K, used 1321168K [0x00000007aab00000, 0x00000007ff800000, 0x0000000800000000)
  eden space 1305600K, 100% used [0x00000007aab00000,0x00000007fa600000,0x00000007fa600000)
  from space 39424K, 39% used [0x00000007fd180000,0x00000007fe0b4040,0x00000007ff800000)
  to   space 41984K, 0% used [0x00000007fa600000,0x00000007fa600000,0x00000007fcf00000)
 ParOldGen       total 1160704K, used 1160578K [0x0000000700000000, 0x0000000746d80000, 0x00000007aab00000)
  object space 1160704K, 99% used [0x0000000700000000,0x0000000746d60a48,0x0000000746d80000)
 Metaspace       used 334228K, committed 336640K, reserved 1376256K
  class space    used 39176K, committed 40512K, reserved 1048576K
}
Event: 9524.185 GC heap after
{Heap after GC invocations=151 (full 20):
 PSYoungGen      total 1347584K, used 12809K [0x00000007aab00000, 0x00000007ffe80000, 0x0000000800000000)
  eden space 1305600K, 0% used [0x00000007aab00000,0x00000007aab00000,0x00000007fa600000)
  from space 41984K, 30% used [0x00000007fa600000,0x00000007fb2825c0,0x00000007fcf00000)
  to   space 39936K, 0% used [0x00000007fd780000,0x00000007fd780000,0x00000007ffe80000)
 ParOldGen       total 1171968K, used 1171653K [0x0000000700000000, 0x0000000747880000, 0x00000007aab00000)
  object space 1171968K, 99% used [0x0000000700000000,0x0000000747831478,0x0000000747880000)
 Metaspace       used 334228K, committed 336640K, reserved 1376256K
  class space    used 39176K, committed 40512K, reserved 1048576K
}
Event: 9527.009 GC heap before
{Heap before GC invocations=152 (full 20):
 PSYoungGen      total 1347584K, used 1318409K [0x00000007aab00000, 0x00000007ffe80000, 0x0000000800000000)
  eden space 1305600K, 100% used [0x00000007aab00000,0x00000007fa600000,0x00000007fa600000)
  from space 41984K, 30% used [0x00000007fa600000,0x00000007fb2825c0,0x00000007fcf00000)
  to   space 39936K, 0% used [0x00000007fd780000,0x00000007fd780000,0x00000007ffe80000)
 ParOldGen       total 1171968K, used 1171653K [0x0000000700000000, 0x0000000747880000, 0x00000007aab00000)
  object space 1171968K, 99% used [0x0000000700000000,0x0000000747831478,0x0000000747880000)
 Metaspace       used 334298K, committed 336704K, reserved 1376256K
  class space    used 39176K, committed 40512K, reserved 1048576K
}
Event: 9527.046 GC heap after
{Heap after GC invocations=152 (full 20):
 PSYoungGen      total 1351168K, used 14263K [0x00000007aab00000, 0x00000007ffa00000, 0x0000000800000000)
  eden space 1315840K, 0% used [0x00000007aab00000,0x00000007aab00000,0x00000007fb000000)
  from space 35328K, 40% used [0x00000007fd780000,0x00000007fe56def8,0x00000007ffa00000)
  to   space 37888K, 0% used [0x00000007fb000000,0x00000007fb000000,0x00000007fd500000)
 ParOldGen       total 1181184K, used 1180765K [0x0000000700000000, 0x0000000748180000, 0x00000007aab00000)
  object space 1181184K, 99% used [0x0000000700000000,0x0000000748117590,0x0000000748180000)
 Metaspace       used 334298K, committed 336704K, reserved 1376256K
  class space    used 39176K, committed 40512K, reserved 1048576K
}
Event: 9529.882 GC heap before
{Heap before GC invocations=153 (full 20):
 PSYoungGen      total 1351168K, used 998729K [0x00000007aab00000, 0x00000007ffa00000, 0x0000000800000000)
  eden space 1315840K, 74% used [0x00000007aab00000,0x00000007e6c64708,0x00000007fb000000)
  from space 35328K, 40% used [0x00000007fd780000,0x00000007fe56def8,0x00000007ffa00000)
  to   space 37888K, 0% used [0x00000007fb000000,0x00000007fb000000,0x00000007fd500000)
 ParOldGen       total 1181184K, used 1180765K [0x0000000700000000, 0x0000000748180000, 0x00000007aab00000)
  object space 1181184K, 99% used [0x0000000700000000,0x0000000748117590,0x0000000748180000)
 Metaspace       used 334375K, committed 336832K, reserved 1376256K
  class space    used 39177K, committed 40512K, reserved 1048576K
}
Event: 9529.919 GC heap after
{Heap after GC invocations=153 (full 20):
 PSYoungGen      total 1328128K, used 12096K [0x00000007aab00000, 0x00000007ff700000, 0x0000000800000000)
  eden space 1315840K, 0% used [0x00000007aab00000,0x00000007aab00000,0x00000007fb000000)
  from space 12288K, 98% used [0x00000007fb000000,0x00000007fbbd0020,0x00000007fbc00000)
  to   space 36352K, 0% used [0x00000007fd380000,0x00000007fd380000,0x00000007ff700000)
 ParOldGen       total 1191424K, used 1191268K [0x0000000700000000, 0x0000000748b80000, 0x00000007aab00000)
  object space 1191424K, 99% used [0x0000000700000000,0x0000000748b592e8,0x0000000748b80000)
 Metaspace       used 334375K, committed 336832K, reserved 1376256K
  class space    used 39177K, committed 40512K, reserved 1048576K
}
Event: 9529.919 GC heap before
{Heap before GC invocations=154 (full 21):
 PSYoungGen      total 1328128K, used 12096K [0x00000007aab00000, 0x00000007ff700000, 0x0000000800000000)
  eden space 1315840K, 0% used [0x00000007aab00000,0x00000007aab00000,0x00000007fb000000)
  from space 12288K, 98% used [0x00000007fb000000,0x00000007fbbd0020,0x00000007fbc00000)
  to   space 36352K, 0% used [0x00000007fd380000,0x00000007fd380000,0x00000007ff700000)
 ParOldGen       total 1191424K, used 1191268K [0x0000000700000000, 0x0000000748b80000, 0x00000007aab00000)
  object space 1191424K, 99% used [0x0000000700000000,0x0000000748b592e8,0x0000000748b80000)
 Metaspace       used 334375K, committed 336832K, reserved 1376256K
  class space    used 39177K, committed 40512K, reserved 1048576K
}
Event: 9531.702 GC heap after
{Heap after GC invocations=154 (full 21):
 PSYoungGen      total 1328128K, used 0K [0x00000007aab00000, 0x00000007ff700000, 0x0000000800000000)
  eden space 1315840K, 0% used [0x00000007aab00000,0x00000007aab00000,0x00000007fb000000)
  from space 12288K, 0% used [0x00000007fb000000,0x00000007fb000000,0x00000007fbc00000)
  to   space 36352K, 0% used [0x00000007fd380000,0x00000007fd380000,0x00000007ff700000)
 ParOldGen       total 1191424K, used 1185455K [0x0000000700000000, 0x0000000748b80000, 0x00000007aab00000)
  object space 1191424K, 99% used [0x0000000700000000,0x00000007485abe48,0x0000000748b80000)
 Metaspace       used 334375K, committed 336832K, reserved 1376256K
  class space    used 39177K, committed 40512K, reserved 1048576K
}
Event: 9538.179 GC heap before
{Heap before GC invocations=155 (full 21):
 PSYoungGen      total 1328128K, used 1315840K [0x00000007aab00000, 0x00000007ff700000, 0x0000000800000000)
  eden space 1315840K, 100% used [0x00000007aab00000,0x00000007fb000000,0x00000007fb000000)
  from space 12288K, 0% used [0x00000007fb000000,0x00000007fb000000,0x00000007fbc00000)
  to   space 36352K, 0% used [0x00000007fd380000,0x00000007fd380000,0x00000007ff700000)
 ParOldGen       total 1191424K, used 1185455K [0x0000000700000000, 0x0000000748b80000, 0x00000007aab00000)
  object space 1191424K, 99% used [0x0000000700000000,0x00000007485abe48,0x0000000748b80000)
 Metaspace       used 336143K, committed 338624K, reserved 1376256K
  class space    used 39389K, committed 40768K, reserved 1048576K
}
Event: 9538.269 GC heap after
{Heap after GC invocations=155 (full 21):
 PSYoungGen      total 1339904K, used 36341K [0x00000007aab00000, 0x0000000800000000, 0x0000000800000000)
  eden space 1303552K, 0% used [0x00000007aab00000,0x00000007aab00000,0x00000007fa400000)
  from space 36352K, 99% used [0x00000007fd380000,0x00000007ff6fd7b0,0x00000007ff700000)
  to   space 47104K, 0% used [0x00000007fa400000,0x00000007fa400000,0x00000007fd200000)
 ParOldGen       total 1199616K, used 1199169K [0x0000000700000000, 0x0000000749380000, 0x00000007aab00000)
  object space 1199616K, 99% used [0x0000000700000000,0x0000000749310628,0x0000000749380000)
 Metaspace       used 336143K, committed 338624K, reserved 1376256K
  class space    used 39389K, committed 40768K, reserved 1048576K
}
Event: 9544.574 GC heap before
{Heap before GC invocations=156 (full 21):
 PSYoungGen      total 1339904K, used 1187683K [0x00000007aab00000, 0x0000000800000000, 0x0000000800000000)
  eden space 1303552K, 88% used [0x00000007aab00000,0x00000007f0f5b580,0x00000007fa400000)
  from space 36352K, 99% used [0x00000007fd380000,0x00000007ff6fd7b0,0x00000007ff700000)
  to   space 47104K, 0% used [0x00000007fa400000,0x00000007fa400000,0x00000007fd200000)
 ParOldGen       total 1199616K, used 1199169K [0x0000000700000000, 0x0000000749380000, 0x00000007aab00000)
  object space 1199616K, 99% used [0x0000000700000000,0x0000000749310628,0x0000000749380000)
 Metaspace       used 337000K, committed 339456K, reserved 1376256K
  class space    used 39493K, committed 40832K, reserved 1048576K
}
Event: 9544.740 GC heap after
{Heap after GC invocations=156 (full 21):
 PSYoungGen      total 1339904K, used 1187683K [0x00000007aab00000, 0x0000000800000000, 0x0000000800000000)
  eden space 1303552K, 88% used [0x00000007aab00000,0x00000007f0f5b580,0x00000007fa400000)
  from space 36352K, 99% used [0x00000007fd380000,0x00000007ff6fd7b0,0x00000007ff700000)
  to   space 47104K, 99% used [0x00000007fa400000,0x00000007fd1fd980,0x00000007fd200000)
 ParOldGen       total 1260032K, used 1260029K [0x0000000700000000, 0x000000074ce80000, 0x00000007aab00000)
  object space 1260032K, 99% used [0x0000000700000000,0x000000074ce7f470,0x000000074ce80000)
 Metaspace       used 337000K, committed 339456K, reserved 1376256K
  class space    used 39493K, committed 40832K, reserved 1048576K
}
Event: 9544.740 GC heap before
{Heap before GC invocations=157 (full 22):
 PSYoungGen      total 1339904K, used 1187683K [0x00000007aab00000, 0x0000000800000000, 0x0000000800000000)
  eden space 1303552K, 88% used [0x00000007aab00000,0x00000007f0f5b580,0x00000007fa400000)
  from space 36352K, 99% used [0x00000007fd380000,0x00000007ff6fd7b0,0x00000007ff700000)
  to   space 47104K, 99% used [0x00000007fa400000,0x00000007fd1fd980,0x00000007fd200000)
 ParOldGen       total 1260032K, used 1260029K [0x0000000700000000, 0x000000074ce80000, 0x00000007aab00000)
  object space 1260032K, 99% used [0x0000000700000000,0x000000074ce7f470,0x000000074ce80000)
 Metaspace       used 337000K, committed 339456K, reserved 1376256K
  class space    used 39493K, committed 40832K, reserved 1048576K
}
Event: 9546.635 GC heap after
{Heap after GC invocations=157 (full 22):
 PSYoungGen      total 1339904K, used 0K [0x00000007aab00000, 0x0000000800000000, 0x0000000800000000)
  eden space 1303552K, 0% used [0x00000007aab00000,0x00000007aab00000,0x00000007fa400000)
  from space 36352K, 0% used [0x00000007fd380000,0x00000007fd380000,0x00000007ff700000)
  to   space 47104K, 0% used [0x00000007fa400000,0x00000007fa400000,0x00000007fd200000)
 ParOldGen       total 1260032K, used 1197015K [0x0000000700000000, 0x000000074ce80000, 0x00000007aab00000)
  object space 1260032K, 94% used [0x0000000700000000,0x00000007490f5c28,0x000000074ce80000)
 Metaspace       used 336973K, committed 339456K, reserved 1376256K
  class space    used 39486K, committed 40832K, reserved 1048576K
}

Dll operation events (19 events):
Event: 0.076 Loaded shared library C:\Program Files\Android\Android Studio1\jbr\bin\java.dll
Event: 0.098 Loaded shared library C:\Program Files\Android\Android Studio1\jbr\bin\zip.dll
Event: 2.715 Loaded shared library C:\Program Files\Android\Android Studio1\jbr\bin\verify.dll
Event: 4641.724 Unloaded dll "C:\Users\Mbongeni\AppData\Local\Temp\sqlite-3.41.2.2-458b78af-0266-4d69-979b-3959e5e6512e-sqlitejdbc.dll" [0x00007ffe9aa80000]
Event: 4641.725 Unloaded dll "C:\Users\Mbongeni\AppData\Local\Temp\sqlite-3.41.2.2-7256e3c7-bd69-4138-ad64-f4473e50dccd-sqlitejdbc.dll" [0x00007ffea87e0000]
Event: 4641.726 Unloaded dll "C:\Users\Mbongeni\AppData\Local\Temp\sqlite-3.41.2.2-5b058411-7d05-416b-8e34-23fc3d8135e0-sqlitejdbc.dll" [0x00007ffea3b10000]
Event: 4641.728 Unloaded dll "C:\Users\Mbongeni\AppData\Local\Temp\sqlite-3.41.2.2-029ff4e1-9647-4769-aab8-4cde80f9b2c7-sqlitejdbc.dll" [0x00007ffe658b0000]
Event: 4641.729 Unloaded dll "C:\Users\Mbongeni\AppData\Local\Temp\sqlite-3.41.2.2-456a2b38-81e1-4e89-bd7a-97add214ba8e-sqlitejdbc.dll" [0x00007ffe48d50000]
Event: 4641.729 Unloaded dll "C:\Users\Mbongeni\AppData\Local\Temp\sqlite-3.41.2.2-2fe5a07b-3aa2-4a29-ae7a-7fe6d0650145-sqlitejdbc.dll" [0x00007ffe9ac40000]
Event: 4641.730 Unloaded dll "C:\Users\Mbongeni\AppData\Local\Temp\sqlite-3.41.2.2-f8fafb87-46de-4307-a16e-469676ea5544-sqlitejdbc.dll" [0x00007ffe9a070000]
Event: 7668.890 Unloaded dll "C:\Users\Mbongeni\AppData\Local\Temp\sqlite-3.41.2.2-69e5e169-9c36-4083-9bb7-03131073d074-sqlitejdbc.dll" [0x00007ffea87e0000]
Event: 7668.893 Unloaded dll "C:\Users\Mbongeni\AppData\Local\Temp\sqlite-3.41.2.2-f22ea362-42cd-498c-9fbf-74bc17202317-sqlitejdbc.dll" [0x00007ffea3b10000]
Event: 7668.894 Unloaded dll "C:\Users\Mbongeni\AppData\Local\Temp\sqlite-3.41.2.2-c56d87bc-bd0c-43fc-8168-60e03ec54201-sqlitejdbc.dll" [0x00007ffe9aa80000]
Event: 7668.896 Unloaded dll "C:\Users\Mbongeni\AppData\Local\Temp\sqlite-3.41.2.2-3e2a9989-c77b-44a3-92f3-a1c1cc09341b-sqlitejdbc.dll" [0x00007ffe9ac40000]
Event: 7668.898 Unloaded dll "C:\Users\Mbongeni\AppData\Local\Temp\sqlite-3.41.2.2-54c3dcc4-6a3e-4110-894b-b59cbf0d1c00-sqlitejdbc.dll" [0x00007ffe658b0000]
Event: 9284.662 Unloaded dll "C:\Users\Mbongeni\AppData\Local\Temp\sqlite-3.41.2.2-5cfc9295-74eb-421d-b859-a5d1e411c21f-sqlitejdbc.dll" [0x00007ffe9ac40000]
Event: 9284.663 Unloaded dll "C:\Users\Mbongeni\AppData\Local\Temp\sqlite-3.41.2.2-00956f3b-e7d5-44b3-bab1-1fe71a585117-sqlitejdbc.dll" [0x00007ffea3b10000]
Event: 9284.664 Unloaded dll "C:\Users\Mbongeni\AppData\Local\Temp\sqlite-3.41.2.2-7cc3672d-7694-459e-bd94-4f5df0f07874-sqlitejdbc.dll" [0x00007ffea87e0000]
Event: 9329.726 Unloaded dll "C:\Users\Mbongeni\AppData\Local\Temp\sqlite-3.41.2.2-650d0a73-a9d8-4407-904b-83f1db8e2d64-sqlitejdbc.dll" [0x00007ffea87e0000]

Deoptimization events (20 events):
Event: 9546.957 Thread 0x00000227235197d0 Uncommon trap: trap_request=0xffffffde fr.pc=0x00000227790b4090 relative=0x00000000000001b0
Event: 9546.957 Thread 0x00000227235197d0 Uncommon trap: reason=class_check action=maybe_recompile pc=0x00000227790b4090 method=com.android.tools.r8.internal.TS.a(Lcom/android/tools/r8/internal/BB;Lcom/android/tools/r8/internal/c6;Lcom/android/tools/r8/internal/aF;Lcom/android/tools/r8/internal/J
Event: 9546.957 Thread 0x00000227235197d0 DEOPT PACKING pc=0x00000227790b4090 sp=0x0000006d006fe280
Event: 9546.957 Thread 0x00000227235197d0 DEOPT UNPACKING pc=0x0000022776373aa2 sp=0x0000006d006fe200 mode 2
Event: 9546.961 Thread 0x000002272680b730 Uncommon trap: trap_request=0xffffff45 fr.pc=0x00000227770baf6c relative=0x000000000000004c
Event: 9546.961 Thread 0x000002272680b730 Uncommon trap: reason=unstable_if action=reinterpret pc=0x00000227770baf6c method=com.sun.jna.platform.win32.COM.COMUtils.checkRC(Lcom/sun/jna/platform/win32/WinNT$HRESULT;)V @ 4 c2
Event: 9546.961 Thread 0x000002272680b730 DEOPT PACKING pc=0x00000227770baf6c sp=0x0000006d7bdfe810
Event: 9546.961 Thread 0x000002272680b730 DEOPT UNPACKING pc=0x0000022776373aa2 sp=0x0000006d7bdfe788 mode 2
Event: 9547.005 Thread 0x000002272680b730 Uncommon trap: trap_request=0xfffffff4 fr.pc=0x0000022777de6170 relative=0x0000000000002770
Event: 9547.006 Thread 0x000002272680b730 Uncommon trap: reason=null_check action=make_not_entrant pc=0x0000022777de6170 method=com.gradle.scan.plugin.internal.resourceusage.capture.a.a.a(Lcom/gradle/scan/plugin/internal/resourceusage/b$a;I)V @ 180 c2
Event: 9547.006 Thread 0x000002272680b730 DEOPT PACKING pc=0x0000022777de6170 sp=0x0000006d7bdff090
Event: 9547.006 Thread 0x000002272680b730 DEOPT UNPACKING pc=0x0000022776373aa2 sp=0x0000006d7bdff008 mode 2
Event: 9547.010 Thread 0x00000227235197d0 Uncommon trap: trap_request=0xffffffde fr.pc=0x0000022776b6e35c relative=0x0000000000000b3c
Event: 9547.010 Thread 0x00000227235197d0 Uncommon trap: reason=class_check action=maybe_recompile pc=0x0000022776b6e35c method=com.android.tools.r8.internal.fE.b(Lcom/android/tools/r8/graph/I5;Lcom/android/tools/r8/internal/JK;)Lcom/android/tools/r8/internal/BB; @ 163 c2
Event: 9547.010 Thread 0x00000227235197d0 DEOPT PACKING pc=0x0000022776b6e35c sp=0x0000006d006fe260
Event: 9547.010 Thread 0x00000227235197d0 DEOPT UNPACKING pc=0x0000022776373aa2 sp=0x0000006d006fe220 mode 2
Event: 9547.014 Thread 0x0000022723517d90 Uncommon trap: trap_request=0xffffffde fr.pc=0x00000227790b4090 relative=0x00000000000001b0
Event: 9547.014 Thread 0x0000022723517d90 Uncommon trap: reason=class_check action=maybe_recompile pc=0x00000227790b4090 method=com.android.tools.r8.internal.TS.a(Lcom/android/tools/r8/internal/BB;Lcom/android/tools/r8/internal/c6;Lcom/android/tools/r8/internal/aF;Lcom/android/tools/r8/internal/J
Event: 9547.014 Thread 0x0000022723517d90 DEOPT PACKING pc=0x00000227790b4090 sp=0x0000006d007fe0f0
Event: 9547.014 Thread 0x0000022723517d90 DEOPT UNPACKING pc=0x0000022776373aa2 sp=0x0000006d007fe070 mode 2

Classes loaded (20 events):
Event: 9346.903 Loading class java/util/EnumMap$Values
Event: 9346.903 Loading class java/util/EnumMap$Values done
Event: 9346.904 Loading class java/util/EnumMap$ValueIterator
Event: 9346.904 Loading class java/util/EnumMap$ValueIterator done
Event: 9346.912 Loading class java/nio/file/ProviderNotFoundException
Event: 9346.912 Loading class java/nio/file/ProviderNotFoundException done
Event: 9359.654 Loading class java/util/AbstractList$RandomAccessSpliterator
Event: 9359.656 Loading class java/util/AbstractList$RandomAccessSpliterator done
Event: 9377.876 Loading class java/util/ArrayDeque$DescendingIterator
Event: 9377.876 Loading class java/util/ArrayDeque$DescendingIterator done
Event: 9381.868 Loading class java/util/concurrent/ConcurrentHashMap$KeySpliterator
Event: 9381.868 Loading class java/util/concurrent/ConcurrentHashMap$KeySpliterator done
Event: 9411.763 Loading class java/util/IdentityHashMap$ValueSpliterator
Event: 9411.774 Loading class java/util/IdentityHashMap$ValueSpliterator done
Event: 9420.047 Loading class java/util/IdentityHashMap$KeySpliterator
Event: 9420.047 Loading class java/util/IdentityHashMap$KeySpliterator done
Event: 9444.501 Loading class java/util/function/ObjIntConsumer
Event: 9444.502 Loading class java/util/function/ObjIntConsumer done
Event: 9509.955 Loading class java/util/concurrent/ConcurrentHashMap$TableStack
Event: 9509.955 Loading class java/util/concurrent/ConcurrentHashMap$TableStack done

Classes unloaded (20 events):
Event: 9405.366 Thread 0x000002277ef95d40 Unloading class 0x000000080261c400 'java/lang/invoke/LambdaForm$DMH+0x000000080261c400'
Event: 9405.366 Thread 0x000002277ef95d40 Unloading class 0x0000000802600800 'java/lang/invoke/LambdaForm$DMH+0x0000000802600800'
Event: 9405.366 Thread 0x000002277ef95d40 Unloading class 0x0000000802600000 'java/lang/invoke/LambdaForm$DMH+0x0000000802600000'
Event: 9418.813 Thread 0x000002277ef95d40 Unloading class 0x00000008026c4c00 'java/lang/invoke/LambdaForm$MH+0x00000008026c4c00'
Event: 9418.813 Thread 0x000002277ef95d40 Unloading class 0x00000008026c4400 'java/lang/invoke/LambdaForm$DMH+0x00000008026c4400'
Event: 9545.541 Thread 0x000002277ef95d40 Unloading class 0x00000008027bcc00 'java/lang/invoke/LambdaForm$DMH+0x00000008027bcc00'
Event: 9545.541 Thread 0x000002277ef95d40 Unloading class 0x00000008027bc800 'java/lang/invoke/LambdaForm$DMH+0x00000008027bc800'
Event: 9545.541 Thread 0x000002277ef95d40 Unloading class 0x0000000802795c00 'java/lang/invoke/LambdaForm$MH+0x0000000802795c00'
Event: 9545.541 Thread 0x000002277ef95d40 Unloading class 0x0000000802795400 'java/lang/invoke/LambdaForm$DMH+0x0000000802795400'
Event: 9545.541 Thread 0x000002277ef95d40 Unloading class 0x0000000802794c00 'java/lang/invoke/LambdaForm$DMH+0x0000000802794c00'
Event: 9545.541 Thread 0x000002277ef95d40 Unloading class 0x0000000802794400 'java/lang/invoke/LambdaForm$MH+0x0000000802794400'
Event: 9545.541 Thread 0x000002277ef95d40 Unloading class 0x0000000802794000 'java/lang/invoke/LambdaForm$MH+0x0000000802794000'
Event: 9545.541 Thread 0x000002277ef95d40 Unloading class 0x0000000802793800 'java/lang/invoke/LambdaForm$MH+0x0000000802793800'
Event: 9545.541 Thread 0x000002277ef95d40 Unloading class 0x0000000802793000 'java/lang/invoke/LambdaForm$MH+0x0000000802793000'
Event: 9545.541 Thread 0x000002277ef95d40 Unloading class 0x0000000802792c00 'java/lang/invoke/LambdaForm$MH+0x0000000802792c00'
Event: 9545.541 Thread 0x000002277ef95d40 Unloading class 0x0000000802792400 'java/lang/invoke/LambdaForm$MH+0x0000000802792400'
Event: 9545.541 Thread 0x000002277ef95d40 Unloading class 0x0000000802792000 'java/lang/invoke/LambdaForm$MH+0x0000000802792000'
Event: 9545.541 Thread 0x000002277ef95d40 Unloading class 0x0000000802791000 'java/lang/invoke/LambdaForm$MH+0x0000000802791000'
Event: 9545.541 Thread 0x000002277ef95d40 Unloading class 0x0000000802790800 'java/lang/invoke/LambdaForm$MH+0x0000000802790800'
Event: 9545.541 Thread 0x000002277ef95d40 Unloading class 0x0000000802790000 'java/lang/invoke/LambdaForm$MH+0x0000000802790000'

Classes redefined (0 events):
No events

Internal exceptions (20 events):
Event: 9501.289 Thread 0x0000022718ec5850 Implicit null exception at 0x00000227772de428 to 0x00000227772dfcc8
Event: 9508.084 Thread 0x0000022718ec5850 Implicit null exception at 0x00000227798d5d20 to 0x00000227798d88a4
Event: 9514.718 Thread 0x0000022718ec5850 Implicit null exception at 0x0000022779bb4103 to 0x0000022779bb442c
Event: 9514.719 Thread 0x0000022718ec5850 Implicit null exception at 0x000002277748d623 to 0x000002277748db4c
Event: 9516.725 Thread 0x0000022718ec5850 Implicit null exception at 0x0000022778ea2617 to 0x0000022778ea2b88
Event: 9517.422 Thread 0x0000022718ec5850 Implicit null exception at 0x00000227786d1477 to 0x00000227786d3408
Event: 9522.420 Thread 0x0000022718ec5850 Implicit null exception at 0x000002277808ef60 to 0x0000022778092090
Event: 9522.644 Thread 0x0000022726805b50 Implicit null exception at 0x0000022778850623 to 0x0000022778850868
Event: 9524.568 Thread 0x0000022718ec5850 Implicit null exception at 0x0000022779556983 to 0x0000022779557885
Event: 9528.841 Thread 0x0000022718ec5850 Implicit null exception at 0x0000022778249f2d to 0x000002277824eb74
Event: 9533.474 Thread 0x0000022723519e60 Exception <a 'java/lang/NoSuchMethodError'{0x00000007bd257568}: 'long java.lang.invoke.DirectMethodHandle$Holder.invokeSpecial(java.lang.Object, java.lang.Object, java.lang.Object, int, int)'> (0x00000007bd257568) 
thrown [s\src\hotspot\share\interpreter\linkResolver.cpp, line 784]
Event: 9533.474 Thread 0x00000227235197d0 Exception <a 'java/lang/NoSuchMethodError'{0x00000007bde721c0}: 'long java.lang.invoke.DirectMethodHandle$Holder.invokeSpecial(java.lang.Object, java.lang.Object, java.lang.Object, int, int)'> (0x00000007bde721c0) 
thrown [s\src\hotspot\share\interpreter\linkResolver.cpp, line 784]
Event: 9534.828 Thread 0x0000022723517d90 Exception <a 'java/lang/IncompatibleClassChangeError'{0x00000007c3eb3ee0}: Found class java.lang.Object, but interface was expected> (0x00000007c3eb3ee0) 
thrown [s\src\hotspot\share\interpreter\linkResolver.cpp, line 851]
Event: 9535.337 Thread 0x0000022723517d90 Exception <a 'java/lang/IncompatibleClassChangeError'{0x00000007d20bace0}: Found class java.lang.Object, but interface was expected> (0x00000007d20bace0) 
thrown [s\src\hotspot\share\interpreter\linkResolver.cpp, line 851]
Event: 9536.190 Thread 0x0000022723517d90 Exception <a 'java/lang/NoSuchMethodError'{0x00000007dad40260}: 'void java.lang.invoke.DirectMethodHandle$Holder.invokeStatic(java.lang.Object, int, java.lang.Object, java.lang.Object, java.lang.Object, int, java.lang.Object)'> (0x00000007dad40260) 
thrown [s\src\hotspot\share\interpreter\linkResolver.cpp, line 784]
Event: 9537.885 Thread 0x0000022718ecada0 Implicit null exception at 0x0000022777d5fca6 to 0x0000022777d60260
Event: 9539.606 Thread 0x00000227235169e0 Implicit null exception at 0x0000022776b3f763 to 0x0000022776b3f91c
Event: 9542.160 Thread 0x0000022718ec5850 Implicit null exception at 0x0000022777cb5645 to 0x0000022777cb5a80
Event: 9544.143 Thread 0x0000022718ec5850 Implicit null exception at 0x00000227790b49e0 to 0x00000227790b5c7c
Event: 9547.005 Thread 0x000002272680b730 Implicit null exception at 0x0000022777de43cf to 0x0000022777de6124

ZGC Phase Switch (0 events):
No events

VM Operations (20 events):
Event: 9542.183 Executing VM operation: ICBufferFull
Event: 9542.183 Executing VM operation: ICBufferFull done
Event: 9542.512 Executing VM operation: HandshakeAllThreads (Deoptimize)
Event: 9542.512 Executing VM operation: HandshakeAllThreads (Deoptimize) done
Event: 9542.517 Executing VM operation: HandshakeAllThreads (Deoptimize)
Event: 9542.517 Executing VM operation: HandshakeAllThreads (Deoptimize) done
Event: 9542.746 Executing VM operation: ICBufferFull
Event: 9542.746 Executing VM operation: ICBufferFull done
Event: 9542.862 Executing VM operation: HandshakeAllThreads (Deoptimize)
Event: 9542.862 Executing VM operation: HandshakeAllThreads (Deoptimize) done
Event: 9542.935 Executing VM operation: HandshakeAllThreads (Deoptimize)
Event: 9542.939 Executing VM operation: HandshakeAllThreads (Deoptimize) done
Event: 9542.966 Executing VM operation: HandshakeAllThreads (Deoptimize)
Event: 9542.967 Executing VM operation: HandshakeAllThreads (Deoptimize) done
Event: 9543.261 Executing VM operation: ICBufferFull
Event: 9543.261 Executing VM operation: ICBufferFull done
Event: 9544.258 Executing VM operation: ICBufferFull
Event: 9544.258 Executing VM operation: ICBufferFull done
Event: 9544.574 Executing VM operation: ParallelGCSystemGC (CodeCache GC Threshold)
Event: 9546.635 Executing VM operation: ParallelGCSystemGC (CodeCache GC Threshold) done

Memory protections (0 events):
No events

Nmethod flushes (20 events):
Event: 9545.631 Thread 0x000002277ef95d40 flushing  nmethod 0x0000022774e15810
Event: 9545.631 Thread 0x000002277ef95d40 flushing  nmethod 0x0000022774e16210
Event: 9545.631 Thread 0x000002277ef95d40 flushing  nmethod 0x0000022774e17590
Event: 9545.631 Thread 0x000002277ef95d40 flushing  nmethod 0x0000022774e23510
Event: 9545.631 Thread 0x000002277ef95d40 flushing  nmethod 0x0000022774e3e410
Event: 9545.631 Thread 0x000002277ef95d40 flushing  nmethod 0x0000022774e4b910
Event: 9545.631 Thread 0x000002277ef95d40 flushing  nmethod 0x0000022774e5f210
Event: 9545.631 Thread 0x000002277ef95d40 flushing  nmethod 0x0000022774e63610
Event: 9545.631 Thread 0x000002277ef95d40 flushing  nmethod 0x0000022774e66990
Event: 9545.631 Thread 0x000002277ef95d40 flushing  nmethod 0x0000022774e6a790
Event: 9545.631 Thread 0x000002277ef95d40 flushing  nmethod 0x0000022774e6ea10
Event: 9545.631 Thread 0x000002277ef95d40 flushing  nmethod 0x0000022774e72b90
Event: 9545.631 Thread 0x000002277ef95d40 flushing  nmethod 0x0000022774e77c90
Event: 9545.631 Thread 0x000002277ef95d40 flushing  nmethod 0x0000022774e7a510
Event: 9545.631 Thread 0x000002277ef95d40 flushing  nmethod 0x0000022774e80090
Event: 9545.631 Thread 0x000002277ef95d40 flushing  nmethod 0x0000022774e88f90
Event: 9545.631 Thread 0x000002277ef95d40 flushing  nmethod 0x0000022774e90010
Event: 9545.631 Thread 0x000002277ef95d40 flushing  nmethod 0x0000022774e90810
Event: 9545.631 Thread 0x000002277ef95d40 flushing  nmethod 0x0000022774e93510
Event: 9545.631 Thread 0x000002277ef95d40 flushing  nmethod 0x0000022774e95210

Events (20 events):
Event: 9318.781 Thread 0x000002272373b4d0 Thread exited: 0x000002272373b4d0
Event: 9318.914 Thread 0x000002272680d170 Thread exited: 0x000002272680d170
Event: 9318.914 Thread 0x000002270ea2a6b0 Thread exited: 0x000002270ea2a6b0
Event: 9319.003 Thread 0x000002277effbea0 Thread added: 0x000002272373b4d0
Event: 9319.498 Thread 0x0000022718ecada0 Thread added: 0x00000227235197d0
Event: 9319.498 Thread 0x0000022718ecada0 Thread added: 0x0000022723517d90
Event: 9319.503 Thread 0x00000227235197d0 Thread added: 0x0000022723519e60
Event: 9319.511 Thread 0x0000022718ecada0 Thread added: 0x00000227235169e0
Event: 9331.841 Thread 0x000002272373b4d0 Thread exited: 0x000002272373b4d0
Event: 9332.479 Thread 0x000002277effbea0 Thread added: 0x0000022723faf460
Event: 9335.931 Thread 0x0000022723faf460 Thread exited: 0x0000022723faf460
Event: 9336.518 Thread 0x000002277effbea0 Thread added: 0x0000022723fb0fa0
Event: 9338.593 Thread 0x0000022723fb0fa0 Thread exited: 0x0000022723fb0fa0
Event: 9339.185 Thread 0x000002277effbea0 Thread added: 0x0000022723fb0200
Event: 9352.553 Thread 0x0000022718ec5850 Thread added: 0x00000227235221a0
Event: 9352.579 Thread 0x0000022718ec5850 Thread added: 0x0000022723522830
Event: 9376.548 Thread 0x0000022718ecb430 Thread exited: 0x0000022718ecb430
Event: 9395.189 Thread 0x0000022718ec51c0 Thread exited: 0x0000022718ec51c0
Event: 9513.686 Thread 0x0000022723fb0200 Thread exited: 0x0000022723fb0200
Event: 9513.840 Thread 0x000002277effbea0 Thread added: 0x00000227108f81a0


Dynamic libraries:
0x00007ff6eb030000 - 0x00007ff6eb03a000 	C:\Program Files\Android\Android Studio1\jbr\bin\java.exe
0x00007ffec0280000 - 0x00007ffec04e9000 	C:\WINDOWS\SYSTEM32\ntdll.dll
0x00007ffebf120000 - 0x00007ffebf1e9000 	C:\WINDOWS\System32\KERNEL32.DLL
0x00007ffebd870000 - 0x00007ffebdc63000 	C:\WINDOWS\System32\KERNELBASE.dll
0x00007ffebde40000 - 0x00007ffebdf8b000 	C:\WINDOWS\System32\ucrtbase.dll
0x00007ffe88c40000 - 0x00007ffe88c58000 	C:\Program Files\Android\Android Studio1\jbr\bin\jli.dll
0x00007ffebff30000 - 0x00007ffec00f4000 	C:\WINDOWS\System32\USER32.dll
0x00007ffebd6d0000 - 0x00007ffebd6f7000 	C:\WINDOWS\System32\win32u.dll
0x00007ffebf7e0000 - 0x00007ffebf80b000 	C:\WINDOWS\System32\GDI32.dll
0x00007ffebdd10000 - 0x00007ffebde3d000 	C:\WINDOWS\System32\gdi32full.dll
0x00007ffebd620000 - 0x00007ffebd6c3000 	C:\WINDOWS\System32\msvcp_win.dll
0x00007ffea2120000 - 0x00007ffea23b3000 	C:\WINDOWS\WinSxS\amd64_microsoft.windows.common-controls_6595b64144ccf1df_6.0.26100.5074_none_3e0d6f78e32fd63f\COMCTL32.dll
0x00007ffebe790000 - 0x00007ffebe839000 	C:\WINDOWS\System32\msvcrt.dll
0x00007ffeb17e0000 - 0x00007ffeb17fb000 	C:\Program Files\Android\Android Studio1\jbr\bin\VCRUNTIME140.dll
0x00007ffebfb10000 - 0x00007ffebfb3f000 	C:\WINDOWS\System32\IMM32.DLL
0x00007ffeb17d0000 - 0x00007ffeb17dc000 	C:\Program Files\Android\Android Studio1\jbr\bin\vcruntime140_1.dll
0x00007ffe7f210000 - 0x00007ffe7f29d000 	C:\Program Files\Android\Android Studio1\jbr\bin\msvcp140.dll
0x00007ffe3e4c0000 - 0x00007ffe3f14b000 	C:\Program Files\Android\Android Studio1\jbr\bin\server\jvm.dll
0x00007ffebfc00000 - 0x00007ffebfcb4000 	C:\WINDOWS\System32\ADVAPI32.dll
0x00007ffebfb50000 - 0x00007ffebfbf6000 	C:\WINDOWS\System32\sechost.dll
0x00007ffebfd80000 - 0x00007ffebfe98000 	C:\WINDOWS\System32\RPCRT4.dll
0x00007ffec0100000 - 0x00007ffec0174000 	C:\WINDOWS\System32\WS2_32.dll
0x00007ffebd290000 - 0x00007ffebd2ee000 	C:\WINDOWS\SYSTEM32\POWRPROF.dll
0x00007ffebafd0000 - 0x00007ffebb005000 	C:\WINDOWS\SYSTEM32\WINMM.dll
0x00007ffeae330000 - 0x00007ffeae33b000 	C:\WINDOWS\SYSTEM32\VERSION.dll
0x00007ffebd270000 - 0x00007ffebd284000 	C:\WINDOWS\SYSTEM32\UMPDC.dll
0x00007ffebc1c0000 - 0x00007ffebc1db000 	C:\WINDOWS\SYSTEM32\kernel.appcore.dll
0x00007ffeb17c0000 - 0x00007ffeb17ca000 	C:\Program Files\Android\Android Studio1\jbr\bin\jimage.dll
0x00007ffeba9c0000 - 0x00007ffebac02000 	C:\WINDOWS\SYSTEM32\DBGHELP.DLL
0x00007ffebe230000 - 0x00007ffebe5ab000 	C:\WINDOWS\System32\combase.dll
0x00007ffebe120000 - 0x00007ffebe1f7000 	C:\WINDOWS\System32\OLEAUT32.dll
0x00007ffe9fb00000 - 0x00007ffe9fb3d000 	C:\WINDOWS\SYSTEM32\dbgcore.DLL
0x00007ffebdc70000 - 0x00007ffebdd09000 	C:\WINDOWS\System32\bcryptPrimitives.dll
0x00007ffe88c30000 - 0x00007ffe88c3e000 	C:\Program Files\Android\Android Studio1\jbr\bin\instrument.dll
0x00007ffeb17a0000 - 0x00007ffeb17c0000 	C:\Program Files\Android\Android Studio1\jbr\bin\java.dll
0x00007ffeb0b10000 - 0x00007ffeb0b28000 	C:\Program Files\Android\Android Studio1\jbr\bin\zip.dll
0x00007ffebe9c0000 - 0x00007ffebf10d000 	C:\WINDOWS\System32\SHELL32.dll
0x00007ffebd700000 - 0x00007ffebd86c000 	C:\WINDOWS\System32\wintypes.dll
0x00007ffebb050000 - 0x00007ffebb8a9000 	C:\WINDOWS\SYSTEM32\windows.storage.dll
0x00007ffebe840000 - 0x00007ffebe930000 	C:\WINDOWS\System32\SHCORE.dll
0x00007ffebe060000 - 0x00007ffebe0c2000 	C:\WINDOWS\System32\shlwapi.dll
0x00007ffebd330000 - 0x00007ffebd359000 	C:\WINDOWS\SYSTEM32\profapi.dll
0x00007ffeb1790000 - 0x00007ffeb17a0000 	C:\Program Files\Android\Android Studio1\jbr\bin\net.dll
0x00007ffeaeeb0000 - 0x00007ffeaefcf000 	C:\WINDOWS\SYSTEM32\WINHTTP.dll
0x00007ffebc770000 - 0x00007ffebc7db000 	C:\WINDOWS\system32\mswsock.dll
0x00007ffeb0af0000 - 0x00007ffeb0b06000 	C:\Program Files\Android\Android Studio1\jbr\bin\nio.dll
0x00007ffeb0ae0000 - 0x00007ffeb0af0000 	C:\Program Files\Android\Android Studio1\jbr\bin\verify.dll
0x00007ffe27be0000 - 0x00007ffe27c07000 	C:\Users\Mbongeni\.gradle\native\1def1411415f61bf3af743bc5b6707747c0891f09f0c88961ee8f79bc544acac\windows-amd64\native-platform.dll
0x00007ffe1f420000 - 0x00007ffe1f498000 	C:\Users\Mbongeni\.gradle\native\0.2.7\x86_64-windows-gnu\gradle-fileevents.dll
0x00007ffe84120000 - 0x00007ffe84129000 	C:\Program Files\Android\Android Studio1\jbr\bin\management.dll
0x00007ffe84020000 - 0x00007ffe8402b000 	C:\Program Files\Android\Android Studio1\jbr\bin\management_ext.dll
0x00007ffebf110000 - 0x00007ffebf118000 	C:\WINDOWS\System32\PSAPI.DLL
0x00007ffebbc00000 - 0x00007ffebbc34000 	C:\WINDOWS\SYSTEM32\IPHLPAPI.DLL
0x00007ffebe050000 - 0x00007ffebe05a000 	C:\WINDOWS\System32\NSI.dll
0x00007ffe9f010000 - 0x00007ffe9f019000 	C:\Program Files\Android\Android Studio1\jbr\bin\extnet.dll
0x00007ffebca10000 - 0x00007ffebca2b000 	C:\WINDOWS\SYSTEM32\CRYPTSP.dll
0x00007ffebc120000 - 0x00007ffebc15b000 	C:\WINDOWS\system32\rsaenh.dll
0x00007ffebc810000 - 0x00007ffebc83b000 	C:\WINDOWS\SYSTEM32\USERENV.dll
0x00007ffebd300000 - 0x00007ffebd326000 	C:\WINDOWS\SYSTEM32\bcrypt.dll
0x00007ffebca30000 - 0x00007ffebca3c000 	C:\WINDOWS\SYSTEM32\CRYPTBASE.dll
0x00007ffeb0a80000 - 0x00007ffeb0a88000 	C:\WINDOWS\system32\wshunix.dll
0x00007ffe8c8a0000 - 0x00007ffe8c8b8000 	C:\WINDOWS\system32\napinsp.dll
0x00007ffebbca0000 - 0x00007ffebbdc6000 	C:\WINDOWS\SYSTEM32\DNSAPI.dll
0x00007ffe8c7f0000 - 0x00007ffe8c802000 	C:\WINDOWS\System32\winrnr.dll
0x00007ffe8c7c0000 - 0x00007ffe8c7e8000 	C:\WINDOWS\system32\nlansp_c.dll
0x00007ffeaf0e0000 - 0x00007ffeaf0f6000 	C:\WINDOWS\system32\wshbth.dll
0x00007ffeb01d0000 - 0x00007ffeb01db000 	C:\Windows\System32\rasadhlp.dll
0x00007ffeae400000 - 0x00007ffeae486000 	C:\WINDOWS\System32\fwpuclnt.dll
0x00007ffe74200000 - 0x00007ffe74249000 	C:\Users\Mbongeni\AppData\Local\Temp\jna-1116049261\jna7818237272000047605.dll
0x00007ffebf970000 - 0x00007ffebfb08000 	C:\WINDOWS\System32\Ole32.dll
0x00007ffebfcc0000 - 0x00007ffebfd71000 	C:\WINDOWS\System32\clbcatq.dll
0x00007ffe8a8f0000 - 0x00007ffe8a90d000 	C:\WINDOWS\SYSTEM32\amsi.dll
0x00007ffe8a850000 - 0x00007ffe8a8f0000 	C:\ProgramData\Microsoft\Windows Defender\Platform\4.18.25070.5-0\MpOav.dll
0x00007ffe90e70000 - 0x00007ffe90ec6000 	C:\WINDOWS\SYSTEM32\Pdh.dll
0x00007ffe84190000 - 0x00007ffe841a1000 	C:\WINDOWS\System32\perfdisk.dll
0x00007ffeb4c80000 - 0x00007ffeb4c93000 	C:\WINDOWS\System32\WMICLNT.dll
0x00007ffeb97b0000 - 0x00007ffeb9858000 	C:\WINDOWS\system32\uxtheme.dll
0x00007ffe84130000 - 0x00007ffe8418e000 	C:\Program Files\Huawei\PCManager\plugins\PerfWndMonModule.dll
0x00007ffebcfa0000 - 0x00007ffebcff7000 	C:\WINDOWS\SYSTEM32\cfgmgr32.dll
0x00007ffeb9510000 - 0x00007ffeb953a000 	C:\WINDOWS\SYSTEM32\Wtsapi32.dll
0x00007ffebd4a0000 - 0x00007ffebd617000 	C:\WINDOWS\System32\CRYPT32.dll
0x00007ffebc470000 - 0x00007ffebc4b9000 	C:\WINDOWS\SYSTEM32\SspiCli.dll
0x00007ffebd1c0000 - 0x00007ffebd223000 	C:\WINDOWS\SYSTEM32\WINSTA.dll
0x00007ffea3480000 - 0x00007ffea3487000 	C:\Program Files\Android\Android Studio1\jbr\bin\rmi.dll
0x00007ffebc2f0000 - 0x00007ffebc326000 	C:\WINDOWS\SYSTEM32\ntmarta.dll
0x00007ffeb08c0000 - 0x00007ffeb0a58000 	C:\Program Files\Android\Android Studio1\jbr\bin\awt.dll
0x00007ffeb98f0000 - 0x00007ffeb991b000 	C:\WINDOWS\SYSTEM32\dwmapi.dll
0x00007ffeb0a90000 - 0x00007ffeb0ad4000 	C:\Program Files\Android\Android Studio1\jbr\bin\nvdaControllerClient64.dll
0x00007ffeb9540000 - 0x00007ffeb95de000 	C:\WINDOWS\SYSTEM32\apphelp.dll
0x00007ffebf810000 - 0x00007ffebf968000 	C:\WINDOWS\System32\MSCTF.dll
0x00007ffe9a670000 - 0x00007ffe9a682000 	C:\WINDOWS\system32\wbem\wbemprox.dll
0x00007ffe9a5f0000 - 0x00007ffe9a66a000 	C:\WINDOWS\SYSTEM32\wbemcomn.dll
0x00007ffe907b0000 - 0x00007ffe907c5000 	C:\WINDOWS\system32\wbem\wbemsvc.dll
0x00007ffe90840000 - 0x00007ffe90930000 	C:\WINDOWS\system32\wbem\fastprox.dll
0x00007ffe88cf0000 - 0x00007ffe88d02000 	C:\WINDOWS\System32\perfproc.dll

dbghelp: loaded successfully - version: 4.0.5 - missing functions: none
symbol engine: initialized successfully - sym options: 0x614 - pdb path: .;C:\Program Files\Android\Android Studio1\jbr\bin;C:\WINDOWS\SYSTEM32;C:\WINDOWS\WinSxS\amd64_microsoft.windows.common-controls_6595b64144ccf1df_6.0.26100.5074_none_3e0d6f78e32fd63f;C:\Program Files\Android\Android Studio1\jbr\bin\server;C:\Users\Mbongeni\.gradle\native\1def1411415f61bf3af743bc5b6707747c0891f09f0c88961ee8f79bc544acac\windows-amd64;C:\Users\Mbongeni\.gradle\native\0.2.7\x86_64-windows-gnu;C:\Users\Mbongeni\AppData\Local\Temp\jna-1116049261;C:\ProgramData\Microsoft\Windows Defender\Platform\4.18.25070.5-0;C:\Program Files\Huawei\PCManager\plugins;C:\WINDOWS\system32\wbem;C:\Users\Mbongeni\AppData\Local\Temp

VM Arguments:
jvm_args: --add-opens=java.base/java.lang=ALL-UNNAMED --add-opens=java.base/java.lang.invoke=ALL-UNNAMED --add-opens=java.base/java.util=ALL-UNNAMED --add-opens=java.prefs/java.util.prefs=ALL-UNNAMED --add-exports=jdk.compiler/com.sun.tools.javac.api=ALL-UNNAMED --add-exports=jdk.compiler/com.sun.tools.javac.util=ALL-UNNAMED --add-opens=java.base/java.util=ALL-UNNAMED --add-opens=java.prefs/java.util.prefs=ALL-UNNAMED --add-opens=java.base/java.nio.charset=ALL-UNNAMED --add-opens=java.base/java.net=ALL-UNNAMED --add-opens=java.base/java.util.concurrent.atomic=ALL-UNNAMED --add-opens=java.xml/javax.xml.namespace=ALL-UNNAMED -XX:+UseParallelGC -Xmx4g -Dfile.encoding=UTF-8 -Duser.country=CN -Duser.language=zh -Duser.variant -javaagent:C:\Users\Mbongeni\.gradle\wrapper\dists\gradle-8.14.2-bin\2pb3mgt1p815evrl3weanttgr\gradle-8.14.2\lib\agents\gradle-instrumentation-agent-8.14.2.jar 
java_command: org.gradle.launcher.daemon.bootstrap.GradleDaemon 8.14.2
java_class_path (initial): C:\Users\Mbongeni\.gradle\wrapper\dists\gradle-8.14.2-bin\2pb3mgt1p815evrl3weanttgr\gradle-8.14.2\lib\gradle-daemon-main-8.14.2.jar
Launcher Type: SUN_STANDARD

[Global flags]
     intx CICompilerCount                          = 3                                         {product} {ergonomic}
   size_t InitialHeapSize                          = 132120576                                 {product} {ergonomic}
   size_t MaxHeapSize                              = 4294967296                                {product} {command line}
   size_t MaxNewSize                               = 1431306240                                {product} {ergonomic}
   size_t MinHeapDeltaBytes                        = 524288                                    {product} {ergonomic}
   size_t MinHeapSize                              = 8388608                                   {product} {ergonomic}
   size_t NewSize                                  = 44040192                                  {product} {ergonomic}
    uintx NonNMethodCodeHeapSize                   = 5832780                                {pd product} {ergonomic}
    uintx NonProfiledCodeHeapSize                  = 122912730                              {pd product} {ergonomic}
   size_t OldSize                                  = 88080384                                  {product} {ergonomic}
    uintx ProfiledCodeHeapSize                     = 122912730                              {pd product} {ergonomic}
    uintx ReservedCodeCacheSize                    = 251658240                              {pd product} {ergonomic}
     bool SegmentedCodeCache                       = true                                      {product} {ergonomic}
   size_t SoftMaxHeapSize                          = 4294967296                             {manageable} {ergonomic}
     bool UseCompressedOops                        = true                           {product lp64_product} {ergonomic}
     bool UseLargePagesIndividualAllocation        = false                                  {pd product} {ergonomic}
     bool UseParallelGC                            = true                                      {product} {command line}

Logging:
Log output configuration:
 #0: stdout all=warning uptime,level,tags foldmultilines=false
 #1: stderr all=off uptime,level,tags foldmultilines=false

Environment Variables:
PATH=C:\Program Files\Common Files\Oracle\Java\javapath;C:\Windows\System32\HWAudioDriverLibs;C:\Windows\system32;C:\Windows;C:\Windows\System32\Wbem;C:\Windows\System32\WindowsPowerShell\v1.0\;C:\Windows\System32\OpenSSH\;C:\Windows\system32\config\systemprofile\AppData\Local\Microsoft\WindowsApps;C:\WINDOWS\system32;C:\WINDOWS;C:\WINDOWS\System32\Wbem;C:\WINDOWS\System32\WindowsPowerShell\v1.0\;C:\WINDOWS\System32\OpenSSH\;C:\Program Files\nodejs\;C:\Program Files\apache-maven-3.9.9\bin;C:\Program Files\Microsoft SQL Server\150\Tools\Binn\;C:\Users\Mbongeni\Downloads\ffmpeg-2025-04-14-git-3b2a9410ef-full_build\ffmpeg-2025-04-14-git-3b2a9410ef-full_build\bin;C:\platform-tools;C:\xampp\php;C:\ProgramData\ComposerSetup\bin;C:\dev\flutter\bin;C:\Program Files\Git\cmd;C:\ProgramData\chocolatey\bin;C:\Users\Mbongeni\AppData\Local\Microsoft\WindowsApps;C:\Users\Mbongeni\AppData\Local\Programs\Microsoft VS Code\bin;C:\Users\Mbongeni\AppData\Roaming\npm;C:\Users\Mbongeni\AppData\Local\GitHubDesktop\bin;C:\Users\Mbongeni\.dotnet\tools;C:\msys64\ucrt64\bin;C:\Users\Mbongeni\AppData\Roaming\Composer\vendor\bin;C:\Users\Mbongeni\AppData\Local\Android\Sdk\cmdline-tools\latest\bin;C:\Users\Mbongeni\AppData\Local\Android\Sdk\platform-tools;C:\Users\Mbongeni\AppData\Local\Android\Sdk\cmake\4.1.0\bin;C:\Users\Mbongeni\AppData\Local\Android\Sdk\ndk\29.0.13846066;;C:\tools\dart-sdk\bin;C:\Users\Mbongeni\AppData\Local\Pub\Cache\bin
USERNAME=Mbongeni
OS=Windows_NT
PROCESSOR_IDENTIFIER=Intel64 Family 6 Model 142 Stepping 12, GenuineIntel
TMP=C:\Users\Mbongeni\AppData\Local\Temp
TEMP=C:\Users\Mbongeni\AppData\Local\Temp




Periodic native trim disabled

JNI global refs:
JNI global refs: 41, weak refs: 52

JNI global refs memory usage: 835, weak refs: 1465

Process memory usage:
Resident Set Size: 3474084K (42% of 8218416K total physical memory with 1158016K free physical memory)

OOME stack traces (most recent first):
Classloader memory used:
Loader java.net.URLClassLoader                                                         : 158M
Loader org.gradle.internal.classloader.VisitableURLClassLoader$InstrumentingVisitableURLClassLoader: 79688K
Loader org.gradle.internal.classloader.VisitableURLClassLoader                         : 42578K
Loader bootstrap                                                                       : 39786K
Loader org.gradle.initialization.MixInLegacyTypesClassLoader                           : 8619K
Loader jdk.internal.reflect.DelegatingClassLoader                                      : 2063K
Loader jdk.internal.loader.ClassLoaders$PlatformClassLoader                            : 1011K
Loader com.intellij.util.lang.UrlClassLoader                                           : 447K
Loader jdk.internal.jrtfs.JrtFileSystemProvider$JrtFsLoader                            : 343K
Loader jdk.internal.loader.ClassLoaders$AppClassLoader                                 : 241K
Loader org.gradle.internal.classloader.VisitableURLClassLoader                         : 7696B
Loader sun.reflect.misc.MethodUtil                                                     : 2968B

Classes loaded by more than one classloader:
Class com.google.common.base.Equivalence$Identity                                     : loaded 3 times (x 78B)
Class com.google.common.base.PairwiseEquivalence                                      : loaded 3 times (x 79B)
Class com.google.common.collect.RegularImmutableMap$KeySet                            : loaded 3 times (x 148B)
Class kotlin.coroutines.jvm.internal.CompletedContinuation                            : loaded 3 times (x 71B)
Class kotlin.ranges.IntProgression                                                    : loaded 3 times (x 77B)
Class kotlin.io.TextStreamsKt                                                         : loaded 3 times (x 67B)
Class kotlin.sequences.DropTakeSequence                                               : loaded 3 times (x 66B)
Class com.google.common.collect.RegularImmutableSet                                   : loaded 3 times (x 145B)
Class kotlin.coroutines.CoroutineContext                                              : loaded 3 times (x 66B)
Class kotlin.coroutines.jvm.internal.DebugProbesKt                                    : loaded 3 times (x 67B)
Class kotlin.sequences.FlatteningSequence                                             : loaded 3 times (x 71B)
Class kotlin.ranges.IntProgressionIterator                                            : loaded 3 times (x 78B)
Class kotlin.text.StringsKt__StringsKt                                                : loaded 3 times (x 67B)
Class kotlin.NotImplementedError                                                      : loaded 3 times (x 78B)
Class org.objectweb.asm.Context                                                       : loaded 3 times (x 68B)
Class com.google.common.collect.Iterators$MergingIterator                             : loaded 3 times (x 77B)
Class kotlin.collections.CollectionsKt                                                : loaded 3 times (x 67B)
Class com.google.common.collect.SortedSetMultimap                                     : loaded 3 times (x 66B)
Class kotlin.reflect.KMutableProperty2                                                : loaded 3 times (x 66B)
Class kotlin.coroutines.jvm.internal.CoroutineStackFrame                              : loaded 3 times (x 66B)
Class kotlin.coroutines.intrinsics.IntrinsicsKt__IntrinsicsJvmKt                      : loaded 3 times (x 67B)
Class kotlin.reflect.KMutableProperty1                                                : loaded 3 times (x 66B)
Class com.google.common.collect.ImmutableList$SubList                                 : loaded 3 times (x 205B)
Class kotlin.jvm.internal.Ref$BooleanRef                                              : loaded 3 times (x 67B)
Class kotlin.jvm.internal.StringCompanionObject                                       : loaded 3 times (x 67B)
Class kotlin.jvm.internal.CollectionToArray                                           : loaded 3 times (x 67B)
Class kotlin.io.FilesKt__FileTreeWalkKt                                               : loaded 3 times (x 67B)
Class kotlin.sequences.FilteringSequence$iterator$1                                   : loaded 3 times (x 75B)
Class kotlin.collections.CollectionsKt__ReversedViewsKt                               : loaded 3 times (x 67B)
Class kotlin.sequences.SequencesKt__SequenceBuilderKt                                 : loaded 3 times (x 67B)
Class com.google.common.collect.ImmutableSet$SetBuilderImpl                           : loaded 3 times (x 72B)
Class kotlin.coroutines.jvm.internal.SuspendFunction                                  : loaded 3 times (x 66B)
Class kotlin.reflect.KClassifier                                                      : loaded 3 times (x 66B)
Class kotlin.reflect.KMutableProperty0                                                : loaded 3 times (x 66B)
Class com.google.common.collect.AbstractMapBasedMultimap$WrappedCollection            : loaded 3 times (x 120B)
Class com.google.common.collect.ImmutableList$1                                       : loaded 3 times (x 93B)
Class com.google.common.collect.ImmutableList                                         : loaded 3 times (x 202B)
Class org.objectweb.asm.ClassReader                                                   : loaded 3 times (x 90B)
Class kotlin.jvm.internal.PropertyReference1Impl                                      : loaded 3 times (x 123B)
Class kotlin.SafePublicationLazyImpl$Companion                                        : loaded 3 times (x 67B)
Class kotlin.jvm.internal.MutablePropertyReference1                                   : loaded 3 times (x 133B)
Class com.google.common.collect.ImmutableSet$EmptySetBuilderImpl                      : loaded 3 times (x 72B)
Class kotlin.jvm.internal.markers.KMappedMarker                                       : loaded 3 times (x 66B)
Class com.google.common.collect.ImmutableEnumSet                                      : loaded 3 times (x 142B)
Class [Lkotlin.reflect.KProperty;                                                     : loaded 3 times (x 65B)
Class kotlin.sequences.ConstrainedOnceSequence                                        : loaded 3 times (x 71B)
Class com.google.common.collect.ImmutableSet$Builder                                  : loaded 3 times (x 81B)
Class com.google.common.collect.RegularImmutableMap                                   : loaded 3 times (x 117B)
Class com.google.common.collect.ImmutableMap$MapViewOfValuesAsSingletonSets           : loaded 3 times (x 122B)
Class com.google.common.collect.SetMultimap                                           : loaded 3 times (x 66B)
Class com.google.common.collect.Maps$BiMapConverter                                   : loaded 3 times (x 86B)
Class kotlin.collections.builders.MapBuilder                                          : loaded 3 times (x 108B)
Class kotlin.ranges.IntProgression$Companion                                          : loaded 3 times (x 67B)
Class kotlin.NoWhenBranchMatchedException                                             : loaded 3 times (x 78B)
Class kotlin.Lazy                                                                     : loaded 3 times (x 66B)
Class kotlin.jvm.functions.Function19                                                 : loaded 3 times (x 66B)
Class com.google.common.collect.UnmodifiableListIterator                              : loaded 3 times (x 91B)
Class org.objectweb.asm.ClassVisitor                                                  : loaded 3 times (x 84B)
Class kotlin.reflect.KMutableProperty$Setter                                          : loaded 3 times (x 66B)
Class com.google.common.collect.ImmutableMapEntrySet$RegularEntrySet                  : loaded 3 times (x 148B)
Class com.google.common.collect.Multimaps                                             : loaded 3 times (x 67B)
Class kotlin.text.StringsKt__StringBuilderKt                                          : loaded 3 times (x 67B)
Class kotlin.sequences.TransformingSequence                                           : loaded 3 times (x 71B)
Class kotlin.jvm.internal.CallableReference$NoReceiver                                : loaded 3 times (x 67B)
Class kotlin.jvm.functions.Function18                                                 : loaded 3 times (x 66B)
Class kotlin.collections.ArraysKt__ArraysJVMKt                                        : loaded 3 times (x 67B)
Class kotlin.jvm.functions.Function17                                                 : loaded 3 times (x 66B)
Class com.google.common.base.Joiner$2                                                 : loaded 3 times (x 75B)
Class com.google.common.collect.Maps$IteratorBasedAbstractMap                         : loaded 3 times (x 121B)
Class kotlin.InitializedLazyImpl                                                      : loaded 3 times (x 72B)
Class [Lkotlin.reflect.KClass;                                                        : loaded 3 times (x 65B)
Class kotlin.io.LinesSequence                                                         : loaded 3 times (x 71B)
Class kotlin.collections.SetsKt__SetsKt                                               : loaded 3 times (x 67B)
Class kotlin.LazyKt                                                                   : loaded 3 times (x 67B)
Class kotlin.coroutines.EmptyCoroutineContext                                         : loaded 3 times (x 73B)
Class kotlin.jvm.functions.Function16                                                 : loaded 3 times (x 66B)
Class com.google.common.base.Platform$JdkPatternCompiler                              : loaded 3 times (x 71B)
Class com.google.common.base.Joiner$1                                                 : loaded 3 times (x 76B)
Class com.google.common.collect.PeekingIterator                                       : loaded 3 times (x 66B)
Class com.google.common.base.Preconditions                                            : loaded 3 times (x 67B)
Class kotlin.collections.ArraysKt                                                     : loaded 3 times (x 67B)
Class kotlin.text.CharsKt__CharKt                                                     : loaded 3 times (x 67B)
Class com.google.common.base.PatternCompiler                                          : loaded 3 times (x 66B)
Class kotlin.KotlinVersion$Companion                                                  : loaded 3 times (x 67B)
Class com.google.common.collect.Hashing                                               : loaded 3 times (x 67B)
Class kotlin.jvm.functions.Function15                                                 : loaded 3 times (x 66B)
Class kotlin.collections.ArrayDeque$Companion                                         : loaded 3 times (x 67B)
Class kotlin.sequences.SequencesKt___SequencesKt                                      : loaded 3 times (x 67B)
Class com.google.common.base.Equivalence$Equals                                       : loaded 3 times (x 78B)
Class kotlin.coroutines.jvm.internal.Boxing                                           : loaded 3 times (x 67B)
Class kotlin.collections.AbstractList$Companion                                       : loaded 3 times (x 67B)
Class kotlin.ranges.RangesKt___RangesKt                                               : loaded 3 times (x 67B)
Class kotlin.jvm.functions.Function14                                                 : loaded 3 times (x 66B)
Class [Lcom.google.common.collect.ImmutableMapEntry;                                  : loaded 3 times (x 65B)
Class com.google.common.collect.RegularImmutableBiMap                                 : loaded 3 times (x 145B)
Class kotlin.KotlinNullPointerException                                               : loaded 3 times (x 79B)
Class kotlin.text.Charsets                                                            : loaded 3 times (x 67B)
Class kotlin.ranges.OpenEndRange                                                      : loaded 3 times (x 66B)
Class kotlin.sequences.SequencesKt___SequencesKt$flatMap$2                            : loaded 3 times (x 121B)
Class kotlin.jvm.functions.Function13                                                 : loaded 3 times (x 66B)
Class kotlin.sequences.SequenceBuilderIterator                                        : loaded 3 times (x 81B)
Class com.google.common.collect.ListMultimap                                          : loaded 3 times (x 66B)
Class kotlin.collections.CollectionsKt__IterablesKt                                   : loaded 3 times (x 67B)
Class kotlin.collections.MapsKt                                                       : loaded 3 times (x 67B)
Class kotlin.coroutines.ContinuationInterceptor                                       : loaded 3 times (x 66B)
Class kotlin.text.StringsKt__AppendableKt                                             : loaded 3 times (x 67B)
Class com.google.common.collect.ImmutableEnumMap                                      : loaded 3 times (x 122B)
Class com.google.common.collect.Iterators$EmptyModifiableIterator                     : loaded 3 times (x 82B)
Class kotlin.jvm.internal.AdaptedFunctionReference                                    : loaded 3 times (x 73B)
Class kotlin.coroutines.intrinsics.CoroutineSingletons                                : loaded 3 times (x 75B)
Class kotlin.jvm.functions.Function12                                                 : loaded 3 times (x 66B)
Class kotlin.reflect.KProperty$Accessor                                               : loaded 3 times (x 66B)
Class [Lkotlin.reflect.KCallable;                                                     : loaded 3 times (x 65B)
Class com.google.common.collect.RegularImmutableMap$BucketOverflowException           : loaded 3 times (x 78B)
Class kotlin.sequences.TakeWhileSequence                                              : loaded 3 times (x 71B)
Class kotlin.jvm.internal.ArrayIteratorKt                                             : loaded 3 times (x 67B)
Class kotlin.jvm.internal.Intrinsics                                                  : loaded 3 times (x 67B)
Class com.google.common.collect.Sets$1                                                : loaded 3 times (x 135B)
Class kotlin.reflect.KAnnotatedElement                                                : loaded 3 times (x 66B)
Class kotlin.collections.EmptyMap                                                     : loaded 3 times (x 105B)
Class kotlin.collections.builders.MapBuilder$EntryRef                                 : loaded 3 times (x 77B)
Class kotlin.ranges.IntRange$Companion                                                : loaded 3 times (x 67B)
Class kotlin.coroutines.intrinsics.IntrinsicsKt                                       : loaded 3 times (x 67B)
Class kotlin.sequences.SequenceScope                                                  : loaded 3 times (x 69B)
Class kotlin.jvm.internal.markers.KMutableCollection                                  : loaded 3 times (x 66B)
Class kotlin.jvm.functions.Function11                                                 : loaded 3 times (x 66B)
Class kotlin.jvm.internal.PropertyReference0Impl                                      : loaded 3 times (x 123B)
Class com.google.common.collect.ImmutableSet$RegularSetBuilderImpl                    : loaded 3 times (x 73B)
Class [Lkotlin.LazyThreadSafetyMode;                                                  : loaded 3 times (x 65B)
Class kotlin.text.MatchResult                                                         : loaded 3 times (x 66B)
Class kotlin.sequences.Sequence                                                       : loaded 3 times (x 66B)
Class kotlin.text.StringsKt__StringNumberConversionsJVMKt                             : loaded 3 times (x 67B)
Class com.google.common.collect.Sets$2                                                : loaded 3 times (x 135B)
Class [Lkotlin.reflect.KClassifier;                                                   : loaded 3 times (x 65B)
Class kotlin.jvm.functions.Function9                                                  : loaded 3 times (x 66B)
Class kotlin.jvm.functions.Function10                                                 : loaded 3 times (x 66B)
Class kotlin.annotation.MustBeDocumented                                              : loaded 3 times (x 66B)
Class kotlin.enums.EnumEntriesKt                                                      : loaded 3 times (x 67B)
Class kotlin.jvm.functions.Function20                                                 : loaded 3 times (x 66B)
Class kotlin.text.StringsKt___StringsKt                                               : loaded 3 times (x 67B)
Class kotlin.collections.CollectionsKt__MutableCollectionsJVMKt                       : loaded 3 times (x 67B)
Class kotlin.collections.builders.MapBuilder$Companion                                : loaded 3 times (x 67B)
Class kotlin.jvm.functions.Function8                                                  : loaded 3 times (x 66B)
Class [Lkotlin.annotation.AnnotationRetention;                                        : loaded 3 times (x 65B)
Class kotlin.collections.CollectionsKt___CollectionsKt$asSequence$$inlined$Sequence$1 : loaded 3 times (x 71B)
Class kotlin.collections.MapsKt__MapWithDefaultKt                                     : loaded 3 times (x 67B)
Class com.google.common.collect.Sets$3                                                : loaded 3 times (x 135B)
Class kotlin.jvm.functions.Function7                                                  : loaded 3 times (x 66B)
Class com.google.common.collect.SortedMapDifference                                   : loaded 3 times (x 66B)
Class kotlin.collections.ArraysKt___ArraysKt                                          : loaded 3 times (x 67B)
Class kotlin.collections.MapsKt___MapsKt                                              : loaded 3 times (x 67B)
Class kotlin.io.FilesKt                                                               : loaded 3 times (x 67B)
Class kotlin.jvm.functions.Function21                                                 : loaded 3 times (x 66B)
Class kotlin.jvm.functions.Function6                                                  : loaded 3 times (x 66B)
Class kotlin.text.StringsKt___StringsJvmKt                                            : loaded 3 times (x 67B)
Class com.google.common.collect.Sets$4                                                : loaded 3 times (x 135B)
Class kotlin.reflect.KDeclarationContainer                                            : loaded 3 times (x 66B)
Class com.google.common.collect.CollectPreconditions                                  : loaded 3 times (x 67B)
Class kotlin.jvm.functions.Function5                                                  : loaded 3 times (x 66B)
Class kotlin.collections.builders.MapBuilderEntries                                   : loaded 3 times (x 141B)
Class kotlin.annotation.AnnotationRetention                                           : loaded 3 times (x 75B)
Class kotlin.collections.MapWithDefault                                               : loaded 3 times (x 66B)
Class kotlin.annotation.Retention                                                     : loaded 3 times (x 66B)
Class kotlin.jvm.functions.Function22                                                 : loaded 3 times (x 66B)
Class kotlin.collections.CollectionsKt___CollectionsKt                                : loaded 3 times (x 67B)
Class kotlin.collections.EmptySet                                                     : loaded 3 times (x 118B)
Class kotlin.coroutines.jvm.internal.SuspendLambda                                    : loaded 3 times (x 87B)
Class kotlin.coroutines.jvm.internal.ContinuationImpl                                 : loaded 3 times (x 83B)
Class kotlin.jvm.functions.Function4                                                  : loaded 3 times (x 66B)
Class kotlin.annotation.Target                                                        : loaded 3 times (x 66B)
Class com.google.common.collect.ImmutableEntry                                        : loaded 3 times (x 78B)
Class [Lcom.google.common.collect.AbstractMapEntry;                                   : loaded 3 times (x 65B)
Class com.google.common.collect.TransformedIterator                                   : loaded 3 times (x 76B)
Class com.google.common.collect.ArrayListMultimap                                     : loaded 3 times (x 168B)
Class kotlin.collections.MapsKt___MapsJvmKt                                           : loaded 3 times (x 67B)
Class kotlin.reflect.KTypeParameter                                                   : loaded 3 times (x 66B)
Class kotlin.jvm.functions.Function3                                                  : loaded 3 times (x 66B)
Class kotlin.KotlinNothingValueException                                              : loaded 3 times (x 78B)
Class kotlin.jvm.functions.Function2                                                  : loaded 3 times (x 66B)
Class com.google.common.collect.ImmutableMap                                          : loaded 3 times (x 116B)
Class com.google.common.base.Predicate                                                : loaded 3 times (x 66B)
Class kotlin.collections.CollectionsKt__CollectionsKt                                 : loaded 3 times (x 67B)
Class kotlin.collections.ArraysKt___ArraysJvmKt                                       : loaded 3 times (x 67B)
Class kotlin.jvm.internal.markers.KMutableIterator                                    : loaded 3 times (x 66B)
Class kotlin.text.StringsKt__RegexExtensionsJVMKt                                     : loaded 3 times (x 67B)
Class com.google.common.collect.MapDifference                                         : loaded 3 times (x 66B)
Class com.google.common.collect.Sets                                                  : loaded 3 times (x 67B)
Class kotlin.jvm.functions.Function1                                                  : loaded 3 times (x 66B)
Class com.google.common.base.Strings                                                  : loaded 3 times (x 67B)
Class kotlin.collections.AbstractMutableList                                          : loaded 3 times (x 202B)
Class kotlin._Assertions                                                              : loaded 3 times (x 67B)
Class kotlin.text.Regex$Companion                                                     : loaded 3 times (x 67B)
Class com.google.common.collect.HashBiMap                                             : loaded 3 times (x 139B)
Class kotlin.properties.ReadWriteProperty                                             : loaded 3 times (x 66B)
Class kotlin.sequences.FlatteningSequence$iterator$1                                  : loaded 3 times (x 75B)
Class kotlin.jvm.functions.Function0                                                  : loaded 3 times (x 66B)
Class [Lkotlin.annotation.AnnotationTarget;                                           : loaded 3 times (x 65B)
Class com.google.common.collect.Iterators$ArrayItr                                    : loaded 3 times (x 93B)
Class kotlin.collections.ArraysUtilJVM                                                : loaded 3 times (x 67B)
Class com.google.common.collect.ImmutableCollection$Builder                           : loaded 3 times (x 72B)
Class kotlin.sequences.GeneratorSequence                                              : loaded 3 times (x 71B)
Class [Lkotlin.coroutines.intrinsics.CoroutineSingletons;                             : loaded 3 times (x 65B)
Class [Lkotlin.DeprecationLevel;                                                      : loaded 3 times (x 65B)
Class kotlin.ranges.RangesKt                                                          : loaded 3 times (x 67B)
Class org.objectweb.asm.Attribute                                                     : loaded 3 times (x 73B)
Class kotlin.jvm.internal.FunctionReference                                           : loaded 3 times (x 118B)
Class kotlin.jvm.internal.FunctionBase                                                : loaded 3 times (x 66B)
Class kotlin.enums.EnumEntriesList                                                    : loaded 3 times (x 219B)
Class com.google.common.base.Supplier                                                 : loaded 3 times (x 66B)
Class kotlin.sequences.SequencesKt___SequencesJvmKt                                   : loaded 3 times (x 67B)
Class com.google.common.io.Closer$Suppressor                                          : loaded 3 times (x 66B)
Class kotlin.Unit                                                                     : loaded 3 times (x 67B)
Class kotlin.TuplesKt                                                                 : loaded 3 times (x 67B)
Class kotlin.collections.builders.AbstractMapBuilderEntrySet                          : loaded 3 times (x 140B)
Class kotlin.jvm.internal.markers.KMutableIterable                                    : loaded 3 times (x 66B)
Class com.google.common.base.MoreObjects                                              : loaded 3 times (x 67B)
Class com.google.common.base.Joiner                                                   : loaded 3 times (x 75B)
Class kotlin.jdk7.AutoCloseableKt                                                     : loaded 3 times (x 67B)
Class kotlin.jvm.internal.FunctionReferenceImpl                                       : loaded 3 times (x 118B)
Class kotlin.collections.CollectionsKt___CollectionsJvmKt                             : loaded 3 times (x 67B)
Class kotlin.text.DelimitedRangesSequence                                             : loaded 3 times (x 71B)
Class com.google.common.collect.ImmutableSet                                          : loaded 3 times (x 141B)
Class kotlin.collections.CollectionsKt__IteratorsJVMKt                                : loaded 3 times (x 67B)
Class kotlin.comparisons.ComparisonsKt___ComparisonsJvmKt                             : loaded 3 times (x 67B)
Class com.google.common.io.Closer                                                     : loaded 3 times (x 74B)
Class kotlin.reflect.KType                                                            : loaded 3 times (x 66B)
Class com.google.common.collect.RegularImmutableMap$Values                            : loaded 3 times (x 203B)
Class kotlin.comparisons.ComparisonsKt___ComparisonsKt                                : loaded 3 times (x 67B)
Class kotlin.comparisons.ComparisonsKt                                                : loaded 3 times (x 67B)
Class com.google.common.collect.Platform                                              : loaded 3 times (x 67B)
Class kotlin.text.CharsKt__CharJVMKt                                                  : loaded 3 times (x 67B)
Class [Lorg.objectweb.asm.Attribute;                                                  : loaded 3 times (x 65B)
Class kotlin.reflect.KProperty0                                                       : loaded 3 times (x 66B)
Class kotlin.Result                                                                   : loaded 3 times (x 68B)
Class kotlin.sequences.FilteringSequence                                              : loaded 3 times (x 71B)
Class kotlin.coroutines.jvm.internal.BaseContinuationImpl                             : loaded 3 times (x 83B)
Class kotlin.Result$Companion                                                         : loaded 3 times (x 67B)
Class com.google.common.collect.UnmodifiableIterator                                  : loaded 3 times (x 76B)
Class kotlin.comparisons.ComparisonsKt__ComparisonsKt                                 : loaded 3 times (x 67B)
Class com.google.common.collect.SingletonImmutableBiMap                               : loaded 3 times (x 139B)
Class com.google.common.collect.Iterators$SingletonIterator                           : loaded 3 times (x 77B)
Class com.google.common.collect.HashBiMap$BiEntry                                     : loaded 3 times (x 79B)
Class com.google.common.collect.AbstractMapEntry                                      : loaded 3 times (x 77B)
Class kotlin.reflect.KClass                                                           : loaded 3 times (x 66B)
Class kotlin.reflect.KProperty1                                                       : loaded 3 times (x 66B)
Class kotlin.Pair                                                                     : loaded 3 times (x 68B)
Class kotlin.sequences.SequencesKt__SequencesKt                                       : loaded 3 times (x 67B)
Class kotlin.sequences.TransformingSequence$iterator$1                                : loaded 3 times (x 75B)
Class kotlin.collections.SetsKt___SetsKt                                              : loaded 3 times (x 67B)
Class kotlin.ranges.RangesKt__RangesKt                                                : loaded 3 times (x 67B)
Class com.google.common.math.IntMath$1                                                : loaded 3 times (x 67B)
Class com.google.common.collect.AbstractMultimap                                      : loaded 3 times (x 119B)
Class com.google.common.collect.ImmutableList$Builder                                 : loaded 3 times (x 73B)
Class kotlin.sequences.GeneratorSequence$iterator$1                                   : loaded 3 times (x 75B)
Class kotlin.reflect.KProperty2                                                       : loaded 3 times (x 66B)
Class kotlin.coroutines.Continuation                                                  : loaded 3 times (x 66B)
Class kotlin.io.CloseableKt                                                           : loaded 3 times (x 67B)
Class kotlin.jvm.internal.ClassBasedDeclarationContainer                              : loaded 3 times (x 66B)
Class kotlin.collections.CollectionsKt__MutableCollectionsKt                          : loaded 3 times (x 67B)
Class kotlin.UNINITIALIZED_VALUE                                                      : loaded 3 times (x 67B)
Class kotlin.jvm.internal.Ref$ObjectRef                                               : loaded 3 times (x 68B)
Class kotlin.jvm.internal.ReflectionFactory                                           : loaded 3 times (x 87B)
Class com.google.common.collect.Sets$SetView                                          : loaded 3 times (x 134B)
Class kotlin.text.StringsKt__StringBuilderJVMKt                                       : loaded 3 times (x 67B)
Class kotlin.text.Regex                                                               : loaded 3 times (x 68B)
Class kotlin.LazyKt__LazyKt                                                           : loaded 3 times (x 67B)
Class kotlin.collections.ArrayAsCollection                                            : loaded 3 times (x 101B)
Class kotlin.sequences.SequencesKt__SequenceBuilderKt$sequence$$inlined$Sequence$1    : loaded 3 times (x 71B)
Class kotlin.Triple                                                                   : loaded 3 times (x 68B)
Class [Lcom.google.common.collect.Iterators$EmptyModifiableIterator;                  : loaded 3 times (x 65B)
Class kotlin.coroutines.CoroutineContext$Element                                      : loaded 3 times (x 66B)
Class com.google.common.collect.RegularImmutableAsList                                : loaded 3 times (x 213B)
Class kotlin.io.FilesKt__FilePathComponentsKt                                         : loaded 3 times (x 67B)
Class kotlin.reflect.KCallable                                                        : loaded 3 times (x 66B)
Class kotlin.collections.AbstractCollection                                           : loaded 3 times (x 113B)
Class kotlin.collections.AbstractList                                                 : loaded 3 times (x 193B)
Class kotlin.collections.AbstractIterator                                             : loaded 3 times (x 79B)
Class com.google.common.collect.Iterators                                             : loaded 3 times (x 67B)
Class com.google.common.collect.Maps$8                                                : loaded 3 times (x 78B)
Class kotlin.sequences.SequencesKt__SequencesJVMKt                                    : loaded 3 times (x 67B)
Class kotlin.io.LinesSequence$iterator$1                                              : loaded 3 times (x 75B)
Class kotlin.coroutines.jvm.internal.RestrictedSuspendLambda                          : loaded 3 times (x 87B)
Class kotlin.text.CharsKt                                                             : loaded 3 times (x 67B)
Class kotlin.text.StringsKt__RegexExtensionsKt                                        : loaded 3 times (x 67B)
Class kotlin.SynchronizedLazyImpl                                                     : loaded 3 times (x 72B)
Class kotlin.collections.EmptyIterator                                                : loaded 3 times (x 85B)
Class com.google.common.base.Platform                                                 : loaded 3 times (x 67B)
Class kotlin.jvm.internal.SpreadBuilder                                               : loaded 3 times (x 72B)
Class kotlin.jvm.internal.ArrayIterator                                               : loaded 3 times (x 75B)
Class kotlin.LazyThreadSafetyMode                                                     : loaded 3 times (x 75B)
Class kotlin.LazyKt__LazyJVMKt$WhenMappings                                           : loaded 3 times (x 67B)
Class kotlin.coroutines.ContinuationInterceptor$Key                                   : loaded 3 times (x 67B)
Class kotlin.text.DelimitedRangesSequence$iterator$1                                  : loaded 3 times (x 75B)
Class kotlin.UnsafeLazyImpl                                                           : loaded 3 times (x 72B)
Class kotlin.jvm.internal.MutablePropertyReference                                    : loaded 3 times (x 115B)
Class com.google.common.collect.Lists$StringAsImmutableList                           : loaded 3 times (x 203B)
Class [Lcom.google.common.collect.ImmutableEntry;                                     : loaded 3 times (x 65B)
Class com.google.common.collect.Maps                                                  : loaded 3 times (x 67B)
Class kotlin.jvm.internal.PropertyReference1                                          : loaded 3 times (x 123B)
Class kotlin.collections.builders.MapBuilder$EntriesItr                               : loaded 3 times (x 77B)
Class kotlin.jvm.internal.Ref$IntRef                                                  : loaded 3 times (x 67B)
Class kotlin.jvm.internal.DefaultConstructorMarker                                    : loaded 3 times (x 67B)
Class kotlin.sequences.EmptySequence                                                  : loaded 3 times (x 74B)
Class kotlin.jvm.internal.PropertyReference0                                          : loaded 3 times (x 123B)
Class kotlin.DeprecationLevel                                                         : loaded 3 times (x 75B)
Class com.google.common.collect.RegularImmutableList                                  : loaded 3 times (x 209B)
Class kotlin.jvm.JvmStatic                                                            : loaded 3 times (x 66B)
Class kotlin.enums.EnumEntries                                                        : loaded 3 times (x 66B)
Class com.google.common.base.Function                                                 : loaded 3 times (x 66B)
Class com.google.common.collect.ImmutableMapEntry$NonTerminalImmutableMapEntry        : loaded 3 times (x 81B)
Class com.google.common.base.Equivalence                                              : loaded 3 times (x 78B)
Class kotlin.ranges.IntRange                                                          : loaded 3 times (x 89B)
Class kotlin.jvm.internal.markers.KMutableMap                                         : loaded 3 times (x 66B)
Class kotlin.collections.MapsKt__MapsJVMKt                                            : loaded 3 times (x 67B)
Class kotlin.collections.EmptyList                                                    : loaded 3 times (x 170B)
Class kotlin.properties.ReadOnlyProperty                                              : loaded 3 times (x 66B)
Class kotlin.collections.ArraysKt___ArraysKt$asSequence$$inlined$Sequence$1           : loaded 3 times (x 71B)
Class com.google.common.collect.ImmutableMapEntry                                     : loaded 3 times (x 81B)
Class [Lcom.google.common.collect.HashBiMap$BiEntry;                                  : loaded 3 times (x 65B)
Class kotlin.jvm.internal.CallableReference                                           : loaded 3 times (x 102B)
Class com.google.common.math.IntMath                                                  : loaded 3 times (x 67B)
Class kotlin.collections.AbstractList$IteratorImpl                                    : loaded 3 times (x 78B)
Class com.google.common.base.Objects                                                  : loaded 3 times (x 67B)
Class com.google.common.collect.AbstractMapBasedMultimap$Itr                          : loaded 3 times (x 79B)
Class com.google.common.collect.IndexedImmutableSet                                   : loaded 3 times (x 148B)
Class com.google.common.collect.ImmutableMap$1                                        : loaded 3 times (x 77B)
Class com.google.common.base.CommonPattern                                            : loaded 3 times (x 70B)
Class [Lkotlin.sequences.Sequence;                                                    : loaded 3 times (x 65B)
Class kotlin.jvm.internal.MutablePropertyReference1Impl                               : loaded 3 times (x 133B)
Class kotlin.collections.builders.ListBuilderKt                                       : loaded 3 times (x 67B)
Class kotlin.jvm.KotlinReflectionNotSupportedError                                    : loaded 3 times (x 78B)
Class com.google.common.collect.Maps$EntryTransformer                                 : loaded 3 times (x 66B)
Class com.google.common.collect.BiMap                                                 : loaded 3 times (x 66B)
Class kotlin.text.StringsKt__StringNumberConversionsKt                                : loaded 3 times (x 67B)
Class kotlin.io.FilesKt__FileReadWriteKt                                              : loaded 3 times (x 67B)
Class [Lkotlin.Pair;                                                                  : loaded 3 times (x 65B)
Class kotlin.jvm.internal.markers.KMutableList                                        : loaded 3 times (x 66B)
Class kotlin.LazyKt__LazyJVMKt                                                        : loaded 3 times (x 67B)
Class com.google.common.collect.AbstractIterator                                      : loaded 3 times (x 78B)
Class kotlin.coroutines.CoroutineContext$Key                                          : loaded 3 times (x 66B)
Class kotlin.ResultKt                                                                 : loaded 3 times (x 67B)
Class com.google.common.primitives.Ints                                               : loaded 3 times (x 67B)
Class kotlin.coroutines.jvm.internal.RestrictedContinuationImpl                       : loaded 3 times (x 83B)
Class kotlin.text.StringsKt                                                           : loaded 3 times (x 67B)
Class com.google.common.collect.ImmutableAsList                                       : loaded 3 times (x 205B)
Class kotlin.jvm.internal.markers.KMutableSet                                         : loaded 3 times (x 66B)
Class com.google.common.collect.AbstractMapBasedMultimap                              : loaded 3 times (x 135B)
Class kotlin.collections.IndexingIterable                                             : loaded 3 times (x 75B)
Class com.google.common.collect.Multiset                                              : loaded 3 times (x 66B)
Class com.google.common.collect.ArrayListMultimapGwtSerializationDependencies         : loaded 3 times (x 168B)
Class com.google.common.collect.ObjectArrays                                          : loaded 3 times (x 67B)
Class com.google.common.collect.AbstractIndexedListIterator                           : loaded 3 times (x 92B)
Class kotlin.Result$Failure                                                           : loaded 3 times (x 68B)
Class com.google.common.collect.Iterators$9                                           : loaded 3 times (x 77B)
Class com.google.common.math.MathPreconditions                                        : loaded 3 times (x 67B)
Class kotlin.collections.ArraysKt__ArraysKt                                           : loaded 3 times (x 67B)
Class com.google.common.base.FunctionalEquivalence                                    : loaded 3 times (x 79B)
Class com.google.common.collect.Lists                                                 : loaded 3 times (x 67B)
Class com.google.common.collect.ImmutableMapEntrySet                                  : loaded 3 times (x 148B)
Class com.google.common.base.Converter                                                : loaded 3 times (x 86B)
Class kotlin.sequences.SequencesKt                                                    : loaded 3 times (x 67B)
Class kotlin.collections.CollectionsKt__IteratorsKt                                   : loaded 3 times (x 67B)
Class com.google.common.collect.ImmutableSet$CachingAsList                            : loaded 3 times (x 144B)
Class kotlin.KotlinVersionCurrentValue                                                : loaded 3 times (x 67B)
Class kotlin.collections.builders.MapBuilder$Itr                                      : loaded 3 times (x 68B)
Class kotlin.collections.IndexedValue                                                 : loaded 3 times (x 68B)
Class kotlin.collections.SetsKt__SetsJVMKt                                            : loaded 3 times (x 67B)
Class com.google.common.collect.ImmutableCollection                                   : loaded 3 times (x 121B)
Class kotlin.Function                                                                 : loaded 3 times (x 66B)
Class kotlin.collections.CollectionsKt__CollectionsJVMKt                              : loaded 3 times (x 67B)
Class kotlin.KotlinVersion                                                            : loaded 3 times (x 70B)
Class kotlin.io.FilesKt__UtilsKt                                                      : loaded 3 times (x 67B)
Class kotlin.text.RegexKt                                                             : loaded 3 times (x 67B)
Class kotlin.coroutines.intrinsics.IntrinsicsKt__IntrinsicsKt                         : loaded 3 times (x 67B)
Class com.google.common.collect.HashBiMap$Inverse                                     : loaded 3 times (x 138B)
Class kotlin.reflect.KMutableProperty                                                 : loaded 3 times (x 66B)
Class com.google.common.collect.ImmutableSet$JdkBackedSetBuilderImpl                  : loaded 3 times (x 72B)
Class kotlin.internal.ProgressionUtilKt                                               : loaded 3 times (x 67B)
Class com.google.common.collect.Iterators$5                                           : loaded 3 times (x 78B)
Class kotlin.SafePublicationLazyImpl                                                  : loaded 3 times (x 72B)
Class com.google.common.collect.ImmutableBiMap                                        : loaded 3 times (x 139B)
Class com.google.common.collect.AbstractListMultimap                                  : loaded 3 times (x 168B)
Class com.google.common.collect.Iterators$4                                           : loaded 3 times (x 78B)
Class kotlin.jvm.internal.PropertyReference                                           : loaded 3 times (x 111B)
Class kotlin.reflect.KProperty$Getter                                                 : loaded 3 times (x 66B)
Class kotlin.UninitializedPropertyAccessException                                     : loaded 3 times (x 78B)
Class com.google.common.collect.ImmutableMap$IteratorBasedImmutableMap                : loaded 3 times (x 122B)
Class com.google.common.collect.SingletonImmutableSet                                 : loaded 3 times (x 142B)
Class kotlin.collections.AbstractMutableSet                                           : loaded 3 times (x 138B)
Class kotlin.Metadata                                                                 : loaded 3 times (x 66B)
Class kotlin.properties.Delegates                                                     : loaded 3 times (x 67B)
Class com.google.common.collect.Iterators$1                                           : loaded 3 times (x 77B)
Class kotlin.jvm.internal.markers.KMutableMap$Entry                                   : loaded 3 times (x 66B)
Class kotlin.collections.IndexingIterator                                             : loaded 3 times (x 75B)
Class com.google.common.collect.ImmutableMap$Builder                                  : loaded 3 times (x 78B)
Class kotlin.jvm.internal.Lambda                                                      : loaded 3 times (x 71B)
Class kotlin.collections.MapsKt__MapsKt                                               : loaded 3 times (x 67B)
Class [Lkotlin.reflect.KDeclarationContainer;                                         : loaded 3 times (x 65B)
Class com.google.common.base.JdkPattern                                               : loaded 3 times (x 71B)
Class kotlin.reflect.KFunction                                                        : loaded 3 times (x 66B)
Class com.google.common.base.NullnessCasts                                            : loaded 3 times (x 67B)
Class kotlin.collections.ArrayDeque                                                   : loaded 3 times (x 203B)
Class com.google.common.collect.ImmutableList$ReverseImmutableList                    : loaded 3 times (x 205B)
Class com.google.common.collect.AbstractMapBasedMultimap$WrappedCollection$WrappedIterator: loaded 3 times (x 80B)
Class kotlin.sequences.TakeWhileSequence$iterator$1                                   : loaded 3 times (x 75B)
Class kotlin.text.StringsKt__IndentKt                                                 : loaded 3 times (x 67B)
Class kotlin.collections.SetsKt                                                       : loaded 3 times (x 67B)
Class com.google.common.collect.SingletonImmutableList                                : loaded 3 times (x 203B)
Class [Lkotlin.reflect.KAnnotatedElement;                                             : loaded 3 times (x 65B)
Class kotlin.text.StringsKt__StringsJVMKt                                             : loaded 3 times (x 67B)
Class kotlin.jvm.internal.TypeIntrinsics                                              : loaded 3 times (x 67B)
Class kotlin.collections.IntIterator                                                  : loaded 3 times (x 78B)
Class com.google.common.base.ExtraObjectsMethodsForWeb                                : loaded 3 times (x 67B)
Class kotlin.ranges.ClosedRange                                                       : loaded 3 times (x 66B)
Class kotlin.annotation.AnnotationTarget                                              : loaded 3 times (x 75B)
Class kotlin.jvm.JvmClassMappingKt                                                    : loaded 3 times (x 67B)
Class com.google.common.collect.Multimap                                              : loaded 3 times (x 66B)
Class com.google.common.primitives.IntsMethodsForWeb                                  : loaded 3 times (x 67B)
Class kotlin.jvm.internal.Reflection                                                  : loaded 3 times (x 67B)
Class kotlin.reflect.KProperty                                                        : loaded 3 times (x 66B)
Class org.jetbrains.kotlin.cli.common.messages.MessageCollector                       : loaded 2 times (x 66B)
Class kotlin.reflect.jvm.internal.KPropertyImpl                                       : loaded 2 times (x 111B)
Class kotlin.reflect.jvm.internal.KClassImpl$Data$$Lambda$4                           : loaded 2 times (x 72B)
Class kotlin.jvm.internal.ShortCompanionObject                                        : loaded 2 times (x 67B)
Class com.android.sdklib.AndroidApiLevel                                              : loaded 2 times (x 70B)
Class com.android.tools.lint.model.LintModelLintOptions                               : loaded 2 times (x 66B)
Class com.android.prefs.PathLocator$singlePathOf$values$1                             : loaded 2 times (x 75B)
Class com.android.tools.lint.model.PathVariables$Companion$PATH_COMPARATOR$1          : loaded 2 times (x 74B)
Class com.google.common.collect.ImmutableMultimap$Keys                                : loaded 2 times (x 162B)
Class com.google.common.reflect.Invokable$ConstructorInvokable                        : loaded 2 times (x 103B)
Class com.google.common.collect.Maps$EntryFunction$2                                  : loaded 2 times (x 87B)
Class org.gradle.api.internal.ClassPathRegistry                                       : loaded 2 times (x 66B)
Class org.gradle.internal.classpath.DefaultClassPath$ImmutableUniqueList              : loaded 2 times (x 195B)
Class com.google.common.collect.MapMakerInternalMap$Segment                           : loaded 2 times (x 138B)
Class org.gradle.api.internal.DefaultClassPathRegistry                                : loaded 2 times (x 72B)
Class com.google.common.collect.NullnessCasts                                         : loaded 2 times (x 67B)
Class com.google.common.cache.RemovalListener                                         : loaded 2 times (x 66B)
Class kotlin.reflect.jvm.internal.impl.resolve.jvm.JvmPrimitiveType                   : loaded 2 times (x 75B)
Class kotlin.reflect.jvm.internal.KClassImpl$Data$$Lambda$5                           : loaded 2 times (x 72B)
Class kotlin.reflect.jvm.internal.ComputableClassValue                                : loaded 2 times (x 76B)
Class kotlinx.coroutines.DispatchedTaskKt                                             : loaded 2 times (x 67B)
Class kotlinx.coroutines.internal.SystemPropsKt__SystemProps_commonKt                 : loaded 2 times (x 67B)
Class kotlinx.coroutines.ThreadContextElement                                         : loaded 2 times (x 66B)
Class it.unimi.dsi.fastutil.ints.Int2ObjectOpenHashMap                                : loaded 2 times (x 218B)
Class com.google.common.base.Present                                                  : loaded 2 times (x 77B)
Class com.android.prefs.PathLocator$singlePathOf$values$2                             : loaded 2 times (x 74B)
Class com.android.tools.lint.model.PathVariables$Companion$PATH_COMPARATOR$2          : loaded 2 times (x 74B)
Class com.google.common.collect.Maps$EntryFunction$1                                  : loaded 2 times (x 87B)
Class jdk.internal.jimage.decompressor.ResourceDecompressor                           : loaded 2 times (x 66B)
Class com.google.common.reflect.TypeToken                                             : loaded 2 times (x 69B)
Class kotlin.time.DurationUnit                                                        : loaded 2 times (x 75B)
Class kotlin.reflect.jvm.internal.ReflectProperties$LazySoftVal                       : loaded 2 times (x 74B)
Class com.google.common.io.ByteSink                                                   : loaded 2 times (x 72B)
Class kotlin.reflect.jvm.internal.KClassImpl$Data$$Lambda$6                           : loaded 2 times (x 72B)
Class kotlin.reflect.jvm.internal.KClassImpl$Data$$Lambda$3                           : loaded 2 times (x 72B)
Class com.android.tools.lint.model.PathVariables$Companion$PATH_COMPARATOR$3          : loaded 2 times (x 74B)
Class kotlin.reflect.jvm.internal.impl.builtins.StandardNames                         : loaded 2 times (x 67B)
Class com.google.common.cache.CacheBuilder                                            : loaded 2 times (x 68B)
Class org.gradle.internal.classpath.ClassPath                                         : loaded 2 times (x 66B)
Class org.gradle.api.UncheckedIOException                                             : loaded 2 times (x 78B)
Class [Lkotlin.reflect.jvm.internal.impl.builtins.PrimitiveType;                      : loaded 2 times (x 65B)
Class it.unimi.dsi.fastutil.objects.Object2IntMap$FastEntrySet                        : loaded 2 times (x 66B)
Class com.google.common.util.concurrent.AbstractFuture$Cancellation                   : loaded 2 times (x 68B)
Class com.google.common.collect.AbstractMultimap$Entries                              : loaded 2 times (x 116B)
Class kotlin.reflect.jvm.internal.KPackageImpl                                        : loaded 2 times (x 81B)
Class com.google.common.io.Files$FileByteSource                                       : loaded 2 times (x 81B)
Class [Lkotlin.reflect.jvm.internal.impl.name.FqName;                                 : loaded 2 times (x 65B)
Class kotlin.reflect.jvm.internal.KClassImpl$Data$$Lambda$7                           : loaded 2 times (x 72B)
Class [Lcom.android.tools.lint.model.LintModelSerialization$TargetFile;               : loaded 2 times (x 65B)
Class com.android.tools.lint.model.PathVariables$Companion$PATH_COMPARATOR$4          : loaded 2 times (x 74B)
Class com.android.tools.lint.model.LintModelAndroidArtifact                           : loaded 2 times (x 66B)
Class [Lcom.google.common.reflect.Types$JavaVersion;                                  : loaded 2 times (x 65B)
Class kotlin.ranges.LongRange                                                         : loaded 2 times (x 89B)
Class kotlin.time.DurationUnitKt__DurationUnitKt                                      : loaded 2 times (x 67B)
Class kotlin.reflect.jvm.internal.KClassImpl$Data$$Lambda$8                           : loaded 2 times (x 72B)
Class kotlin.coroutines.CombinedContext                                               : loaded 2 times (x 74B)
Class [Lkotlinx.coroutines.CoroutineStart;                                            : loaded 2 times (x 65B)
Class kotlinx.coroutines.CoroutineDispatcher$Key                                      : loaded 2 times (x 68B)
Class it.unimi.dsi.fastutil.objects.ObjectIterable                                    : loaded 2 times (x 66B)
Class com.android.tools.lint.model.DefaultLintModelAndroidLibrary                     : loaded 2 times (x 107B)
Class kotlin.reflect.jvm.internal.KClassImpl$Data$$Lambda$2                           : loaded 2 times (x 72B)
Class com.android.sdklib.AndroidApiLevel$Companion                                    : loaded 2 times (x 67B)
Class com.android.prefs.AndroidLocationsProvider                                      : loaded 2 times (x 66B)
Class kotlin.reflect.jvm.internal.KPackageImpl$$Lambda$0                              : loaded 2 times (x 72B)
Class com.google.common.cache.Cache                                                   : loaded 2 times (x 66B)
Class it.unimi.dsi.fastutil.objects.Object2IntOpenHashMap                             : loaded 2 times (x 243B)
Class com.google.common.cache.LocalCache$Strength                                     : loaded 2 times (x 77B)
Class kotlin.reflect.jvm.internal.KClassImpl$Data$$Lambda$9                           : loaded 2 times (x 72B)
Class jdk.internal.jimage.ImageStringsReader                                          : loaded 2 times (x 76B)
Class com.google.common.base.Suppliers$SupplierOfInstance                             : loaded 2 times (x 75B)
Class kotlin.ranges.LongProgression$Companion                                         : loaded 2 times (x 67B)
Class com.google.common.base.Stopwatch                                                : loaded 2 times (x 68B)
Class jdk.internal.jimage.ImageHeader                                                 : loaded 2 times (x 67B)
Class com.android.prefs.AbstractAndroidLocations$Companion                            : loaded 2 times (x 67B)
Class kotlinx.coroutines.ExecutorCoroutineDispatcher$Key$1                            : loaded 2 times (x 74B)
Class com.android.prefs.VariableValue                                                 : loaded 2 times (x 80B)
Class kotlin.text.MatchResult$Destructured                                            : loaded 2 times (x 68B)
Class org.jetbrains.kotlin.config.ApiVersion                                          : loaded 2 times (x 82B)
Class kotlinx.coroutines.internal.LockFreeTaskQueueCore                               : loaded 2 times (x 68B)
Class com.google.devtools.ksp.processing.KSPJvmConfig                                 : loaded 2 times (x 68B)
Class com.google.common.reflect.TypeToken$1                                           : loaded 2 times (x 106B)
Class com.google.common.cache.LocalCache$ComputingValueReference                      : loaded 2 times (x 92B)
Class kotlinx.coroutines.JobCancellingNode                                            : loaded 2 times (x 86B)
Class jdk.internal.jimage.ImageReader                                                 : loaded 2 times (x 71B)
Class com.google.common.reflect.TypeToken$2                                           : loaded 2 times (x 106B)
Class com.google.common.cache.LocalCache$Segment                                      : loaded 2 times (x 150B)
Class kotlin.time.DurationJvmKt                                                       : loaded 2 times (x 67B)
Class kotlin.reflect.jvm.internal.KClassImpl$Data$$Lambda$1                           : loaded 2 times (x 72B)
Class kotlin.sequences.DistinctIterator                                               : loaded 2 times (x 79B)
Class com.google.common.collect.SortedIterable                                        : loaded 2 times (x 66B)
Class org.gradle.api.internal.classpath.UnknownModuleException                        : loaded 2 times (x 78B)
Class kotlin.reflect.jvm.internal.ReflectProperties                                   : loaded 2 times (x 67B)
Class com.google.common.cache.Weigher                                                 : loaded 2 times (x 66B)
Class it.unimi.dsi.fastutil.objects.ObjectIterator                                    : loaded 2 times (x 66B)
Class com.android.tools.lint.model.LintModelSeverity$Companion                        : loaded 2 times (x 67B)
Class jdk.internal.jimage.ImageReader$SharedImageReader                               : loaded 2 times (x 91B)
Class com.google.common.cache.CacheLoader                                             : loaded 2 times (x 70B)
Class org.gradle.internal.installation.GradleInstallation$1                           : loaded 2 times (x 71B)
Class org.gradle.api.internal.classpath.ModuleRegistry                                : loaded 2 times (x 66B)
Class kotlin.jvm.internal.DoubleCompanionObject                                       : loaded 2 times (x 67B)
Class kotlin.io.FileAlreadyExistsException                                            : loaded 2 times (x 78B)
Class kotlinx.coroutines.internal.DispatchedContinuationKt                            : loaded 2 times (x 67B)
Class com.android.ide.common.repository.AgpVersion$PreviewKind$Companion              : loaded 2 times (x 67B)
Class com.android.ProgressManagerAdapter                                              : loaded 2 times (x 69B)
Class com.google.common.base.Splitter$SplittingIterator                               : loaded 2 times (x 80B)
Class jdk.internal.jimage.decompressor.ResourceDecompressorFactory                    : loaded 2 times (x 70B)
Class com.google.devtools.ksp.processing.KSPLogger                                    : loaded 2 times (x 66B)
Class com.google.common.util.concurrent.internal.InternalFutureFailureAccess          : loaded 2 times (x 68B)
Class kotlin.time.Duration$Companion                                                  : loaded 2 times (x 67B)
Class kotlin.reflect.jvm.internal.KClassifierImpl                                     : loaded 2 times (x 66B)
Class kotlin.reflect.jvm.internal.KDeclarationContainerImpl                           : loaded 2 times (x 80B)
Class kotlin.reflect.jvm.internal.KClassImpl$Data$$Lambda$0                           : loaded 2 times (x 72B)
Class kotlinx.coroutines.Job$Key                                                      : loaded 2 times (x 67B)
Class kotlinx.coroutines.DefaultExecutor                                              : loaded 2 times (x 116B)
Class it.unimi.dsi.fastutil.ints.IntOpenHashSet                                       : loaded 2 times (x 235B)
Class com.google.common.base.CharMatcher$ForPredicate                                 : loaded 2 times (x 108B)
Class com.google.common.collect.ImmutableMultimap$Values                              : loaded 2 times (x 122B)
Class com.google.common.collect.Iterators$6                                           : loaded 2 times (x 77B)
Class com.google.common.cache.LocalCache$LocalManualCache$1                           : loaded 2 times (x 71B)
Class com.google.common.collect.Multimaps$CustomListMultimap                          : loaded 2 times (x 170B)
Class com.google.common.collect.AbstractMultimap$Values                               : loaded 2 times (x 114B)
Class org.gradle.api.internal.classpath.Module                                        : loaded 2 times (x 66B)
Class [Lcom.android.prefs.Global;                                                     : loaded 2 times (x 65B)
Class com.google.common.base.CharMatcher$AnyOf                                        : loaded 2 times (x 108B)
Class com.android.tools.lint.model.LintModelMavenName$Companion                       : loaded 2 times (x 67B)
Class jdk.internal.jimage.ImageReader$Node                                            : loaded 2 times (x 80B)
Class com.google.common.collect.Multimaps$CustomSetMultimap                           : loaded 2 times (x 174B)
Class org.gradle.api.internal.classpath.DefaultModuleRegistry                         : loaded 2 times (x 82B)
Class com.android.tools.lint.model.DefaultLintModelVariant$artifact$2                 : loaded 2 times (x 75B)
Class kotlin.collections.AbstractMutableMap                                           : loaded 2 times (x 124B)
Class it.unimi.dsi.fastutil.ints.Int2ObjectMap$FastEntrySet                           : loaded 2 times (x 66B)
Class kotlinx.coroutines.Job                                                          : loaded 2 times (x 66B)
Class kotlin.reflect.jvm.internal.impl.name.SpecialNames                              : loaded 2 times (x 67B)
Class kotlin.reflect.jvm.internal.impl.builtins.functions.FunctionTypeKind$KFunction  : loaded 2 times (x 68B)
Class kotlinx.coroutines.EventLoop                                                    : loaded 2 times (x 101B)
Class kotlin.collections.AbstractSet                                                  : loaded 2 times (x 131B)
Class kotlin.reflect.jvm.internal.KotlinReflectionInternalError                       : loaded 2 times (x 78B)
Class kotlin.reflect.jvm.internal.impl.builtins.jvm.JavaToKotlinClassMap              : loaded 2 times (x 67B)
Class it.unimi.dsi.fastutil.objects.ObjectBidirectionalIterator                       : loaded 2 times (x 66B)
Class it.unimi.dsi.fastutil.ints.IntArrays$ForkJoinQuickSort2                         : loaded 2 times (x 92B)
Class com.google.common.collect.FluentIterable$3                                      : loaded 2 times (x 77B)
Class jdk.internal.jimage.BasicImageReader$1                                          : loaded 2 times (x 73B)
Class com.google.common.util.concurrent.ListenableFuture                              : loaded 2 times (x 66B)
Class com.google.common.cache.ReferenceEntry                                          : loaded 2 times (x 66B)
Class kotlin.properties.NotNullVar                                                    : loaded 2 times (x 75B)
Class kotlin.Deprecated                                                               : loaded 2 times (x 66B)
Class kotlinx.coroutines.ExecutorCoroutineDispatcher                                  : loaded 2 times (x 103B)
Class com.google.common.base.Absent                                                   : loaded 2 times (x 76B)
Class com.google.common.collect.FluentIterable$2                                      : loaded 2 times (x 77B)
Class com.google.common.reflect.Reflection                                            : loaded 2 times (x 67B)
Class com.android.tools.lint.model.LintModelSerialization                             : loaded 2 times (x 72B)
Class com.android.ide.common.repository.AgpVersion                                    : loaded 2 times (x 71B)
Class com.google.common.util.concurrent.AbstractFuture                                : loaded 2 times (x 102B)
Class com.android.tools.lint.model.DefaultLintModelDependencies                       : loaded 2 times (x 75B)
Class kotlin.reflect.jvm.internal.ClassValueCache                                     : loaded 2 times (x 70B)
Class com.google.common.collect.MapMakerInternalMap$WeakKeyStrongValueEntry           : loaded 2 times (x 86B)
Class com.google.common.collect.ImmutableMultiset                                     : loaded 2 times (x 159B)
Class com.google.common.reflect.TypeResolver$TypeTable                                : loaded 2 times (x 69B)
Class com.google.common.cache.CacheLoader$SupplierToCacheLoader                       : loaded 2 times (x 71B)
Class androidx.navigation.lint.BaseWrongStartDestinationTypeDetectorKt                : loaded 2 times (x 67B)
Class org.jetbrains.kotlin.cli.common.CompilerSystemProperties$value$1                : loaded 2 times (x 121B)
Class kotlinx.coroutines.ChildJob                                                     : loaded 2 times (x 66B)
Class kotlinx.coroutines.scheduling.TasksKt                                           : loaded 2 times (x 67B)
Class kotlinx.coroutines.internal.SystemPropsKt__SystemPropsKt                        : loaded 2 times (x 67B)
Class org.gradle.api.internal.classpath.DefaultModuleRegistry$DefaultModule           : loaded 2 times (x 82B)
Class com.google.common.collect.FluentIterable$1                                      : loaded 2 times (x 77B)
Class kotlin.text.MatchNamedGroupCollection                                           : loaded 2 times (x 66B)
Class jdk.internal.jimage.ImageBufferCache$2                                          : loaded 2 times (x 87B)
Class com.android.tools.lint.model.LintModelDependencyGraph                           : loaded 2 times (x 66B)
Class jdk.internal.jimage.decompressor.Decompressor                                   : loaded 2 times (x 68B)
Class jdk.internal.jimage.ImageReader$Resource                                        : loaded 2 times (x 80B)
Class com.google.common.reflect.TypeResolver$TypeTable$1                              : loaded 2 times (x 69B)
Class kotlinx.coroutines.JobSupport                                                   : loaded 2 times (x 128B)
Class [Lcom.android.resources.ResourceEnum;                                           : loaded 2 times (x 65B)
Class com.google.common.collect.ImmutableSortedSet                                    : loaded 2 times (x 296B)
Class kotlin.coroutines.ContinuationKt                                                : loaded 2 times (x 67B)
Class kotlinx.coroutines.ChildHandleNode                                              : loaded 2 times (x 90B)
Class kotlinx.coroutines.scheduling.SchedulerCoroutineDispatcher                      : loaded 2 times (x 108B)
Class org.jetbrains.kotlin.cli.common.CompilerSystemProperties$value$2                : loaded 2 times (x 121B)
Class it.unimi.dsi.fastutil.objects.ObjectOpenHashSet                                 : loaded 2 times (x 183B)
Class com.android.tools.lint.model.LintModelBuildFeatures                             : loaded 2 times (x 66B)
Class jdk.internal.jrtfs.JrtFileAttributes                                            : loaded 2 times (x 79B)
Class kotlin.sequences.SequencesKt___SequencesKt$sortedWith$1                         : loaded 2 times (x 71B)
Class [Lcom.google.common.cache.LocalCache$EntryFactory;                              : loaded 2 times (x 65B)
Class org.gradle.internal.classloader.ClassLoaderFactory                              : loaded 2 times (x 66B)
Class kotlin.jvm.internal.EnumCompanionObject                                         : loaded 2 times (x 67B)
Class kotlin.reflect.jvm.internal.impl.builtins.PrimitiveType                         : loaded 2 times (x 75B)
Class kotlinx.coroutines.CompletionHandlerBase                                        : loaded 2 times (x 76B)
Class com.google.common.base.CharMatcher$IsNot                                        : loaded 2 times (x 107B)
Class kotlin.reflect.jvm.internal.impl.builtins.StandardNames$FqNames                 : loaded 2 times (x 67B)
Class com.google.common.cache.LocalCache$LocalManualCache                             : loaded 2 times (x 95B)
Class org.gradle.internal.service.CachingServiceLocator                               : loaded 2 times (x 78B)
Class kotlin.jvm.internal.Intrinsics$Kotlin                                           : loaded 2 times (x 67B)
Class kotlin.collections.AbstractMap                                                  : loaded 2 times (x 118B)
Class com.google.common.collect.RegularImmutableSortedSet                             : loaded 2 times (x 296B)
Class it.unimi.dsi.fastutil.ints.IntListIterator                                      : loaded 2 times (x 66B)
Class it.unimi.dsi.fastutil.objects.AbstractObjectCollection                          : loaded 2 times (x 139B)
Class org.gradle.internal.classloader.ClasspathUtil$1                                 : loaded 2 times (x 72B)
Class com.google.common.cache.CacheLoader$UnsupportedLoadingOperationException        : loaded 2 times (x 78B)
Class kotlin.collections.AbstractList$SubList                                         : loaded 2 times (x 194B)
Class jdk.internal.jimage.ImageBufferCache$1                                          : loaded 2 times (x 79B)
Class com.google.common.collect.MapMakerInternalMap$InternalEntry                     : loaded 2 times (x 66B)
Class com.google.common.base.CharMatcher$And                                          : loaded 2 times (x 108B)
Class com.android.tools.lint.model.PathVariables$Companion                            : loaded 2 times (x 67B)
Class [Lcom.android.prefs.VariableValue;                                              : loaded 2 times (x 65B)
Class kotlin.reflect.jvm.internal.impl.descriptors.runtime.structure.ReflectClassUtilKt: loaded 2 times (x 67B)
Class com.android.tools.lint.model.LintModelSourceProvider                            : loaded 2 times (x 66B)
Class kotlinx.coroutines.BlockingEventLoop                                            : loaded 2 times (x 113B)
Class kotlin.coroutines.AbstractCoroutineContextElement                               : loaded 2 times (x 85B)
Class kotlinx.coroutines.ThreadLocalEventLoop                                         : loaded 2 times (x 67B)
Class com.android.ide.common.gradle.Separator                                         : loaded 2 times (x 75B)
Class com.google.common.reflect.Types$TypeVariableInvocationHandler                   : loaded 2 times (x 71B)
Class kotlin.sequences.DropWhileSequence                                              : loaded 2 times (x 71B)
Class it.unimi.dsi.fastutil.ints.Int2ObjectFunction                                   : loaded 2 times (x 66B)
Class kotlin.collections.builders.SetBuilder$Companion                                : loaded 2 times (x 67B)
Class kotlinx.coroutines.CompletionStateKt                                            : loaded 2 times (x 67B)
Class com.android.prefs.LocationValue                                                 : loaded 2 times (x 66B)
Class kotlin.reflect.jvm.internal.ReflectionFactoryImpl                               : loaded 2 times (x 87B)
Class it.unimi.dsi.fastutil.ints.IntArraySet                                          : loaded 2 times (x 231B)
Class com.google.common.collect.ImmutableMultimap                                     : loaded 2 times (x 143B)
Class com.google.common.base.Predicates                                               : loaded 2 times (x 67B)
Class com.google.common.collect.IndexedImmutableSet$1                                 : loaded 2 times (x 209B)
Class kotlin.time.DurationUnitKt__DurationUnitJvmKt                                   : loaded 2 times (x 67B)
Class kotlin.jvm.internal.markers.KMutableListIterator                                : loaded 2 times (x 66B)
Class kotlinx.coroutines.CoroutineDispatcher$Key$1                                    : loaded 2 times (x 74B)
Class kotlinx.coroutines.CoroutineDispatcher                                          : loaded 2 times (x 95B)
Class [Lorg.jetbrains.kotlin.cli.common.CompilerSystemProperties;                     : loaded 2 times (x 65B)
Class com.google.gson.JsonParseException                                              : loaded 2 times (x 78B)
Class com.android.tools.lint.model.DefaultLintModelJavaLibrary                        : loaded 2 times (x 99B)
Class com.android.prefs.PathLocator                                                   : loaded 2 times (x 69B)
Class com.google.common.cache.CacheBuilder$OneWeigher                                 : loaded 2 times (x 78B)
Class com.android.builder.model.MavenCoordinates                                      : loaded 2 times (x 66B)
Class kotlin.reflect.jvm.internal.KDeclarationContainerImpl$Companion                 : loaded 2 times (x 67B)
Class com.android.Version                                                             : loaded 2 times (x 67B)
Class com.android.sdklib.AndroidVersion                                               : loaded 2 times (x 71B)
Class com.android.tools.lint.model.LintModelLibraryResolver                           : loaded 2 times (x 66B)
Class kotlin.text.MatchResult$DefaultImpls                                            : loaded 2 times (x 67B)
Class com.android.tools.lint.model.LintModelSerialization$LintModelSerializationAdapter: loaded 2 times (x 66B)
Class jdk.internal.jimage.ImageBufferCache                                            : loaded 2 times (x 67B)
Class jdk.internal.jrtfs.JrtPath                                                      : loaded 2 times (x 114B)
Class com.google.common.reflect.Types$ClassOwnership$1LocalClass                      : loaded 2 times (x 67B)
Class com.google.common.collect.Maps$EntryFunction                                    : loaded 2 times (x 87B)
Class org.gradle.internal.classloader.ClasspathUtil                                   : loaded 2 times (x 67B)
Class com.google.common.collect.ImmutableBiMap$Builder                                : loaded 2 times (x 78B)
Class kotlin.collections.builders.SetBuilder                                          : loaded 2 times (x 139B)
Class kotlinx.coroutines.NonDisposableHandle                                          : loaded 2 times (x 74B)
Class it.unimi.dsi.fastutil.Hash                                                      : loaded 2 times (x 66B)
Class org.gradle.internal.InternalTransformer                                         : loaded 2 times (x 66B)
Class kotlin.io.FileSystemException                                                   : loaded 2 times (x 78B)
Class com.google.common.util.concurrent.Uninterruptibles                              : loaded 2 times (x 67B)
Class kotlin.sequences.DistinctSequence                                               : loaded 2 times (x 71B)
Class kotlin.reflect.jvm.internal.impl.builtins.functions.FunctionTypeKind$KSuspendFunction: loaded 2 times (x 68B)
Class kotlin.reflect.jvm.internal.KClassImpl$$Lambda$0                                : loaded 2 times (x 72B)
Class com.android.tools.lint.model.LintModelModuleLoader                              : loaded 2 times (x 66B)
Class kotlin.reflect.full.IllegalCallableAccessException                              : loaded 2 times (x 78B)
Class com.google.common.util.concurrent.UncheckedExecutionException                   : loaded 2 times (x 78B)
Class it.unimi.dsi.fastutil.ints.IntList                                              : loaded 2 times (x 66B)
Class com.android.tools.lint.model.LintModelNamespacingMode                           : loaded 2 times (x 75B)
Class jdk.internal.jrtfs.JrtDirectoryStream$1                                         : loaded 2 times (x 79B)
Class com.google.common.collect.AbstractMapBasedMultimap$WrappedSet                   : loaded 2 times (x 138B)
Class com.google.common.util.concurrent.LazyLogger                                    : loaded 2 times (x 68B)
Class org.gradle.api.specs.Spec                                                       : loaded 2 times (x 66B)
Class com.google.common.collect.MapMaker                                              : loaded 2 times (x 68B)
Class jdk.internal.jimage.ImageLocation                                               : loaded 2 times (x 86B)
Class kotlin.reflect.jvm.internal.CachesKt$$Lambda$0                                  : loaded 2 times (x 71B)
Class com.android.tools.lint.model.DefaultLintModelLibraryResolver                    : loaded 2 times (x 72B)
Class kotlin.jvm.internal.PropertyReference2                                          : loaded 2 times (x 123B)
Class it.unimi.dsi.fastutil.Function                                                  : loaded 2 times (x 66B)
Class kotlin.reflect.jvm.internal.impl.builtins.functions.FunctionTypeKind$SuspendFunction: loaded 2 times (x 68B)
Class com.android.tools.lint.model.LintModelExternalLibrary                           : loaded 2 times (x 66B)
Class jdk.internal.jimage.ImageReader$SharedImageReader$LocationVisitor               : loaded 2 times (x 66B)
Class com.google.common.reflect.Types$JavaVersion                                     : loaded 2 times (x 79B)
Class [Lkotlin.reflect.jvm.internal.impl.builtins.jvm.JavaToKotlinClassMap$PlatformMutabilityMapping;: loaded 2 times (x 65B)
Class kotlin.reflect.jvm.internal.CachesKt$$Lambda$1                                  : loaded 2 times (x 71B)
Class kotlin.reflect.full.IllegalPropertyDelegateAccessException                      : loaded 2 times (x 78B)
Class kotlin.reflect.jvm.internal.KMutableProperty1Impl                               : loaded 2 times (x 131B)
Class kotlinx.coroutines.CoroutineContextKt                                           : loaded 2 times (x 67B)
Class it.unimi.dsi.fastutil.HashCommon                                                : loaded 2 times (x 67B)
Class com.android.tools.lint.model.LintModelVariant                                   : loaded 2 times (x 66B)
Class com.android.resources.Density                                                   : loaded 2 times (x 88B)
Class com.google.common.cache.LocalCache$LoadingValueReference                        : loaded 2 times (x 92B)
Class kotlin.collections.MutableMapWithDefault                                        : loaded 2 times (x 66B)
Class kotlin.reflect.jvm.internal.CachesKt$$Lambda$2                                  : loaded 2 times (x 71B)
Class kotlinx.coroutines.internal.DispatchedContinuation                              : loaded 2 times (x 86B)
Class kotlinx.coroutines.internal.Symbol                                              : loaded 2 times (x 68B)
Class kotlin.jvm.internal.IntCompanionObject                                          : loaded 2 times (x 67B)
Class com.google.common.util.concurrent.AbstractFuture$Trusted                        : loaded 2 times (x 66B)
Class com.google.common.base.Optional                                                 : loaded 2 times (x 76B)
Class [Lcom.android.tools.lint.model.LintModelArtifactType;                           : loaded 2 times (x 65B)
Class com.android.tools.lint.model.LintModelMavenName                                 : loaded 2 times (x 66B)
Class com.android.io.CancellableFileIo                                                : loaded 2 times (x 67B)
Class jdk.internal.jimage.decompressor.ResourceDecompressorRepository                 : loaded 2 times (x 67B)
Class com.google.common.collect.Multimaps$Entries                                     : loaded 2 times (x 114B)
Class com.google.common.reflect.Invokable$MethodInvokable                             : loaded 2 times (x 103B)
Class androidx.navigation.lint.BaseWrongStartDestinationTypeDetector                  : loaded 2 times (x 168B)
Class kotlin.jvm.internal.CharCompanionObject                                         : loaded 2 times (x 67B)
Class kotlin.collections.AbstractList$ListIteratorImpl                                : loaded 2 times (x 95B)
Class com.google.common.collect.AbstractMapBasedMultimap$WrappedList                  : loaded 2 times (x 201B)
Class kotlin.reflect.jvm.internal.KMutableProperty1Impl$$Lambda$0                     : loaded 2 times (x 72B)
Class com.android.tools.lint.model.LintModelSeverity                                  : loaded 2 times (x 75B)
Class kotlin.reflect.jvm.internal.CachesKt$$Lambda$3                                  : loaded 2 times (x 71B)
Class com.android.tools.lint.model.LintModelLibrary                                   : loaded 2 times (x 66B)
Class org.jetbrains.kotlin.cli.common.messages.MessageCollector$Companion             : loaded 2 times (x 67B)
Class com.google.common.collect.Range                                                 : loaded 2 times (x 83B)
Class kotlin.io.TerminateException                                                    : loaded 2 times (x 78B)
Class kotlin.ReplaceWith                                                              : loaded 2 times (x 66B)
Class jdk.internal.jimage.ImageReader$Directory                                       : loaded 2 times (x 80B)
Class kotlin.io.FilePathComponents                                                    : loaded 2 times (x 68B)
Class com.google.devtools.ksp.processing.KspGradleLogger$Companion                    : loaded 2 times (x 67B)
Class kotlin.collections.MutableMapWithDefaultImpl                                    : loaded 2 times (x 140B)
Class kotlinx.coroutines.internal.LimitedDispatcherKt                                 : loaded 2 times (x 67B)
Class com.google.common.collect.ImmutableRangeSet$Builder                             : loaded 2 times (x 73B)
Class kotlin.reflect.jvm.internal.CacheByClass                                        : loaded 2 times (x 69B)
Class kotlin.reflect.jvm.internal.impl.utils.CollectionsKt                            : loaded 2 times (x 67B)
Class kotlin.reflect.jvm.internal.CachesKt$$Lambda$4                                  : loaded 2 times (x 71B)
Class kotlinx.coroutines.EventLoopKt                                                  : loaded 2 times (x 67B)
Class it.unimi.dsi.fastutil.ints.IntSpliterator                                       : loaded 2 times (x 66B)
Class com.google.common.collect.ImmutableRangeSet$1                                   : loaded 2 times (x 206B)
Class [Lcom.android.resources.Density;                                                : loaded 2 times (x 65B)
Class com.android.utils.EnvironmentProvider                                           : loaded 2 times (x 66B)
Class it.unimi.dsi.fastutil.objects.Object2IntFunction                                : loaded 2 times (x 66B)
Class com.google.common.cache.LocalCache$2                                            : loaded 2 times (x 138B)
Class com.google.common.base.Predicates$CompositionPredicate                          : loaded 2 times (x 84B)
Class com.google.common.cache.LocalCache$StrongValueReference                         : loaded 2 times (x 86B)
Class com.google.common.collect.RegularImmutableBiMap$Inverse                         : loaded 2 times (x 139B)
Class org.objectweb.asm.Type                                                          : loaded 2 times (x 68B)
Class it.unimi.dsi.fastutil.ints.AbstractIntSet                                       : loaded 2 times (x 229B)
Class com.google.common.graph.SuccessorsFunction                                      : loaded 2 times (x 66B)
Class com.google.common.collect.Sets$ImprovedAbstractSet                              : loaded 2 times (x 131B)
Class com.google.common.reflect.TypeToken$SimpleTypeToken                             : loaded 2 times (x 69B)
Class com.google.common.collect.AbstractSetMultimap                                   : loaded 2 times (x 170B)
Class org.gradle.internal.classloader.VisitableURLClassLoader$InstrumentingVisitableURLClassLoader: loaded 2 times (x 119B)
Class kotlin.collections.ReversedListReadOnly$listIterator$1                          : loaded 2 times (x 86B)
Class com.google.common.collect.MapMakerInternalMap$AbstractWeakKeyEntry              : loaded 2 times (x 83B)
Class com.google.common.io.Files$FileByteSink                                         : loaded 2 times (x 73B)
Class [Lkotlin.reflect.jvm.internal.impl.resolve.jvm.JvmPrimitiveType;                : loaded 2 times (x 65B)
Class com.android.tools.lint.model.LintModelDependency                                : loaded 2 times (x 66B)
Class kotlinx.coroutines.Job$DefaultImpls                                             : loaded 2 times (x 67B)
Class kotlin.coroutines.CoroutineContext$Element$DefaultImpls                         : loaded 2 times (x 67B)
Class kotlinx.coroutines.scheduling.GlobalQueue                                       : loaded 2 times (x 68B)
Class com.google.common.cache.LocalCache$1                                            : loaded 2 times (x 85B)
Class jdk.internal.jrtfs.JrtFileSystemProvider                                        : loaded 2 times (x 97B)
Class com.android.tools.lint.model.LintModelArtifactType                              : loaded 2 times (x 75B)
Class [Lkotlin.Function;                                                              : loaded 2 times (x 65B)
Class com.android.tools.lint.model.LintModelModuleType                                : loaded 2 times (x 75B)
Class org.gradle.internal.service.ServiceLocator                                      : loaded 2 times (x 66B)
Class [Lcom.google.common.cache.CacheBuilder$NullListener;                            : loaded 2 times (x 65B)
Class org.gradle.internal.classloader.VisitableURLClassLoader$Spec                    : loaded 2 times (x 70B)
Class org.gradle.internal.classpath.DefaultClassPath                                  : loaded 2 times (x 86B)
Class it.unimi.dsi.fastutil.ints.IntArrays                                            : loaded 2 times (x 67B)
Class it.unimi.dsi.fastutil.ints.IntCollection                                        : loaded 2 times (x 66B)
Class kotlinx.coroutines.BuildersKt__BuildersKt                                       : loaded 2 times (x 67B)
Class it.unimi.dsi.fastutil.Hash$Strategy                                             : loaded 2 times (x 66B)
Class kotlin.text.MatchGroup                                                          : loaded 2 times (x 68B)
Class kotlinx.coroutines.scheduling.NanoTimeSource                                    : loaded 2 times (x 68B)
Class com.android.tools.lint.model.LintModelDependencies                              : loaded 2 times (x 66B)
Class [Lorg.objectweb.asm.Type;                                                       : loaded 2 times (x 65B)
Class kotlin.jvm.internal.BooleanCompanionObject                                      : loaded 2 times (x 67B)
Class com.google.common.reflect.TypeResolver$TypeVariableKey                          : loaded 2 times (x 68B)
Class com.google.common.base.AbstractIterator                                         : loaded 2 times (x 76B)
Class jdk.internal.jimage.decompressor.ZipDecompressorFactory                         : loaded 2 times (x 70B)
Class com.google.devtools.ksp.processing.KspGradleLogger                              : loaded 2 times (x 75B)
Class com.google.common.reflect.Types$ClassOwnership                                  : loaded 2 times (x 76B)
Class com.google.common.collect.BaseImmutableMultimap                                 : loaded 2 times (x 119B)
Class com.google.common.collect.EmptyImmutableListMultimap                            : loaded 2 times (x 172B)
Class org.jetbrains.kotlin.config.ApiVersion$Companion                                : loaded 2 times (x 67B)
Class jdk.internal.jrtfs.SystemImage$2                                                : loaded 2 times (x 72B)
Class com.google.common.base.CharMatcher$BitSetMatcher                                : loaded 2 times (x 108B)
Class kotlinx.coroutines.scheduling.CoroutineScheduler$Companion                      : loaded 2 times (x 67B)
Class com.google.common.collect.Sets$FilteredSet                                      : loaded 2 times (x 133B)
Class org.gradle.internal.classloader.ClassLoaderSpec                                 : loaded 2 times (x 67B)
Class kotlin.jvm.internal.LongCompanionObject                                         : loaded 2 times (x 67B)
Class com.google.common.collect.AbstractMapBasedMultimap$1                            : loaded 2 times (x 80B)
Class kotlin.collections.ReversedListReadOnly                                         : loaded 2 times (x 194B)
Class it.unimi.dsi.fastutil.ints.IntArrays$ForkJoinQuickSortComp                      : loaded 2 times (x 92B)
Class kotlin.reflect.jvm.internal.ReflectProperties$Val$1                             : loaded 2 times (x 67B)
Class kotlin.reflect.jvm.internal.impl.name.StandardClassIdsKt                        : loaded 2 times (x 67B)
Class com.android.tools.lint.model.LintModelSerialization$LintModelSerializationFileAdapter: loaded 2 times (x 85B)
Class kotlin.reflect.jvm.internal.impl.name.FqNamesUtilKt                             : loaded 2 times (x 67B)
Class com.android.prefs.VariableType                                                  : loaded 2 times (x 75B)
Class kotlin.collections.builders.ListBuilder                                         : loaded 2 times (x 203B)
Class com.google.common.cache.CacheStats                                              : loaded 2 times (x 67B)
Class it.unimi.dsi.fastutil.objects.AbstractObject2IntMap                             : loaded 2 times (x 235B)
Class com.google.common.collect.MapMakerInternalMap$WeakKeyStrongValueEntry$LinkedWeakKeyStrongValueEntry: loaded 2 times (x 86B)
Class kotlin.time.DurationKt                                                          : loaded 2 times (x 67B)
Class kotlin.collections.builders.ListBuilder$Companion                               : loaded 2 times (x 67B)
Class com.google.common.io.LineProcessor                                              : loaded 2 times (x 66B)
Class kotlinx.coroutines.scheduling.CoroutineScheduler$Worker                         : loaded 2 times (x 106B)
Class com.google.common.collect.ImmutableMapEntry$NonTerminalImmutableBiMapEntry      : loaded 2 times (x 81B)
Class kotlinx.coroutines.CoroutineStart$WhenMappings                                  : loaded 2 times (x 67B)
Class com.google.common.cache.CacheLoader$FunctionToCacheLoader                       : loaded 2 times (x 71B)
Class com.google.common.collect.Maps$IteratorBasedAbstractMap$1                       : loaded 2 times (x 134B)
Class com.google.common.reflect.Types$ParameterizedTypeImpl                           : loaded 2 times (x 77B)
Class com.google.common.collect.ImmutableListMultimap                                 : loaded 2 times (x 172B)
Class com.android.tools.lint.model.PathVariables                                      : loaded 2 times (x 68B)
Class com.google.common.base.CharMatcher$Or                                           : loaded 2 times (x 108B)
Class com.google.common.collect.AbstractMapBasedMultimap$2                            : loaded 2 times (x 81B)
Class com.google.common.collect.ImmutableMultisetGwtSerializationDependencies         : loaded 2 times (x 121B)
Class com.google.common.util.concurrent.AbstractFuture$Listener                       : loaded 2 times (x 68B)
Class jdk.internal.jrtfs.SystemImage$1                                                : loaded 2 times (x 74B)
Class [Lorg.objectweb.asm.Label;                                                      : loaded 2 times (x 65B)
Class com.android.tools.lint.model.DefaultLintModelArtifact                           : loaded 2 times (x 80B)
Class kotlin.collections.AbstractSet$Companion                                        : loaded 2 times (x 67B)
Class com.android.ide.common.gradle.Version$Companion$ParseState                      : loaded 2 times (x 66B)
Class it.unimi.dsi.fastutil.objects.ReferenceCollection                               : loaded 2 times (x 66B)
Class org.gradle.internal.classloader.VisitableURLClassLoader                         : loaded 2 times (x 113B)
Class kotlinx.coroutines.DisposableHandle                                             : loaded 2 times (x 66B)
Class it.unimi.dsi.fastutil.objects.Object2IntMap                                     : loaded 2 times (x 66B)
Class kotlin.reflect.jvm.internal.impl.name.StandardClassIds                          : loaded 2 times (x 67B)
Class kotlin.reflect.jvm.internal.KClassImpl                                          : loaded 2 times (x 111B)
Class com.google.common.collect.ImmutableRangeSet$AsSet                               : loaded 2 times (x 296B)
Class org.gradle.internal.classloader.InstrumentingClassLoader                        : loaded 2 times (x 66B)
Class com.android.ide.common.repository.AgpVersion$Companion                          : loaded 2 times (x 67B)
Class org.gradle.internal.classpath.TransformedClassPath                              : loaded 2 times (x 92B)
Class com.android.prefs.AbstractAndroidLocations                                      : loaded 2 times (x 78B)
Class com.google.common.collect.ImmutableList$SerializedForm                          : loaded 2 times (x 69B)
Class org.gradle.internal.Cast                                                        : loaded 2 times (x 67B)
Class org.gradle.api.Action                                                           : loaded 2 times (x 66B)
Class com.google.common.cache.CacheBuilder$NullListener                               : loaded 2 times (x 78B)
Class com.google.common.collect.MapMakerInternalMap                                   : loaded 2 times (x 157B)
Class com.google.common.reflect.Invokable                                             : loaded 2 times (x 99B)
Class it.unimi.dsi.fastutil.ints.IntArrays$ArrayHashStrategy                          : loaded 2 times (x 71B)
Class kotlin.reflect.jvm.internal.impl.builtins.functions.FunctionTypeKind            : loaded 2 times (x 68B)
Class kotlin.reflect.jvm.internal.impl.name.ClassId$Companion                         : loaded 2 times (x 67B)
Class kotlinx.coroutines.CompletedExceptionally                                       : loaded 2 times (x 68B)
Class kotlin.coroutines.AbstractCoroutineContextKey                                   : loaded 2 times (x 68B)
Class org.jetbrains.kotlin.cli.common.messages.GradleStyleMessageRenderer             : loaded 2 times (x 74B)
Class com.android.ide.common.gradle.Version$Companion                                 : loaded 2 times (x 67B)
Class com.google.common.collect.MapMakerInternalMap$WeakKeyStrongValueEntry$Helper    : loaded 2 times (x 75B)
Class com.android.tools.lint.model.DefaultLintModelMavenName                          : loaded 2 times (x 83B)
Class com.google.common.cache.LocalCache$Strength$3                                   : loaded 2 times (x 77B)
Class com.google.common.base.CharMatcher$FastMatcher                                  : loaded 2 times (x 107B)
Class [Lcom.google.common.collect.Maps$EntryFunction;                                 : loaded 2 times (x 65B)
Class jdk.internal.jimage.decompressor.ZipDecompressor                                : loaded 2 times (x 71B)
Class com.google.common.base.Ticker                                                   : loaded 2 times (x 68B)
Class com.google.common.base.Splitter$1                                               : loaded 2 times (x 73B)
Class kotlin.reflect.jvm.internal.KClassImpl$Data$$Lambda$10                          : loaded 2 times (x 72B)
Class kotlin.reflect.jvm.internal.KDeclarationContainerImpl$Data$$Lambda$0            : loaded 2 times (x 72B)
Class com.android.SdkConstants                                                        : loaded 2 times (x 67B)
Class com.android.tools.lint.model.LintModelSerialization$TargetFile                  : loaded 2 times (x 75B)
Class [Lcom.android.tools.lint.model.LintModelNamespacingMode;                        : loaded 2 times (x 65B)
Class com.android.tools.lint.model.LintModelModuleLibrary                             : loaded 2 times (x 66B)
Class kotlinx.coroutines.scheduling.DefaultIoScheduler                                : loaded 2 times (x 109B)
Class com.google.devtools.ksp.processing.KSPConfig                                    : loaded 2 times (x 68B)
Class [Lcom.google.common.cache.LocalCache$Segment;                                   : loaded 2 times (x 65B)
Class [Lcom.google.common.cache.LocalCache$Strength;                                  : loaded 2 times (x 65B)
Class com.google.common.cache.CacheBuilder$1                                          : loaded 2 times (x 81B)
Class org.gradle.internal.classpath.DefaultClassPath$ImmutableUniqueList$Builder      : loaded 2 times (x 71B)
Class com.google.common.collect.MapMakerInternalMap$WeakValueReference                : loaded 2 times (x 66B)
Class com.google.common.collect.AbstractRangeSet                                      : loaded 2 times (x 110B)
Class kotlin.reflect.jvm.internal.KClassImpl$Data$$Lambda$11                          : loaded 2 times (x 72B)
Class kotlin.reflect.jvm.internal.KDeclarationContainerImpl$Data                      : loaded 2 times (x 68B)
Class kotlinx.coroutines.DispatchedTask                                               : loaded 2 times (x 77B)
Class kotlinx.coroutines.CoroutineStart                                               : loaded 2 times (x 75B)
Class kotlinx.coroutines.scheduling.UnlimitedIoScheduler                              : loaded 2 times (x 98B)
Class it.unimi.dsi.fastutil.ints.IntIterator                                          : loaded 2 times (x 66B)
Class [Lcom.android.prefs.LocationValue;                                              : loaded 2 times (x 65B)
Class com.google.common.base.CharMatcher$NegatedFastMatcher                           : loaded 2 times (x 109B)
Class kotlin.io.FileTreeWalk$WalkState                                                : loaded 2 times (x 69B)
Class com.google.common.cache.LocalCache                                              : loaded 2 times (x 183B)
Class com.google.common.cache.CacheBuilder$2                                          : loaded 2 times (x 75B)
Class it.unimi.dsi.fastutil.objects.AbstractObject2IntFunction                        : loaded 2 times (x 115B)
Class org.objectweb.asm.Handle                                                        : loaded 2 times (x 68B)
Class com.google.common.cache.LocalCache$Strength$2                                   : loaded 2 times (x 77B)
Class com.google.common.util.concurrent.SettableFuture                                : loaded 2 times (x 110B)
Class com.google.common.collect.Collections2$FilteredCollection                       : loaded 2 times (x 115B)
Class kotlin.reflect.jvm.internal.impl.builtins.PrimitiveType$Companion               : loaded 2 times (x 67B)
Class com.google.common.reflect.Types$ClassOwnership$3                                : loaded 2 times (x 67B)
Class kotlin.reflect.jvm.internal.KClassImpl$Data$$Lambda$12                          : loaded 2 times (x 72B)
Class kotlin.reflect.jvm.internal.KClassImpl$Data                                     : loaded 2 times (x 68B)
Class kotlinx.coroutines.CoroutineId                                                  : loaded 2 times (x 89B)
Class kotlinx.coroutines.EventLoopImplBase                                            : loaded 2 times (x 113B)
Class kotlinx.coroutines.internal.SystemPropsKt                                       : loaded 2 times (x 67B)
Class it.unimi.dsi.fastutil.objects.ObjectSpliterator                                 : loaded 2 times (x 66B)
Class com.google.common.cache.CacheBuilder$3                                          : loaded 2 times (x 68B)
Class org.gradle.api.GradleException                                                  : loaded 2 times (x 78B)
Class kotlin.collections.AbstractMap$Companion                                        : loaded 2 times (x 67B)
Class kotlin.collections.Grouping                                                     : loaded 2 times (x 66B)
Class com.google.common.cache.LocalCache$Strength$1                                   : loaded 2 times (x 77B)
Class kotlin.reflect.jvm.internal.KClassImpl$Data$$Lambda$13                          : loaded 2 times (x 72B)
Class com.google.common.reflect.TypeResolver                                          : loaded 2 times (x 68B)
Class com.android.ide.common.gradle.Version                                           : loaded 2 times (x 71B)
Class com.google.common.reflect.Types$ClassOwnership$2                                : loaded 2 times (x 76B)
Class kotlinx.coroutines.IncompleteStateBox                                           : loaded 2 times (x 68B)
Class jdk.internal.jimage.ImageStrings                                                : loaded 2 times (x 66B)
Class com.google.common.base.Suppliers$MemoizingSupplier                              : loaded 2 times (x 75B)
Class com.google.common.collect.ForwardingMap                                         : loaded 2 times (x 128B)
Class [Lcom.google.common.collect.MapMakerInternalMap$Strength;                       : loaded 2 times (x 65B)
Class kotlin.reflect.jvm.internal.impl.name.ClassId                                   : loaded 2 times (x 68B)
Class kotlin.reflect.jvm.internal.KClassImpl$Data$$Lambda$14                          : loaded 2 times (x 72B)
Class kotlin.reflect.jvm.internal.KTypeParameterOwnerImpl                             : loaded 2 times (x 66B)
Class kotlinx.coroutines.DefaultExecutorKt                                            : loaded 2 times (x 67B)
Class kotlinx.coroutines.Unconfined                                                   : loaded 2 times (x 95B)
Class kotlinx.coroutines.GlobalScope                                                  : loaded 2 times (x 70B)
Class com.google.common.collect.MapMakerInternalMap$StrongValueEntry                  : loaded 2 times (x 66B)
Class org.gradle.internal.service.UnknownServiceException                             : loaded 2 times (x 79B)
Class com.google.common.cache.LocalCache$LocalLoadingCache                            : loaded 2 times (x 130B)
Class com.google.common.reflect.Types$ClassOwnership$1                                : loaded 2 times (x 76B)
Class com.google.common.collect.Maps$AbstractFilteredMap                              : loaded 2 times (x 123B)
Class kotlin.collections.builders.MapBuilder$KeysItr                                  : loaded 2 times (x 77B)
Class [Lkotlin.time.DurationUnit;                                                     : loaded 2 times (x 65B)
Class com.google.common.io.Files                                                      : loaded 2 times (x 67B)
Class jdk.internal.jrtfs.SystemImage                                                  : loaded 2 times (x 70B)
Class kotlin.reflect.jvm.internal.impl.name.Name                                      : loaded 2 times (x 71B)
Class kotlin.reflect.jvm.internal.KClassImpl$Data$$Lambda$15                          : loaded 2 times (x 72B)
Class kotlin.reflect.jvm.internal.KPropertyImpl$Companion                             : loaded 2 times (x 67B)
Class kotlinx.coroutines.AbstractCoroutine                                            : loaded 2 times (x 139B)
Class it.unimi.dsi.fastutil.objects.ObjectSet                                         : loaded 2 times (x 66B)
Class com.android.tools.lint.model.DefaultLintModelSourceProvider                     : loaded 2 times (x 80B)
Class com.google.common.base.AbstractIterator$State                                   : loaded 2 times (x 75B)
Class [Lcom.android.prefs.VariableType;                                               : loaded 2 times (x 65B)
Class com.google.common.cache.LocalCache$EntryFactory                                 : loaded 2 times (x 79B)
Class org.jetbrains.kotlin.cli.common.CompilerSystemProperties                        : loaded 2 times (x 76B)
Class it.unimi.dsi.fastutil.ints.IntArrays$ForkJoinQuickSortIndirect                  : loaded 2 times (x 92B)
Class kotlinx.coroutines.Delay                                                        : loaded 2 times (x 66B)
Class kotlin.reflect.jvm.internal.impl.name.FqNameUnsafe                              : loaded 2 times (x 68B)
Class kotlin.reflect.jvm.internal.KClassImpl$Data$$Lambda$16                          : loaded 2 times (x 72B)
Class kotlinx.coroutines.ParentJob                                                    : loaded 2 times (x 66B)
Class [Lcom.android.ide.common.gradle.Separator;                                      : loaded 2 times (x 65B)
Class com.android.prefs.QueryResult                                                   : loaded 2 times (x 80B)
Class kotlinx.coroutines.JobNode                                                      : loaded 2 times (x 86B)
Class kotlin.reflect.jvm.internal.KProperty1Impl$$Lambda$1                            : loaded 2 times (x 72B)
Class com.google.common.collect.MapMakerInternalMap$Strength$2                        : loaded 2 times (x 76B)
Class com.google.common.reflect.Types$NativeTypeVariableEquals                        : loaded 2 times (x 67B)
Class com.google.common.reflect.TypeParameter                                         : loaded 2 times (x 68B)
Class com.google.common.collect.Iterables$5                                           : loaded 2 times (x 77B)
Class com.google.common.cache.LocalCache$AbstractReferenceEntry                       : loaded 2 times (x 103B)
Class org.gradle.internal.IoActions                                                   : loaded 2 times (x 67B)
Class com.google.common.collect.ImmutableMapKeySet                                    : loaded 2 times (x 148B)
Class org.gradle.api.internal.ClassPathProvider                                       : loaded 2 times (x 66B)
Class com.google.common.collect.ImmutableRangeSet$ComplementRanges                    : loaded 2 times (x 203B)
Class [Lkotlin.reflect.jvm.internal.impl.name.ClassId;                                : loaded 2 times (x 65B)
Class [Lorg.gradle.api.internal.ClassPathProvider;                                    : loaded 2 times (x 65B)
Class [Lcom.google.common.base.Function;                                              : loaded 2 times (x 65B)
Class kotlin.reflect.jvm.internal.KClassImpl$Data$$Lambda$17                          : loaded 2 times (x 72B)
Class kotlin.reflect.jvm.internal.KCallableImpl$$Lambda$0                             : loaded 2 times (x 72B)
Class com.google.common.collect.Maps$ViewCachingAbstractMap                           : loaded 2 times (x 121B)
Class kotlin.reflect.jvm.internal.EmptyContainerForLocal                              : loaded 2 times (x 80B)
Class it.unimi.dsi.fastutil.ints.IntIterable                                          : loaded 2 times (x 66B)
Class kotlinx.coroutines.scheduling.TaskContext                                       : loaded 2 times (x 66B)
Class it.unimi.dsi.fastutil.objects.AbstractObjectSet                                 : loaded 2 times (x 175B)
Class it.unimi.dsi.fastutil.ints.IntSet                                               : loaded 2 times (x 66B)
Class com.google.common.cache.CacheLoader$InvalidCacheLoadException                   : loaded 2 times (x 78B)
Class org.gradle.internal.classloader.SystemClassLoaderSpec                           : loaded 2 times (x 67B)
Class kotlin.coroutines.ContinuationInterceptor$DefaultImpls                          : loaded 2 times (x 67B)
Class kotlin.reflect.jvm.internal.KProperty1Impl$$Lambda$0                            : loaded 2 times (x 72B)
Class kotlin.reflect.jvm.internal.KCallableImpl$$Lambda$1                             : loaded 2 times (x 72B)
Class kotlinx.coroutines.internal.LockFreeLinkedListNode                              : loaded 2 times (x 71B)
Class kotlin.reflect.jvm.internal.impl.builtins.jvm.JavaToKotlinClassMap$PlatformMutabilityMapping: loaded 2 times (x 68B)
Class com.google.common.collect.MapMakerInternalMap$Strength$1                        : loaded 2 times (x 76B)
Class kotlin.coroutines.CoroutineContext$DefaultImpls                                 : loaded 2 times (x 67B)
Class kotlin.ranges.LongRange$Companion                                               : loaded 2 times (x 67B)
Class org.gradle.api.internal.DefaultClassPathProvider                                : loaded 2 times (x 72B)
Class kotlin.text.MatcherMatchResult$groups$1                                         : loaded 2 times (x 147B)
Class com.google.common.collect.ImmutableSet$SerializedForm                           : loaded 2 times (x 69B)
Class com.google.common.base.Splitter                                                 : loaded 2 times (x 68B)
Class com.google.common.collect.FluentIterable                                        : loaded 2 times (x 77B)
Class com.google.common.cache.LocalCache$StrongEntry                                  : loaded 2 times (x 104B)
Class com.google.common.util.concurrent.AbstractFuture$TrustedFuture                  : loaded 2 times (x 110B)
Class com.google.common.cache.LoadingCache                                            : loaded 2 times (x 66B)
Class com.android.ide.common.gradle.Numeric                                           : loaded 2 times (x 73B)
Class org.objectweb.asm.MethodWriter                                                  : loaded 2 times (x 102B)
Class kotlinx.coroutines.EventLoop_commonKt                                           : loaded 2 times (x 67B)
Class it.unimi.dsi.fastutil.BidirectionalIterator                                     : loaded 2 times (x 66B)
Class kotlin.reflect.jvm.internal.KCallableImpl                                       : loaded 2 times (x 101B)
Class kotlin.reflect.jvm.internal.KCallableImpl$$Lambda$2                             : loaded 2 times (x 72B)
Class kotlin.reflect.jvm.internal.impl.builtins.functions.FunctionTypeKind$Function   : loaded 2 times (x 68B)
Class it.unimi.dsi.fastutil.objects.ObjectCollection                                  : loaded 2 times (x 66B)
Class kotlinx.coroutines.DebugKt                                                      : loaded 2 times (x 67B)
Class com.android.tools.lint.model.DefaultLintModelModule                             : loaded 2 times (x 94B)
Class com.google.common.collect.ImmutableRangeSet                                     : loaded 2 times (x 111B)
Class jdk.internal.jrtfs.JrtFileSystem                                                : loaded 2 times (x 98B)
Class com.google.common.base.Suppliers$NonSerializableMemoizingSupplier               : loaded 2 times (x 75B)
Class [Lcom.google.common.cache.Weigher;                                              : loaded 2 times (x 65B)
Class com.google.common.collect.AbstractMapBasedMultimap$RandomAccessWrappedList      : loaded 2 times (x 201B)
Class org.gradle.api.internal.classpath.EffectiveClassPath                            : loaded 2 times (x 86B)
Class kotlin.io.FileTreeWalk$FileTreeWalkIterator                                     : loaded 2 times (x 79B)
Class kotlin.reflect.jvm.internal.KCallableImpl$$Lambda$3                             : loaded 2 times (x 72B)
Class kotlinx.coroutines.internal.LockFreeTaskQueueCore$Companion                     : loaded 2 times (x 67B)
Class org.jetbrains.kotlin.cli.common.CompilerSystemProperties$Companion              : loaded 2 times (x 67B)
Class com.android.ide.common.gradle.Version$Companion$ParseState$EMPTY                : loaded 2 times (x 70B)
Class [Lcom.android.ide.common.repository.AgpVersion$PreviewKind;                     : loaded 2 times (x 65B)
Class com.android.sdklib.SdkVersionInfo                                               : loaded 2 times (x 67B)
Class it.unimi.dsi.fastutil.ints.Int2ObjectMap                                        : loaded 2 times (x 66B)
Class jdk.internal.jimage.decompressor.CompressedResourceHeader                       : loaded 2 times (x 67B)
Class com.google.common.collect.ImmutableMultimap$1                                   : loaded 2 times (x 78B)
Class kotlin.reflect.jvm.internal.KProperty1Impl                                      : loaded 2 times (x 124B)
Class org.gradle.internal.classloader.ClassLoaderVisitor                              : loaded 2 times (x 72B)
Class kotlin.reflect.jvm.internal.KCallableImpl$$Lambda$4                             : loaded 2 times (x 72B)
Class [Lcom.google.common.collect.AbstractIterator$State;                             : loaded 2 times (x 65B)
Class com.android.ide.common.repository.AgpVersion$Companion$WhenMappings             : loaded 2 times (x 67B)
Class com.google.common.base.CharMatcher$Is                                           : loaded 2 times (x 107B)
Class com.google.common.base.CharMatcher$Negated                                      : loaded 2 times (x 109B)
Class com.google.common.collect.ImmutableMultimap$2                                   : loaded 2 times (x 77B)
Class com.google.common.reflect.Types$JavaVersion$1                                   : loaded 2 times (x 79B)
Class com.google.common.collect.AbstractIterator$State                                : loaded 2 times (x 75B)
Class com.google.common.cache.LocalCache$ValueReference                               : loaded 2 times (x 66B)
Class com.google.common.base.CharMatcher$None                                         : loaded 2 times (x 108B)
Class com.android.utils.EnvironmentProvider$DirectEnvironmentProvider                 : loaded 2 times (x 76B)
Class kotlin.text.MatcherMatchResult$groupValues$1                                    : loaded 2 times (x 194B)
Class it.unimi.dsi.fastutil.ints.IntArrays$Segment                                    : loaded 2 times (x 67B)
Class it.unimi.dsi.fastutil.ints.IntBidirectionalIterator                             : loaded 2 times (x 66B)
Class kotlinx.coroutines.CopyableThreadContextElement                                 : loaded 2 times (x 66B)
Class kotlin.reflect.jvm.internal.KCallableImpl$$Lambda$5                             : loaded 2 times (x 72B)
Class it.unimi.dsi.fastutil.ints.AbstractInt2ObjectMap                                : loaded 2 times (x 211B)
Class kotlin.reflect.jvm.internal.KPropertyImpl$$Lambda$1                             : loaded 2 times (x 72B)
Class kotlin.sequences.SequencesKt___SequencesKt$flatMap$1                            : loaded 2 times (x 121B)
Class com.android.tools.lint.model.LintModelAndroidLibrary                            : loaded 2 times (x 66B)
Class kotlin.jvm.internal.FloatCompanionObject                                        : loaded 2 times (x 67B)
Class org.gradle.internal.classloader.DefaultClassLoaderFactory                       : loaded 2 times (x 78B)
Class com.google.common.base.Suppliers                                                : loaded 2 times (x 67B)
Class com.google.common.reflect.Types$JavaVersion$2                                   : loaded 2 times (x 79B)
Class com.google.common.reflect.Types                                                 : loaded 2 times (x 67B)
Class com.google.common.hash.PrimitiveSink                                            : loaded 2 times (x 66B)
Class com.google.common.util.concurrent.AbstractFuture$Failure                        : loaded 2 times (x 68B)
Class [Lcom.google.common.cache.CacheBuilder$OneWeigher;                              : loaded 2 times (x 65B)
Class com.android.ide.common.resources.DataFile                                       : loaded 2 times (x 79B)
Class com.android.tools.lint.model.LintModelModule                                    : loaded 2 times (x 66B)
Class org.objectweb.asm.Label                                                         : loaded 2 times (x 69B)
Class kotlin.reflect.jvm.internal.KProperty0Impl                                      : loaded 2 times (x 124B)
Class com.google.gson.JsonSyntaxException                                             : loaded 2 times (x 78B)
Class kotlin.reflect.jvm.internal.CacheByClassKt                                      : loaded 2 times (x 67B)
Class kotlinx.coroutines.EventLoopImplPlatform                                        : loaded 2 times (x 103B)
Class kotlinx.coroutines.scheduling.SchedulerTimeSource                               : loaded 2 times (x 68B)
Class kotlinx.coroutines.scheduling.CoroutineScheduler                                : loaded 2 times (x 77B)
Class com.google.common.base.CharMatcher                                              : loaded 2 times (x 107B)
Class com.google.common.reflect.Types$JavaVersion$3                                   : loaded 2 times (x 79B)
Class kotlin.reflect.jvm.internal.KPropertyImpl$$Lambda$0                             : loaded 2 times (x 72B)
Class com.google.common.collect.MapMakerInternalMap$InternalEntryHelper               : loaded 2 times (x 66B)
Class com.google.common.collect.Table                                                 : loaded 2 times (x 66B)
Class kotlin.reflect.jvm.internal.impl.name.FqName                                    : loaded 2 times (x 68B)
Class com.google.common.collect.MapMakerInternalMap$Strength                          : loaded 2 times (x 76B)
Class com.google.common.collect.RangeGwtSerializationDependencies                     : loaded 2 times (x 67B)
Class org.objectweb.asm.MethodVisitor                                                 : loaded 2 times (x 101B)
Class org.jetbrains.kotlin.cli.common.messages.MessageCollector$Companion$NONE$1      : loaded 2 times (x 72B)
Class com.google.common.reflect.TypeCapture                                           : loaded 2 times (x 67B)
Class com.android.ide.common.gradle.Version$Companion$ParseState$NUMERIC              : loaded 2 times (x 70B)
Class com.android.ide.common.repository.AgpVersion$PreviewKind                        : loaded 2 times (x 75B)
Class [Lcom.android.tools.lint.model.LintModelModuleType;                             : loaded 2 times (x 65B)
Class com.android.tools.lint.model.LintModelSerialization$LintModelSerializationFileAdapter$WhenMappings: loaded 2 times (x 67B)
Class jdk.internal.jimage.decompressor.StringSharingDecompressorFactory               : loaded 2 times (x 70B)
Class com.google.common.base.CharMatcher$NamedFastMatcher                             : loaded 2 times (x 108B)
Class com.google.common.base.CharMatcher$1                                            : loaded 2 times (x 109B)
Class com.google.common.reflect.Types$JavaVersion$4                                   : loaded 2 times (x 79B)
Class com.google.common.cache.LocalCache$EntryFactory$1                               : loaded 2 times (x 79B)
Class [Lcom.google.common.cache.RemovalListener;                                      : loaded 2 times (x 65B)
Class androidx.navigation.lint.BaseTypeSafeDestinationMissingAnnotationDetectorKt     : loaded 2 times (x 67B)
Class com.google.common.collect.RegularImmutableBiMap$Inverse$InverseEntrySet         : loaded 2 times (x 148B)
Class com.google.common.collect.RangeSet                                              : loaded 2 times (x 66B)
Class com.android.utils.ILogger                                                       : loaded 2 times (x 66B)
Class kotlin.reflect.jvm.internal.CachesKt                                            : loaded 2 times (x 67B)
Class kotlinx.coroutines.scheduling.TaskContextImpl                                   : loaded 2 times (x 71B)
Class com.android.utils.NullLogger                                                    : loaded 2 times (x 81B)
Class it.unimi.dsi.fastutil.objects.ReferenceSet                                      : loaded 2 times (x 66B)
Class com.google.common.reflect.Types$JavaVersion$5                                   : loaded 2 times (x 67B)
Class [Lcom.google.common.reflect.Types$ClassOwnership;                               : loaded 2 times (x 65B)
Class com.google.common.cache.LocalCache$EntryFactory$2                               : loaded 2 times (x 79B)
Class org.gradle.api.internal.classpath.GlobalCacheRootsProvider                      : loaded 2 times (x 66B)
Class kotlinx.coroutines.CoroutineScope                                               : loaded 2 times (x 66B)
Class com.google.common.collect.CollectCollectors                                     : loaded 2 times (x 67B)
Class kotlinx.coroutines.ChildHandle                                                  : loaded 2 times (x 66B)
Class kotlin.collections.builders.ListBuilder$Itr                                     : loaded 2 times (x 90B)
Class it.unimi.dsi.fastutil.ints.IntArrays$ForkJoinQuickSort                          : loaded 2 times (x 92B)
Class com.android.utils.FileUtils                                                     : loaded 2 times (x 67B)
Class kotlin.ranges.LongProgression                                                   : loaded 2 times (x 77B)
Class com.android.prefs.Global                                                        : loaded 2 times (x 76B)
Class com.android.tools.lint.model.DefaultLintModelAndroidArtifact                    : loaded 2 times (x 89B)
Class kotlin.jvm.internal.MutablePropertyReference2                                   : loaded 2 times (x 133B)
Class com.google.common.cache.LocalCache$EntryFactory$3                               : loaded 2 times (x 79B)
Class com.google.common.base.Ticker$1                                                 : loaded 2 times (x 68B)
Class kotlin.reflect.jvm.internal.ReflectProperties$Val                               : loaded 2 times (x 70B)
Class androidx.navigation.lint.BaseTypeSafeDestinationMissingAnnotationDetector       : loaded 2 times (x 169B)
Class kotlinx.coroutines.Incomplete                                                   : loaded 2 times (x 66B)
Class org.jetbrains.kotlin.cli.common.messages.MessageRenderer                        : loaded 2 times (x 66B)
Class [Lkotlin.jvm.functions.Function1;                                               : loaded 2 times (x 65B)
Class com.google.common.base.CharMatcher$InRange                                      : loaded 2 times (x 107B)
Class com.google.common.cache.LocalCache$EntryFactory$4                               : loaded 2 times (x 79B)
Class kotlin.concurrent.LocksKt                                                       : loaded 2 times (x 67B)
Class org.gradle.api.internal.classpath.ManifestUtil                                  : loaded 2 times (x 67B)
Class kotlinx.coroutines.AbstractTimeSourceKt                                         : loaded 2 times (x 67B)
Class it.unimi.dsi.fastutil.ints.AbstractInt2ObjectFunction                           : loaded 2 times (x 117B)
Class com.google.common.cache.LocalCache$EntryFactory$5                               : loaded 2 times (x 79B)
Class kotlin.jvm.internal.ByteCompanionObject                                         : loaded 2 times (x 67B)
Class com.google.common.collect.MapMakerInternalMap$WeakKeyStrongValueSegment         : loaded 2 times (x 138B)
Class kotlin.time.Duration                                                            : loaded 2 times (x 70B)
Class com.google.common.util.concurrent.ExecutionError                                : loaded 2 times (x 78B)
Class com.android.tools.lint.model.DefaultLintModelVariant$mainArtifact$2             : loaded 2 times (x 75B)
Class com.google.common.cache.LocalCache$EntryFactory$6                               : loaded 2 times (x 79B)
Class org.gradle.internal.installation.CurrentGradleInstallationLocator               : loaded 2 times (x 67B)
Class com.android.sdklib.IAndroidTarget                                               : loaded 2 times (x 66B)
Class kotlin.reflect.jvm.internal.KProperty0Impl$$Lambda$1                            : loaded 2 times (x 72B)
Class kotlinx.coroutines.internal.OpDescriptor                                        : loaded 2 times (x 69B)
Class kotlinx.coroutines.Empty                                                        : loaded 2 times (x 71B)
Class com.android.tools.lint.model.DefaultLintModelDependencyGraph                    : loaded 2 times (x 74B)
Class com.android.tools.lint.model.DefaultLintModelLintOptions                        : loaded 2 times (x 99B)
Class com.android.ide.common.blame.SourcePosition                                     : loaded 2 times (x 67B)
Class [Lkotlin.io.FileWalkDirection;                                                  : loaded 2 times (x 65B)
Class com.google.common.collect.ImmutableMultimap$Builder                             : loaded 2 times (x 82B)
Class com.google.common.cache.LocalCache$EntryFactory$7                               : loaded 2 times (x 79B)
Class org.gradle.internal.service.DefaultServiceLocator                               : loaded 2 times (x 79B)
Class org.jetbrains.kotlin.util.capitalizeDecapitalize.CapitalizeDecapitalizeKt       : loaded 2 times (x 67B)
Class org.gradle.internal.classloader.ClassLoaderHierarchy                            : loaded 2 times (x 66B)
Class jdk.internal.jimage.BasicImageReader                                            : loaded 2 times (x 91B)
Class com.google.common.base.CharMatcher$IsEither                                     : loaded 2 times (x 107B)
Class [Lcom.google.common.base.AbstractIterator$State;                                : loaded 2 times (x 65B)
Class jdk.internal.jrtfs.JrtDirectoryStream                                           : loaded 2 times (x 85B)
Class kotlin.io.FileTreeWalk                                                          : loaded 2 times (x 71B)
Class com.google.common.collect.ImmutableMultimap$EntryCollection                     : loaded 2 times (x 124B)
Class com.google.common.collect.Maps$EntrySet                                         : loaded 2 times (x 132B)
Class com.google.common.cache.LocalCache$EntryFactory$8                               : loaded 2 times (x 79B)
Class org.gradle.internal.installation.CurrentGradleInstallation                      : loaded 2 times (x 69B)
Class kotlinx.coroutines.BuildersKt                                                   : loaded 2 times (x 67B)
Class kotlinx.coroutines.CoroutineContextKt$hasCopyableElements$1                     : loaded 2 times (x 74B)
Class kotlinx.coroutines.internal.ThreadContextKt                                     : loaded 2 times (x 67B)
Class kotlin.jvm.internal.MutablePropertyReference0                                   : loaded 2 times (x 133B)
Class kotlinx.coroutines.scheduling.Task                                              : loaded 2 times (x 72B)
Class kotlin.reflect.jvm.internal.impl.builtins.CompanionObjectMapping                : loaded 2 times (x 67B)
Class kotlinx.coroutines.BlockingCoroutine                                            : loaded 2 times (x 140B)
Class it.unimi.dsi.fastutil.Stack                                                     : loaded 2 times (x 66B)
Class com.android.tools.lint.model.DefaultLintModelVariant                            : loaded 2 times (x 97B)
Class com.android.tools.lint.model.LintModelArtifact                                  : loaded 2 times (x 66B)
Class com.google.common.collect.ForwardingObject                                      : loaded 2 times (x 68B)
Class com.google.common.cache.CacheLoader$1                                           : loaded 2 times (x 71B)
Class org.gradle.util.internal.GUtil                                                  : loaded 2 times (x 67B)
Class com.android.resources.ResourceEnum                                              : loaded 2 times (x 66B)
Class it.unimi.dsi.fastutil.ints.AbstractIntCollection                                : loaded 2 times (x 181B)
Class com.google.common.io.ByteSource                                                 : loaded 2 times (x 80B)
Class kotlin.reflect.jvm.internal.KProperty0Impl$$Lambda$0                            : loaded 2 times (x 72B)
Class kotlinx.coroutines.internal.LockFreeTaskQueue                                   : loaded 2 times (x 68B)
Class kotlinx.coroutines.scheduling.DefaultScheduler                                  : loaded 2 times (x 108B)
Class kotlinx.coroutines.Dispatchers                                                  : loaded 2 times (x 67B)
Class [Lcom.android.tools.lint.model.LintModelSeverity;                               : loaded 2 times (x 65B)
Class [Lcom.google.common.collect.MapMakerInternalMap$Segment;                        : loaded 2 times (x 65B)
Class com.android.prefs.PathLocator$WhenMappings                                      : loaded 2 times (x 67B)
Class kotlin.io.NoSuchFileException                                                   : loaded 2 times (x 78B)
Class com.google.common.cache.AbstractCache$StatsCounter                              : loaded 2 times (x 66B)
Class com.google.common.collect.MapMakerInternalMap$1                                 : loaded 2 times (x 79B)
Class kotlin.time.DurationUnitKt                                                      : loaded 2 times (x 67B)
Class kotlin.sequences.DropWhileSequence$iterator$1                                   : loaded 2 times (x 75B)
Class org.gradle.internal.classloader.FilteringClassLoader                            : loaded 2 times (x 101B)
Class com.android.prefs.AndroidPathLocator                                            : loaded 2 times (x 69B)
Class kotlin.reflect.jvm.internal.RuntimeTypeMapper                                   : loaded 2 times (x 67B)
Class kotlin.text.MatcherMatchResult                                                  : loaded 2 times (x 76B)
Class kotlinx.coroutines.intrinsics.CancellableKt                                     : loaded 2 times (x 67B)
Class kotlin.text.MatchGroupCollection                                                : loaded 2 times (x 66B)
Class com.android.tools.lint.model.LintModelJavaLibrary                               : loaded 2 times (x 66B)
Class com.android.tools.lint.model.DefaultLintModelDependency                         : loaded 2 times (x 82B)
Class com.android.tools.lint.model.DefaultLintModelLibrary                            : loaded 2 times (x 82B)
Class com.android.tools.lint.model.DefaultLintModelBuildFeatures                      : loaded 2 times (x 73B)
Class com.google.common.reflect.Types$TypeVariableImpl                                : loaded 2 times (x 68B)
Class org.gradle.internal.installation.GradleInstallation                             : loaded 2 times (x 71B)
Class kotlin.collections.ReversedList                                                 : loaded 2 times (x 203B)
Class kotlin.reflect.jvm.internal.impl.builtins.PrimitiveType$$Lambda$0               : loaded 2 times (x 72B)
Class com.android.prefs.AndroidLocationsException                                     : loaded 2 times (x 78B)
Class com.google.common.base.Splitter$Strategy                                        : loaded 2 times (x 66B)
Class jdk.internal.jimage.decompressor.ResourceDecompressor$StringsProvider           : loaded 2 times (x 66B)
Class com.google.common.collect.Iterables                                             : loaded 2 times (x 67B)
Class kotlin.collections.ReversedList$listIterator$1                                  : loaded 2 times (x 90B)
Class kotlin.reflect.jvm.internal.impl.builtins.PrimitiveType$$Lambda$1               : loaded 2 times (x 72B)
Class kotlinx.coroutines.JobSupportKt                                                 : loaded 2 times (x 67B)
Class kotlinx.coroutines.ExecutorCoroutineDispatcher$Key                              : loaded 2 times (x 68B)
Class com.android.ide.common.gradle.Part                                              : loaded 2 times (x 73B)
Class com.android.utils.XmlUtils                                                      : loaded 2 times (x 67B)
Class kotlinx.coroutines.internal.ResizableAtomicArray                                : loaded 2 times (x 68B)
Class org.gradle.internal.service.ServiceLookupException                              : loaded 2 times (x 78B)
Class kotlin.io.FileWalkDirection                                                     : loaded 2 times (x 75B)

---------------  S Y S T E M  ---------------

OS:
 Windows 11 , 64 bit Build 26100 (10.0.26100.5074)
OS uptime: 0 days 2:41 hours
Hyper-V role detected

CPU: total 4 (initial active 4) (2 cores per cpu, 2 threads per core) family 6 model 142 stepping 12 microcode 0xde, cx8, cmov, fxsr, ht, mmx, 3dnowpref, sse, sse2, sse3, ssse3, sse4.1, sse4.2, popcnt, lzcnt, tsc, tscinvbit, avx, avx2, aes, erms, clmul, bmi1, bmi2, adx, fma, vzeroupper, clflush, clflushopt, hv, rdtscp, f16c
Processor Information for the first 4 processors :
  Max Mhz: 2592, Current Mhz: 2592, Mhz Limit: 2073

Memory: 4k page, system-wide physical 8025M (1123M free)
TotalPageFile size 13838M (AvailPageFile size 3M)
current process WorkingSet (physical memory assigned to process): 3394M, peak: 3394M
current process commit charge ("private bytes"): 3531M, peak: 5033M

vm_info: OpenJDK 64-Bit Server VM (21.0.6+-13391695-b895.109) for windows-amd64 JRE (21.0.6+-13391695-b895.109), built on 2025-04-22T21:19:17Z by "builder" with MS VC++ 16.10 / 16.11 (VS2019)

END.
