#
# There is insufficient memory for the Java Runtime Environment to continue.
# Native memory allocation (malloc) failed to allocate 2463696 bytes. Error detail: Chunk::new
# Possible reasons:
#   The system is out of physical RAM or swap space
#   This process is running with CompressedOops enabled, and the Java Heap may be blocking the growth of the native heap
# Possible solutions:
#   Reduce memory load on the system
#   Increase physical memory or swap space
#   Check if swap backing store is full
#   Decrease Java heap size (-Xmx/-Xms)
#   Decrease number of Java threads
#   Decrease Java thread stack sizes (-Xss)
#   Set larger code cache with -XX:ReservedCodeCacheSize=
#   JVM is running with Zero Based Compressed Oops mode in which the Java heap is
#     placed in the first 32GB address space. The Java Heap base address is the
#     maximum limit for the native heap growth. Please use -XX:HeapBaseMinAddress
#     to set the Java Heap base and to place the Java Heap above 32GB virtual address.
# This output file may be truncated or incomplete.
#
#  Out of Memory Error (arena.cpp:168), pid=10952, tid=5192
#
# JRE version: OpenJDK Runtime Environment (21.0.6) (build 21.0.6+-13391695-b895.109)
# Java VM: OpenJDK 64-Bit Server VM (21.0.6+-13391695-b895.109, mixed mode, tiered, compressed oops, compressed class ptrs, parallel gc, windows-amd64)
# No core dump will be written. Minidumps are not enabled by default on client versions of Windows
#

---------------  S U M M A R Y ------------

Command Line: --add-opens=java.base/java.lang=ALL-UNNAMED --add-opens=java.base/java.lang.invoke=ALL-UNNAMED --add-opens=java.base/java.util=ALL-UNNAMED --add-opens=java.prefs/java.util.prefs=ALL-UNNAMED --add-exports=jdk.compiler/com.sun.tools.javac.api=ALL-UNNAMED --add-exports=jdk.compiler/com.sun.tools.javac.util=ALL-UNNAMED --add-opens=java.base/java.util=ALL-UNNAMED --add-opens=java.prefs/java.util.prefs=ALL-UNNAMED --add-opens=java.base/java.nio.charset=ALL-UNNAMED --add-opens=java.base/java.net=ALL-UNNAMED --add-opens=java.base/java.util.concurrent.atomic=ALL-UNNAMED --add-opens=java.xml/javax.xml.namespace=ALL-UNNAMED -XX:+UseParallelGC -Xmx4g -Dfile.encoding=UTF-8 -Duser.country=CN -Duser.language=zh -Duser.variant -javaagent:C:\Users\Mbongeni\.gradle\wrapper\dists\gradle-8.14.2-bin\2pb3mgt1p815evrl3weanttgr\gradle-8.14.2\lib\agents\gradle-instrumentation-agent-8.14.2.jar org.gradle.launcher.daemon.bootstrap.GradleDaemon 8.14.2

Host: Intel(R) Core(TM) i3-10110U CPU @ 2.10GHz, 4 cores, 7G,  Windows 11 , 64 bit Build 26100 (10.0.26100.4768)
Time: Fri Aug 15 11:37:39 2025 South Africa Standard Time elapsed time: 2879.817887 seconds (0d 0h 47m 59s)

---------------  T H R E A D  ---------------

Current thread (0x00000189cc79cde0):  JavaThread "C2 CompilerThread0" daemon [_thread_in_native, id=5192, stack(0x0000004376100000,0x0000004376200000) (1024K)]


Current CompileTask:
C2:2879818 134685       4       com.android.tools.r8.internal.le::a (7028 bytes)

Stack: [0x0000004376100000,0x0000004376200000]
Native frames: (J=compiled Java code, j=interpreted, Vv=VM code, C=native code)
V  [jvm.dll+0x6d0639]
V  [jvm.dll+0x85eb03]
V  [jvm.dll+0x86105e]
V  [jvm.dll+0x861743]
V  [jvm.dll+0x27e6e6]
V  [jvm.dll+0xbff6d]
V  [jvm.dll+0xc04a3]
V  [jvm.dll+0x3b6171]
V  [jvm.dll+0x1de684]
V  [jvm.dll+0x247dd4]
V  [jvm.dll+0x247251]
V  [jvm.dll+0x1c5f04]
V  [jvm.dll+0x2569ac]
V  [jvm.dll+0x254ef6]
V  [jvm.dll+0x3f0e96]
V  [jvm.dll+0x806ed8]
V  [jvm.dll+0x6cef0d]
C  [ucrtbase.dll+0x37b0]
C  [KERNEL32.DLL+0x2e8d7]
C  [ntdll.dll+0x3c34c]


---------------  P R O C E S S  ---------------

Threads class SMR info:
_java_thread_list=0x00000189e7cd1a80, length=132, elements={
0x00000189af3e1700, 0x00000189d1690270, 0x00000189cc7920b0, 0x00000189cc7add50,
0x00000189cc7a3ba0, 0x00000189cc796ba0, 0x00000189cc799600, 0x00000189cc79cde0,
0x00000189cc79d870, 0x00000189d17e1520, 0x00000189d17e4310, 0x00000189d17e1bb0,
0x00000189d17e0e90, 0x00000189d17e2f60, 0x00000189d33cf490, 0x00000189d33d2280,
0x00000189d33cee00, 0x00000189d33d4350, 0x00000189d33d5d90, 0x00000189d33d2910,
0x00000189d39eeaf0, 0x00000189d765af00, 0x00000189d75eb500, 0x00000189deba2b10,
0x00000189deb9fd20, 0x00000189deba10d0, 0x00000189deba3830, 0x00000189deba4550,
0x00000189d83493a0, 0x00000189d834ceb0, 0x00000189d1acac40, 0x00000189ede98f40,
0x00000189ede8d0f0, 0x00000189ede8d780, 0x00000189ede8de10, 0x00000189ede8e4a0,
0x00000189ede8eb30, 0x00000189ede8b6b0, 0x00000189ede8f1c0, 0x00000189ede8bd40,
0x00000189ede8f850, 0x00000189ede8c3d0, 0x00000189ede8fee0, 0x00000189ede93360,
0x00000189ede90570, 0x00000189ede96150, 0x00000189ede96e70, 0x00000189ede97500,
0x00000189ede94080, 0x00000189ede94710, 0x00000189ede9a980, 0x00000189ede9b010,
0x00000189ede98220, 0x00000189ede9ca50, 0x00000189ede9d770, 0x00000189ede9eb20,
0x00000189ede9c3c0, 0x00000189ede9e490, 0x00000189ede9bd30, 0x00000189ede9fed0,
0x00000189edea0560, 0x00000189edea1280, 0x00000189ede9de00, 0x00000189edea1fa0,
0x00000189ede9f840, 0x00000189edea2630, 0x00000189edea4d90, 0x00000189edea2cc0,
0x00000189edea3350, 0x00000189edea39e0, 0x00000189edea4070, 0x00000189edea4700,
0x00000189edea5ab0, 0x00000189edea6140, 0x00000189edea67d0, 0x00000189edea6e60,
0x00000189edea74f0, 0x00000189edea7b80, 0x00000189edea8210, 0x00000189edea88a0,
0x00000189edea5420, 0x00000189edea8f30, 0x00000189edea95c0, 0x00000189edeaa970,
0x00000189d64563c0, 0x00000189d64570e0, 0x00000189d6454980, 0x00000189d6455010,
0x00000189e7846980, 0x00000189e7845c60, 0x00000189e78462f0, 0x00000189e78455d0,
0x00000189e7847d30, 0x00000189e7844f40, 0x00000189e7848a50, 0x00000189e78490e0,
0x00000189e784b840, 0x00000189e7849e00, 0x00000189e784a490, 0x00000189e784ab20,
0x00000189e7849770, 0x00000189deba7340, 0x00000189deba79d0, 0x00000189deba8060,
0x00000189deba9410, 0x00000189debab4e0, 0x00000189deba8d80, 0x00000189debabb70,
0x00000189debaa130, 0x00000189debadc40, 0x00000189debacf20, 0x00000189debac200,
0x00000189e5468620, 0x00000189e54699d0, 0x00000189d33d2fa0, 0x00000189d765cfd0,
0x00000189d39f39b0, 0x00000189d39f2c90, 0x00000189d1accd10, 0x00000189d17e28d0,
0x00000189d17e35f0, 0x00000189d17e3c80, 0x00000189d8349a30, 0x00000189efbb3150,
0x00000189efbb1080, 0x00000189efbb3e70, 0x00000189efbb4500, 0x00000189efbb58b0,
0x00000189efbb6c60, 0x00000189efbb37e0, 0x00000189efbb86a0, 0x00000189e7cdb4d0
}

Java Threads: ( => current thread )
  0x00000189af3e1700 JavaThread "main"                              [_thread_blocked, id=6340, stack(0x0000004375700000,0x0000004375800000) (1024K)]
  0x00000189d1690270 JavaThread "Reference Handler"          daemon [_thread_blocked, id=18736, stack(0x0000004375b00000,0x0000004375c00000) (1024K)]
  0x00000189cc7920b0 JavaThread "Finalizer"                  daemon [_thread_blocked, id=8232, stack(0x0000004375c00000,0x0000004375d00000) (1024K)]
  0x00000189cc7add50 JavaThread "Signal Dispatcher"          daemon [_thread_blocked, id=9608, stack(0x0000004375d00000,0x0000004375e00000) (1024K)]
  0x00000189cc7a3ba0 JavaThread "Attach Listener"            daemon [_thread_blocked, id=5248, stack(0x0000004375e00000,0x0000004375f00000) (1024K)]
  0x00000189cc796ba0 JavaThread "Service Thread"             daemon [_thread_blocked, id=11520, stack(0x0000004375f00000,0x0000004376000000) (1024K)]
  0x00000189cc799600 JavaThread "Monitor Deflation Thread"   daemon [_thread_blocked, id=14116, stack(0x0000004376000000,0x0000004376100000) (1024K)]
=>0x00000189cc79cde0 JavaThread "C2 CompilerThread0"         daemon [_thread_in_native, id=5192, stack(0x0000004376100000,0x0000004376200000) (1024K)]
  0x00000189cc79d870 JavaThread "C1 CompilerThread0"         daemon [_thread_blocked, id=19332, stack(0x0000004376200000,0x0000004376300000) (1024K)]
  0x00000189d17e1520 JavaThread "Common-Cleaner"             daemon [_thread_blocked, id=2116, stack(0x0000004376300000,0x0000004376400000) (1024K)]
  0x00000189d17e4310 JavaThread "Notification Thread"        daemon [_thread_blocked, id=3508, stack(0x0000004376400000,0x0000004376500000) (1024K)]
  0x00000189d17e1bb0 JavaThread "Daemon health stats"               [_thread_blocked, id=19872, stack(0x0000004376500000,0x0000004376600000) (1024K)]
  0x00000189d17e0e90 JavaThread "Incoming local TCP Connector on port 59037"        [_thread_in_native, id=20200, stack(0x0000004376a00000,0x0000004376b00000) (1024K)]
  0x00000189d17e2f60 JavaThread "Daemon periodic checks"            [_thread_blocked, id=20076, stack(0x0000004376b00000,0x0000004376c00000) (1024K)]
  0x00000189d33cf490 JavaThread "Cache worker for journal cache (C:\Users\Mbongeni\.gradle\caches\journal-1)"        [_thread_blocked, id=14972, stack(0x0000004376900000,0x0000004376a00000) (1024K)]
  0x00000189d33d2280 JavaThread "File lock request listener"        [_thread_in_native, id=3104, stack(0x0000004377300000,0x0000004377400000) (1024K)]
  0x00000189d33cee00 JavaThread "Cache worker for file hash cache (C:\Users\Mbongeni\.gradle\caches\8.14.2\fileHashes)"        [_thread_blocked, id=7500, stack(0x0000004377400000,0x0000004377500000) (1024K)]
  0x00000189d33d4350 JavaThread "Cache worker for file content cache (C:\Users\Mbongeni\.gradle\caches\8.14.2\fileContent)"        [_thread_blocked, id=14416, stack(0x0000004377900000,0x0000004377a00000) (1024K)]
  0x00000189d33d5d90 JavaThread "File watcher server"        daemon [_thread_in_native, id=4868, stack(0x0000004377a00000,0x0000004377b00000) (1024K)]
  0x00000189d33d2910 JavaThread "File watcher consumer"      daemon [_thread_in_vm, id=9136, stack(0x0000004377b00000,0x0000004377c00000) (1024K)]
  0x00000189d39eeaf0 JavaThread "JNA Cleaner"                daemon [_thread_blocked, id=14088, stack(0x0000004377500000,0x0000004377600000) (1024K)]
  0x00000189d765af00 JavaThread "Memory manager"                    [_thread_blocked, id=17540, stack(0x0000004378b00000,0x0000004378c00000) (1024K)]
  0x00000189d75eb500 JavaThread "pool-2-thread-1"                   [_thread_blocked, id=18160, stack(0x0000004379b00000,0x0000004379c00000) (1024K)]
  0x00000189deba2b10 JavaThread "Java2D Disposer"            daemon [_thread_blocked, id=17172, stack(0x000000437bf00000,0x000000437c000000) (1024K)]
  0x00000189deb9fd20 JavaThread "AWT-Windows"                daemon [_thread_in_native, id=8508, stack(0x000000437cc00000,0x000000437cd00000) (1024K)]
  0x00000189deba10d0 JavaThread "DefaultDispatcher-worker-1" daemon [_thread_blocked, id=16756, stack(0x000000437cb00000,0x000000437cc00000) (1024K)]
  0x00000189deba3830 JavaThread "DefaultDispatcher-worker-2" daemon [_thread_blocked, id=16644, stack(0x000000437cd00000,0x000000437ce00000) (1024K)]
  0x00000189deba4550 JavaThread "DefaultDispatcher-worker-3" daemon [_thread_blocked, id=17488, stack(0x000000437cf00000,0x000000437d000000) (1024K)]
  0x00000189d83493a0 JavaThread "Periodic tasks thread"      daemon [_thread_blocked, id=19936, stack(0x000000437d400000,0x000000437d500000) (1024K)]
  0x00000189d834ceb0 JavaThread "ApplicationImpl pooled thread 1"        [_thread_blocked, id=3636, stack(0x000000437d500000,0x000000437d600000) (1024K)]
  0x00000189d1acac40 JavaThread "DefaultDispatcher-worker-4" daemon [_thread_blocked, id=14844, stack(0x0000004378000000,0x0000004378100000) (1024K)]
  0x00000189ede98f40 JavaThread "pool-9-thread-1"                   [_thread_blocked, id=5408, stack(0x0000004378d00000,0x0000004378e00000) (1024K)]
  0x00000189ede8d0f0 JavaThread "Daemon Thread 3"                   [_thread_blocked, id=18144, stack(0x0000004375400000,0x0000004375500000) (1024K)]
  0x00000189ede8d780 JavaThread "Handler for socket connection from /127.0.0.1:59037 to /127.0.0.1:59440"        [_thread_in_native, id=20292, stack(0x0000004375500000,0x0000004375600000) (1024K)]
  0x00000189ede8de10 JavaThread "Cancel handler"                    [_thread_blocked, id=12472, stack(0x0000004375600000,0x0000004375700000) (1024K)]
  0x00000189ede8e4a0 JavaThread "Daemon worker Thread 3"            [_thread_blocked, id=19384, stack(0x0000004376c00000,0x0000004376d00000) (1024K)]
  0x00000189ede8eb30 JavaThread "Asynchronous log dispatcher for DefaultDaemonConnection: socket connection from /127.0.0.1:59037 to /127.0.0.1:59440"        [_thread_blocked, id=19088, stack(0x0000004376d00000,0x0000004376e00000) (1024K)]
  0x00000189ede8b6b0 JavaThread "Stdin handler"                     [_thread_blocked, id=1164, stack(0x0000004376e00000,0x0000004376f00000) (1024K)]
  0x00000189ede8f1c0 JavaThread "Daemon client event forwarder"        [_thread_blocked, id=14160, stack(0x0000004376f00000,0x0000004377000000) (1024K)]
  0x00000189ede8bd40 JavaThread "Cache worker for file hash cache (C:\Users\Mbongeni\OneDrive\Documents\GitHub\Lost\.gradle\8.14.2\fileHashes)"        [_thread_blocked, id=9936, stack(0x0000004377000000,0x0000004377100000) (1024K)]
  0x00000189ede8f850 JavaThread "Cache worker for checksums cache (C:\Users\Mbongeni\OneDrive\Documents\GitHub\Lost\.gradle\8.14.2\checksums)"        [_thread_blocked, id=5620, stack(0x0000004377100000,0x0000004377200000) (1024K)]
  0x00000189ede8c3d0 JavaThread "Cache worker for Build Output Cleanup Cache (C:\Users\Mbongeni\OneDrive\Documents\GitHub\Lost\.gradle\buildOutputCleanup)"        [_thread_blocked, id=1916, stack(0x0000004377200000,0x0000004377300000) (1024K)]
  0x00000189ede8fee0 JavaThread "jar transforms"                    [_thread_blocked, id=17740, stack(0x0000004377600000,0x0000004377700000) (1024K)]
  0x00000189ede93360 JavaThread "jar transforms Thread 2"           [_thread_blocked, id=8772, stack(0x0000004377700000,0x0000004377800000) (1024K)]
  0x00000189ede90570 JavaThread "jar transforms Thread 3"           [_thread_blocked, id=18924, stack(0x0000004377800000,0x0000004377900000) (1024K)]
  0x00000189ede96150 JavaThread "Cache worker for cache directory md-supplier (C:\Users\Mbongeni\.gradle\caches\8.14.2\md-supplier)"        [_thread_blocked, id=14908, stack(0x0000004377d00000,0x0000004377e00000) (1024K)]
  0x00000189ede96e70 JavaThread "Cache worker for cache directory md-rule (C:\Users\Mbongeni\.gradle\caches\8.14.2\md-rule)"        [_thread_blocked, id=6048, stack(0x0000004377c00000,0x0000004377d00000) (1024K)]
  0x00000189ede97500 JavaThread "Unconstrained build operations"        [_thread_blocked, id=19652, stack(0x0000004377f00000,0x0000004378000000) (1024K)]
  0x00000189ede94080 JavaThread "Unconstrained build operations Thread 2"        [_thread_blocked, id=16000, stack(0x0000004378100000,0x0000004378200000) (1024K)]
  0x00000189ede94710 JavaThread "Unconstrained build operations Thread 3"        [_thread_blocked, id=16560, stack(0x0000004378200000,0x0000004378300000) (1024K)]
  0x00000189ede9a980 JavaThread "Unconstrained build operations Thread 4"        [_thread_blocked, id=19536, stack(0x0000004378300000,0x0000004378400000) (1024K)]
  0x00000189ede9b010 JavaThread "Unconstrained build operations Thread 5"        [_thread_blocked, id=15768, stack(0x0000004378400000,0x0000004378500000) (1024K)]
  0x00000189ede98220 JavaThread "Unconstrained build operations Thread 6"        [_thread_blocked, id=9168, stack(0x0000004378500000,0x0000004378600000) (1024K)]
  0x00000189ede9ca50 JavaThread "jar transforms Thread 4"           [_thread_blocked, id=10744, stack(0x0000004378600000,0x0000004378700000) (1024K)]
  0x00000189ede9d770 JavaThread "Unconstrained build operations Thread 7"        [_thread_blocked, id=5544, stack(0x0000004378700000,0x0000004378800000) (1024K)]
  0x00000189ede9eb20 JavaThread "Unconstrained build operations Thread 8"        [_thread_blocked, id=14668, stack(0x0000004378900000,0x0000004378a00000) (1024K)]
  0x00000189ede9c3c0 JavaThread "Unconstrained build operations Thread 9"        [_thread_blocked, id=2276, stack(0x0000004378a00000,0x0000004378b00000) (1024K)]
  0x00000189ede9e490 JavaThread "Unconstrained build operations Thread 10"        [_thread_blocked, id=2520, stack(0x0000004377e00000,0x0000004377f00000) (1024K)]
  0x00000189ede9bd30 JavaThread "Unconstrained build operations Thread 11"        [_thread_blocked, id=11888, stack(0x0000004378c00000,0x0000004378d00000) (1024K)]
  0x00000189ede9fed0 JavaThread "Unconstrained build operations Thread 12"        [_thread_blocked, id=18280, stack(0x0000004378e00000,0x0000004378f00000) (1024K)]
  0x00000189edea0560 JavaThread "Configuration cache report writer"        [_thread_blocked, id=5976, stack(0x0000004378f00000,0x0000004379000000) (1024K)]
  0x00000189edea1280 JavaThread "gradle-enterprise-worker-2"        [_thread_blocked, id=15492, stack(0x0000004379000000,0x0000004379100000) (1024K)]
  0x00000189ede9de00 JavaThread "Develocity resource usage"  daemon [_thread_blocked, id=20308, stack(0x0000004379100000,0x0000004379200000) (1024K)]
  0x00000189edea1fa0 JavaThread "ForkJoinPool.commonPool-worker-7" daemon [_thread_blocked, id=16760, stack(0x0000004379400000,0x0000004379500000) (1024K)]
  0x00000189ede9f840 JavaThread "ForkJoinPool.commonPool-worker-8" daemon [_thread_blocked, id=9604, stack(0x0000004379500000,0x0000004379600000) (1024K)]
  0x00000189edea2630 JavaThread "ForkJoinPool.commonPool-worker-9" daemon [_thread_blocked, id=9092, stack(0x0000004379600000,0x0000004379700000) (1024K)]
  0x00000189edea4d90 JavaThread "Problems report writer"            [_thread_blocked, id=7716, stack(0x0000004379700000,0x0000004379800000) (1024K)]
  0x00000189edea2cc0 JavaThread "Resource Usage Collector SystemCpu" daemon [_thread_blocked, id=9272, stack(0x0000004379800000,0x0000004379900000) (1024K)]
  0x00000189edea3350 JavaThread "Resource Usage Collector Monitoring 0" daemon [_thread_blocked, id=16556, stack(0x0000004379900000,0x0000004379a00000) (1024K)]
  0x00000189edea39e0 JavaThread "Resource Usage Collector Memory" daemon [_thread_blocked, id=15272, stack(0x0000004379a00000,0x0000004379b00000) (1024K)]
  0x00000189edea4070 JavaThread "Resource Usage Collector Monitoring 1" daemon [_thread_blocked, id=20112, stack(0x0000004379c00000,0x0000004379d00000) (1024K)]
  0x00000189edea4700 JavaThread "Resource Usage Collector NetworkSpeed" daemon [_thread_in_native, id=15484, stack(0x0000004379d00000,0x0000004379e00000) (1024K)]
  0x00000189edea5ab0 JavaThread "Resource Usage Collector Monitoring 2" daemon [_thread_blocked, id=2556, stack(0x0000004379e00000,0x0000004379f00000) (1024K)]
  0x00000189edea6140 JavaThread "Resource Usage Collector DiskSpeed" daemon [_thread_in_native, id=9692, stack(0x0000004379f00000,0x000000437a000000) (1024K)]
  0x00000189edea67d0 JavaThread "Resource Usage Collector Monitoring 3" daemon [_thread_blocked, id=3600, stack(0x000000437a000000,0x000000437a100000) (1024K)]
  0x00000189edea6e60 JavaThread "Resource Usage Collector Processes" daemon [_thread_in_native, id=9672, stack(0x000000437a100000,0x000000437a200000) (1024K)]
  0x00000189edea74f0 JavaThread "Resource Usage Collector Monitoring 4" daemon [_thread_blocked, id=18284, stack(0x000000437a200000,0x000000437a300000) (1024K)]
  0x00000189edea7b80 JavaThread "Unconstrained build operations Thread 13"        [_thread_blocked, id=19600, stack(0x0000004379300000,0x0000004379400000) (1024K)]
  0x00000189edea8210 JavaThread "Unconstrained build operations Thread 14"        [_thread_blocked, id=6432, stack(0x000000437a300000,0x000000437a400000) (1024K)]
  0x00000189edea88a0 JavaThread "Unconstrained build operations Thread 15"        [_thread_blocked, id=7992, stack(0x000000437a400000,0x000000437a500000) (1024K)]
  0x00000189edea5420 JavaThread "Unconstrained build operations Thread 16"        [_thread_blocked, id=19704, stack(0x000000437a600000,0x000000437a700000) (1024K)]
  0x00000189edea8f30 JavaThread "Unconstrained build operations Thread 17"        [_thread_blocked, id=7064, stack(0x000000437a700000,0x000000437a800000) (1024K)]
  0x00000189edea95c0 JavaThread "Unconstrained build operations Thread 18"        [_thread_blocked, id=20220, stack(0x000000437a800000,0x000000437a900000) (1024K)]
  0x00000189edeaa970 JavaThread "Unconstrained build operations Thread 19"        [_thread_blocked, id=8316, stack(0x000000437a900000,0x000000437aa00000) (1024K)]
  0x00000189d64563c0 JavaThread "Unconstrained build operations Thread 20"        [_thread_blocked, id=19680, stack(0x000000437aa00000,0x000000437ab00000) (1024K)]
  0x00000189d64570e0 JavaThread "Unconstrained build operations Thread 21"        [_thread_blocked, id=17620, stack(0x000000437ab00000,0x000000437ac00000) (1024K)]
  0x00000189d6454980 JavaThread "build event listener"              [_thread_blocked, id=3904, stack(0x000000437ac00000,0x000000437ad00000) (1024K)]
  0x00000189d6455010 JavaThread "build event listener"              [_thread_blocked, id=17200, stack(0x000000437a500000,0x000000437a600000) (1024K)]
  0x00000189e7846980 JavaThread "pool-12-thread-1"                  [_thread_blocked, id=17764, stack(0x000000437ae00000,0x000000437af00000) (1024K)]
  0x00000189e7845c60 JavaThread "build event listener"              [_thread_blocked, id=4568, stack(0x000000437af00000,0x000000437b000000) (1024K)]
  0x00000189e78462f0 JavaThread "Build operations"                  [_thread_blocked, id=12844, stack(0x000000437b000000,0x000000437b100000) (1024K)]
  0x00000189e78455d0 JavaThread "Unconstrained build operations Thread 22"        [_thread_blocked, id=18132, stack(0x000000437b100000,0x000000437b200000) (1024K)]
  0x00000189e7847d30 JavaThread "Unconstrained build operations Thread 23"        [_thread_blocked, id=9496, stack(0x000000437b200000,0x000000437b300000) (1024K)]
  0x00000189e7844f40 JavaThread "Unconstrained build operations Thread 24"        [_thread_blocked, id=13808, stack(0x000000437b300000,0x000000437b400000) (1024K)]
  0x00000189e7848a50 JavaThread "Unconstrained build operations Thread 25"        [_thread_blocked, id=2868, stack(0x000000437b400000,0x000000437b500000) (1024K)]
  0x00000189e78490e0 JavaThread "Unconstrained build operations Thread 26"        [_thread_blocked, id=10520, stack(0x000000437b500000,0x000000437b600000) (1024K)]
  0x00000189e784b840 JavaThread "Unconstrained build operations Thread 27"        [_thread_blocked, id=19352, stack(0x000000437b600000,0x000000437b700000) (1024K)]
  0x00000189e7849e00 JavaThread "Unconstrained build operations Thread 28"        [_thread_blocked, id=1772, stack(0x000000437b700000,0x000000437b800000) (1024K)]
  0x00000189e784a490 JavaThread "Unconstrained build operations Thread 29"        [_thread_blocked, id=10248, stack(0x000000437b800000,0x000000437b900000) (1024K)]
  0x00000189e784ab20 JavaThread "Unconstrained build operations Thread 30"        [_thread_blocked, id=5828, stack(0x000000437b900000,0x000000437ba00000) (1024K)]
  0x00000189e7849770 JavaThread "Unconstrained build operations Thread 31"        [_thread_blocked, id=2732, stack(0x000000437ba00000,0x000000437bb00000) (1024K)]
  0x00000189deba7340 JavaThread "Unconstrained build operations Thread 32"        [_thread_blocked, id=13656, stack(0x000000437bb00000,0x000000437bc00000) (1024K)]
  0x00000189deba79d0 JavaThread "Unconstrained build operations Thread 33"        [_thread_blocked, id=13444, stack(0x000000437bc00000,0x000000437bd00000) (1024K)]
  0x00000189deba8060 JavaThread "Unconstrained build operations Thread 34"        [_thread_blocked, id=6300, stack(0x000000437bd00000,0x000000437be00000) (1024K)]
  0x00000189deba9410 JavaThread "Unconstrained build operations Thread 35"        [_thread_blocked, id=15288, stack(0x000000437be00000,0x000000437bf00000) (1024K)]
  0x00000189debab4e0 JavaThread "Build operations Thread 2"         [_thread_blocked, id=19588, stack(0x000000437c100000,0x000000437c200000) (1024K)]
  0x00000189deba8d80 JavaThread "Build operations Thread 3"         [_thread_blocked, id=19368, stack(0x000000437c200000,0x000000437c300000) (1024K)]
  0x00000189debabb70 JavaThread "included builds"                   [_thread_blocked, id=2796, stack(0x000000437c000000,0x000000437c100000) (1024K)]
  0x00000189debaa130 JavaThread "Execution worker"                  [_thread_blocked, id=5780, stack(0x000000437c300000,0x000000437c400000) (1024K)]
  0x00000189debadc40 JavaThread "Execution worker Thread 2"         [_thread_blocked, id=19424, stack(0x000000437c400000,0x000000437c500000) (1024K)]
  0x00000189debacf20 JavaThread "Execution worker Thread 3"         [_thread_blocked, id=20252, stack(0x000000437c500000,0x000000437c600000) (1024K)]
  0x00000189debac200 JavaThread "Cache worker for execution history cache (C:\Users\Mbongeni\OneDrive\Documents\GitHub\Lost\.gradle\8.14.2\executionHistory)"        [_thread_blocked, id=1960, stack(0x000000437c600000,0x000000437c700000) (1024K)]
  0x00000189e5468620 JavaThread "WorkerExecutor Queue"              [_thread_in_Java, id=3356, stack(0x000000437c700000,0x000000437c800000) (1024K)]
  0x00000189e54699d0 JavaThread "WorkerExecutor Queue Thread 2"        [_thread_blocked, id=19208, stack(0x000000437ce00000,0x000000437cf00000) (1024K)]
  0x00000189d33d2fa0 JavaThread "Unconstrained build operations Thread 36"        [_thread_blocked, id=1324, stack(0x000000437d000000,0x000000437d100000) (1024K)]
  0x00000189d765cfd0 JavaThread "WorkerExecutor Queue Thread 3"        [_thread_blocked, id=15068, stack(0x000000437ad00000,0x000000437ae00000) (1024K)]
  0x00000189d39f39b0 JavaThread "Periodic tasks thread"      daemon [_thread_blocked, id=19440, stack(0x000000437d100000,0x000000437d200000) (1024K)]
  0x00000189d39f2c90 JavaThread "ApplicationImpl pooled thread 1" daemon [_thread_blocked, id=6160, stack(0x000000437d300000,0x000000437d400000) (1024K)]
  0x00000189d1accd10 JavaThread "Unconstrained build operations Thread 37"        [_thread_blocked, id=13556, stack(0x000000437d700000,0x000000437d800000) (1024K)]
  0x00000189d17e28d0 JavaThread "WorkerExecutor Queue Thread 4"        [_thread_in_Java, id=2904, stack(0x000000437d600000,0x000000437d700000) (1024K)]
  0x00000189d17e35f0 JavaThread "RMI Scheduler(0)"           daemon [_thread_blocked, id=20164, stack(0x000000437d800000,0x000000437d900000) (1024K)]
  0x00000189d17e3c80 JavaThread "RMI RenewClean-[127.0.0.1:17858,org.jetbrains.kotlin.daemon.common.LoopbackNetworkInterface$ClientLoopbackSocketFactory@14261ef0]" daemon [_thread_blocked, id=13820, stack(0x000000437d900000,0x000000437da00000) (1024K)]
  0x00000189d8349a30 JavaThread "RMI GC Daemon"              daemon [_thread_blocked, id=12660, stack(0x000000437da00000,0x000000437db00000) (1024K)]
  0x00000189efbb3150 JavaThread "RMI TCP Accept-0"           daemon [_thread_in_native, id=19932, stack(0x000000437db00000,0x000000437dc00000) (1024K)]
  0x00000189efbb1080 JavaThread "RMI Reaper"                        [_thread_blocked, id=8940, stack(0x000000437dc00000,0x000000437dd00000) (1024K)]
  0x00000189efbb3e70 JavaThread "Cache worker for Java compile cache (C:\Users\Mbongeni\.gradle\caches\8.14.2\javaCompile)"        [_thread_blocked, id=4288, stack(0x000000437c900000,0x000000437ca00000) (1024K)]
  0x00000189efbb4500 JavaThread "Build operations Thread 4"         [_thread_blocked, id=8844, stack(0x000000437d200000,0x000000437d300000) (1024K)]
  0x00000189efbb58b0 JavaThread "ForkJoinPool-2-worker-1"    daemon [_thread_blocked, id=6556, stack(0x000000437ca00000,0x000000437cb00000) (1024K)]
  0x00000189efbb6c60 JavaThread "ForkJoinPool-2-worker-2"    daemon [_thread_blocked, id=16960, stack(0x000000437dd00000,0x000000437de00000) (1024K)]
  0x00000189efbb37e0 JavaThread "ForkJoinPool-2-worker-3"    daemon [_thread_blocked, id=19080, stack(0x000000437df00000,0x000000437e000000) (1024K)]
  0x00000189efbb86a0 JavaThread "ForkJoinPool-2-worker-4"    daemon [_thread_blocked, id=1852, stack(0x000000437e000000,0x000000437e100000) (1024K)]
  0x00000189e7cdb4d0 JavaThread "C2 CompilerThread1"         daemon [_thread_in_vm, id=1580, stack(0x000000437c800000,0x000000437c900000) (1024K)]
Total: 132

Other Threads:
  0x00000189cc698740 VMThread "VM Thread"                           [id=14108, stack(0x0000004375a00000,0x0000004375b00000) (1024K)]
  0x00000189cc68ca00 WatcherThread "VM Periodic Task Thread"        [id=18220, stack(0x0000004375900000,0x0000004375a00000) (1024K)]
  0x00000189af3f7f30 WorkerThread "GC Thread#0"                     [id=8176, stack(0x0000004375800000,0x0000004375900000) (1024K)]
  0x00000189d1f3b460 WorkerThread "GC Thread#1"                     [id=16780, stack(0x0000004376600000,0x0000004376700000) (1024K)]
  0x00000189d224e9e0 WorkerThread "GC Thread#2"                     [id=18444, stack(0x0000004376700000,0x0000004376800000) (1024K)]
  0x00000189d224ed80 WorkerThread "GC Thread#3"                     [id=5800, stack(0x0000004376800000,0x0000004376900000) (1024K)]
Total: 6

Threads with active compile tasks:
C2 CompilerThread0  2880029 134685       4       com.android.tools.r8.internal.le::a (7028 bytes)
C2 CompilerThread1  2880029 134717       4       com.android.tools.r8.internal.wB::a (3928 bytes)
Total: 2

VM state: not at safepoint (normal execution)

VM Mutex/Monitor currently owned by a thread:  ([mutex/lock_event])
[0x00007ff92d7ce420] Compile_lock - owner thread: 0x00000189e7cdb4d0

Heap address: 0x0000000700000000, size: 4096 MB, Compressed Oops mode: Zero based, Oop shift amount: 3

CDS archive(s) not mapped
Compressed class space mapped at: 0x0000000800000000-0x0000000840000000, reserved size: 1073741824
Narrow klass base: 0x0000000800000000, Narrow klass shift: 0, Narrow klass range: 0x40000000

GC Precious Log:
 CardTable entry size: 512
 CPUs: 4 total, 4 available
 Memory: 8025M
 Large Page Support: Disabled
 NUMA Support: Disabled
 Compressed Oops: Enabled (Zero based)
 Alignments: Space 512K, Generation 512K, Heap 2M
 Heap Min Capacity: 8M
 Heap Initial Capacity: 126M
 Heap Max Capacity: 4G
 Pre-touch: Disabled
 Parallel Workers: 4

Heap:
 PSYoungGen      total 1129984K, used 332261K [0x00000007aab00000, 0x0000000800000000, 0x0000000800000000)
  eden space 900608K, 29% used [0x00000007aab00000,0x00000007bb1761f0,0x00000007e1a80000)
  from space 229376K, 27% used [0x00000007e1a80000,0x00000007e5883278,0x00000007efa80000)
  to   space 223744K, 0% used [0x00000007f2580000,0x00000007f2580000,0x0000000800000000)
 ParOldGen       total 1202176K, used 1201809K [0x0000000700000000, 0x0000000749600000, 0x00000007aab00000)
  object space 1202176K, 99% used [0x0000000700000000,0x00000007495a4600,0x0000000749600000)
 Metaspace       used 405153K, committed 409344K, reserved 1441792K
  class space    used 49259K, committed 51392K, reserved 1048576K

Card table byte_map: [0x00000189c2ff0000,0x00000189c3800000] _byte_map_base: 0x00000189bf7f0000

Marking Bits: (ParMarkBitMap*) 0x00007ff92d7d3300
 Begin Bits: [0x00000189c3d60000, 0x00000189c7d60000)
 End Bits:   [0x00000189c7d60000, 0x00000189cbd60000)

Polling page: 0x00000189af380000

Metaspace:

Usage:
  Non-class:    347.55 MB used.
      Class:     48.11 MB used.
       Both:    395.66 MB used.

Virtual space:
  Non-class space:      384.00 MB reserved,     349.56 MB ( 91%) committed,  6 nodes.
      Class space:        1.00 GB reserved,      50.19 MB (  5%) committed,  1 nodes.
             Both:        1.38 GB reserved,     399.75 MB ( 28%) committed. 

Chunk freelists:
   Non-Class:  1.86 MB
       Class:  13.77 MB
        Both:  15.62 MB

MaxMetaspaceSize: unlimited
CompressedClassSpaceSize: 1.00 GB
Initial GC threshold: 21.00 MB
Current GC threshold: 512.62 MB
CDS: off
 - commit_granule_bytes: 65536.
 - commit_granule_words: 8192.
 - virtual_space_node_default_size: 8388608.
 - enlarge_chunks_in_place: 1.
 - use_allocation_guard: 0.


Internal statistics:

num_allocs_failed_limit: 12.
num_arena_births: 8418.
num_arena_deaths: 82.
num_vsnodes_births: 7.
num_vsnodes_deaths: 0.
num_space_committed: 6383.
num_space_uncommitted: 0.
num_chunks_returned_to_freelist: 125.
num_chunks_taken_from_freelist: 27233.
num_chunk_merges: 19.
num_chunk_splits: 18017.
num_chunks_enlarged: 11558.
num_inconsistent_stats: 0.

CodeHeap 'non-profiled nmethods': size=120000Kb used=74730Kb max_used=74730Kb free=45269Kb
 bounds [0x00000189bb8d0000, 0x00000189c01d0000, 0x00000189c2e00000]
CodeHeap 'profiled nmethods': size=120000Kb used=117097Kb max_used=117097Kb free=2903Kb
 bounds [0x00000189b3e00000, 0x00000189bb060000, 0x00000189bb330000]
CodeHeap 'non-nmethods': size=5760Kb used=2985Kb max_used=3134Kb free=2774Kb
 bounds [0x00000189bb330000, 0x00000189bb650000, 0x00000189bb8d0000]
 total_blobs=58227 nmethods=56666 adapters=1458
 compilation: enabled
              stopped_count=0, restarted_count=0
 full_count=0

Compilation events (20 events):
Event: 2878.375 Thread 0x00000189cc79d870 134715       1       org.jetbrains.kotlin.fir.declarations.impl.FirAnonymousFunctionImpl::getHasExplicitParameterList (5 bytes)
Event: 2878.375 Thread 0x00000189cc79d870 nmethod 134715 0x00000189c01c7390 code [0x00000189c01c7520, 0x00000189c01c75f0]
Event: 2878.375 Thread 0x00000189e7cdb4d0 nmethod 134698 0x00000189c01c7690 code [0x00000189c01c7860, 0x00000189c01c7b08]
Event: 2878.375 Thread 0x00000189cc79d870 134716       1       org.jetbrains.kotlin.fir.resolve.calls.ConeResolvedLambdaAtom::getExpectedFunctionTypeKind (5 bytes)
Event: 2878.375 Thread 0x00000189e7cdb4d0 134710       4       org.jetbrains.kotlin.fir.builder.PsiRawFirBuilder$Visitor::configureBlockWithoutBuilding (363 bytes)
Event: 2878.376 Thread 0x00000189cc79d870 nmethod 134716 0x00000189c01c7e10 code [0x00000189c01c7fa0, 0x00000189c01c8070]
Event: 2878.454 Thread 0x00000189cc79d870 134718       3       com.android.tools.r8.internal.BB$$Lambda/0x0000000801a46458::accept (8 bytes)
Event: 2878.483 Thread 0x00000189cc79d870 nmethod 134718 0x00000189bb059590 code [0x00000189bb059740, 0x00000189bb059978]
Event: 2878.592 Thread 0x00000189e7cdb4d0 nmethod 134710 0x00000189c01c8110 code [0x00000189c01c83c0, 0x00000189c01c8f70]
Event: 2878.592 Thread 0x00000189e7cdb4d0 134717       4       com.android.tools.r8.internal.wB::a (3928 bytes)
Event: 2878.955 Thread 0x00000189cc79d870 134724       1       com.android.tools.r8.internal.wz0::n (2 bytes)
Event: 2878.956 Thread 0x00000189cc79d870 nmethod 134724 0x00000189c01ca010 code [0x00000189c01ca1a0, 0x00000189c01ca268]
Event: 2878.998 Thread 0x00000189cc79d870 134727       2       com.android.tools.r8.internal.c2::a (16 bytes)
Event: 2879.035 Thread 0x00000189cc79d870 nmethod 134727 0x00000189bb059a90 code [0x00000189bb059c40, 0x00000189bb059df8]
Event: 2879.035 Thread 0x00000189cc79d870 134730       1       org.jetbrains.kotlin.fir.resolve.dfa.FirLocalVariableAssignmentAnalyzer$Companion$Fork::getAssignedLater (5 bytes)
Event: 2879.035 Thread 0x00000189cc79d870 nmethod 134730 0x00000189c01ca310 code [0x00000189c01ca4a0, 0x00000189c01ca570]
Event: 2879.087 Thread 0x00000189cc79d870 134733       2       com.android.tools.r8.internal.W9::a (31 bytes)
Event: 2879.133 Thread 0x00000189cc79d870 nmethod 134733 0x00000189bb059f10 code [0x00000189bb05a0e0, 0x00000189bb05a288]
Event: 2879.461 Thread 0x00000189cc79d870 134735       1       org.jetbrains.kotlin.fir.declarations.impl.FirEnumEntryImpl::getDeprecationsProvider (5 bytes)
Event: 2879.462 Thread 0x00000189cc79d870 nmethod 134735 0x00000189c01ca610 code [0x00000189c01ca7a0, 0x00000189c01ca870]

GC Heap History (20 events):
Event: 2689.825 GC heap before
{Heap before GC invocations=128 (full 22):
 PSYoungGen      total 1158656K, used 1158315K [0x00000007aab00000, 0x0000000800000000, 0x0000000800000000)
  eden space 1057792K, 100% used [0x00000007aab00000,0x00000007eb400000,0x00000007eb400000)
  from space 100864K, 99% used [0x00000007eb400000,0x00000007f162adb8,0x00000007f1680000)
  to   space 174592K, 0% used [0x00000007f5580000,0x00000007f5580000,0x0000000800000000)
 ParOldGen       total 1136640K, used 377514K [0x0000000700000000, 0x0000000745600000, 0x00000007aab00000)
  object space 1136640K, 33% used [0x0000000700000000,0x00000007170aa928,0x0000000745600000)
 Metaspace       used 392809K, committed 396864K, reserved 1441792K
  class space    used 47759K, committed 49856K, reserved 1048576K
}
Event: 2692.300 GC heap after
{Heap after GC invocations=128 (full 22):
 PSYoungGen      total 1209856K, used 111104K [0x00000007aab00000, 0x0000000800000000, 0x0000000800000000)
  eden space 1035264K, 0% used [0x00000007aab00000,0x00000007aab00000,0x00000007e9e00000)
  from space 174592K, 63% used [0x00000007f5580000,0x00000007fc200000,0x0000000800000000)
  to   space 181248K, 0% used [0x00000007e9e00000,0x00000007e9e00000,0x00000007f4f00000)
 ParOldGen       total 1136640K, used 410683K [0x0000000700000000, 0x0000000745600000, 0x00000007aab00000)
  object space 1136640K, 36% used [0x0000000700000000,0x000000071910ec20,0x0000000745600000)
 Metaspace       used 392809K, committed 396864K, reserved 1441792K
  class space    used 47759K, committed 49856K, reserved 1048576K
}
Event: 2766.634 GC heap before
{Heap before GC invocations=129 (full 22):
 PSYoungGen      total 1209856K, used 1146368K [0x00000007aab00000, 0x0000000800000000, 0x0000000800000000)
  eden space 1035264K, 100% used [0x00000007aab00000,0x00000007e9e00000,0x00000007e9e00000)
  from space 174592K, 63% used [0x00000007f5580000,0x00000007fc200000,0x0000000800000000)
  to   space 181248K, 0% used [0x00000007e9e00000,0x00000007e9e00000,0x00000007f4f00000)
 ParOldGen       total 1136640K, used 410683K [0x0000000700000000, 0x0000000745600000, 0x00000007aab00000)
  object space 1136640K, 36% used [0x0000000700000000,0x000000071910ec20,0x0000000745600000)
 Metaspace       used 404716K, committed 408896K, reserved 1441792K
  class space    used 49196K, committed 51328K, reserved 1048576K
}
Event: 2767.370 GC heap after
{Heap after GC invocations=129 (full 22):
 PSYoungGen      total 1216512K, used 98759K [0x00000007aab00000, 0x0000000800000000, 0x0000000800000000)
  eden space 1035264K, 0% used [0x00000007aab00000,0x00000007aab00000,0x00000007e9e00000)
  from space 181248K, 54% used [0x00000007e9e00000,0x00000007efe71d40,0x00000007f4f00000)
  to   space 181248K, 0% used [0x00000007f4f00000,0x00000007f4f00000,0x0000000800000000)
 ParOldGen       total 1136640K, used 410923K [0x0000000700000000, 0x0000000745600000, 0x00000007aab00000)
  object space 1136640K, 36% used [0x0000000700000000,0x000000071914ac20,0x0000000745600000)
 Metaspace       used 404716K, committed 408896K, reserved 1441792K
  class space    used 49196K, committed 51328K, reserved 1048576K
}
Event: 2772.828 GC heap before
{Heap before GC invocations=130 (full 22):
 PSYoungGen      total 1216512K, used 1134023K [0x00000007aab00000, 0x0000000800000000, 0x0000000800000000)
  eden space 1035264K, 100% used [0x00000007aab00000,0x00000007e9e00000,0x00000007e9e00000)
  from space 181248K, 54% used [0x00000007e9e00000,0x00000007efe71d40,0x00000007f4f00000)
  to   space 181248K, 0% used [0x00000007f4f00000,0x00000007f4f00000,0x0000000800000000)
 ParOldGen       total 1136640K, used 410923K [0x0000000700000000, 0x0000000745600000, 0x00000007aab00000)
  object space 1136640K, 36% used [0x0000000700000000,0x000000071914ac20,0x0000000745600000)
 Metaspace       used 404858K, committed 409024K, reserved 1441792K
  class space    used 49207K, committed 51328K, reserved 1048576K
}
Event: 2773.553 GC heap after
{Heap after GC invocations=130 (full 22):
 PSYoungGen      total 1188864K, used 137199K [0x00000007aab00000, 0x0000000800000000, 0x0000000800000000)
  eden space 1007616K, 0% used [0x00000007aab00000,0x00000007aab00000,0x00000007e8300000)
  from space 181248K, 75% used [0x00000007f4f00000,0x00000007fd4fbe10,0x0000000800000000)
  to   space 195072K, 0% used [0x00000007e8300000,0x00000007e8300000,0x00000007f4180000)
 ParOldGen       total 1136640K, used 432798K [0x0000000700000000, 0x0000000745600000, 0x00000007aab00000)
  object space 1136640K, 38% used [0x0000000700000000,0x000000071a6a7a20,0x0000000745600000)
 Metaspace       used 404858K, committed 409024K, reserved 1441792K
  class space    used 49207K, committed 51328K, reserved 1048576K
}
Event: 2781.230 GC heap before
{Heap before GC invocations=131 (full 22):
 PSYoungGen      total 1188864K, used 1144815K [0x00000007aab00000, 0x0000000800000000, 0x0000000800000000)
  eden space 1007616K, 100% used [0x00000007aab00000,0x00000007e8300000,0x00000007e8300000)
  from space 181248K, 75% used [0x00000007f4f00000,0x00000007fd4fbe10,0x0000000800000000)
  to   space 195072K, 0% used [0x00000007e8300000,0x00000007e8300000,0x00000007f4180000)
 ParOldGen       total 1136640K, used 432798K [0x0000000700000000, 0x0000000745600000, 0x00000007aab00000)
  object space 1136640K, 38% used [0x0000000700000000,0x000000071a6a7a20,0x0000000745600000)
 Metaspace       used 404872K, committed 409024K, reserved 1441792K
  class space    used 49208K, committed 51328K, reserved 1048576K
}
Event: 2783.023 GC heap after
{Heap after GC invocations=131 (full 22):
 PSYoungGen      total 1202688K, used 195050K [0x00000007aab00000, 0x0000000800000000, 0x0000000800000000)
  eden space 1007616K, 0% used [0x00000007aab00000,0x00000007aab00000,0x00000007e8300000)
  from space 195072K, 99% used [0x00000007e8300000,0x00000007f417a8c0,0x00000007f4180000)
  to   space 195072K, 0% used [0x00000007f4180000,0x00000007f4180000,0x0000000800000000)
 ParOldGen       total 1136640K, used 632872K [0x0000000700000000, 0x0000000745600000, 0x00000007aab00000)
  object space 1136640K, 55% used [0x0000000700000000,0x0000000726a0a288,0x0000000745600000)
 Metaspace       used 404872K, committed 409024K, reserved 1441792K
  class space    used 49208K, committed 51328K, reserved 1048576K
}
Event: 2792.527 GC heap before
{Heap before GC invocations=132 (full 22):
 PSYoungGen      total 1202688K, used 1202666K [0x00000007aab00000, 0x0000000800000000, 0x0000000800000000)
  eden space 1007616K, 100% used [0x00000007aab00000,0x00000007e8300000,0x00000007e8300000)
  from space 195072K, 99% used [0x00000007e8300000,0x00000007f417a8c0,0x00000007f4180000)
  to   space 195072K, 0% used [0x00000007f4180000,0x00000007f4180000,0x0000000800000000)
 ParOldGen       total 1136640K, used 632872K [0x0000000700000000, 0x0000000745600000, 0x00000007aab00000)
  object space 1136640K, 55% used [0x0000000700000000,0x0000000726a0a288,0x0000000745600000)
 Metaspace       used 404930K, committed 409088K, reserved 1441792K
  class space    used 49211K, committed 51328K, reserved 1048576K
}
Event: 2797.432 GC heap after
{Heap after GC invocations=132 (full 22):
 PSYoungGen      total 1022464K, used 86289K [0x00000007aab00000, 0x0000000800000000, 0x0000000800000000)
  eden space 827392K, 0% used [0x00000007aab00000,0x00000007aab00000,0x00000007dd300000)
  from space 195072K, 44% used [0x00000007f4180000,0x00000007f95c4448,0x0000000800000000)
  to   space 285184K, 0% used [0x00000007dd300000,0x00000007dd300000,0x00000007ee980000)
 ParOldGen       total 1136640K, used 814026K [0x0000000700000000, 0x0000000745600000, 0x00000007aab00000)
  object space 1136640K, 71% used [0x0000000700000000,0x0000000731af2b08,0x0000000745600000)
 Metaspace       used 404930K, committed 409088K, reserved 1441792K
  class space    used 49211K, committed 51328K, reserved 1048576K
}
Event: 2810.519 GC heap before
{Heap before GC invocations=133 (full 22):
 PSYoungGen      total 1022464K, used 913681K [0x00000007aab00000, 0x0000000800000000, 0x0000000800000000)
  eden space 827392K, 100% used [0x00000007aab00000,0x00000007dd300000,0x00000007dd300000)
  from space 195072K, 44% used [0x00000007f4180000,0x00000007f95c4448,0x0000000800000000)
  to   space 285184K, 0% used [0x00000007dd300000,0x00000007dd300000,0x00000007ee980000)
 ParOldGen       total 1136640K, used 814026K [0x0000000700000000, 0x0000000745600000, 0x00000007aab00000)
  object space 1136640K, 71% used [0x0000000700000000,0x0000000731af2b08,0x0000000745600000)
 Metaspace       used 405007K, committed 409216K, reserved 1441792K
  class space    used 49231K, committed 51392K, reserved 1048576K
}
Event: 2811.040 GC heap after
{Heap after GC invocations=133 (full 22):
 PSYoungGen      total 1112576K, used 85912K [0x00000007aab00000, 0x0000000800000000, 0x0000000800000000)
  eden space 827392K, 0% used [0x00000007aab00000,0x00000007aab00000,0x00000007dd300000)
  from space 285184K, 30% used [0x00000007dd300000,0x00000007e26e6048,0x00000007ee980000)
  to   space 271360K, 0% used [0x00000007ef700000,0x00000007ef700000,0x0000000800000000)
 ParOldGen       total 1136640K, used 886492K [0x0000000700000000, 0x0000000745600000, 0x00000007aab00000)
  object space 1136640K, 77% used [0x0000000700000000,0x00000007361b70a0,0x0000000745600000)
 Metaspace       used 405007K, committed 409216K, reserved 1441792K
  class space    used 49231K, committed 51392K, reserved 1048576K
}
Event: 2821.465 GC heap before
{Heap before GC invocations=134 (full 22):
 PSYoungGen      total 1112576K, used 913304K [0x00000007aab00000, 0x0000000800000000, 0x0000000800000000)
  eden space 827392K, 100% used [0x00000007aab00000,0x00000007dd300000,0x00000007dd300000)
  from space 285184K, 30% used [0x00000007dd300000,0x00000007e26e6048,0x00000007ee980000)
  to   space 271360K, 0% used [0x00000007ef700000,0x00000007ef700000,0x0000000800000000)
 ParOldGen       total 1136640K, used 886492K [0x0000000700000000, 0x0000000745600000, 0x00000007aab00000)
  object space 1136640K, 77% used [0x0000000700000000,0x00000007361b70a0,0x0000000745600000)
 Metaspace       used 405040K, committed 409216K, reserved 1441792K
  class space    used 49233K, committed 51392K, reserved 1048576K
}
Event: 2822.014 GC heap after
{Heap after GC invocations=134 (full 22):
 PSYoungGen      total 1068032K, used 95592K [0x00000007aab00000, 0x00000007fd480000, 0x0000000800000000)
  eden space 841216K, 0% used [0x00000007aab00000,0x00000007aab00000,0x00000007de080000)
  from space 226816K, 42% used [0x00000007ef700000,0x00000007f545a010,0x00000007fd480000)
  to   space 256000K, 0% used [0x00000007de080000,0x00000007de080000,0x00000007eda80000)
 ParOldGen       total 1136640K, used 946352K [0x0000000700000000, 0x0000000745600000, 0x00000007aab00000)
  object space 1136640K, 83% used [0x0000000700000000,0x0000000739c2c310,0x0000000745600000)
 Metaspace       used 405040K, committed 409216K, reserved 1441792K
  class space    used 49233K, committed 51392K, reserved 1048576K
}
Event: 2837.212 GC heap before
{Heap before GC invocations=135 (full 22):
 PSYoungGen      total 1068032K, used 936808K [0x00000007aab00000, 0x00000007fd480000, 0x0000000800000000)
  eden space 841216K, 100% used [0x00000007aab00000,0x00000007de080000,0x00000007de080000)
  from space 226816K, 42% used [0x00000007ef700000,0x00000007f545a010,0x00000007fd480000)
  to   space 256000K, 0% used [0x00000007de080000,0x00000007de080000,0x00000007eda80000)
 ParOldGen       total 1136640K, used 946352K [0x0000000700000000, 0x0000000745600000, 0x00000007aab00000)
  object space 1136640K, 83% used [0x0000000700000000,0x0000000739c2c310,0x0000000745600000)
 Metaspace       used 405055K, committed 409216K, reserved 1441792K
  class space    used 49236K, committed 51392K, reserved 1048576K
}
Event: 2837.925 GC heap after
{Heap after GC invocations=135 (full 22):
 PSYoungGen      total 1097216K, used 102265K [0x00000007aab00000, 0x00000007fff80000, 0x0000000800000000)
  eden space 841216K, 0% used [0x00000007aab00000,0x00000007aab00000,0x00000007de080000)
  from space 256000K, 39% used [0x00000007de080000,0x00000007e445e4a0,0x00000007eda80000)
  to   space 241152K, 0% used [0x00000007f1400000,0x00000007f1400000,0x00000007fff80000)
 ParOldGen       total 1136640K, used 1035042K [0x0000000700000000, 0x0000000745600000, 0x00000007aab00000)
  object space 1136640K, 91% used [0x0000000700000000,0x000000073f2c8888,0x0000000745600000)
 Metaspace       used 405055K, committed 409216K, reserved 1441792K
  class space    used 49236K, committed 51392K, reserved 1048576K
}
Event: 2850.484 GC heap before
{Heap before GC invocations=136 (full 22):
 PSYoungGen      total 1097216K, used 943481K [0x00000007aab00000, 0x00000007fff80000, 0x0000000800000000)
  eden space 841216K, 100% used [0x00000007aab00000,0x00000007de080000,0x00000007de080000)
  from space 256000K, 39% used [0x00000007de080000,0x00000007e445e4a0,0x00000007eda80000)
  to   space 241152K, 0% used [0x00000007f1400000,0x00000007f1400000,0x00000007fff80000)
 ParOldGen       total 1136640K, used 1035042K [0x0000000700000000, 0x0000000745600000, 0x00000007aab00000)
  object space 1136640K, 91% used [0x0000000700000000,0x000000073f2c8888,0x0000000745600000)
 Metaspace       used 405062K, committed 409216K, reserved 1441792K
  class space    used 49237K, committed 51392K, reserved 1048576K
}
Event: 2851.237 GC heap after
{Heap after GC invocations=136 (full 22):
 PSYoungGen      total 1103872K, used 91777K [0x00000007aab00000, 0x00000007fda80000, 0x0000000800000000)
  eden space 900608K, 0% used [0x00000007aab00000,0x00000007aab00000,0x00000007e1a80000)
  from space 203264K, 45% used [0x00000007f1400000,0x00000007f6da04b0,0x00000007fda80000)
  to   space 229376K, 0% used [0x00000007e1a80000,0x00000007e1a80000,0x00000007efa80000)
 ParOldGen       total 1136640K, used 1122253K [0x0000000700000000, 0x0000000745600000, 0x00000007aab00000)
  object space 1136640K, 98% used [0x0000000700000000,0x00000007447f3760,0x0000000745600000)
 Metaspace       used 405062K, committed 409216K, reserved 1441792K
  class space    used 49237K, committed 51392K, reserved 1048576K
}
Event: 2872.122 GC heap before
{Heap before GC invocations=137 (full 22):
 PSYoungGen      total 1103872K, used 992385K [0x00000007aab00000, 0x00000007fda80000, 0x0000000800000000)
  eden space 900608K, 100% used [0x00000007aab00000,0x00000007e1a80000,0x00000007e1a80000)
  from space 203264K, 45% used [0x00000007f1400000,0x00000007f6da04b0,0x00000007fda80000)
  to   space 229376K, 0% used [0x00000007e1a80000,0x00000007e1a80000,0x00000007efa80000)
 ParOldGen       total 1136640K, used 1122253K [0x0000000700000000, 0x0000000745600000, 0x00000007aab00000)
  object space 1136640K, 98% used [0x0000000700000000,0x00000007447f3760,0x0000000745600000)
 Metaspace       used 405153K, committed 409344K, reserved 1441792K
  class space    used 49259K, committed 51392K, reserved 1048576K
}
Event: 2872.587 GC heap after
{Heap after GC invocations=137 (full 22):
 PSYoungGen      total 1129984K, used 63500K [0x00000007aab00000, 0x0000000800000000, 0x0000000800000000)
  eden space 900608K, 0% used [0x00000007aab00000,0x00000007aab00000,0x00000007e1a80000)
  from space 229376K, 27% used [0x00000007e1a80000,0x00000007e5883278,0x00000007efa80000)
  to   space 223744K, 0% used [0x00000007f2580000,0x00000007f2580000,0x0000000800000000)
 ParOldGen       total 1202176K, used 1201809K [0x0000000700000000, 0x0000000749600000, 0x00000007aab00000)
  object space 1202176K, 99% used [0x0000000700000000,0x00000007495a4600,0x0000000749600000)
 Metaspace       used 405153K, committed 409344K, reserved 1441792K
  class space    used 49259K, committed 51392K, reserved 1048576K
}

Dll operation events (3 events):
Event: 0.012 Loaded shared library C:\Program Files\Android\Android Studio1\jbr\bin\java.dll
Event: 0.016 Loaded shared library C:\Program Files\Android\Android Studio1\jbr\bin\zip.dll
Event: 0.636 Loaded shared library C:\Program Files\Android\Android Studio1\jbr\bin\verify.dll

Deoptimization events (20 events):
Event: 2871.618 Thread 0x00000189efbb37e0 Uncommon trap: trap_request=0xffffff45 fr.pc=0x00000189bfb77330 relative=0x0000000000000b10
Event: 2871.618 Thread 0x00000189efbb37e0 Uncommon trap: reason=unstable_if action=reinterpret pc=0x00000189bfb77330 method=java.util.concurrent.ForkJoinPool$WorkQueue.tryPoll()Ljava/util/concurrent/ForkJoinTask; @ 98 c2
Event: 2871.618 Thread 0x00000189efbb37e0 DEOPT PACKING pc=0x00000189bfb77330 sp=0x000000437dfff6d0
Event: 2871.618 Thread 0x00000189efbb37e0 DEOPT UNPACKING pc=0x00000189bb383aa2 sp=0x000000437dfff4b8 mode 2
Event: 2872.593 Thread 0x00000189edea1fa0 Uncommon trap: trap_request=0xffffff45 fr.pc=0x00000189bf8c26dc relative=0x000000000000147c
Event: 2872.593 Thread 0x00000189edea1fa0 Uncommon trap: reason=unstable_if action=reinterpret pc=0x00000189bf8c26dc method=com.github.benmanes.caffeine.cache.BaseMpscLinkedArrayQueue.poll()Ljava/lang/Object; @ 43 c2
Event: 2872.593 Thread 0x00000189edea1fa0 DEOPT PACKING pc=0x00000189bf8c26dc sp=0x00000043794ff340
Event: 2872.593 Thread 0x00000189edea1fa0 DEOPT UNPACKING pc=0x00000189bb383aa2 sp=0x00000043794ff1b0 mode 2
Event: 2875.793 Thread 0x00000189e5468620 Uncommon trap: trap_request=0xffffff66 fr.pc=0x00000189bff43398 relative=0x00000000000025d8
Event: 2875.793 Thread 0x00000189e5468620 Uncommon trap: reason=speculate_class_check action=maybe_recompile pc=0x00000189bff43398 method=org.jetbrains.kotlin.fir.types.ConeInferenceContext.safeSubstitute(Lorg/jetbrains/kotlin/types/model/TypeSubstitutorMarker;Lorg/jetbrains/kotlin/types/model/Ko
Event: 2875.793 Thread 0x00000189e5468620 DEOPT PACKING pc=0x00000189bff43398 sp=0x000000437c7fa2e0
Event: 2875.793 Thread 0x00000189e5468620 DEOPT UNPACKING pc=0x00000189bb383aa2 sp=0x000000437c7fa090 mode 2
Event: 2876.004 Thread 0x00000189efbb86a0 Uncommon trap: trap_request=0xffffffde fr.pc=0x00000189be984010 relative=0x000000000000c970
Event: 2876.004 Thread 0x00000189efbb86a0 Uncommon trap: reason=class_check action=maybe_recompile pc=0x00000189be984010 method=com.android.tools.r8.internal.le.a(Lcom/android/tools/r8/internal/PY;Lcom/android/tools/r8/internal/si;I)V @ 6290 c2
Event: 2876.004 Thread 0x00000189efbb86a0 DEOPT PACKING pc=0x00000189be984010 sp=0x000000437e0fed20
Event: 2876.004 Thread 0x00000189efbb86a0 DEOPT UNPACKING pc=0x00000189bb383aa2 sp=0x000000437e0fecb0 mode 2
Event: 2878.383 Thread 0x00000189d17e28d0 DEOPT PACKING pc=0x00000189baf9b451 sp=0x000000437d6fd3f0
Event: 2878.383 Thread 0x00000189d17e28d0 DEOPT UNPACKING pc=0x00000189bb384242 sp=0x000000437d6fcc48 mode 0
Event: 2879.094 Thread 0x00000189d17e28d0 DEOPT PACKING pc=0x00000189baf9b451 sp=0x000000437d6fd3f0
Event: 2879.094 Thread 0x00000189d17e28d0 DEOPT UNPACKING pc=0x00000189bb384242 sp=0x000000437d6fcc48 mode 0

Classes loaded (20 events):
Event: 2757.836 Loading class java/text/BreakIterator
Event: 2757.838 Loading class java/text/BreakIterator done
Event: 2758.249 Loading class java/util/function/ToIntBiFunction
Event: 2758.250 Loading class java/util/function/ToIntBiFunction done
Event: 2758.870 Loading class java/lang/runtime/ObjectMethods
Event: 2758.873 Loading class java/lang/runtime/ObjectMethods done
Event: 2758.882 Loading class java/lang/invoke/MethodHandleImpl$Makers
Event: 2758.883 Loading class java/lang/invoke/MethodHandleImpl$Makers done
Event: 2758.883 Loading class java/lang/invoke/MethodHandleImpl$Makers$1
Event: 2758.884 Loading class java/lang/invoke/MethodHandleImpl$Makers$1 done
Event: 2758.884 Loading class java/lang/invoke/MethodHandleImpl$Makers$2
Event: 2758.884 Loading class java/lang/invoke/MethodHandleImpl$Makers$2 done
Event: 2758.884 Loading class java/lang/invoke/MethodHandleImpl$Makers$3
Event: 2758.884 Loading class java/lang/invoke/MethodHandleImpl$Makers$3 done
Event: 2758.894 Loading class java/lang/invoke/BoundMethodHandle$Species_I
Event: 2758.895 Loading class java/lang/invoke/BoundMethodHandle$Species_I done
Event: 2758.900 Loading class java/lang/runtime/ObjectMethods$1
Event: 2758.900 Loading class java/lang/runtime/ObjectMethods$1 done
Event: 2758.914 Loading class java/lang/invoke/DirectMethodHandle$1
Event: 2758.915 Loading class java/lang/invoke/DirectMethodHandle$1 done

Classes unloaded (20 events):
Event: 127.463 Thread 0x00000189cc698740 Unloading class 0x0000000801af8c00 'java/lang/invoke/LambdaForm$MH+0x0000000801af8c00'
Event: 127.463 Thread 0x00000189cc698740 Unloading class 0x0000000801af8800 'java/lang/invoke/LambdaForm$MH+0x0000000801af8800'
Event: 127.463 Thread 0x00000189cc698740 Unloading class 0x0000000801af8000 'java/lang/invoke/LambdaForm$MH+0x0000000801af8000'
Event: 127.463 Thread 0x00000189cc698740 Unloading class 0x0000000801af1800 'java/lang/invoke/LambdaForm$MH+0x0000000801af1800'
Event: 127.463 Thread 0x00000189cc698740 Unloading class 0x0000000801af0c00 'java/lang/invoke/LambdaForm$DMH+0x0000000801af0c00'
Event: 159.339 Thread 0x00000189cc698740 Unloading class 0x0000000801c14c00 'java/lang/invoke/LambdaForm$DMH+0x0000000801c14c00'
Event: 159.339 Thread 0x00000189cc698740 Unloading class 0x0000000801c14800 'java/lang/invoke/LambdaForm$DMH+0x0000000801c14800'
Event: 159.339 Thread 0x00000189cc698740 Unloading class 0x0000000801c14000 'java/lang/invoke/LambdaForm$DMH+0x0000000801c14000'
Event: 180.187 Thread 0x00000189cc698740 Unloading class 0x0000000801cfc000 'java/lang/invoke/LambdaForm$DMH+0x0000000801cfc000'
Event: 180.187 Thread 0x00000189cc698740 Unloading class 0x0000000801ca4400 'java/lang/invoke/LambdaForm$DMH+0x0000000801ca4400'
Event: 193.660 Thread 0x00000189cc698740 Unloading class 0x0000000801d5d400 'java/lang/invoke/LambdaForm$DMH+0x0000000801d5d400'
Event: 193.660 Thread 0x00000189cc698740 Unloading class 0x0000000801d5d000 'java/lang/invoke/LambdaForm$DMH+0x0000000801d5d000'
Event: 193.660 Thread 0x00000189cc698740 Unloading class 0x0000000801d5c400 'java/lang/invoke/LambdaForm$DMH+0x0000000801d5c400'
Event: 308.280 Thread 0x00000189cc698740 Unloading class 0x0000000801e37c00 'java/lang/invoke/LambdaForm$MH+0x0000000801e37c00'
Event: 308.280 Thread 0x00000189cc698740 Unloading class 0x0000000801e37000 'java/lang/invoke/LambdaForm$DMH+0x0000000801e37000'
Event: 308.280 Thread 0x00000189cc698740 Unloading class 0x0000000801e36800 'java/lang/invoke/LambdaForm$MH+0x0000000801e36800'
Event: 308.280 Thread 0x00000189cc698740 Unloading class 0x0000000801e34400 'java/lang/invoke/LambdaForm$MH+0x0000000801e34400'
Event: 392.394 Thread 0x00000189cc698740 Unloading class 0x0000000802208400 'java/lang/invoke/LambdaForm$DMH+0x0000000802208400'
Event: 392.394 Thread 0x00000189cc698740 Unloading class 0x0000000802174c00 'java/lang/invoke/LambdaForm$DMH+0x0000000802174c00'
Event: 392.394 Thread 0x00000189cc698740 Unloading class 0x0000000802174000 'java/lang/invoke/LambdaForm$DMH+0x0000000802174000'

Classes redefined (0 events):
No events

Internal exceptions (20 events):
Event: 2770.704 Thread 0x00000189debaa130 Exception <a 'sun/nio/fs/WindowsException'{0x00000007d53e5500}> (0x00000007d53e5500) 
thrown [s\src\hotspot\share\prims\jni.cpp, line 535]
Event: 2770.706 Thread 0x00000189debaa130 Exception <a 'sun/nio/fs/WindowsException'{0x00000007d53e6818}> (0x00000007d53e6818) 
thrown [s\src\hotspot\share\prims\jni.cpp, line 535]
Event: 2770.710 Thread 0x00000189debaa130 Exception <a 'sun/nio/fs/WindowsException'{0x00000007d53e7af0}> (0x00000007d53e7af0) 
thrown [s\src\hotspot\share\prims\jni.cpp, line 535]
Event: 2770.714 Thread 0x00000189debaa130 Exception <a 'sun/nio/fs/WindowsException'{0x00000007d53e8dc8}> (0x00000007d53e8dc8) 
thrown [s\src\hotspot\share\prims\jni.cpp, line 535]
Event: 2770.716 Thread 0x00000189debaa130 Exception <a 'sun/nio/fs/WindowsException'{0x00000007d53ea1e0}> (0x00000007d53ea1e0) 
thrown [s\src\hotspot\share\prims\jni.cpp, line 535]
Event: 2770.718 Thread 0x00000189debaa130 Exception <a 'sun/nio/fs/WindowsException'{0x00000007d53eb4d0}> (0x00000007d53eb4d0) 
thrown [s\src\hotspot\share\prims\jni.cpp, line 535]
Event: 2770.721 Thread 0x00000189debaa130 Exception <a 'sun/nio/fs/WindowsException'{0x00000007d53ecfa0}> (0x00000007d53ecfa0) 
thrown [s\src\hotspot\share\prims\jni.cpp, line 535]
Event: 2770.723 Thread 0x00000189debaa130 Exception <a 'sun/nio/fs/WindowsException'{0x00000007d53ee550}> (0x00000007d53ee550) 
thrown [s\src\hotspot\share\prims\jni.cpp, line 535]
Event: 2770.858 Thread 0x00000189d17e28d0 Exception <a 'sun/nio/fs/WindowsException'{0x00000007d5e13830}> (0x00000007d5e13830) 
thrown [s\src\hotspot\share\prims\jni.cpp, line 535]
Event: 2770.900 Thread 0x00000189d17e28d0 Exception <a 'sun/nio/fs/WindowsException'{0x00000007d5e3b270}> (0x00000007d5e3b270) 
thrown [s\src\hotspot\share\prims\jni.cpp, line 535]
Event: 2770.900 Thread 0x00000189d17e28d0 Exception <a 'sun/nio/fs/WindowsException'{0x00000007d5e3b378}> (0x00000007d5e3b378) 
thrown [s\src\hotspot\share\prims\jni.cpp, line 535]
Event: 2770.900 Thread 0x00000189d17e28d0 Exception <a 'sun/nio/fs/WindowsException'{0x00000007d5e3b480}> (0x00000007d5e3b480) 
thrown [s\src\hotspot\share\prims\jni.cpp, line 535]
Event: 2770.900 Thread 0x00000189d17e28d0 Exception <a 'sun/nio/fs/WindowsException'{0x00000007d5e3b598}> (0x00000007d5e3b598) 
thrown [s\src\hotspot\share\prims\jni.cpp, line 535]
Event: 2770.900 Thread 0x00000189d17e28d0 Exception <a 'sun/nio/fs/WindowsException'{0x00000007d5e3b6b0}> (0x00000007d5e3b6b0) 
thrown [s\src\hotspot\share\prims\jni.cpp, line 535]
Event: 2770.900 Thread 0x00000189d17e28d0 Exception <a 'sun/nio/fs/WindowsException'{0x00000007d5e3b858}> (0x00000007d5e3b858) 
thrown [s\src\hotspot\share\prims\jni.cpp, line 535]
Event: 2775.931 Thread 0x00000189d17e28d0 Implicit null exception at 0x00000189be37f8c5 to 0x00000189be3800b0
Event: 2783.093 Thread 0x00000189e5468620 Implicit null exception at 0x00000189bc473ec9 to 0x00000189bc473f7c
Event: 2802.024 Thread 0x00000189d17e28d0 Implicit null exception at 0x00000189be608a80 to 0x00000189be6099b0
Event: 2834.259 Thread 0x00000189e5468620 Implicit null exception at 0x00000189bc8dd320 to 0x00000189bc8dd860
Event: 2834.261 Thread 0x00000189e5468620 Implicit null exception at 0x00000189bfa10760 to 0x00000189bfa10c94

ZGC Phase Switch (0 events):
No events

VM Operations (20 events):
Event: 2868.248 Executing VM operation: Cleanup
Event: 2868.248 Executing VM operation: Cleanup done
Event: 2869.260 Executing VM operation: Cleanup
Event: 2869.276 Executing VM operation: Cleanup done
Event: 2870.285 Executing VM operation: Cleanup
Event: 2870.307 Executing VM operation: Cleanup done
Event: 2871.311 Executing VM operation: Cleanup
Event: 2871.327 Executing VM operation: Cleanup done
Event: 2872.112 Executing VM operation: ParallelGCFailedAllocation (Allocation Failure)
Event: 2872.587 Executing VM operation: ParallelGCFailedAllocation (Allocation Failure) done
Event: 2873.598 Executing VM operation: Cleanup
Event: 2874.454 Executing VM operation: Cleanup done
Event: 2875.462 Executing VM operation: Cleanup
Event: 2875.684 Executing VM operation: Cleanup done
Event: 2876.685 Executing VM operation: Cleanup
Event: 2876.743 Executing VM operation: Cleanup done
Event: 2877.752 Executing VM operation: Cleanup
Event: 2877.768 Executing VM operation: Cleanup done
Event: 2878.781 Executing VM operation: Cleanup
Event: 2878.813 Executing VM operation: Cleanup done

Memory protections (0 events):
No events

Nmethod flushes (20 events):
Event: 2414.918 Thread 0x00000189cc698740 flushing  nmethod 0x00000189b968de10
Event: 2414.918 Thread 0x00000189cc698740 flushing  nmethod 0x00000189b968ef90
Event: 2414.918 Thread 0x00000189cc698740 flushing  nmethod 0x00000189b9695590
Event: 2414.918 Thread 0x00000189cc698740 flushing  nmethod 0x00000189b9699410
Event: 2414.918 Thread 0x00000189cc698740 flushing  nmethod 0x00000189b9699d90
Event: 2414.918 Thread 0x00000189cc698740 flushing  nmethod 0x00000189b96b2d90
Event: 2414.918 Thread 0x00000189cc698740 flushing  nmethod 0x00000189b96c6d10
Event: 2414.918 Thread 0x00000189cc698740 flushing  nmethod 0x00000189b96d4f90
Event: 2414.918 Thread 0x00000189cc698740 flushing  nmethod 0x00000189b96f3290
Event: 2414.918 Thread 0x00000189cc698740 flushing  nmethod 0x00000189b96f6090
Event: 2414.918 Thread 0x00000189cc698740 flushing  nmethod 0x00000189b9703410
Event: 2414.918 Thread 0x00000189cc698740 flushing  nmethod 0x00000189b970db10
Event: 2414.918 Thread 0x00000189cc698740 flushing  nmethod 0x00000189b9718b10
Event: 2414.918 Thread 0x00000189cc698740 flushing  nmethod 0x00000189b9719c10
Event: 2414.918 Thread 0x00000189cc698740 flushing  nmethod 0x00000189b973ce90
Event: 2414.919 Thread 0x00000189cc698740 flushing  nmethod 0x00000189b9752710
Event: 2414.919 Thread 0x00000189cc698740 flushing  nmethod 0x00000189b97bd310
Event: 2414.919 Thread 0x00000189cc698740 flushing  nmethod 0x00000189b97c4190
Event: 2414.919 Thread 0x00000189cc698740 flushing  nmethod 0x00000189b97fb910
Event: 2414.919 Thread 0x00000189cc698740 flushing  nmethod 0x00000189b9800790

Events (20 events):
Event: 2801.724 Thread 0x00000189cc79d870 Thread added: 0x00000189d6fe0670
Event: 2834.076 Thread 0x00000189d6fe0670 Thread exited: 0x00000189d6fe0670
Event: 2834.499 Thread 0x00000189cc79d870 Thread added: 0x00000189e7cda730
Event: 2839.260 Thread 0x00000189e7cda730 Thread exited: 0x00000189e7cda730
Event: 2840.033 Thread 0x00000189cc79cde0 Thread added: 0x00000189e7cda730
Event: 2843.618 Thread 0x00000189e7cda730 Thread exited: 0x00000189e7cda730
Event: 2843.680 Thread 0x00000189cc79d870 Thread added: 0x00000189e7cda730
Event: 2847.150 Thread 0x00000189e7cda730 Thread exited: 0x00000189e7cda730
Event: 2847.798 Thread 0x00000189cc79d870 Thread added: 0x00000189e7cda730
Event: 2848.168 Thread 0x00000189e7cda730 Thread exited: 0x00000189e7cda730
Event: 2848.389 Thread 0x00000189cc79d870 Thread added: 0x00000189e7cda730
Event: 2851.467 Thread 0x00000189e7cda730 Thread exited: 0x00000189e7cda730
Event: 2851.858 Thread 0x00000189cc79d870 Thread added: 0x00000189e7cdb4d0
Event: 2859.774 Thread 0x00000189e7cdb4d0 Thread exited: 0x00000189e7cdb4d0
Event: 2859.857 Thread 0x00000189cc79d870 Thread added: 0x00000189e7cdb4d0
Event: 2862.081 Thread 0x00000189efbba770 Thread exited: 0x00000189efbba770
Event: 2868.264 Thread 0x00000189e7cdb4d0 Thread exited: 0x00000189e7cdb4d0
Event: 2868.488 Thread 0x00000189cc79cde0 Thread added: 0x00000189e7cdb4d0
Event: 2874.630 Thread 0x00000189e7cdb4d0 Thread exited: 0x00000189e7cdb4d0
Event: 2876.374 Thread 0x00000189cc79cde0 Thread added: 0x00000189e7cdb4d0


Dynamic libraries:
0x00007ff7d5fd0000 - 0x00007ff7d5fda000 	C:\Program Files\Android\Android Studio1\jbr\bin\java.exe
0x00007ff9b35a0000 - 0x00007ff9b3807000 	C:\WINDOWS\SYSTEM32\ntdll.dll
0x00007ff9b1eb0000 - 0x00007ff9b1f79000 	C:\WINDOWS\System32\KERNEL32.DLL
0x00007ff9b0de0000 - 0x00007ff9b11d0000 	C:\WINDOWS\System32\KERNELBASE.dll
0x00007ff9b0880000 - 0x00007ff9b09cb000 	C:\WINDOWS\System32\ucrtbase.dll
0x00007ff999470000 - 0x00007ff99948b000 	C:\Program Files\Android\Android Studio1\jbr\bin\VCRUNTIME140.dll
0x00007ff998140000 - 0x00007ff998158000 	C:\Program Files\Android\Android Studio1\jbr\bin\jli.dll
0x00007ff9b3390000 - 0x00007ff9b3555000 	C:\WINDOWS\System32\USER32.dll
0x00007ff99aa40000 - 0x00007ff99acda000 	C:\WINDOWS\WinSxS\amd64_microsoft.windows.common-controls_6595b64144ccf1df_6.0.26100.4768_none_3e0c112ce331287c\COMCTL32.dll
0x00007ff9b06d0000 - 0x00007ff9b06f7000 	C:\WINDOWS\System32\win32u.dll
0x00007ff9b32e0000 - 0x00007ff9b3389000 	C:\WINDOWS\System32\msvcrt.dll
0x00007ff9b23d0000 - 0x00007ff9b23fb000 	C:\WINDOWS\System32\GDI32.dll
0x00007ff9b0be0000 - 0x00007ff9b0d18000 	C:\WINDOWS\System32\gdi32full.dll
0x00007ff9b11e0000 - 0x00007ff9b1283000 	C:\WINDOWS\System32\msvcp_win.dll
0x00007ff9b1a70000 - 0x00007ff9b1a9f000 	C:\WINDOWS\System32\IMM32.DLL
0x00007ff9a1490000 - 0x00007ff9a149c000 	C:\Program Files\Android\Android Studio1\jbr\bin\vcruntime140_1.dll
0x00007ff980f60000 - 0x00007ff980fed000 	C:\Program Files\Android\Android Studio1\jbr\bin\msvcp140.dll
0x00007ff92cc20000 - 0x00007ff92d8ab000 	C:\Program Files\Android\Android Studio1\jbr\bin\server\jvm.dll
0x00007ff9b2310000 - 0x00007ff9b23c4000 	C:\WINDOWS\System32\ADVAPI32.dll
0x00007ff9b1e00000 - 0x00007ff9b1ea6000 	C:\WINDOWS\System32\sechost.dll
0x00007ff9b31c0000 - 0x00007ff9b32d8000 	C:\WINDOWS\System32\RPCRT4.dll
0x00007ff9b1ce0000 - 0x00007ff9b1d54000 	C:\WINDOWS\System32\WS2_32.dll
0x00007ff9b0550000 - 0x00007ff9b05ae000 	C:\WINDOWS\SYSTEM32\POWRPROF.dll
0x00007ff9a22d0000 - 0x00007ff9a22db000 	C:\WINDOWS\SYSTEM32\VERSION.dll
0x00007ff9ae230000 - 0x00007ff9ae265000 	C:\WINDOWS\SYSTEM32\WINMM.dll
0x00007ff9b0530000 - 0x00007ff9b0544000 	C:\WINDOWS\SYSTEM32\UMPDC.dll
0x00007ff9af430000 - 0x00007ff9af44b000 	C:\WINDOWS\SYSTEM32\kernel.appcore.dll
0x00007ff999800000 - 0x00007ff99980a000 	C:\Program Files\Android\Android Studio1\jbr\bin\jimage.dll
0x00007ff9ada80000 - 0x00007ff9adcc1000 	C:\WINDOWS\SYSTEM32\DBGHELP.DLL
0x00007ff9b1f80000 - 0x00007ff9b2305000 	C:\WINDOWS\System32\combase.dll
0x00007ff9b1710000 - 0x00007ff9b17f0000 	C:\WINDOWS\System32\OLEAUT32.dll
0x00007ff991660000 - 0x00007ff9916a3000 	C:\WINDOWS\SYSTEM32\dbgcore.DLL
0x00007ff9b1290000 - 0x00007ff9b1329000 	C:\WINDOWS\System32\bcryptPrimitives.dll
0x00007ff9981b0000 - 0x00007ff9981be000 	C:\Program Files\Android\Android Studio1\jbr\bin\instrument.dll
0x00007ff927410000 - 0x00007ff927430000 	C:\Program Files\Android\Android Studio1\jbr\bin\java.dll
0x00007ff9273f0000 - 0x00007ff927408000 	C:\Program Files\Android\Android Studio1\jbr\bin\zip.dll
0x00007ff9b2a50000 - 0x00007ff9b319d000 	C:\WINDOWS\System32\SHELL32.dll
0x00007ff9b0700000 - 0x00007ff9b0873000 	C:\WINDOWS\System32\wintypes.dll
0x00007ff9ae290000 - 0x00007ff9aeaf0000 	C:\WINDOWS\SYSTEM32\windows.storage.dll
0x00007ff9b2410000 - 0x00007ff9b2505000 	C:\WINDOWS\System32\SHCORE.dll
0x00007ff9b1ab0000 - 0x00007ff9b1b1a000 	C:\WINDOWS\System32\shlwapi.dll
0x00007ff9b05f0000 - 0x00007ff9b0619000 	C:\WINDOWS\SYSTEM32\profapi.dll
0x00007ff998ef0000 - 0x00007ff998f00000 	C:\Program Files\Android\Android Studio1\jbr\bin\net.dll
0x00007ff9a2c80000 - 0x00007ff9a2d9e000 	C:\WINDOWS\SYSTEM32\WINHTTP.dll
0x00007ff9af9e0000 - 0x00007ff9afa4b000 	C:\WINDOWS\system32\mswsock.dll
0x00007ff9273d0000 - 0x00007ff9273e6000 	C:\Program Files\Android\Android Studio1\jbr\bin\nio.dll
0x00007ff936aa0000 - 0x00007ff936ab0000 	C:\Program Files\Android\Android Studio1\jbr\bin\verify.dll
0x00007ff9933d0000 - 0x00007ff9933f7000 	C:\Users\Mbongeni\.gradle\native\1def1411415f61bf3af743bc5b6707747c0891f09f0c88961ee8f79bc544acac\windows-amd64\native-platform.dll
0x00007ff994720000 - 0x00007ff994798000 	C:\Users\Mbongeni\.gradle\native\0.2.7\x86_64-windows-gnu\gradle-fileevents.dll
0x00007ff926f70000 - 0x00007ff926f79000 	C:\Program Files\Android\Android Studio1\jbr\bin\management.dll
0x00007ff926f60000 - 0x00007ff926f6b000 	C:\Program Files\Android\Android Studio1\jbr\bin\management_ext.dll
0x00007ff9b2400000 - 0x00007ff9b2408000 	C:\WINDOWS\System32\PSAPI.DLL
0x00007ff9aee50000 - 0x00007ff9aee83000 	C:\WINDOWS\SYSTEM32\IPHLPAPI.DLL
0x00007ff9b1d60000 - 0x00007ff9b1d6a000 	C:\WINDOWS\System32\NSI.dll
0x00007ff926fd0000 - 0x00007ff926fd9000 	C:\Program Files\Android\Android Studio1\jbr\bin\extnet.dll
0x00007ff9afca0000 - 0x00007ff9afcbb000 	C:\WINDOWS\SYSTEM32\CRYPTSP.dll
0x00007ff9af380000 - 0x00007ff9af3bb000 	C:\WINDOWS\system32\rsaenh.dll
0x00007ff9afa80000 - 0x00007ff9afaab000 	C:\WINDOWS\SYSTEM32\USERENV.dll
0x00007ff9b05c0000 - 0x00007ff9b05e6000 	C:\WINDOWS\SYSTEM32\bcrypt.dll
0x00007ff9afcc0000 - 0x00007ff9afccc000 	C:\WINDOWS\SYSTEM32\CRYPTBASE.dll
0x00007ff931470000 - 0x00007ff931478000 	C:\WINDOWS\system32\wshunix.dll
0x00007ff97e970000 - 0x00007ff97e988000 	C:\WINDOWS\system32\napinsp.dll
0x00007ff9aef00000 - 0x00007ff9af026000 	C:\WINDOWS\SYSTEM32\DNSAPI.dll
0x00007ff97e7f0000 - 0x00007ff97e802000 	C:\WINDOWS\System32\winrnr.dll
0x00007ff97e7b0000 - 0x00007ff97e7e0000 	C:\WINDOWS\system32\nlansp_c.dll
0x00007ff9a2320000 - 0x00007ff9a2340000 	C:\WINDOWS\system32\wshbth.dll
0x00007ff9a3600000 - 0x00007ff9a360b000 	C:\Windows\System32\rasadhlp.dll
0x00007ff9a1b00000 - 0x00007ff9a1b86000 	C:\WINDOWS\System32\fwpuclnt.dll
0x00007ff996c30000 - 0x00007ff996c79000 	C:\Users\Mbongeni\AppData\Local\Temp\jna-1116049261\jna17302994394521807774.dll
0x00007ff9b1330000 - 0x00007ff9b14d0000 	C:\WINDOWS\System32\Ole32.dll
0x00007ff9b29a0000 - 0x00007ff9b2a48000 	C:\WINDOWS\System32\clbcatq.dll
0x00007ff981360000 - 0x00007ff98137d000 	C:\WINDOWS\SYSTEM32\amsi.dll
0x00007ff9812c0000 - 0x00007ff981360000 	C:\ProgramData\Microsoft\Windows Defender\Platform\4.18.25070.5-0\MpOav.dll
0x00007ff9840c0000 - 0x00007ff98410e000 	C:\WINDOWS\SYSTEM32\Pdh.dll
0x00007ff99b280000 - 0x00007ff99b291000 	C:\WINDOWS\System32\perfdisk.dll
0x00007ff9a4c30000 - 0x00007ff9a4c43000 	C:\WINDOWS\System32\WMICLNT.dll
0x00007ff9ac990000 - 0x00007ff9aca3f000 	C:\WINDOWS\system32\uxtheme.dll
0x00007ff999760000 - 0x00007ff9997be000 	C:\Program Files\Huawei\PCManager\plugins\PerfWndMonModule.dll
0x00007ff9b0220000 - 0x00007ff9b0277000 	C:\WINDOWS\SYSTEM32\cfgmgr32.dll
0x00007ff9ac840000 - 0x00007ff9ac856000 	C:\WINDOWS\SYSTEM32\Wtsapi32.dll
0x00007ff9b0480000 - 0x00007ff9b04ea000 	C:\WINDOWS\SYSTEM32\WINSTA.dll
0x00007ff9af580000 - 0x00007ff9af5b6000 	C:\WINDOWS\SYSTEM32\ntmarta.dll
0x00007ff927230000 - 0x00007ff9273c8000 	C:\Program Files\Android\Android Studio1\jbr\bin\awt.dll
0x00007ff927150000 - 0x00007ff927194000 	C:\Program Files\Android\Android Studio1\jbr\bin\nvdaControllerClient64.dll
0x00007ff9acad0000 - 0x00007ff9acb05000 	C:\WINDOWS\SYSTEM32\dwmapi.dll
0x00007ff9ac760000 - 0x00007ff9ac7fe000 	C:\WINDOWS\SYSTEM32\apphelp.dll
0x00007ff9b1b20000 - 0x00007ff9b1c81000 	C:\WINDOWS\System32\MSCTF.dll
0x00007ff987560000 - 0x00007ff987572000 	C:\WINDOWS\system32\wbem\wbemprox.dll
0x00007ff989960000 - 0x00007ff9899da000 	C:\WINDOWS\SYSTEM32\wbemcomn.dll
0x00007ff984120000 - 0x00007ff984135000 	C:\WINDOWS\system32\wbem\wbemsvc.dll
0x00007ff985a70000 - 0x00007ff985b60000 	C:\WINDOWS\system32\wbem\fastprox.dll
0x00007ff9822e0000 - 0x00007ff9822f2000 	C:\WINDOWS\System32\perfproc.dll
0x00007ff979000000 - 0x00007ff9790e9000 	C:\Users\Mbongeni\AppData\Local\Temp\sqlite-3.41.2.2-b7954979-8329-47fe-b2f9-e1c7afb84971-sqlitejdbc.dll
0x00007ff999f60000 - 0x00007ff999f67000 	C:\Program Files\Android\Android Studio1\jbr\bin\rmi.dll

dbghelp: loaded successfully - version: 4.0.5 - missing functions: none
symbol engine: initialized successfully - sym options: 0x614 - pdb path: .;C:\Program Files\Android\Android Studio1\jbr\bin;C:\WINDOWS\SYSTEM32;C:\WINDOWS\WinSxS\amd64_microsoft.windows.common-controls_6595b64144ccf1df_6.0.26100.4768_none_3e0c112ce331287c;C:\Program Files\Android\Android Studio1\jbr\bin\server;C:\Users\Mbongeni\.gradle\native\1def1411415f61bf3af743bc5b6707747c0891f09f0c88961ee8f79bc544acac\windows-amd64;C:\Users\Mbongeni\.gradle\native\0.2.7\x86_64-windows-gnu;C:\Users\Mbongeni\AppData\Local\Temp\jna-1116049261;C:\ProgramData\Microsoft\Windows Defender\Platform\4.18.25070.5-0;C:\Program Files\Huawei\PCManager\plugins;C:\WINDOWS\system32\wbem;C:\Users\Mbongeni\AppData\Local\Temp

VM Arguments:
jvm_args: --add-opens=java.base/java.lang=ALL-UNNAMED --add-opens=java.base/java.lang.invoke=ALL-UNNAMED --add-opens=java.base/java.util=ALL-UNNAMED --add-opens=java.prefs/java.util.prefs=ALL-UNNAMED --add-exports=jdk.compiler/com.sun.tools.javac.api=ALL-UNNAMED --add-exports=jdk.compiler/com.sun.tools.javac.util=ALL-UNNAMED --add-opens=java.base/java.util=ALL-UNNAMED --add-opens=java.prefs/java.util.prefs=ALL-UNNAMED --add-opens=java.base/java.nio.charset=ALL-UNNAMED --add-opens=java.base/java.net=ALL-UNNAMED --add-opens=java.base/java.util.concurrent.atomic=ALL-UNNAMED --add-opens=java.xml/javax.xml.namespace=ALL-UNNAMED -XX:+UseParallelGC -Xmx4g -Dfile.encoding=UTF-8 -Duser.country=CN -Duser.language=zh -Duser.variant -javaagent:C:\Users\Mbongeni\.gradle\wrapper\dists\gradle-8.14.2-bin\2pb3mgt1p815evrl3weanttgr\gradle-8.14.2\lib\agents\gradle-instrumentation-agent-8.14.2.jar 
java_command: org.gradle.launcher.daemon.bootstrap.GradleDaemon 8.14.2
java_class_path (initial): C:\Users\Mbongeni\.gradle\wrapper\dists\gradle-8.14.2-bin\2pb3mgt1p815evrl3weanttgr\gradle-8.14.2\lib\gradle-daemon-main-8.14.2.jar
Launcher Type: SUN_STANDARD

[Global flags]
     intx CICompilerCount                          = 3                                         {product} {ergonomic}
   size_t InitialHeapSize                          = 132120576                                 {product} {ergonomic}
   size_t MaxHeapSize                              = 4294967296                                {product} {command line}
   size_t MaxNewSize                               = 1431306240                                {product} {ergonomic}
   size_t MinHeapDeltaBytes                        = 524288                                    {product} {ergonomic}
   size_t MinHeapSize                              = 8388608                                   {product} {ergonomic}
   size_t NewSize                                  = 44040192                                  {product} {ergonomic}
    uintx NonNMethodCodeHeapSize                   = 5832780                                {pd product} {ergonomic}
    uintx NonProfiledCodeHeapSize                  = 122912730                              {pd product} {ergonomic}
   size_t OldSize                                  = 88080384                                  {product} {ergonomic}
    uintx ProfiledCodeHeapSize                     = 122912730                              {pd product} {ergonomic}
    uintx ReservedCodeCacheSize                    = 251658240                              {pd product} {ergonomic}
     bool SegmentedCodeCache                       = true                                      {product} {ergonomic}
   size_t SoftMaxHeapSize                          = 4294967296                             {manageable} {ergonomic}
     bool UseCompressedOops                        = true                           {product lp64_product} {ergonomic}
     bool UseLargePagesIndividualAllocation        = false                                  {pd product} {ergonomic}
     bool UseParallelGC                            = true                                      {product} {command line}

Logging:
Log output configuration:
 #0: stdout all=warning uptime,level,tags foldmultilines=false
 #1: stderr all=off uptime,level,tags foldmultilines=false

Environment Variables:
PATH=C:\Program Files\Common Files\Oracle\Java\javapath;C:\Windows\System32\HWAudioDriverLibs;C:\Windows\system32;C:\Windows;C:\Windows\System32\Wbem;C:\Windows\System32\WindowsPowerShell\v1.0\;C:\Windows\System32\OpenSSH\;C:\Windows\system32\config\systemprofile\AppData\Local\Microsoft\WindowsApps;C:\WINDOWS\system32;C:\WINDOWS;C:\WINDOWS\System32\Wbem;C:\WINDOWS\System32\WindowsPowerShell\v1.0\;C:\WINDOWS\System32\OpenSSH\;C:\Program Files\nodejs\;C:\Program Files\apache-maven-3.9.9\bin;C:\Program Files\Microsoft SQL Server\150\Tools\Binn\;C:\Users\Mbongeni\Downloads\ffmpeg-2025-04-14-git-3b2a9410ef-full_build\ffmpeg-2025-04-14-git-3b2a9410ef-full_build\bin;C:\platform-tools;C:\xampp\php;C:\ProgramData\ComposerSetup\bin;C:\dev\flutter\bin;C:\Program Files\Git\cmd;C:\Users\Mbongeni\AppData\Local\Microsoft\WindowsApps;C:\Users\Mbongeni\AppData\Local\Programs\Microsoft VS Code\bin;C:\Users\Mbongeni\AppData\Roaming\npm;C:\Users\Mbongeni\AppData\Local\GitHubDesktop\bin;C:\Users\Mbongeni\.dotnet\tools;C:\msys64\ucrt64\bin;C:\Users\Mbongeni\AppData\Roaming\Composer\vendor\bin
USERNAME=Mbongeni
OS=Windows_NT
PROCESSOR_IDENTIFIER=Intel64 Family 6 Model 142 Stepping 12, GenuineIntel
TMP=C:\Users\Mbongeni\AppData\Local\Temp
TEMP=C:\Users\Mbongeni\AppData\Local\Temp




Periodic native trim disabled

JNI global refs:
JNI global refs: 41, weak refs: 78

JNI global refs memory usage: 835, weak refs: 1529

Process memory usage:
Resident Set Size: 1456852K (17% of 8218416K total physical memory with 835756K free physical memory)

OOME stack traces (most recent first):
Classloader memory used:
Loader java.net.URLClassLoader                                                         : 164M
Loader org.gradle.internal.classloader.VisitableURLClassLoader$InstrumentingVisitableURLClassLoader: 110M
Loader org.gradle.internal.classloader.VisitableURLClassLoader                         : 51354K
Loader bootstrap                                                                       : 39909K
Loader org.gradle.initialization.MixInLegacyTypesClassLoader                           : 17451K
Loader jdk.internal.loader.ClassLoaders$AppClassLoader                                 : 9257K
Loader jdk.internal.reflect.DelegatingClassLoader                                      : 2162K
Loader jdk.internal.loader.ClassLoaders$PlatformClassLoader                            : 818K
Loader com.intellij.util.lang.UrlClassLoader                                           : 647K
Loader jdk.internal.jrtfs.JrtFileSystemProvider$JrtFsLoader                            : 565K
Loader org.gradle.groovy.scripts.internal.DefaultScriptCompilationHandler$ScriptClassLoader: 446K
Loader org.gradle.internal.classloader.VisitableURLClassLoader                         : 323K
Loader org.codehaus.groovy.runtime.callsite.CallSiteClassLoader                        : 59120B
Loader sun.reflect.misc.MethodUtil                                                     : 2952B

Classes loaded by more than one classloader:
Class kotlin.NotImplementedError                                                      : loaded 4 times (x 78B)
Class kotlin.text.StringsKt__StringsKt                                                : loaded 4 times (x 67B)
Class kotlin.collections.CollectionsKt__MutableCollectionsKt                          : loaded 4 times (x 67B)
Class kotlin.io.CloseableKt                                                           : loaded 4 times (x 67B)
Class kotlin.collections.EmptyList                                                    : loaded 4 times (x 170B)
Class kotlin.collections.MapsKt__MapsJVMKt                                            : loaded 4 times (x 67B)
Class kotlin.Pair                                                                     : loaded 4 times (x 68B)
Class kotlin.collections.ArraysKt__ArraysKt                                           : loaded 4 times (x 67B)
Class kotlin.collections.SetsKt__SetsJVMKt                                            : loaded 4 times (x 67B)
Class kotlin.Function                                                                 : loaded 4 times (x 66B)
Class kotlin.text.StringsKt__StringsJVMKt                                             : loaded 4 times (x 67B)
Class kotlin.collections.CollectionsKt__IteratorsJVMKt                                : loaded 4 times (x 67B)
Class kotlin.comparisons.ComparisonsKt___ComparisonsJvmKt                             : loaded 4 times (x 67B)
Class kotlin.collections.SetsKt                                                       : loaded 4 times (x 67B)
Class kotlin.text.StringsKt__IndentKt                                                 : loaded 4 times (x 67B)
Class kotlin.collections.MapsKt__MapsKt                                               : loaded 4 times (x 67B)
Class kotlin.UninitializedPropertyAccessException                                     : loaded 4 times (x 78B)
Class kotlin.enums.EnumEntriesList                                                    : loaded 4 times (x 219B)
Class kotlin.io.FilesKt__UtilsKt                                                      : loaded 4 times (x 67B)
Class kotlin.collections.CollectionsKt                                                : loaded 4 times (x 67B)
Class kotlin.collections.CollectionsKt__CollectionsJVMKt                              : loaded 4 times (x 67B)
Class kotlin._Assertions                                                              : loaded 4 times (x 67B)
Class kotlin.sequences.SequencesKt                                                    : loaded 4 times (x 67B)
Class kotlin.collections.CollectionsKt__IteratorsKt                                   : loaded 4 times (x 67B)
Class kotlin.text.StringsKt                                                           : loaded 4 times (x 67B)
Class kotlin.LazyKt__LazyJVMKt                                                        : loaded 4 times (x 67B)
Class kotlin.io.FilesKt__FileReadWriteKt                                              : loaded 4 times (x 67B)
Class kotlin.text.StringsKt__StringNumberConversionsKt                                : loaded 4 times (x 67B)
Class kotlin.text.StringsKt__RegexExtensionsJVMKt                                     : loaded 4 times (x 67B)
Class kotlin.collections.CollectionsKt__CollectionsKt                                 : loaded 4 times (x 67B)
Class kotlin.collections.ArraysKt___ArraysJvmKt                                       : loaded 4 times (x 67B)
Class kotlin.enums.EnumEntries                                                        : loaded 4 times (x 66B)
Class kotlin.SynchronizedLazyImpl                                                     : loaded 4 times (x 72B)
Class kotlin.text.StringsKt__RegexExtensionsKt                                        : loaded 4 times (x 67B)
Class kotlin.io.FilesKt__FileTreeWalkKt                                               : loaded 4 times (x 67B)
Class kotlin.sequences.FilteringSequence$iterator$1                                   : loaded 4 times (x 75B)
Class kotlin.sequences.SequencesKt__SequenceBuilderKt                                 : loaded 4 times (x 67B)
Class kotlin.collections.CollectionsKt__ReversedViewsKt                               : loaded 4 times (x 67B)
Class kotlin.sequences.SequencesKt__SequencesJVMKt                                    : loaded 4 times (x 67B)
Class kotlin.collections.AbstractList                                                 : loaded 4 times (x 193B)
Class kotlin.collections.AbstractCollection                                           : loaded 4 times (x 113B)
Class kotlin.LazyKt__LazyKt                                                           : loaded 4 times (x 67B)
Class kotlin.text.StringsKt__StringBuilderJVMKt                                       : loaded 4 times (x 67B)
Class kotlin.UNINITIALIZED_VALUE                                                      : loaded 4 times (x 67B)
Class kotlin.comparisons.ComparisonsKt__ComparisonsKt                                 : loaded 4 times (x 67B)
Class kotlin.ranges.RangesKt__RangesKt                                                : loaded 4 times (x 67B)
Class kotlin.collections.SetsKt___SetsKt                                              : loaded 4 times (x 67B)
Class kotlin.sequences.SequencesKt__SequencesKt                                       : loaded 4 times (x 67B)
Class kotlin.comparisons.ComparisonsKt                                                : loaded 4 times (x 67B)
Class kotlin.jvm.internal.markers.KMappedMarker                                       : loaded 4 times (x 66B)
Class kotlin.comparisons.ComparisonsKt___ComparisonsKt                                : loaded 4 times (x 67B)
Class kotlin.sequences.ConstrainedOnceSequence                                        : loaded 4 times (x 71B)
Class kotlin.sequences.FilteringSequence                                              : loaded 4 times (x 71B)
Class kotlin.text.StringsKt__StringNumberConversionsJVMKt                             : loaded 4 times (x 67B)
Class kotlin.sequences.Sequence                                                       : loaded 4 times (x 66B)
Class kotlin.collections.CollectionsKt___CollectionsJvmKt                             : loaded 4 times (x 67B)
Class kotlin.TuplesKt                                                                 : loaded 4 times (x 67B)
Class kotlin.Unit                                                                     : loaded 4 times (x 67B)
Class kotlin.sequences.SequencesKt___SequencesJvmKt                                   : loaded 4 times (x 67B)
Class kotlin.ranges.RangesKt                                                          : loaded 4 times (x 67B)
Class kotlin.collections.ArraysUtilJVM                                                : loaded 4 times (x 67B)
Class kotlin.jvm.functions.Function0                                                  : loaded 4 times (x 66B)
Class kotlin.jvm.functions.Function1                                                  : loaded 4 times (x 66B)
Class kotlin.jvm.functions.Function2                                                  : loaded 4 times (x 66B)
Class kotlin.text.StringsKt__AppendableKt                                             : loaded 4 times (x 67B)
Class kotlin.jvm.functions.Function3                                                  : loaded 4 times (x 66B)
Class kotlin.collections.MapsKt___MapsJvmKt                                           : loaded 4 times (x 67B)
Class kotlin.collections.CollectionsKt___CollectionsKt                                : loaded 4 times (x 67B)
Class kotlin.text.StringsKt___StringsJvmKt                                            : loaded 4 times (x 67B)
Class kotlin.collections.MapsKt___MapsKt                                              : loaded 4 times (x 67B)
Class kotlin.io.FilesKt                                                               : loaded 4 times (x 67B)
Class kotlin.NoWhenBranchMatchedException                                             : loaded 4 times (x 78B)
Class kotlin.Lazy                                                                     : loaded 4 times (x 66B)
Class kotlin.collections.ArraysKt___ArraysKt                                          : loaded 4 times (x 67B)
Class kotlin.collections.MapsKt__MapWithDefaultKt                                     : loaded 4 times (x 67B)
Class kotlin.collections.AbstractList$Companion                                       : loaded 4 times (x 67B)
Class kotlin.text.StringsKt__StringBuilderKt                                          : loaded 4 times (x 67B)
Class kotlin.sequences.SequencesKt___SequencesKt                                      : loaded 4 times (x 67B)
Class kotlin.collections.CollectionsKt__MutableCollectionsJVMKt                       : loaded 4 times (x 67B)
Class kotlin.enums.EnumEntriesKt                                                      : loaded 4 times (x 67B)
Class kotlin.text.StringsKt___StringsKt                                               : loaded 4 times (x 67B)
Class kotlin.jvm.internal.Intrinsics                                                  : loaded 4 times (x 67B)
Class kotlin.collections.MapsKt                                                       : loaded 4 times (x 67B)
Class kotlin.collections.CollectionsKt__IterablesKt                                   : loaded 4 times (x 67B)
Class kotlin.KotlinNullPointerException                                               : loaded 4 times (x 79B)
Class kotlin.ranges.RangesKt___RangesKt                                               : loaded 4 times (x 67B)
Class kotlin.collections.ArraysKt                                                     : loaded 4 times (x 67B)
Class kotlin.collections.SetsKt__SetsKt                                               : loaded 4 times (x 67B)
Class kotlin.LazyKt                                                                   : loaded 4 times (x 67B)
Class kotlin.collections.ArraysKt__ArraysJVMKt                                        : loaded 4 times (x 67B)
Class kotlin.io.FilesKt__FilePathComponentsKt                                         : loaded 4 times (x 67B)
Class kotlin.InitializedLazyImpl                                                      : loaded 3 times (x 72B)
Class com.google.common.collect.ImmutableEnumSet                                      : loaded 3 times (x 142B)
Class kotlin.collections.builders.MapBuilder                                          : loaded 3 times (x 108B)
Class kotlin.ranges.IntProgression$Companion                                          : loaded 3 times (x 67B)
Class com.google.common.base.CharMatcher                                              : loaded 3 times (x 107B)
Class com.google.common.io.ByteArrayDataOutput                                        : loaded 3 times (x 66B)
Class org.objectweb.asm.Label                                                         : loaded 3 times (x 69B)
Class com.google.common.base.Joiner$1                                                 : loaded 3 times (x 76B)
Class com.google.common.collect.PeekingIterator                                       : loaded 3 times (x 66B)
Class kotlin.coroutines.EmptyCoroutineContext                                         : loaded 3 times (x 73B)
Class kotlin.jvm.functions.Function16                                                 : loaded 3 times (x 66B)
Class com.google.common.io.ByteSource$AsCharSource                                    : loaded 3 times (x 82B)
Class com.google.common.collect.MapMakerInternalMap$InternalEntryHelper               : loaded 3 times (x 66B)
Class com.google.common.base.Preconditions                                            : loaded 3 times (x 67B)
Class com.google.common.base.PatternCompiler                                          : loaded 3 times (x 66B)
Class com.google.common.collect.Hashing                                               : loaded 3 times (x 67B)
Class com.google.common.base.Equivalence$Equals                                       : loaded 3 times (x 78B)
Class com.google.common.hash.PrimitiveSink                                            : loaded 3 times (x 66B)
Class com.google.common.collect.RegularImmutableMap                                   : loaded 3 times (x 117B)
Class com.google.common.collect.ImmutableMap$MapViewOfValuesAsSingletonSets           : loaded 3 times (x 122B)
Class kotlin.text.CharsKt__CharKt                                                     : loaded 3 times (x 67B)
Class kotlin.collections.ArrayDeque$Companion                                         : loaded 3 times (x 67B)
Class kotlin.jvm.functions.Function15                                                 : loaded 3 times (x 66B)
Class kotlin.collections.builders.ListBuilder$Itr                                     : loaded 3 times (x 90B)
Class com.google.common.collect.Table                                                 : loaded 3 times (x 66B)
Class kotlin.sequences.TransformingSequence                                           : loaded 3 times (x 71B)
Class com.google.common.base.CharMatcher$Is                                           : loaded 3 times (x 107B)
Class com.google.common.base.CharMatcher$Negated                                      : loaded 3 times (x 109B)
Class com.google.common.collect.RegularImmutableBiMap                                 : loaded 3 times (x 145B)
Class kotlin.jvm.functions.Function14                                                 : loaded 3 times (x 66B)
Class com.google.common.collect.Maps$IteratorBasedAbstractMap                         : loaded 3 times (x 121B)
Class com.google.common.collect.AbstractMapBasedMultimap$RandomAccessWrappedList      : loaded 3 times (x 201B)
Class kotlin.ranges.OpenEndRange                                                      : loaded 3 times (x 66B)
Class kotlin.sequences.SequenceBuilderIterator                                        : loaded 3 times (x 81B)
Class kotlin.jvm.functions.Function13                                                 : loaded 3 times (x 66B)
Class kotlin.text.Charsets                                                            : loaded 3 times (x 67B)
Class com.google.common.base.Joiner$2                                                 : loaded 3 times (x 75B)
Class com.google.common.collect.RegularImmutableMap$BucketOverflowException           : loaded 3 times (x 78B)
Class org.objectweb.asm.MethodWriter                                                  : loaded 3 times (x 102B)
Class com.google.common.io.ByteStreams$LimitedInputStream                             : loaded 3 times (x 88B)
Class com.google.common.collect.UnmodifiableListIterator                              : loaded 3 times (x 91B)
Class org.objectweb.asm.ClassVisitor                                                  : loaded 3 times (x 84B)
Class kotlin.coroutines.intrinsics.CoroutineSingletons                                : loaded 3 times (x 75B)
Class kotlin.jvm.functions.Function12                                                 : loaded 3 times (x 66B)
Class com.google.common.collect.ImmutableList$1                                       : loaded 3 times (x 93B)
Class com.google.common.collect.RangeGwtSerializationDependencies                     : loaded 3 times (x 67B)
Class jdk.internal.jrtfs.JrtFileSystem                                                : loaded 3 times (x 98B)
Class kotlin.collections.EmptyMap                                                     : loaded 3 times (x 105B)
Class kotlin.ranges.IntRange$Companion                                                : loaded 3 times (x 67B)
Class kotlin.io.LinesSequence                                                         : loaded 3 times (x 71B)
Class [Lkotlin.reflect.KClass;                                                        : loaded 3 times (x 65B)
Class kotlin.coroutines.intrinsics.IntrinsicsKt                                       : loaded 3 times (x 67B)
Class kotlin.jvm.internal.markers.KMutableCollection                                  : loaded 3 times (x 66B)
Class kotlin.reflect.KAnnotatedElement                                                : loaded 3 times (x 66B)
Class kotlin.jvm.internal.PropertyReference0Impl                                      : loaded 3 times (x 123B)
Class kotlin.jvm.functions.Function11                                                 : loaded 3 times (x 66B)
Class com.google.common.collect.AbstractMapBasedMultimap$WrappedCollection            : loaded 3 times (x 120B)
Class com.google.common.collect.ImmutableSet$RegularSetBuilderImpl                    : loaded 3 times (x 73B)
Class com.google.common.collect.ImmutableRangeSet$ComplementRanges                    : loaded 3 times (x 203B)
Class com.google.common.collect.ImmutableMapKeySet                                    : loaded 3 times (x 148B)
Class [Lkotlin.LazyThreadSafetyMode;                                                  : loaded 3 times (x 65B)
Class [Lkotlin.reflect.KClassifier;                                                   : loaded 3 times (x 65B)
Class kotlin.jvm.functions.Function9                                                  : loaded 3 times (x 66B)
Class kotlin.jvm.functions.Function10                                                 : loaded 3 times (x 66B)
Class com.google.common.collect.MapMakerInternalMap$Strength                          : loaded 3 times (x 76B)
Class kotlin.annotation.MustBeDocumented                                              : loaded 3 times (x 66B)
Class org.jetbrains.org.objectweb.asm.Label                                           : loaded 3 times (x 68B)
Class org.jetbrains.org.objectweb.asm.Attribute                                       : loaded 3 times (x 71B)
Class com.google.common.base.CharMatcher$Whitespace                                   : loaded 3 times (x 108B)
Class com.google.common.base.Platform$JdkPatternCompiler                              : loaded 3 times (x 71B)
Class kotlin.collections.builders.MapBuilder$Companion                                : loaded 3 times (x 67B)
Class kotlin.jvm.functions.Function8                                                  : loaded 3 times (x 66B)
Class org.objectweb.asm.MethodVisitor                                                 : loaded 3 times (x 101B)
Class com.google.common.base.CharMatcher$NamedFastMatcher                             : loaded 3 times (x 108B)
Class com.google.common.base.CharMatcher$1                                            : loaded 3 times (x 109B)
Class com.google.common.io.Files                                                      : loaded 3 times (x 67B)
Class org.jetbrains.org.objectweb.asm.ClassVisitor                                    : loaded 3 times (x 84B)
Class org.jetbrains.org.objectweb.asm.MethodWriter                                    : loaded 3 times (x 102B)
Class kotlin.jvm.functions.Function18                                                 : loaded 3 times (x 66B)
Class kotlin.sequences.SequencesKt___SequencesKt$asIterable$$inlined$Iterable$1       : loaded 3 times (x 75B)
Class kotlin.KotlinVersion$Companion                                                  : loaded 3 times (x 67B)
Class kotlin.jvm.functions.Function7                                                  : loaded 3 times (x 66B)
Class com.google.common.io.ByteSource$ConcatenatedByteSource                          : loaded 3 times (x 81B)
Class [Lkotlin.time.DurationUnit;                                                     : loaded 3 times (x 65B)
Class kotlin.jvm.internal.CallableReference$NoReceiver                                : loaded 3 times (x 67B)
Class com.google.common.collect.SortedMapDifference                                   : loaded 3 times (x 66B)
Class [Lcom.google.common.collect.MapMakerInternalMap$Strength;                       : loaded 3 times (x 65B)
Class kotlin.jvm.functions.Function6                                                  : loaded 3 times (x 66B)
Class com.google.common.collect.RangeSet                                              : loaded 3 times (x 66B)
Class kotlin.jvm.functions.Function19                                                 : loaded 3 times (x 66B)
Class kotlin.reflect.KMutableProperty$Setter                                          : loaded 3 times (x 66B)
Class com.google.common.collect.CollectPreconditions                                  : loaded 3 times (x 67B)
Class com.google.common.io.CharSource$EmptyCharSource                                 : loaded 3 times (x 82B)
Class com.google.common.base.CharMatcher$None                                         : loaded 3 times (x 108B)
Class kotlin.reflect.KDeclarationContainer                                            : loaded 3 times (x 66B)
Class kotlin.jvm.functions.Function5                                                  : loaded 3 times (x 66B)
Class kotlin.annotation.Retention                                                     : loaded 3 times (x 66B)
Class com.google.common.collect.Multimaps                                             : loaded 3 times (x 67B)
Class org.jetbrains.org.objectweb.asm.ClassReader                                     : loaded 3 times (x 88B)
Class kotlin.sequences.SequencesKt___SequencesKt$flatMap$2                            : loaded 3 times (x 121B)
Class jdk.internal.jimage.ImageStrings                                                : loaded 3 times (x 66B)
Class com.google.common.collect.ImmutableEntry                                        : loaded 3 times (x 78B)
Class [Lcom.google.common.collect.AbstractMapEntry;                                   : loaded 3 times (x 65B)
Class com.google.common.collect.ArrayListMultimap                                     : loaded 3 times (x 168B)
Class kotlin.collections.EmptySet                                                     : loaded 3 times (x 118B)
Class kotlin.jvm.functions.Function4                                                  : loaded 3 times (x 66B)
Class kotlin.annotation.Target                                                        : loaded 3 times (x 66B)
Class kotlin.SafePublicationLazyImpl$Companion                                        : loaded 3 times (x 67B)
Class com.google.common.base.CharMatcher$NegatedFastMatcher                           : loaded 3 times (x 109B)
Class com.google.common.collect.AbstractRangeSet                                      : loaded 3 times (x 110B)
Class [Lcom.google.common.collect.ImmutableMapEntry;                                  : loaded 3 times (x 65B)
Class com.google.common.collect.MapMakerInternalMap$WeakValueReference                : loaded 3 times (x 66B)
Class kotlin.jvm.internal.PropertyReference1Impl                                      : loaded 3 times (x 123B)
Class kotlin.jvm.internal.MutablePropertyReference1                                   : loaded 3 times (x 133B)
Class com.google.common.collect.ImmutableMap                                          : loaded 3 times (x 116B)
Class com.google.common.base.Predicate                                                : loaded 3 times (x 66B)
Class com.google.common.collect.CollectCollectors                                     : loaded 3 times (x 67B)
Class kotlin.KotlinNothingValueException                                              : loaded 3 times (x 78B)
Class kotlin.coroutines.ContinuationInterceptor                                       : loaded 3 times (x 66B)
Class kotlin.jvm.internal.markers.KMutableIterator                                    : loaded 3 times (x 66B)
Class com.google.common.collect.ImmutableMapEntrySet$RegularEntrySet                  : loaded 3 times (x 148B)
Class com.google.common.collect.Sets                                                  : loaded 3 times (x 67B)
Class com.google.common.base.CharMatcher$FastMatcher                                  : loaded 3 times (x 107B)
Class com.google.common.base.Strings                                                  : loaded 3 times (x 67B)
Class com.google.common.collect.HashBiMap                                             : loaded 3 times (x 139B)
Class com.google.common.collect.MapMakerInternalMap                                   : loaded 3 times (x 157B)
Class com.google.common.collect.ListMultimap                                          : loaded 3 times (x 66B)
Class com.google.common.collect.ImmutableRangeSet                                     : loaded 3 times (x 111B)
Class com.google.common.collect.ImmutableEnumMap                                      : loaded 3 times (x 122B)
Class kotlin.collections.AbstractMutableList                                          : loaded 3 times (x 202B)
Class kotlin.properties.ReadWriteProperty                                             : loaded 3 times (x 66B)
Class com.google.common.collect.Maps$BiMapConverter                                   : loaded 3 times (x 86B)
Class kotlin.jvm.internal.ArrayIteratorKt                                             : loaded 3 times (x 67B)
Class kotlin.reflect.KProperty$Accessor                                               : loaded 3 times (x 66B)
Class [Lkotlin.reflect.KCallable;                                                     : loaded 3 times (x 65B)
Class kotlin.jvm.internal.AdaptedFunctionReference                                    : loaded 3 times (x 73B)
Class com.google.common.io.CharSource$AsByteSource                                    : loaded 3 times (x 81B)
Class kotlin.sequences.FlatteningSequence$iterator$1                                  : loaded 3 times (x 75B)
Class kotlin.sequences.GeneratorSequence                                              : loaded 3 times (x 71B)
Class [Lkotlin.jvm.functions.Function1;                                               : loaded 3 times (x 65B)
Class com.google.common.base.CharMatcher$IsEither                                     : loaded 3 times (x 107B)
Class org.objectweb.asm.Attribute                                                     : loaded 3 times (x 73B)
Class com.google.common.base.Supplier                                                 : loaded 3 times (x 66B)
Class [Lcom.google.common.base.AbstractIterator$State;                                : loaded 3 times (x 65B)
Class com.google.common.base.CharMatcher$Or                                           : loaded 3 times (x 108B)
Class com.google.common.io.Closer$Suppressor                                          : loaded 3 times (x 66B)
Class com.google.common.io.LineProcessor                                              : loaded 3 times (x 66B)
Class kotlin.jvm.internal.markers.KMutableIterable                                    : loaded 3 times (x 66B)
Class com.google.common.collect.Iterators$EmptyModifiableIterator                     : loaded 3 times (x 82B)
Class kotlin.time.DurationKt                                                          : loaded 3 times (x 67B)
Class kotlin.jdk7.AutoCloseableKt                                                     : loaded 3 times (x 67B)
Class org.jetbrains.org.objectweb.asm.RecordComponentVisitor                          : loaded 3 times (x 73B)
Class com.google.common.collect.SetMultimap                                           : loaded 3 times (x 66B)
Class com.google.common.collect.ImmutableSet$Builder                                  : loaded 3 times (x 81B)
Class com.google.common.io.ByteSource$EmptyByteSource                                 : loaded 3 times (x 81B)
Class com.google.common.base.Splitter                                                 : loaded 3 times (x 68B)
Class com.google.common.collect.Sets$1                                                : loaded 3 times (x 135B)
Class kotlin.text.DelimitedRangesSequence                                             : loaded 3 times (x 71B)
Class kotlin.jvm.internal.FunctionReferenceImpl                                       : loaded 3 times (x 118B)
Class com.google.common.base.CharMatcher$InRange                                      : loaded 3 times (x 107B)
Class com.google.common.collect.SortedSetMultimap                                     : loaded 3 times (x 66B)
Class [Lcom.google.common.collect.MapMakerInternalMap$Segment;                        : loaded 3 times (x 65B)
Class kotlin.sequences.SequenceScope                                                  : loaded 3 times (x 69B)
Class com.google.common.collect.ImmutableSet                                          : loaded 3 times (x 141B)
Class com.google.common.base.CharMatcher$BitSetMatcher                                : loaded 3 times (x 108B)
Class com.google.common.io.CharSource$ConcatenatedCharSource                          : loaded 3 times (x 82B)
Class com.google.common.io.Closer                                                     : loaded 3 times (x 74B)
Class com.google.common.collect.RegularImmutableMap$Values                            : loaded 3 times (x 203B)
Class kotlin.reflect.KType                                                            : loaded 3 times (x 66B)
Class com.google.common.base.AbstractIterator                                         : loaded 3 times (x 76B)
Class kotlin.text.CharsKt__CharJVMKt                                                  : loaded 3 times (x 67B)
Class kotlin.coroutines.jvm.internal.BaseContinuationImpl                             : loaded 3 times (x 83B)
Class kotlin.Result$Companion                                                         : loaded 3 times (x 67B)
Class org.jetbrains.org.objectweb.asm.Context                                         : loaded 3 times (x 68B)
Class com.google.common.io.ByteStreams$1                                              : loaded 3 times (x 81B)
Class kotlin.time.Duration                                                            : loaded 3 times (x 70B)
Class com.google.common.collect.MapMakerInternalMap$Strength$1                        : loaded 3 times (x 76B)
Class com.google.common.math.IntMath$1                                                : loaded 3 times (x 67B)
Class com.google.common.io.Files$FileByteSink                                         : loaded 3 times (x 73B)
Class kotlin.coroutines.Continuation                                                  : loaded 3 times (x 66B)
Class kotlin.coroutines.CoroutineContext$Element$DefaultImpls                         : loaded 3 times (x 67B)
Class kotlin.jvm.internal.ClassBasedDeclarationContainer                              : loaded 3 times (x 66B)
Class [Lkotlin.reflect.KProperty;                                                     : loaded 3 times (x 65B)
Class com.google.common.collect.Sets$2                                                : loaded 3 times (x 135B)
Class com.google.common.io.ByteSource$SlicedByteSource                                : loaded 3 times (x 81B)
Class com.google.common.collect.Maps$KeySet                                           : loaded 3 times (x 133B)
Class com.google.common.collect.ImmutableSet$EmptySetBuilderImpl                      : loaded 3 times (x 72B)
Class com.google.common.graph.SuccessorsFunction                                      : loaded 3 times (x 66B)
Class jdk.internal.jrtfs.SystemImage                                                  : loaded 3 times (x 70B)
Class kotlin.jvm.functions.Function20                                                 : loaded 3 times (x 66B)
Class kotlin.collections.CollectionsKt___CollectionsKt$asSequence$$inlined$Sequence$1 : loaded 3 times (x 71B)
Class org.objectweb.asm.Type                                                          : loaded 3 times (x 68B)
Class kotlin.jvm.internal.ReflectionFactory                                           : loaded 3 times (x 87B)
Class kotlin.jvm.internal.Ref$ObjectRef                                               : loaded 3 times (x 68B)
Class org.objectweb.asm.ClassReader                                                   : loaded 3 times (x 90B)
Class com.google.common.collect.Sets$SetView                                          : loaded 3 times (x 134B)
Class com.google.common.collect.ImmutableRangeSet$Builder                             : loaded 3 times (x 73B)
Class [Lcom.google.common.collect.Iterators$EmptyModifiableIterator;                  : loaded 3 times (x 65B)
Class kotlin.collections.ArrayAsCollection                                            : loaded 3 times (x 101B)
Class kotlin.sequences.SequencesKt__SequenceBuilderKt$sequence$$inlined$Sequence$1    : loaded 3 times (x 71B)
Class kotlin.Triple                                                                   : loaded 3 times (x 68B)
Class kotlin.text.Regex                                                               : loaded 3 times (x 68B)
Class com.google.common.collect.ImmutableList                                         : loaded 3 times (x 202B)
Class jdk.internal.jrtfs.JrtDirectoryStream                                           : loaded 3 times (x 85B)
Class com.google.common.collect.Maps$8                                                : loaded 3 times (x 78B)
Class com.google.common.collect.MapMakerInternalMap$Strength$2                        : loaded 3 times (x 76B)
Class com.google.common.collect.AbstractMapBasedMultimap$WrappedList                  : loaded 3 times (x 201B)
Class kotlin.coroutines.jvm.internal.RestrictedSuspendLambda                          : loaded 3 times (x 87B)
Class kotlin.reflect.KMutableProperty0                                                : loaded 3 times (x 66B)
Class com.google.common.base.AbstractIterator$State                                   : loaded 3 times (x 75B)
Class com.google.common.collect.Sets$3                                                : loaded 3 times (x 135B)
Class kotlin.jvm.internal.CollectionToArray                                           : loaded 3 times (x 67B)
Class kotlin.reflect.KClassifier                                                      : loaded 3 times (x 66B)
Class jdk.internal.jimage.ImageReader$Directory                                       : loaded 3 times (x 80B)
Class com.google.common.base.Platform                                                 : loaded 3 times (x 67B)
Class [Lorg.jetbrains.org.objectweb.asm.Attribute;                                    : loaded 3 times (x 65B)
Class kotlin.jvm.functions.Function21                                                 : loaded 3 times (x 66B)
Class kotlin.collections.EmptyIterator                                                : loaded 3 times (x 85B)
Class com.google.common.io.ByteArrayDataInput                                         : loaded 3 times (x 66B)
Class kotlin.jvm.internal.SpreadBuilder                                               : loaded 3 times (x 72B)
Class kotlin.coroutines.jvm.internal.SuspendFunction                                  : loaded 3 times (x 66B)
Class jdk.internal.jimage.BasicImageReader                                            : loaded 3 times (x 91B)
Class kotlin.LazyThreadSafetyMode                                                     : loaded 3 times (x 75B)
Class kotlin.jvm.internal.ArrayIterator                                               : loaded 3 times (x 75B)
Class [Lcom.google.common.collect.ImmutableEntry;                                     : loaded 3 times (x 65B)
Class com.google.common.collect.MapMaker                                              : loaded 3 times (x 68B)
Class kotlin.LazyKt__LazyJVMKt$WhenMappings                                           : loaded 3 times (x 67B)
Class com.google.common.collect.MapMakerInternalMap$StrongValueEntry                  : loaded 3 times (x 66B)
Class kotlin.UnsafeLazyImpl                                                           : loaded 3 times (x 72B)
Class kotlin.jvm.internal.MutablePropertyReference                                    : loaded 3 times (x 115B)
Class com.google.common.collect.Sets$4                                                : loaded 3 times (x 135B)
Class jdk.internal.jimage.ImageReader$SharedImageReader$LocationVisitor               : loaded 3 times (x 66B)
Class com.google.common.collect.Maps                                                  : loaded 3 times (x 67B)
Class com.google.common.io.CharSource                                                 : loaded 3 times (x 81B)
Class kotlin.jvm.internal.PropertyReference1                                          : loaded 3 times (x 123B)
Class kotlin.jvm.functions.Function22                                                 : loaded 3 times (x 66B)
Class kotlin.collections.MapWithDefault                                               : loaded 3 times (x 66B)
Class kotlin.sequences.DistinctSequence                                               : loaded 3 times (x 71B)
Class kotlin.coroutines.jvm.internal.SuspendLambda                                    : loaded 3 times (x 87B)
Class kotlin.coroutines.jvm.internal.ContinuationImpl                                 : loaded 3 times (x 83B)
Class kotlin.jvm.internal.DefaultConstructorMarker                                    : loaded 3 times (x 67B)
Class kotlin.sequences.EmptySequence                                                  : loaded 3 times (x 74B)
Class kotlin.jvm.internal.PropertyReference0                                          : loaded 3 times (x 123B)
Class kotlin.io.FileSystemException                                                   : loaded 3 times (x 78B)
Class jdk.internal.jrtfs.JrtPath                                                      : loaded 3 times (x 114B)
Class jdk.internal.jimage.ImageBufferCache                                            : loaded 3 times (x 67B)
Class com.google.common.collect.RegularImmutableList                                  : loaded 3 times (x 209B)
Class com.google.common.collect.IndexedImmutableSet$1                                 : loaded 3 times (x 209B)
Class kotlin.jvm.internal.markers.KMutableListIterator                                : loaded 3 times (x 66B)
Class com.google.common.base.Function                                                 : loaded 3 times (x 66B)
Class com.google.common.collect.ImmutableMapEntry$NonTerminalImmutableMapEntry        : loaded 3 times (x 81B)
Class com.google.common.base.Equivalence                                              : loaded 3 times (x 78B)
Class com.google.common.collect.ImmutableSet$SetBuilderImpl                           : loaded 3 times (x 72B)
Class com.google.common.collect.ImmutableMapEntry                                     : loaded 3 times (x 81B)
Class [Lcom.google.common.collect.HashBiMap$BiEntry;                                  : loaded 3 times (x 65B)
Class com.google.common.collect.MapMakerInternalMap$InternalEntry                     : loaded 3 times (x 66B)
Class kotlin.ranges.IntRange                                                          : loaded 3 times (x 89B)
Class kotlin.jvm.internal.markers.KMutableMap                                         : loaded 3 times (x 66B)
Class kotlin.properties.ReadOnlyProperty                                              : loaded 3 times (x 66B)
Class com.google.common.math.IntMath                                                  : loaded 3 times (x 67B)
Class com.google.common.collect.RegularImmutableSortedSet                             : loaded 3 times (x 296B)
Class com.google.common.collect.AbstractMapBasedMultimap$KeySet                       : loaded 3 times (x 133B)
Class kotlin.collections.AbstractList$IteratorImpl                                    : loaded 3 times (x 78B)
Class kotlin.jvm.internal.CallableReference                                           : loaded 3 times (x 102B)
Class com.google.common.base.CommonPattern                                            : loaded 3 times (x 70B)
Class com.google.common.base.CharMatcher$IsNot                                        : loaded 3 times (x 107B)
Class kotlin.jvm.internal.Ref$BooleanRef                                              : loaded 3 times (x 67B)
Class kotlin.jvm.internal.StringCompanionObject                                       : loaded 3 times (x 67B)
Class kotlin.reflect.KMutableProperty1                                                : loaded 3 times (x 66B)
Class kotlin.reflect.KTypeParameter                                                   : loaded 3 times (x 66B)
Class com.google.common.collect.ImmutableSortedSet                                    : loaded 3 times (x 296B)
Class kotlin.ranges.IntProgression                                                    : loaded 3 times (x 77B)
Class com.google.common.io.ByteStreams                                                : loaded 3 times (x 67B)
Class kotlin.jvm.internal.MutablePropertyReference1Impl                               : loaded 3 times (x 133B)
Class [Lkotlin.sequences.Sequence;                                                    : loaded 3 times (x 65B)
Class jdk.internal.jrtfs.JrtFileAttributes                                            : loaded 3 times (x 79B)
Class com.google.common.collect.Maps$EntryTransformer                                 : loaded 3 times (x 66B)
Class kotlin.jvm.internal.markers.KMutableList                                        : loaded 3 times (x 66B)
Class [Lkotlin.Pair;                                                                  : loaded 3 times (x 65B)
Class kotlin.coroutines.intrinsics.IntrinsicsKt__IntrinsicsJvmKt                      : loaded 3 times (x 67B)
Class kotlin.coroutines.jvm.internal.CoroutineStackFrame                              : loaded 3 times (x 66B)
Class jdk.internal.jimage.ImageReader$Resource                                        : loaded 3 times (x 80B)
Class jdk.internal.jimage.decompressor.Decompressor                                   : loaded 3 times (x 68B)
Class kotlin.coroutines.CoroutineContext$Key                                          : loaded 3 times (x 66B)
Class kotlin.coroutines.jvm.internal.RestrictedContinuationImpl                       : loaded 3 times (x 83B)
Class com.google.common.collect.RegularImmutableMap$KeySet                            : loaded 3 times (x 148B)
Class com.google.common.collect.ImmutableAsList                                       : loaded 3 times (x 205B)
Class com.google.common.collect.AbstractMapBasedMultimap                              : loaded 3 times (x 135B)
Class com.google.common.collect.Iterators$9                                           : loaded 3 times (x 77B)
Class com.google.common.collect.TransformedIterator                                   : loaded 3 times (x 76B)
Class com.google.common.base.FunctionalEquivalence                                    : loaded 3 times (x 79B)
Class kotlin.jvm.internal.markers.KMutableSet                                         : loaded 3 times (x 66B)
Class com.google.common.collect.ImmutableList$SubList                                 : loaded 3 times (x 205B)
Class com.google.common.collect.Lists                                                 : loaded 3 times (x 67B)
Class com.google.common.base.Converter                                                : loaded 3 times (x 86B)
Class com.google.common.collect.ImmutableSet$CachingAsList                            : loaded 3 times (x 144B)
Class com.google.common.base.Splitter$1                                               : loaded 3 times (x 73B)
Class com.google.common.collect.MapDifference                                         : loaded 3 times (x 66B)
Class kotlin.collections.builders.MapBuilder$Itr                                      : loaded 3 times (x 68B)
Class kotlin.KotlinVersionCurrentValue                                                : loaded 3 times (x 67B)
Class kotlin.collections.IndexedValue                                                 : loaded 3 times (x 68B)
Class [Lorg.jetbrains.org.objectweb.asm.Label;                                        : loaded 3 times (x 65B)
Class kotlin.io.NoSuchFileException                                                   : loaded 3 times (x 78B)
Class com.google.common.base.Equivalence$Identity                                     : loaded 3 times (x 78B)
Class kotlin.text.Regex$Companion                                                     : loaded 3 times (x 67B)
Class jdk.internal.jimage.BasicImageReader$1                                          : loaded 3 times (x 73B)
Class com.google.common.collect.ImmutableCollection                                   : loaded 3 times (x 121B)
Class com.google.common.base.CharMatcher$AnyOf                                        : loaded 3 times (x 108B)
Class com.google.common.base.PairwiseEquivalence                                      : loaded 3 times (x 79B)
Class kotlin.reflect.KMutableProperty2                                                : loaded 3 times (x 66B)
Class jdk.internal.jimage.ImageReader$Node                                            : loaded 3 times (x 80B)
Class com.google.common.base.CharMatcher$ForPredicate                                 : loaded 3 times (x 108B)
Class com.google.common.collect.HashBiMap$Inverse                                     : loaded 3 times (x 138B)
Class kotlin.coroutines.intrinsics.IntrinsicsKt__IntrinsicsKt                         : loaded 3 times (x 67B)
Class kotlin.time.Duration$Companion                                                  : loaded 3 times (x 67B)
Class com.google.common.base.Splitter$SplittingIterator                               : loaded 3 times (x 80B)
Class com.google.common.collect.ImmutableSet$JdkBackedSetBuilderImpl                  : loaded 3 times (x 72B)
Class com.google.common.collect.Iterators$5                                           : loaded 3 times (x 78B)
Class org.jetbrains.org.objectweb.asm.AnnotationVisitor                               : loaded 3 times (x 74B)
Class com.google.common.collect.ImmutableBiMap                                        : loaded 3 times (x 139B)
Class com.google.common.collect.SortedIterable                                        : loaded 3 times (x 66B)
Class com.google.common.collect.AbstractListMultimap                                  : loaded 3 times (x 168B)
Class com.google.common.collect.Iterators$4                                           : loaded 3 times (x 78B)
Class kotlin.SafePublicationLazyImpl                                                  : loaded 3 times (x 72B)
Class kotlin.time.DurationJvmKt                                                       : loaded 3 times (x 67B)
Class jdk.internal.jimage.ImageReader$SharedImageReader                               : loaded 3 times (x 91B)
Class kotlin.reflect.KProperty$Getter                                                 : loaded 3 times (x 66B)
Class jdk.internal.jrtfs.SystemImage$1                                                : loaded 3 times (x 74B)
Class jdk.internal.jimage.ImageReader                                                 : loaded 3 times (x 71B)
Class com.google.common.collect.ImmutableMap$IteratorBasedImmutableMap                : loaded 3 times (x 122B)
Class com.google.common.io.ByteSource                                                 : loaded 3 times (x 80B)
Class kotlin.jvm.internal.FunctionReference                                           : loaded 3 times (x 118B)
Class [Lkotlin.coroutines.intrinsics.CoroutineSingletons;                             : loaded 3 times (x 65B)
Class com.google.common.collect.SingletonImmutableSet                                 : loaded 3 times (x 142B)
Class kotlin.jvm.internal.FunctionBase                                                : loaded 3 times (x 66B)
Class kotlin.collections.AbstractMutableSet                                           : loaded 3 times (x 138B)
Class kotlin.Metadata                                                                 : loaded 3 times (x 66B)
Class kotlin.properties.Delegates                                                     : loaded 3 times (x 67B)
Class kotlin.time.DurationUnitKt                                                      : loaded 3 times (x 67B)
Class com.google.common.collect.Iterators$1                                           : loaded 3 times (x 77B)
Class jdk.internal.jimage.ImageStringsReader                                          : loaded 3 times (x 76B)
Class com.google.common.io.CharSource$CharSequenceCharSource                          : loaded 3 times (x 82B)
Class kotlin.jvm.internal.Lambda                                                      : loaded 3 times (x 71B)
Class [Lkotlin.reflect.KDeclarationContainer;                                         : loaded 3 times (x 65B)
Class kotlin.time.DurationUnitKt__DurationUnitKt                                      : loaded 3 times (x 67B)
Class kotlin.ranges.IntProgressionIterator                                            : loaded 3 times (x 78B)
Class com.google.common.base.JdkPattern                                               : loaded 3 times (x 71B)
Class com.google.common.io.Files$FileByteSource                                       : loaded 3 times (x 81B)
Class com.google.common.collect.ImmutableList$ReverseImmutableList                    : loaded 3 times (x 205B)
Class kotlin.reflect.KFunction                                                        : loaded 3 times (x 66B)
Class com.google.common.collect.Iterators$ArrayItr                                    : loaded 3 times (x 93B)
Class kotlin.collections.ArrayDeque                                                   : loaded 3 times (x 203B)
Class com.google.common.collect.ImmutableRangeSet$AsSet                               : loaded 3 times (x 296B)
Class com.google.common.collect.ImmutableCollection$Builder                           : loaded 3 times (x 72B)
Class kotlin.sequences.SequencesKt__SequencesKt$asSequence$$inlined$Sequence$1        : loaded 3 times (x 71B)
Class com.google.common.io.ByteSink                                                   : loaded 3 times (x 72B)
Class com.google.common.collect.SingletonImmutableList                                : loaded 3 times (x 203B)
Class kotlin.time.DurationUnit                                                        : loaded 3 times (x 75B)
Class kotlin.coroutines.jvm.internal.DebugProbesKt                                    : loaded 3 times (x 67B)
Class kotlin.coroutines.CoroutineContext                                              : loaded 3 times (x 66B)
Class com.google.common.collect.NullnessCasts                                         : loaded 3 times (x 67B)
Class com.google.common.base.ExtraObjectsMethodsForWeb                                : loaded 3 times (x 67B)
Class com.google.common.collect.MapMakerInternalMap$Segment                           : loaded 3 times (x 138B)
Class kotlin.collections.IntIterator                                                  : loaded 3 times (x 78B)
Class jdk.internal.jrtfs.SystemImage$2                                                : loaded 3 times (x 72B)
Class com.google.common.collect.MapMakerInternalMap$1                                 : loaded 3 times (x 79B)
Class com.google.common.collect.Iterators$MergingIterator                             : loaded 3 times (x 77B)
Class kotlin.collections.builders.ListBuilder$Companion                               : loaded 3 times (x 67B)
Class kotlin.collections.builders.ListBuilder                                         : loaded 3 times (x 203B)
Class kotlin.jvm.internal.TypeIntrinsics                                              : loaded 3 times (x 67B)
Class org.objectweb.asm.Context                                                       : loaded 3 times (x 68B)
Class com.google.common.collect.Multimap                                              : loaded 3 times (x 66B)
Class com.google.common.primitives.IntsMethodsForWeb                                  : loaded 3 times (x 67B)
Class kotlin.ranges.ClosedRange                                                       : loaded 3 times (x 66B)
Class kotlin.reflect.KProperty                                                        : loaded 3 times (x 66B)
Class kotlin.jvm.internal.Reflection                                                  : loaded 3 times (x 67B)
Class kotlin.jvm.JvmClassMappingKt                                                    : loaded 3 times (x 67B)
Class com.google.common.collect.AbstractMapBasedMultimap$WrappedCollection$WrappedIterator: loaded 3 times (x 80B)
Class [Lkotlin.reflect.KAnnotatedElement;                                             : loaded 3 times (x 65B)
Class org.jetbrains.org.objectweb.asm.MethodVisitor                                   : loaded 3 times (x 101B)
Class com.google.common.base.NullnessCasts                                            : loaded 3 times (x 67B)
Class com.google.common.collect.ImmutableMap$Builder                                  : loaded 3 times (x 78B)
Class kotlin.collections.IndexingIterator                                             : loaded 3 times (x 75B)
Class kotlin.jvm.internal.PropertyReference                                           : loaded 3 times (x 111B)
Class kotlin.sequences.DistinctIterator                                               : loaded 3 times (x 79B)
Class jdk.internal.jimage.ImageHeader                                                 : loaded 3 times (x 67B)
Class kotlin.internal.ProgressionUtilKt                                               : loaded 3 times (x 67B)
Class kotlin.reflect.KMutableProperty                                                 : loaded 3 times (x 66B)
Class com.google.common.base.MoreObjects                                              : loaded 3 times (x 67B)
Class com.google.common.base.Joiner                                                   : loaded 3 times (x 75B)
Class kotlin.KotlinVersion                                                            : loaded 3 times (x 70B)
Class kotlin.io.FileAlreadyExistsException                                            : loaded 3 times (x 78B)
Class com.google.common.collect.ImmutableMapEntrySet                                  : loaded 3 times (x 148B)
Class com.google.common.collect.RegularImmutableSet                                   : loaded 3 times (x 145B)
Class com.google.common.collect.Iterables                                             : loaded 3 times (x 67B)
Class com.google.common.math.MathPreconditions                                        : loaded 3 times (x 67B)
Class com.google.common.collect.AbstractIndexedListIterator                           : loaded 3 times (x 92B)
Class com.google.common.collect.ObjectArrays                                          : loaded 3 times (x 67B)
Class com.google.common.collect.ArrayListMultimapGwtSerializationDependencies         : loaded 3 times (x 168B)
Class kotlin.reflect.KProperty0                                                       : loaded 3 times (x 66B)
Class kotlin.Result                                                                   : loaded 3 times (x 68B)
Class com.google.common.collect.Multiset                                              : loaded 3 times (x 66B)
Class kotlin.Result$Failure                                                           : loaded 3 times (x 68B)
Class kotlin.collections.IndexingIterable                                             : loaded 3 times (x 75B)
Class com.google.common.base.Splitter$Strategy                                        : loaded 3 times (x 66B)
Class org.jetbrains.org.objectweb.asm.FieldVisitor                                    : loaded 3 times (x 73B)
Class com.google.common.primitives.Ints                                               : loaded 3 times (x 67B)
Class com.google.common.collect.AbstractIterator                                      : loaded 3 times (x 78B)
Class kotlin.ResultKt                                                                 : loaded 3 times (x 67B)
Class com.google.common.collect.BiMap                                                 : loaded 3 times (x 66B)
Class com.google.common.collect.ImmutableMap$1                                        : loaded 3 times (x 77B)
Class com.google.common.collect.IndexedImmutableSet                                   : loaded 3 times (x 148B)
Class com.google.common.collect.AbstractMapBasedMultimap$Itr                          : loaded 3 times (x 79B)
Class com.google.common.base.Objects                                                  : loaded 3 times (x 67B)
Class kotlin.collections.builders.ListBuilderKt                                       : loaded 3 times (x 67B)
Class jdk.internal.jimage.ImageBufferCache$2                                          : loaded 3 times (x 87B)
Class com.google.common.collect.Platform                                              : loaded 3 times (x 67B)
Class [Lorg.objectweb.asm.Type;                                                       : loaded 3 times (x 65B)
Class [Lorg.objectweb.asm.Attribute;                                                  : loaded 3 times (x 65B)
Class com.google.common.base.CharMatcher$And                                          : loaded 3 times (x 108B)
Class com.google.common.collect.AbstractMapBasedMultimap$KeySet$1                     : loaded 3 times (x 78B)
Class com.google.common.collect.UnmodifiableIterator                                  : loaded 3 times (x 76B)
Class kotlin.jvm.JvmStatic                                                            : loaded 3 times (x 66B)
Class jdk.internal.jrtfs.JrtFileSystemProvider                                        : loaded 3 times (x 97B)
Class kotlin.jvm.KotlinReflectionNotSupportedError                                    : loaded 3 times (x 78B)
Class [Lkotlin.Function;                                                              : loaded 3 times (x 65B)
Class kotlin.reflect.KProperty1                                                       : loaded 3 times (x 66B)
Class kotlin.reflect.KClass                                                           : loaded 3 times (x 66B)
Class kotlin.sequences.TransformingSequence$iterator$1                                : loaded 3 times (x 75B)
Class kotlin.time.DurationUnitKt__DurationUnitJvmKt                                   : loaded 3 times (x 67B)
Class kotlin.collections.ArraysKt___ArraysKt$asSequence$$inlined$Sequence$1           : loaded 3 times (x 71B)
Class kotlin.coroutines.jvm.internal.CompletedContinuation                            : loaded 3 times (x 71B)
Class kotlin.sequences.DropTakeSequence                                               : loaded 3 times (x 66B)
Class jdk.internal.jimage.ImageBufferCache$1                                          : loaded 3 times (x 79B)
Class com.google.common.collect.Lists$StringAsImmutableList                           : loaded 3 times (x 203B)
Class kotlin.text.DelimitedRangesSequence$iterator$1                                  : loaded 3 times (x 75B)
Class kotlin.coroutines.ContinuationInterceptor$Key                                   : loaded 3 times (x 67B)
Class com.google.common.collect.SingletonImmutableBiMap                               : loaded 3 times (x 139B)
Class com.google.common.collect.Iterators$SingletonIterator                           : loaded 3 times (x 77B)
Class com.google.common.collect.HashBiMap$BiEntry                                     : loaded 3 times (x 79B)
Class com.google.common.collect.AbstractMapEntry                                      : loaded 3 times (x 77B)
Class jdk.internal.jimage.ImageLocation                                               : loaded 3 times (x 86B)
Class jdk.internal.jrtfs.JrtDirectoryStream$1                                         : loaded 3 times (x 79B)
Class com.google.common.collect.Range                                                 : loaded 3 times (x 83B)
Class com.google.common.collect.Iterators                                             : loaded 3 times (x 67B)
Class kotlin.text.CharsKt                                                             : loaded 3 times (x 67B)
Class kotlin.sequences.FlatteningSequence                                             : loaded 3 times (x 71B)
Class kotlin.io.TextStreamsKt                                                         : loaded 3 times (x 67B)
Class kotlin.sequences.GeneratorSequence$iterator$1                                   : loaded 3 times (x 75B)
Class kotlin.reflect.KProperty2                                                       : loaded 3 times (x 66B)
Class kotlin.collections.AbstractIterator                                             : loaded 3 times (x 79B)
Class com.google.common.io.CharSource$StringCharSource                                : loaded 3 times (x 82B)
Class com.google.common.io.ByteSource$ByteArrayByteSource                             : loaded 3 times (x 81B)
Class kotlin.io.LinesSequence$iterator$1                                              : loaded 3 times (x 75B)
Class com.google.common.collect.RegularImmutableAsList                                : loaded 3 times (x 213B)
Class com.google.common.collect.ImmutableRangeSet$1                                   : loaded 3 times (x 206B)
Class kotlin.coroutines.CoroutineContext$Element                                      : loaded 3 times (x 66B)
Class kotlin.reflect.KCallable                                                        : loaded 3 times (x 66B)
Class kotlin.jvm.functions.Function17                                                 : loaded 3 times (x 66B)
Class kotlin.io.TerminateException                                                    : loaded 3 times (x 78B)
Class com.google.common.collect.Sets$ImprovedAbstractSet                              : loaded 3 times (x 131B)
Class com.google.common.collect.ImmutableList$Builder                                 : loaded 3 times (x 73B)
Class com.google.common.collect.AbstractMultimap                                      : loaded 3 times (x 119B)
Class org.codehaus.groovy.ast.stmt.EmptyStatement                                     : loaded 2 times (x 106B)
Class org.codehaus.groovy.runtime.InvokerHelper$NullScript                            : loaded 2 times (x 91B)
Class org.codehaus.groovy.vmplugin.v9.Java9                                           : loaded 2 times (x 105B)
Class groovyjarjarasm.asm.SymbolTable$Entry                                           : loaded 2 times (x 70B)
Class com.android.ide.common.rendering.api.StyleItemResourceValue                     : loaded 2 times (x 66B)
Class com.google.protobuf.UnsafeUtil$1                                                : loaded 2 times (x 72B)
Class kotlin.reflect.jvm.internal.KProperty2Impl$$Lambda$1                            : loaded 2 times (x 72B)
Class com.android.tools.lint.model.LintModelDependency                                : loaded 2 times (x 66B)
Class com.google.common.reflect.TypeToken$SimpleTypeToken                             : loaded 2 times (x 69B)
Class com.google.common.collect.MapMakerInternalMap$AbstractStrongKeyEntry            : loaded 2 times (x 76B)
Class com.google.common.collect.AbstractSetMultimap                                   : loaded 2 times (x 170B)
Class com.google.common.cache.LocalCache$2                                            : loaded 2 times (x 138B)
Class com.google.wireless.android.sdk.stats.AutoImportEventOrBuilder                  : loaded 2 times (x 66B)
Class com.google.wireless.android.sdk.stats.HeapReportEventOrBuilder                  : loaded 2 times (x 66B)
Class com.google.wireless.android.sdk.stats.EssentialsModeEventOrBuilder              : loaded 2 times (x 66B)
Class kotlinx.coroutines.internal.LimitedDispatcherKt                                 : loaded 2 times (x 67B)
Class com.google.wireless.android.sdk.stats.FastPreviewEvent                          : loaded 2 times (x 195B)
Class com.google.protobuf.CodedOutputStream                                           : loaded 2 times (x 105B)
Class com.google.wireless.android.play.playlog.proto.ClientAnalytics$LogEvent$Builder : loaded 2 times (x 294B)
Class com.google.wireless.android.sdk.stats.EmulatorDetailsOrBuilder                  : loaded 2 times (x 66B)
Class com.google.wireless.android.sdk.stats.SmlChatBotEventOrBuilder                  : loaded 2 times (x 66B)
Class com.google.common.hash.AbstractHashFunction                                     : loaded 2 times (x 91B)
Class com.android.utils.DateProvider$1                                                : loaded 2 times (x 71B)
Class [Lorg.codehaus.groovy.reflection.CachedConstructor;                             : loaded 2 times (x 65B)
Class groovyjarjarasm.asm.Opcodes                                                     : loaded 2 times (x 66B)
Class org.codehaus.groovy.ast.expr.Expression                                         : loaded 2 times (x 123B)
Class org.codehaus.groovy.util.ManagedReference$1                                     : loaded 2 times (x 72B)
Class org.codehaus.groovy.util.ReferenceType                                          : loaded 2 times (x 76B)
Class it.unimi.dsi.fastutil.objects.Object2IntFunction                                : loaded 2 times (x 66B)
Class com.google.common.collect.Tables$1                                              : loaded 2 times (x 80B)
Class com.android.resources.Navigation                                                : loaded 2 times (x 82B)
Class com.android.ide.common.rendering.api.PluralsResourceValue                       : loaded 2 times (x 66B)
Class com.android.ide.common.resources.DataItem                                       : loaded 2 times (x 86B)
Class [Lcom.android.resources.Density;                                                : loaded 2 times (x 65B)
Class com.google.wireless.android.sdk.stats.DeviceScreenshotEvent                     : loaded 2 times (x 193B)
Class [Lcom.android.resources.ResourceType$Kind;                                      : loaded 2 times (x 65B)
Class it.unimi.dsi.fastutil.ints.IntSpliterator                                       : loaded 2 times (x 66B)
Class kotlin.reflect.jvm.internal.impl.utils.CollectionsKt                            : loaded 2 times (x 67B)
Class kotlin.reflect.jvm.internal.CacheByClass                                        : loaded 2 times (x 69B)
Class com.google.wireless.android.sdk.stats.FileType                                  : loaded 2 times (x 198B)
Class org.jetbrains.kotlin.metadata.deserialization.MetadataVersion                   : loaded 2 times (x 70B)
Class com.google.protobuf.CodedOutputStream$AbstractBufferedEncoder                   : loaded 2 times (x 106B)
Class kotlinx.coroutines.scheduling.GlobalQueue                                       : loaded 2 times (x 68B)
Class com.google.common.cache.LocalCache$1                                            : loaded 2 times (x 85B)
Class androidx.fragment.lint.FragmentTagDetector                                      : loaded 2 times (x 150B)
Class com.google.wireless.android.sdk.stats.GcPauseEvent                              : loaded 2 times (x 197B)
Class com.google.wireless.android.sdk.stats.DeviceMirroringAbnormalAgentTerminationOrBuilder: loaded 2 times (x 66B)
Class com.google.wireless.android.sdk.stats.AppLinksAssistantEventOrBuilder           : loaded 2 times (x 66B)
Class com.google.wireless.android.sdk.stats.SmlCompletionEventOrBuilder               : loaded 2 times (x 66B)
Class com.google.protobuf.Descriptors$FieldDescriptor                                 : loaded 2 times (x 84B)
Class org.codehaus.groovy.ast.expr.TernaryExpression                                  : loaded 2 times (x 126B)
Class org.codehaus.groovy.runtime.callsite.AbstractCallSite                           : loaded 2 times (x 141B)
Class groovy.lang.MetaClassRegistryChangeEvent                                        : loaded 2 times (x 75B)
Class org.codehaus.groovy.vmplugin.v8.PluginDefaultGroovyMethods                      : loaded 2 times (x 67B)
Class com.google.common.base.Ascii                                                    : loaded 2 times (x 67B)
Class [Lcom.android.resources.ScreenRatio;                                            : loaded 2 times (x 65B)
Class org.apache.commons.io.FileExistsException                                       : loaded 2 times (x 78B)
Class org.jetbrains.kotlin.cli.common.messages.MessageCollector$Companion             : loaded 2 times (x 67B)
Class com.android.tools.lint.model.LintModelSeverity                                  : loaded 2 times (x 75B)
Class com.android.io.CancellableFileIo                                                : loaded 2 times (x 67B)
Class com.google.common.base.Optional                                                 : loaded 2 times (x 76B)
Class com.google.common.util.concurrent.AbstractFuture$Trusted                        : loaded 2 times (x 66B)
Class com.android.tools.lint.model.LintModelModuleType                                : loaded 2 times (x 75B)
Class kotlin.reflect.jvm.internal.KProperty2Impl$$Lambda$0                            : loaded 2 times (x 72B)
Class org.jetbrains.kotlin.load.kotlin.KotlinJvmBinaryClass                           : loaded 2 times (x 66B)
Class [Lorg.jetbrains.kotlin.build.report.metrics.BuildTime;                          : loaded 2 times (x 65B)
Class org.jetbrains.kotlin.config.KotlinCompilerVersion                               : loaded 2 times (x 67B)
Class kotlin.jvm.internal.IntCompanionObject                                          : loaded 2 times (x 67B)
Class org.codehaus.groovy.runtime.ComposedClosure                                     : loaded 2 times (x 128B)
Class org.codehaus.groovy.runtime.CurriedClosure                                      : loaded 2 times (x 129B)
Class com.google.protobuf.CodedOutputStream$OutOfSpaceException                       : loaded 2 times (x 78B)
Class com.android.tools.analytics.StubbableLazy                                       : loaded 2 times (x 72B)
Class com.google.wireless.android.sdk.stats.StartupEvent                              : loaded 2 times (x 193B)
Class com.google.wireless.android.sdk.stats.AdbServerStateOrBuilder                   : loaded 2 times (x 66B)
Class com.google.wireless.android.sdk.stats.WearTileAnimationToolingEventOrBuilder    : loaded 2 times (x 66B)
Class com.google.wireless.android.sdk.stats.UpgradeAssistantComponentEventOrBuilder   : loaded 2 times (x 66B)
Class com.google.wireless.android.sdk.stats.GradleFailureDetailsOrBuilder             : loaded 2 times (x 66B)
Class com.google.wireless.android.sdk.stats.SystemHealthEventOrBuilder                : loaded 2 times (x 66B)
Class com.google.protobuf.Internal$EnumLite                                           : loaded 2 times (x 66B)
Class org.codehaus.groovy.ast.stmt.ThrowStatement                                     : loaded 2 times (x 108B)
Class groovy.lang.MetaArrayLengthProperty                                             : loaded 2 times (x 73B)
Class org.codehaus.groovy.runtime.EncodingGroovyMethods                               : loaded 2 times (x 67B)
Class org.codehaus.groovy.util.ComplexKeyHashMap$EntryIterator                        : loaded 2 times (x 66B)
Class com.android.resources.Density                                                   : loaded 2 times (x 88B)
Class kotlin.reflect.jvm.internal.KMutableProperty1Impl                               : loaded 2 times (x 131B)
Class kotlin.reflect.jvm.internal.impl.builtins.functions.FunctionTypeKind$SuspendFunction: loaded 2 times (x 68B)
Class kotlin.jvm.internal.PropertyReference2Impl                                      : loaded 2 times (x 123B)
Class it.unimi.dsi.fastutil.Function                                                  : loaded 2 times (x 66B)
Class com.android.tools.lint.model.DefaultLintModelLibraryResolver                    : loaded 2 times (x 72B)
Class org.codehaus.groovy.runtime.metaclass.NewStaticMetaMethod                       : loaded 2 times (x 95B)
Class com.google.common.io.ByteSink$AsCharSink                                        : loaded 2 times (x 76B)
Class com.google.common.util.concurrent.UncheckedExecutionException                   : loaded 2 times (x 78B)
Class org.jetbrains.org.objectweb.asm.ClassTooLargeException                          : loaded 2 times (x 79B)
Class org.jetbrains.kotlin.metadata.jvm.deserialization.JvmMemberSignature$Method     : loaded 2 times (x 71B)
Class androidx.fragment.lint.UseGetLayoutInflater$Issues                              : loaded 2 times (x 67B)
Class settings_b44s4y3saj0ztwe4nn40vfy2d                                              : loaded 2 times (x 175B)
Class com.google.protobuf.ByteOutput                                                  : loaded 2 times (x 72B)
Class com.google.wireless.android.sdk.stats.FirebaseContextDetails                    : loaded 2 times (x 205B)
Class com.google.wireless.android.sdk.stats.LLDBFrontendDetails                       : loaded 2 times (x 191B)
Class com.google.wireless.android.sdk.stats.AppQualityInsightsUsageEvent              : loaded 2 times (x 246B)
Class com.google.wireless.android.sdk.stats.KotlinProjectConfiguration                : loaded 2 times (x 211B)
Class com.google.wireless.android.sdk.stats.SmlGeolocationEventOrBuilder              : loaded 2 times (x 66B)
Class groovy.lang.MissingMethodException                                              : loaded 2 times (x 88B)
Class kotlin.collections.builders.MapBuilder$EntriesItr                               : loaded 2 times (x 77B)
Class kotlin.jvm.internal.Ref$IntRef                                                  : loaded 2 times (x 67B)
Class com.android.tools.lint.model.LintModelModuleLoader                              : loaded 2 times (x 66B)
Class org.gradle.internal.InternalTransformer                                         : loaded 2 times (x 66B)
Class groovy.transform.Internal                                                       : loaded 2 times (x 66B)
Class org.codehaus.groovy.ast.ImportNode                                              : loaded 2 times (x 126B)
Class org.codehaus.groovy.vmplugin.v9.ClassFinder                                     : loaded 2 times (x 67B)
Class com.google.wireless.android.sdk.stats.SafeModeStatsEventOrBuilder               : loaded 2 times (x 66B)
Class com.google.wireless.android.sdk.stats.UIActionStats                             : loaded 2 times (x 204B)
Class org.gradle.internal.service.ServiceLocator                                      : loaded 2 times (x 66B)
Class kotlin.collections.builders.SetBuilder$Companion                                : loaded 2 times (x 67B)
Class com.google.wireless.android.sdk.stats.GradleFailureDetails                      : loaded 2 times (x 195B)
Class com.google.wireless.android.sdk.stats.StudioCoreGeminiActionsEvent              : loaded 2 times (x 201B)
Class com.google.wireless.android.sdk.stats.WearTileAnimationToolingEvent             : loaded 2 times (x 193B)
Class com.google.wireless.android.sdk.stats.Align16kbEventOrBuilder                   : loaded 2 times (x 66B)
Class com.google.wireless.android.sdk.stats.AndroidTestRetentionEventOrBuilder        : loaded 2 times (x 66B)
Class com.google.wireless.android.sdk.stats.GradleSyncStatsOrBuilder                  : loaded 2 times (x 66B)
Class com.google.common.base.Splitter$5                                               : loaded 2 times (x 76B)
Class com.google.protobuf.UnsafeUtil$Android32MemoryAccessor                          : loaded 2 times (x 87B)
Class com.google.protobuf.Extension$ExtensionType                                     : loaded 2 times (x 75B)
Class com.google.protobuf.AbstractMessageLite$Builder$LimitedInputStream              : loaded 2 times (x 88B)
Class org.codehaus.groovy.runtime.memoize.EvictableCache                              : loaded 2 times (x 66B)
Class org.codehaus.groovy.ast.stmt.ReturnStatement                                    : loaded 2 times (x 109B)
Class com.google.common.collect.ImmutableBiMap$Builder                                : loaded 2 times (x 78B)
Class kotlin.DeprecationLevel                                                         : loaded 2 times (x 75B)
Class com.android.resources.ScreenRound                                               : loaded 2 times (x 82B)
Class it.unimi.dsi.fastutil.ints.IntArraySet                                          : loaded 2 times (x 231B)
Class kotlin.reflect.jvm.internal.ReflectionFactoryImpl                               : loaded 2 times (x 87B)
Class it.unimi.dsi.fastutil.ints.Int2ObjectFunction                                   : loaded 2 times (x 66B)
Class com.android.ide.common.gradle.Separator                                         : loaded 2 times (x 75B)
Class com.android.tools.lint.model.LintModelSourceProvider                            : loaded 2 times (x 66B)
Class [Lcom.android.prefs.VariableValue;                                              : loaded 2 times (x 65B)
Class com.android.tools.lint.model.PathVariables$Companion                            : loaded 2 times (x 67B)
Class it.unimi.dsi.fastutil.ints.IntCollection                                        : loaded 2 times (x 66B)
Class org.objectweb.asm.ClassWriter                                                   : loaded 2 times (x 102B)
Class com.google.common.cache.CacheLoader$UnsupportedLoadingOperationException        : loaded 2 times (x 78B)
Class org.gradle.internal.classloader.ClasspathUtil$1                                 : loaded 2 times (x 72B)
Class org.codehaus.groovy.ast.expr.ClosureExpression                                  : loaded 2 times (x 129B)
Class org.codehaus.groovy.control.CompilerConfiguration                               : loaded 2 times (x 118B)
Class kotlinx.coroutines.JobSupport                                                   : loaded 2 times (x 129B)
Class com.google.wireless.android.sdk.stats.AndroidStudioEvent$EventKind$1            : loaded 2 times (x 72B)
Class com.google.wireless.android.sdk.stats.SoongSyncStats                            : loaded 2 times (x 203B)
Class com.google.wireless.android.sdk.stats.AutoSyncSettingChangeEvent                : loaded 2 times (x 193B)
Class com.google.wireless.android.sdk.stats.AdbAssistantStatsOrBuilder                : loaded 2 times (x 66B)
Class com.android.tools.analytics.JournalingUsageTracker$State                        : loaded 2 times (x 75B)
Class com.google.gson.TypeAdapter                                                     : loaded 2 times (x 69B)
Class groovyjarjarasm.asm.ClassVisitor                                                : loaded 2 times (x 84B)
Class groovy.lang.MetaClassImpl$MethodIndexAction                                     : loaded 2 times (x 71B)
Class org.codehaus.groovy.runtime.GroovyCategorySupport$CategoryMethod                : loaded 2 times (x 99B)
Class org.codehaus.groovy.runtime.dgmimpl.arrays.DoubleArrayPutAtMetaMethod           : loaded 2 times (x 93B)
Class org.codehaus.groovy.syntax.Token                                                : loaded 2 times (x 107B)
Class com.google.gson.stream.JsonWriter                                               : loaded 2 times (x 94B)
Class com.google.wireless.android.sdk.stats.AndroidStudioEvent$IdeBrand               : loaded 2 times (x 83B)
Class com.google.common.hash.MessageDigestHashFunction$MessageDigestHasher            : loaded 2 times (x 144B)
Class kotlin.reflect.jvm.internal.impl.builtins.StandardNames$FqNames                 : loaded 2 times (x 67B)
Class it.unimi.dsi.fastutil.objects.ObjectOpenHashSet                                 : loaded 2 times (x 183B)
Class kotlin.coroutines.ContinuationKt                                                : loaded 2 times (x 67B)
Class com.android.tools.lint.model.LintModelDependencyGraph                           : loaded 2 times (x 66B)
Class com.google.wireless.android.sdk.stats.GradleCppSyncStatsOrBuilder               : loaded 2 times (x 66B)
Class org.objectweb.asm.FieldVisitor                                                  : loaded 2 times (x 73B)
Class com.google.common.collect.FluentIterable$1                                      : loaded 2 times (x 77B)
Class org.gradle.api.internal.classpath.DefaultModuleRegistry$DefaultModule           : loaded 2 times (x 82B)
Class org.jetbrains.kotlin.name.ClassId                                               : loaded 2 times (x 68B)
Class com.google.wireless.android.sdk.stats.K2ModeEventOrBuilder                      : loaded 2 times (x 66B)
Class androidx.navigation.lint.BaseWrongStartDestinationTypeDetectorKt                : loaded 2 times (x 67B)
Class com.google.wireless.android.sdk.stats.BuildAttributionUiEvent                   : loaded 2 times (x 212B)
Class com.google.wireless.android.sdk.stats.WhatsNewAssistantEvent                    : loaded 2 times (x 191B)
Class com.google.wireless.android.sdk.stats.GradlePluginDslUsageStats                 : loaded 2 times (x 195B)
Class com.google.wireless.android.sdk.stats.ComposePreviewLiteModeEventOrBuilder      : loaded 2 times (x 66B)
Class com.google.wireless.android.sdk.stats.EditorPickerEventOrBuilder                : loaded 2 times (x 66B)
Class com.google.wireless.android.sdk.stats.DaggerEditorEventOrBuilder                : loaded 2 times (x 66B)
Class com.google.protobuf.CodedInputStream$IterableDirectByteBufferDecoder            : loaded 2 times (x 116B)
Class com.google.protobuf.Internal$DoubleList                                         : loaded 2 times (x 66B)
Class org.codehaus.groovy.classgen.BytecodeExpression                                 : loaded 2 times (x 124B)
Class groovy.lang.Reference                                                           : loaded 2 times (x 82B)
Class org.codehaus.groovy.ast.PropertyNode                                            : loaded 2 times (x 151B)
Class org.apache.groovy.io.StringBuilderWriter                                        : loaded 2 times (x 96B)
Class org.codehaus.groovy.reflection.stdclasses.ObjectCachedClass                     : loaded 2 times (x 91B)
Class org.codehaus.groovy.ast.GroovyCodeVisitor                                       : loaded 2 times (x 66B)
Class com.google.common.collect.MapMakerInternalMap$WeakKeyStrongValueEntry           : loaded 2 times (x 86B)
Class com.google.wireless.android.sdk.stats.AvdLaunchEvent                            : loaded 2 times (x 193B)
Class kotlin.reflect.jvm.internal.ClassValueCache                                     : loaded 2 times (x 70B)
Class com.google.wireless.android.sdk.stats.NonTransitiveRClassMigrationEvent         : loaded 2 times (x 197B)
Class com.android.tools.lint.model.DefaultLintModelDependencies                       : loaded 2 times (x 75B)
Class com.android.ide.common.repository.AgpVersion                                    : loaded 2 times (x 71B)
Class com.google.common.reflect.Reflection                                            : loaded 2 times (x 67B)
Class com.google.common.base.Absent                                                   : loaded 2 times (x 76B)
Class com.google.common.collect.FluentIterable$2                                      : loaded 2 times (x 77B)
Class com.google.wireless.android.sdk.stats.K2ModeEvent                               : loaded 2 times (x 191B)
Class com.google.protobuf.ByteString$ByteIterator                                     : loaded 2 times (x 66B)
Class androidx.fragment.lint.UnsafeFragmentLifecycleObserverDetector                  : loaded 2 times (x 167B)
Class kotlinx.coroutines.BuildersKt__BuildersKt                                       : loaded 2 times (x 67B)
Class kotlinx.coroutines.ExecutorCoroutineDispatcher                                  : loaded 2 times (x 103B)
Class androidx.fragment.lint.FragmentIssueRegistry                                    : loaded 2 times (x 79B)
Class com.google.wireless.android.sdk.stats.UpgradeAssistantProcessorEvent            : loaded 2 times (x 213B)
Class com.google.wireless.android.sdk.stats.KotlinSupportOrBuilder                    : loaded 2 times (x 66B)
Class com.google.wireless.android.sdk.stats.MemoryUsageReportEventOrBuilder           : loaded 2 times (x 66B)
Class org.codehaus.groovy.ast.tools.GeneralUtils                                      : loaded 2 times (x 67B)
Class org.codehaus.groovy.runtime.dgmimpl.arrays.BooleanArrayGetAtMetaMethod          : loaded 2 times (x 93B)
Class kotlinx.coroutines.scheduling.NanoTimeSource                                    : loaded 2 times (x 68B)
Class kotlin.jvm.internal.BooleanCompanionObject                                      : loaded 2 times (x 67B)
Class org.jetbrains.kotlin.build.report.metrics.GradleBuildTime                       : loaded 2 times (x 82B)
Class com.android.utils.SdkUtils                                                      : loaded 2 times (x 67B)
Class com.google.common.collect.BaseImmutableMultimap                                 : loaded 2 times (x 119B)
Class kotlin.reflect.jvm.internal.KProperty2Impl                                      : loaded 2 times (x 124B)
Class com.google.common.collect.EmptyImmutableListMultimap                            : loaded 2 times (x 172B)
Class com.google.common.collect.FluentIterable$3                                      : loaded 2 times (x 77B)
Class com.google.common.reflect.TypeResolver$TypeVariableKey                          : loaded 2 times (x 68B)
Class org.apache.commons.io.output.ByteArrayOutputStream                              : loaded 2 times (x 98B)
Class kotlinx.coroutines.Job                                                          : loaded 2 times (x 66B)
Class com.google.protobuf.ByteString$ArraysByteArrayCopier                            : loaded 2 times (x 70B)
Class kotlin.jvm.internal.MutablePropertyReference0Impl                               : loaded 2 times (x 133B)
Class com.google.wireless.android.sdk.stats.PreviewRefreshEvent                       : loaded 2 times (x 207B)
Class com.google.wireless.android.sdk.stats.LayoutEditorEvent                         : loaded 2 times (x 230B)
Class com.google.wireless.android.sdk.stats.StudioRunEventOrBuilder                   : loaded 2 times (x 66B)
Class com.google.protobuf.Internal$ProtobufList                                       : loaded 2 times (x 66B)
Class groovy.lang.GeneratedGroovyProxy                                                : loaded 2 times (x 66B)
Class org.codehaus.groovy.util.AbstractConcurrentMap$Entry                            : loaded 2 times (x 66B)
Class groovy.lang.ClosureInvokingMethod                                               : loaded 2 times (x 66B)
Class org.codehaus.groovy.reflection.CachedConstructor                                : loaded 2 times (x 84B)
Class org.codehaus.groovy.runtime.dgmimpl.arrays.ByteArrayPutAtMetaMethod             : loaded 2 times (x 93B)
Class org.codehaus.groovy.util.ReferenceType$HardRef                                  : loaded 2 times (x 76B)
Class com.android.resources.KeyboardState                                             : loaded 2 times (x 82B)
Class com.android.ide.common.rendering.api.AttrResourceValueImpl                      : loaded 2 times (x 118B)
Class com.android.utils.PositionXmlParser$AbstractParserPool                          : loaded 2 times (x 66B)
Class kotlin.reflect.jvm.internal.impl.name.StandardClassIdsKt                        : loaded 2 times (x 67B)
Class it.unimi.dsi.fastutil.ints.IntArrays$ForkJoinQuickSort2                         : loaded 2 times (x 92B)
Class it.unimi.dsi.fastutil.objects.ObjectBidirectionalIterator                       : loaded 2 times (x 66B)
Class kotlin.reflect.jvm.internal.impl.builtins.jvm.JavaToKotlinClassMap              : loaded 2 times (x 67B)
Class kotlin.reflect.jvm.internal.KotlinReflectionInternalError                       : loaded 2 times (x 78B)
Class it.unimi.dsi.fastutil.ints.Int2ObjectMap$FastEntrySet                           : loaded 2 times (x 66B)
Class com.android.tools.lint.model.DefaultLintModelVariant$artifact$2                 : loaded 2 times (x 75B)
Class com.android.tools.lint.model.LintModelMavenName$Companion                       : loaded 2 times (x 67B)
Class org.apache.commons.io.output.NullOutputStream                                   : loaded 2 times (x 81B)
Class org.gradle.api.internal.classpath.Module                                        : loaded 2 times (x 66B)
Class kotlin.reflect.jvm.internal.impl.name.FqNamesUtilKt                             : loaded 2 times (x 67B)
Class kotlin.io.path.PathsKt                                                          : loaded 2 times (x 67B)
Class com.google.common.collect.ImmutableMapEntry$NonTerminalImmutableBiMapEntry      : loaded 2 times (x 81B)
Class kotlinx.coroutines.internal.DispatchedContinuationKt                            : loaded 2 times (x 67B)
Class kotlin.collections.builders.AbstractMapBuilderEntrySet                          : loaded 2 times (x 140B)
Class androidx.fragment.lint.UnsafeRepeatOnLifecycleDetector$Companion                : loaded 2 times (x 67B)
Class build_6wkpm5hiy6vgr2v4d5rsnd1qa$_run_closure1                                   : loaded 2 times (x 135B)
Class ijJvmDebugger1_a5jdts4wsytq3dvifahvfjugx$_run_closure1$_closure2                : loaded 2 times (x 136B)
Class com.google.protobuf.ByteString$BoundedByteString                                : loaded 2 times (x 102B)
Class com.google.wireless.android.sdk.stats.JvmDetails$Builder                        : loaded 2 times (x 311B)
Class com.google.wireless.android.sdk.stats.GarbageCollectionStats                    : loaded 2 times (x 197B)
Class com.google.wireless.android.sdk.stats.AdbServerStatus                           : loaded 2 times (x 203B)
Class com.google.wireless.android.sdk.stats.IDeviceUsageEvent                         : loaded 2 times (x 195B)
Class com.google.wireless.android.sdk.stats.SmlTransformEventOrBuilder                : loaded 2 times (x 66B)
Class com.google.protobuf.ExtensionRegistry$ExtensionInfo                             : loaded 2 times (x 68B)
Class org.codehaus.groovy.runtime.GroovyCategorySupport$MyThreadLocal                 : loaded 2 times (x 82B)
Class groovy.lang.TrampolineClosure                                                   : loaded 2 times (x 128B)
Class org.codehaus.groovy.runtime.memoize.MemoizeCache                                : loaded 2 times (x 66B)
Class kotlin.sequences.DropSequence$iterator$1                                        : loaded 2 times (x 75B)
Class com.google.common.collect.AbstractMultimap$Values                               : loaded 2 times (x 114B)
Class [Lcom.android.resources.GrammaticalGender;                                      : loaded 2 times (x 65B)
Class com.android.ide.common.resources.configuration.VersionQualifier$Companion       : loaded 2 times (x 67B)
Class com.android.utils.PositionXmlParser$ReleasableParserContainer                   : loaded 2 times (x 72B)
Class it.unimi.dsi.fastutil.ints.IntOpenHashSet                                       : loaded 2 times (x 235B)
Class kotlin.reflect.jvm.internal.KClassImpl$Data$$Lambda$0                           : loaded 2 times (x 72B)
Class kotlin.reflect.jvm.internal.KClassifierImpl                                     : loaded 2 times (x 66B)
Class kotlin.collections.CharIterator                                                 : loaded 2 times (x 78B)
Class com.google.common.cache.Weigher                                                 : loaded 2 times (x 66B)
Class org.gradle.api.internal.classpath.UnknownModuleException                        : loaded 2 times (x 78B)
Class org.codehaus.groovy.ast.expr.ConstantExpression                                 : loaded 2 times (x 130B)
Class org.codehaus.groovy.runtime.metaclass.MethodMetaProperty$GetBeanMethodMetaProperty: loaded 2 times (x 74B)
Class org.codehaus.groovy.runtime.metaclass.MetaMethodIndex$Entry                     : loaded 2 times (x 68B)
Class kotlinx.coroutines.JobCancellingNode                                            : loaded 2 times (x 86B)
Class kotlinx.coroutines.internal.LockFreeTaskQueueCore                               : loaded 2 times (x 68B)
Class androidx.lifecycle.lint.LiveDataCoreIssueRegistry                               : loaded 2 times (x 79B)
Class build_6wkpm5hiy6vgr2v4d5rsnd1qa$_run_closure2                                   : loaded 2 times (x 135B)
Class com.google.wireless.android.sdk.stats.ApkAnalyzerStats                          : loaded 2 times (x 195B)
Class com.google.gson.stream.JsonReader$1                                             : loaded 2 times (x 68B)
Class [Lorg.codehaus.groovy.util.AbstractConcurrentMapBase$Segment;                   : loaded 2 times (x 65B)
Class [Lorg.codehaus.groovy.ast.NodeMetaDataHandler;                                  : loaded 2 times (x 65B)
Class org.codehaus.groovy.runtime.dgmimpl.arrays.IntegerArrayPutAtMetaMethod          : loaded 2 times (x 93B)
Class org.codehaus.groovy.ast.expr.ListExpression                                     : loaded 2 times (x 128B)
Class [Lorg.codehaus.groovy.reflection.CachedClass;                                   : loaded 2 times (x 65B)
Class org.codehaus.groovy.util.LazyReference                                          : loaded 2 times (x 77B)
Class com.android.ide.common.resources.configuration.TouchScreenQualifier             : loaded 2 times (x 86B)
Class kotlin.reflect.jvm.internal.KClassImpl$Data$$Lambda$1                           : loaded 2 times (x 72B)
Class org.jetbrains.kotlin.config.ApiVersion                                          : loaded 2 times (x 82B)
Class com.android.prefs.VariableValue                                                 : loaded 2 times (x 80B)
Class com.android.prefs.AbstractAndroidLocations$Companion                            : loaded 2 times (x 67B)
Class org.apache.commons.io.Charsets                                                  : loaded 2 times (x 67B)
Class com.google.common.base.Stopwatch                                                : loaded 2 times (x 68B)
Class com.google.common.cache.LocalCache$Strength                                     : loaded 2 times (x 77B)
Class com.google.common.cache.Cache                                                   : loaded 2 times (x 66B)
Class org.jetbrains.kotlin.build.report.metrics.BuildMetricsReporter                  : loaded 2 times (x 66B)
Class org.codehaus.groovy.ast.CompileUnit$ConstructedOuterNestedClassNode             : loaded 2 times (x 241B)
Class kotlin.coroutines.CombinedContext                                               : loaded 2 times (x 74B)
Class com.google.protobuf.CodedOutputStream$ByteOutputEncoder                         : loaded 2 times (x 106B)
Class com.google.wireless.android.sdk.stats.TestRecorderDetails                       : loaded 2 times (x 193B)
Class com.google.wireless.android.sdk.stats.ApkDebugProject                           : loaded 2 times (x 193B)
Class com.google.wireless.android.sdk.stats.SdkIndexProjectStatsOrBuilder             : loaded 2 times (x 66B)
Class com.google.wireless.android.sdk.stats.SigningWizardEventOrBuilder               : loaded 2 times (x 66B)
Class [Lgroovyjarjarasm.asm.SymbolTable$Entry;                                        : loaded 2 times (x 65B)
Class groovyjarjarasm.asm.ClassTooLargeException                                      : loaded 2 times (x 79B)
Class org.codehaus.groovy.runtime.dgmimpl.arrays.ObjectArrayPutAtMetaMethod           : loaded 2 times (x 93B)
Class org.codehaus.groovy.runtime.MethodClosure                                       : loaded 2 times (x 131B)
Class org.codehaus.groovy.ast.ASTNode                                                 : loaded 2 times (x 100B)
Class org.codehaus.groovy.reflection.GroovyClassValue$ComputeValue                    : loaded 2 times (x 66B)
Class com.android.ide.common.rendering.api.ResourceNamespace$ResAutoNamespace         : loaded 2 times (x 76B)
Class com.google.protobuf.GeneratedMessage$GeneratedExtension                         : loaded 2 times (x 83B)
Class kotlin.reflect.jvm.internal.KPackageImpl$$Lambda$0                              : loaded 2 times (x 72B)
Class com.google.common.io.Files$2                                                    : loaded 2 times (x 72B)
Class kotlin.reflect.jvm.internal.KClassImpl$Data$$Lambda$2                           : loaded 2 times (x 72B)
Class com.android.tools.lint.model.LintModelAndroidArtifact                           : loaded 2 times (x 66B)
Class [Lcom.android.tools.lint.model.LintModelSerialization$TargetFile;               : loaded 2 times (x 65B)
Class com.google.protobuf.UnsafeUtil$MemoryAccessor                                   : loaded 2 times (x 87B)
Class com.google.common.io.AppendableWriter                                           : loaded 2 times (x 96B)
Class com.google.common.collect.AbstractMultimap$Entries                              : loaded 2 times (x 116B)
Class org.apache.commons.io.filefilter.IOFileFilter                                   : loaded 2 times (x 66B)
Class com.google.common.util.concurrent.AbstractFuture$Cancellation                   : loaded 2 times (x 68B)
Class org.jetbrains.org.objectweb.asm.FieldWriter                                     : loaded 2 times (x 74B)
Class com.google.wireless.android.sdk.stats.AppInspectionEventOrBuilder               : loaded 2 times (x 66B)
Class kotlin.io.ByteStreamsKt                                                         : loaded 2 times (x 67B)
Class com.google.wireless.android.sdk.stats.WearPairingEventOrBuilder                 : loaded 2 times (x 66B)
Class com.google.wireless.android.sdk.stats.JvmDetails$GarbageCollector               : loaded 2 times (x 83B)
Class com.google.wireless.android.sdk.stats.GarbageCollectionStats$Builder            : loaded 2 times (x 297B)
Class com.google.wireless.android.sdk.stats.SuppressedSyncEvent                       : loaded 2 times (x 193B)
Class com.google.wireless.android.sdk.stats.UpgradeAssistantComponentEvent            : loaded 2 times (x 211B)
Class com.google.wireless.android.sdk.stats.MotionLayoutEditorEventOrBuilder          : loaded 2 times (x 66B)
Class com.google.wireless.android.sdk.stats.GradlePluginDslUsageStatsOrBuilder        : loaded 2 times (x 66B)
Class org.codehaus.groovy.ast.expr.DeclarationExpression                              : loaded 2 times (x 133B)
Class com.google.wireless.android.sdk.stats.DeviceMirroringSessionOrBuilder           : loaded 2 times (x 66B)
Class [Lkotlin.reflect.jvm.internal.impl.builtins.PrimitiveType;                      : loaded 2 times (x 65B)
Class kotlin.reflect.jvm.internal.impl.builtins.StandardNames                         : loaded 2 times (x 67B)
Class kotlin.reflect.jvm.internal.KClassImpl$Data$$Lambda$3                           : loaded 2 times (x 72B)
Class kotlin.reflect.jvm.internal.ReflectProperties$LazySoftVal                       : loaded 2 times (x 74B)
Class com.google.common.collect.AbstractMapBasedMultimap$AsMap$AsMapIterator          : loaded 2 times (x 79B)
Class com.google.common.collect.Maps$EntryFunction$1                                  : loaded 2 times (x 87B)
Class com.google.common.base.Present                                                  : loaded 2 times (x 77B)
Class com.google.common.collect.ImmutableMap$IteratorBasedImmutableMap$1EntrySetImpl  : loaded 2 times (x 150B)
Class com.google.common.cache.RemovalListener                                         : loaded 2 times (x 66B)
Class org.gradle.api.internal.DefaultClassPathRegistry                                : loaded 2 times (x 72B)
Class kotlin.jvm.internal.ShortCompanionObject                                        : loaded 2 times (x 67B)
Class com.google.wireless.android.sdk.stats.CreateDiagnosticReportActionOrBuilder     : loaded 2 times (x 66B)
Class com.google.wireless.android.sdk.stats.BuildAttributionUiEventOrBuilder          : loaded 2 times (x 66B)
Class com.google.wireless.android.sdk.stats.WearHealthServicesEventOrBuilder          : loaded 2 times (x 66B)
Class com.google.wireless.android.sdk.stats.StartupEventOrBuilder                     : loaded 2 times (x 66B)
Class com.google.wireless.android.sdk.stats.ApplyChangesAgentError                    : loaded 2 times (x 201B)
Class com.google.wireless.android.sdk.stats.SmlTransformEvent                         : loaded 2 times (x 213B)
Class com.android.tools.analytics.AnalyticsSettings$optedIn$1                         : loaded 2 times (x 74B)
Class org.codehaus.groovy.util.AbstractConcurrentMap$Segment                          : loaded 2 times (x 81B)
Class [Lorg.codehaus.groovy.ast.ClassNode;                                            : loaded 2 times (x 65B)
Class org.codehaus.groovy.ast.GenericsType                                            : loaded 2 times (x 114B)
Class org.codehaus.groovy.runtime.powerassert.PowerAssertionError                     : loaded 2 times (x 78B)
Class groovy.lang.MetaClassRegistryChangeEventListener                                : loaded 2 times (x 66B)
Class org.codehaus.groovy.util.ManagedConcurrentLinkedQueue                           : loaded 2 times (x 80B)
Class kotlin.annotation.AnnotationTarget                                              : loaded 2 times (x 75B)
Class kotlin.reflect.jvm.internal.KClassImpl$Data$$Lambda$4                           : loaded 2 times (x 72B)
Class kotlin.reflect.jvm.internal.KPropertyImpl                                       : loaded 2 times (x 111B)
Class org.jetbrains.kotlin.cli.common.messages.MessageCollector                       : loaded 2 times (x 66B)
Class com.google.wireless.android.sdk.stats.StudioCrashOrBuilder                      : loaded 2 times (x 66B)
Class com.google.wireless.android.sdk.stats.AndroidStudioEvent$2                      : loaded 2 times (x 147B)
Class com.android.sdklib.AndroidApiLevel                                              : loaded 2 times (x 70B)
Class com.android.tools.lint.model.LintModelLintOptions                               : loaded 2 times (x 66B)
Class com.android.prefs.PathLocator$singlePathOf$values$1                             : loaded 2 times (x 75B)
Class com.android.tools.lint.model.PathVariables$Companion$PATH_COMPARATOR$1          : loaded 2 times (x 74B)
Class org.apache.commons.io.file.DeleteOption                                         : loaded 2 times (x 66B)
Class com.google.common.collect.Maps$EntryFunction$2                                  : loaded 2 times (x 87B)
Class com.google.common.reflect.Invokable$ConstructorInvokable                        : loaded 2 times (x 103B)
Class com.google.common.collect.ImmutableMultimap$Keys                                : loaded 2 times (x 162B)
Class org.gradle.api.internal.ClassPathRegistry                                       : loaded 2 times (x 66B)
Class org.gradle.internal.classpath.DefaultClassPath$ImmutableUniqueList              : loaded 2 times (x 195B)
Class org.jetbrains.org.objectweb.asm.ByteVector                                      : loaded 2 times (x 74B)
Class com.google.wireless.android.sdk.stats.JavaProcessStats$1                        : loaded 2 times (x 147B)
Class kotlinx.coroutines.scheduling.CoroutineScheduler$Companion                      : loaded 2 times (x 67B)
Class com.google.common.cache.CacheLoader$FunctionToCacheLoader                       : loaded 2 times (x 71B)
Class kotlinx.coroutines.DispatchedTaskKt                                             : loaded 2 times (x 67B)
Class kotlinx.coroutines.internal.SystemPropsKt__SystemProps_commonKt                 : loaded 2 times (x 67B)
Class kotlinx.coroutines.ThreadContextElement                                         : loaded 2 times (x 66B)
Class com.google.wireless.android.sdk.stats.DeviceExplorerEvent                       : loaded 2 times (x 197B)
Class com.google.wireless.android.sdk.stats.NavSafeArgsEvent                          : loaded 2 times (x 195B)
Class com.google.wireless.android.sdk.stats.WifiPairingEventOrBuilder                 : loaded 2 times (x 66B)
Class org.codehaus.groovy.util.ManagedConcurrentMap$EntryWithValue                    : loaded 2 times (x 88B)
Class org.codehaus.groovy.control.CompilationUnit$ClassgenCallback                    : loaded 2 times (x 66B)
Class com.google.common.collect.ImmutableListMultimap                                 : loaded 2 times (x 172B)
Class com.google.common.collect.Table$Cell                                            : loaded 2 times (x 66B)
Class com.google.common.collect.Maps$IteratorBasedAbstractMap$1                       : loaded 2 times (x 134B)
Class com.google.common.reflect.Types$ParameterizedTypeImpl                           : loaded 2 times (x 77B)
Class com.android.ide.common.resources.configuration.NetworkCodeQualifier             : loaded 2 times (x 84B)
Class kotlin.reflect.jvm.internal.impl.resolve.jvm.JvmPrimitiveType                   : loaded 2 times (x 75B)
Class kotlin.reflect.jvm.internal.KClassImpl$Data$$Lambda$5                           : loaded 2 times (x 72B)
Class kotlin.reflect.jvm.internal.ComputableClassValue                                : loaded 2 times (x 76B)
Class it.unimi.dsi.fastutil.ints.Int2ObjectOpenHashMap                                : loaded 2 times (x 218B)
Class com.android.prefs.PathLocator$singlePathOf$values$2                             : loaded 2 times (x 74B)
Class com.android.tools.lint.model.PathVariables$Companion$PATH_COMPARATOR$2          : loaded 2 times (x 74B)
Class org.apache.commons.io.IOUtils                                                   : loaded 2 times (x 67B)
Class com.google.common.reflect.TypeToken                                             : loaded 2 times (x 69B)
Class org.jetbrains.kotlin.name.FqNameUnsafe$Companion                                : loaded 2 times (x 67B)
Class org.apache.commons.io.output.UnsynchronizedByteArrayOutputStream                : loaded 2 times (x 98B)
Class com.android.tools.lint.model.DefaultLintModelArtifact                           : loaded 2 times (x 80B)
Class it.unimi.dsi.fastutil.objects.ReferenceCollection                               : loaded 2 times (x 66B)
Class ijKotlinCoroutineJvmDebugInit1_5whmnp10qzqejvcntodbxxhw9$_run_closure1          : loaded 2 times (x 135B)
Class ijJvmDebugger1_a5jdts4wsytq3dvifahvfjugx$_run_closure1                          : loaded 2 times (x 135B)
Class com.google.protobuf.ByteString$LiteralByteString                                : loaded 2 times (x 102B)
Class com.google.wireless.android.sdk.stats.SdkIndexLoadingDetails                    : loaded 2 times (x 193B)
Class com.google.wireless.android.sdk.stats.BuildAttributionStatsOrBuilder            : loaded 2 times (x 66B)
Class com.google.gson.internal.bind.JsonTreeWriter                                    : loaded 2 times (x 94B)
Class com.google.protobuf.Utf8$UnsafeProcessor                                        : loaded 2 times (x 73B)
Class com.google.protobuf.UnknownFieldSet$Parser                                      : loaded 2 times (x 146B)
Class org.codehaus.groovy.ast.stmt.IfStatement                                        : loaded 2 times (x 112B)
Class org.codehaus.groovy.runtime.metaclass.ClosureMetaMethod                         : loaded 2 times (x 99B)
Class org.codehaus.groovy.runtime.MethodKey                                           : loaded 2 times (x 75B)
Class org.codehaus.groovy.util.ManagedReference                                       : loaded 2 times (x 72B)
Class com.android.resources.UiMode                                                    : loaded 2 times (x 83B)
Class kotlin.reflect.jvm.internal.impl.name.StandardClassIds                          : loaded 2 times (x 67B)
Class it.unimi.dsi.fastutil.longs.LongCollection                                      : loaded 2 times (x 66B)
Class kotlin.io.path.PathsKt__PathUtilsKt                                             : loaded 2 times (x 67B)
Class kotlin.reflect.jvm.internal.KClassImpl$Data$$Lambda$6                           : loaded 2 times (x 72B)
Class com.android.tools.lint.model.PathVariables$Companion$PATH_COMPARATOR$3          : loaded 2 times (x 74B)
Class com.google.common.cache.RemovalCause                                            : loaded 2 times (x 76B)
Class com.google.common.cache.CacheBuilder                                            : loaded 2 times (x 68B)
Class org.gradle.internal.classpath.ClassPath                                         : loaded 2 times (x 66B)
Class org.gradle.api.UncheckedIOException                                             : loaded 2 times (x 78B)
Class org.jetbrains.kotlin.load.kotlin.FileBasedKotlinClass$1                         : loaded 2 times (x 84B)
Class it.unimi.dsi.fastutil.longs.LongSet                                             : loaded 2 times (x 66B)
Class com.android.utils.PositionXmlParser                                             : loaded 2 times (x 67B)
Class com.google.common.collect.Tables$AbstractCell                                   : loaded 2 times (x 77B)
Class com.android.tools.analytics.HostData$classLoadingBean$2                         : loaded 2 times (x 74B)
Class com.google.wireless.android.sdk.stats.DaggerEditorEvent                         : loaded 2 times (x 201B)
Class com.google.wireless.android.sdk.stats.SmlCompletionRequestErrorEvent            : loaded 2 times (x 195B)
Class com.google.wireless.android.sdk.stats.UiToolsPreferencesEventOrBuilder          : loaded 2 times (x 66B)
Class com.google.wireless.android.sdk.stats.GradlePluginUpgradeDialogStatsOrBuilder   : loaded 2 times (x 66B)
Class com.google.wireless.android.sdk.stats.AdbDelegateUsageEventOrBuilder            : loaded 2 times (x 66B)
Class com.android.tools.analytics.JournalingUsageTracker$scheduleJournalTimeout$1     : loaded 2 times (x 71B)
Class org.codehaus.groovy.runtime.memoize.EvictableCache$Action                       : loaded 2 times (x 66B)
Class groovy.lang.SpreadMap                                                           : loaded 2 times (x 131B)
Class kotlin.sequences.TakeWhileSequence$iterator$1                                   : loaded 2 times (x 75B)
Class kotlin.sequences.DropSequence                                                   : loaded 2 times (x 75B)
Class it.unimi.dsi.fastutil.objects.Object2IntMap$FastEntrySet                        : loaded 2 times (x 66B)
Class [Lkotlin.annotation.AnnotationTarget;                                           : loaded 2 times (x 65B)
Class kotlin.reflect.jvm.internal.KPackageImpl                                        : loaded 2 times (x 81B)
Class groovy.lang.Writable                                                            : loaded 2 times (x 66B)
Class [Lkotlin.reflect.jvm.internal.impl.name.FqName;                                 : loaded 2 times (x 65B)
Class kotlin.reflect.jvm.internal.KClassImpl$Data$$Lambda$7                           : loaded 2 times (x 72B)
Class com.android.tools.lint.model.PathVariables$Companion$PATH_COMPARATOR$4          : loaded 2 times (x 74B)
Class groovy.lang.MetaObjectProtocol                                                  : loaded 2 times (x 66B)
Class [Lcom.google.common.reflect.Types$JavaVersion;                                  : loaded 2 times (x 65B)
Class com.google.common.collect.Interners$InternerBuilder                             : loaded 2 times (x 72B)
Class org.jetbrains.kotlin.load.kotlin.FileBasedKotlinClass$2                         : loaded 2 times (x 84B)
Class org.codehaus.groovy.vmplugin.VMPluginFactory                                    : loaded 2 times (x 67B)
Class org.codehaus.groovy.ast.FieldNode                                               : loaded 2 times (x 158B)
Class groovy.lang.MetaClassImpl$9                                                     : loaded 2 times (x 73B)
Class [Lkotlinx.coroutines.CoroutineStart;                                            : loaded 2 times (x 65B)
Class kotlinx.coroutines.CoroutineDispatcher$Key                                      : loaded 2 times (x 68B)
Class org.codehaus.groovy.ast.expr.CastExpression                                     : loaded 2 times (x 129B)
Class org.codehaus.groovy.control.CompilationUnit$IPrimaryClassNodeOperation          : loaded 2 times (x 66B)
Class com.google.wireless.android.sdk.stats.ParallelAndroidTestReportUiEvent          : loaded 2 times (x 198B)
Class com.google.wireless.android.sdk.stats.InteractivePreviewEvent                   : loaded 2 times (x 201B)
Class com.google.wireless.android.sdk.stats.EditorNotification                        : loaded 2 times (x 191B)
Class com.google.gson.internal.JsonReaderInternalAccess                               : loaded 2 times (x 68B)
Class org.codehaus.groovy.syntax.Types                                                : loaded 2 times (x 67B)
Class org.codehaus.groovy.ast.stmt.ContinueStatement                                  : loaded 2 times (x 107B)
Class org.codehaus.groovy.runtime.InvokerHelper                                       : loaded 2 times (x 67B)
Class org.codehaus.groovy.vmplugin.v8.Java8                                           : loaded 2 times (x 105B)
Class groovy.lang.MetaClassRegistry$MetaClassCreationHandle                           : loaded 2 times (x 70B)
Class com.android.ide.common.rendering.api.ResourceNamespace$Resolver                 : loaded 2 times (x 66B)
Class com.android.ide.common.resources.configuration.VersionQualifier                 : loaded 2 times (x 85B)
Class kotlin.reflect.jvm.internal.KClassImpl$Data$$Lambda$8                           : loaded 2 times (x 72B)
Class it.unimi.dsi.fastutil.objects.ObjectIterable                                    : loaded 2 times (x 66B)
Class com.android.tools.lint.model.DefaultLintModelAndroidLibrary                     : loaded 2 times (x 107B)
Class com.android.sdklib.AndroidApiLevel$Companion                                    : loaded 2 times (x 67B)
Class com.android.prefs.AndroidLocationsProvider                                      : loaded 2 times (x 66B)
Class com.google.errorprone.annotations.DoNotMock                                     : loaded 2 times (x 66B)
Class com.google.common.io.CharStreams$NullWriter                                     : loaded 2 times (x 95B)
Class org.objectweb.asm.SymbolTable$Entry                                             : loaded 2 times (x 70B)
Class com.google.protobuf.AbstractParser                                              : loaded 2 times (x 146B)
Class org.jetbrains.org.objectweb.asm.ClassWriter                                     : loaded 2 times (x 102B)
Class org.jetbrains.kotlin.load.kotlin.FileBasedKotlinClass$3                         : loaded 2 times (x 74B)
Class androidx.startup.lint.InitializerConstructorDetector$Companion                  : loaded 2 times (x 67B)
Class com.google.wireless.android.sdk.stats.JavaProcessStats$Builder                  : loaded 2 times (x 303B)
Class com.google.wireless.android.sdk.stats.JvmDetails                                : loaded 2 times (x 211B)
Class com.google.wireless.android.sdk.stats.AdbDelegateUsageEvent                     : loaded 2 times (x 195B)
Class com.google.wireless.android.sdk.stats.LldbPerformanceStats                      : loaded 2 times (x 195B)
Class com.google.wireless.android.sdk.stats.GradleSyncStats                           : loaded 2 times (x 230B)
Class com.google.wireless.android.sdk.stats.SoongRunEventOrBuilder                    : loaded 2 times (x 66B)
Class com.google.wireless.android.sdk.stats.EditingMetricsEventOrBuilder              : loaded 2 times (x 66B)
Class com.android.tools.analytics.AnalyticsSettingsKt                                 : loaded 2 times (x 67B)
Class com.android.tools.analytics.UsageTracker$listener$1                             : loaded 2 times (x 74B)
Class org.codehaus.groovy.ast.expr.MapExpression                                      : loaded 2 times (x 127B)
Class groovy.lang.Script                                                              : loaded 2 times (x 91B)
Class org.codehaus.groovy.runtime.metaclass.ClosureMetaMethod$AnonymousMetaMethod     : loaded 2 times (x 92B)
Class org.codehaus.groovy.util.ReferenceManager$CallBackedManager                     : loaded 2 times (x 72B)
Class kotlin.jvm.internal.markers.KMutableMap$Entry                                   : loaded 2 times (x 66B)
Class it.unimi.dsi.fastutil.objects.Object2IntOpenHashMap                             : loaded 2 times (x 243B)
Class com.google.common.hash.Hashing$Sha256Holder                                     : loaded 2 times (x 67B)
Class com.android.ide.common.resources.configuration.UiModeQualifier                  : loaded 2 times (x 86B)
Class kotlin.reflect.jvm.internal.KClassImpl$Data$$Lambda$9                           : loaded 2 times (x 72B)
Class org.objectweb.asm.Edge                                                          : loaded 2 times (x 68B)
Class com.google.common.base.Suppliers$SupplierOfInstance                             : loaded 2 times (x 75B)
Class org.jetbrains.kotlin.load.kotlin.FileBasedKotlinClass$4                         : loaded 2 times (x 84B)
Class com.google.wireless.android.sdk.stats.AndroidStudioEvent$1                      : loaded 2 times (x 72B)
Class com.google.wireless.android.sdk.stats.GradleJdkConfigurationEvent               : loaded 2 times (x 191B)
Class com.google.wireless.android.sdk.stats.SdkIndexProjectStats                      : loaded 2 times (x 203B)
Class androidx.lifecycle.lint.RepeatOnLifecycleDetector                               : loaded 2 times (x 167B)
Class kotlinx.coroutines.ExecutorCoroutineDispatcher$Key$1                            : loaded 2 times (x 74B)
Class com.google.devtools.ksp.processing.KSPJvmConfig                                 : loaded 2 times (x 68B)
Class com.google.wireless.android.sdk.stats.MetaMetrics                               : loaded 2 times (x 195B)
Class com.google.wireless.android.sdk.stats.SmlConfigurationEvent                     : loaded 2 times (x 205B)
Class com.google.protobuf.Utf8                                                        : loaded 2 times (x 67B)
Class com.google.protobuf.GeneratedMessageV3                                          : loaded 2 times (x 174B)
Class org.codehaus.groovy.classgen.asm.BytecodeHelper                                 : loaded 2 times (x 67B)
Class org.codehaus.groovy.util.ManagedConcurrentMap$Entry                             : loaded 2 times (x 88B)
Class [Lorg.codehaus.groovy.util.LockableObject;                                      : loaded 2 times (x 65B)
Class org.codehaus.groovy.runtime.callsite.ClassMetaClassGetPropertySite              : loaded 2 times (x 142B)
Class groovy.lang.Tuple                                                               : loaded 2 times (x 202B)
Class org.codehaus.groovy.util.ReferenceType$WeakRef                                  : loaded 2 times (x 82B)
Class org.codehaus.groovy.reflection.stdclasses.BigIntegerCachedClass                 : loaded 2 times (x 91B)
Class groovy.lang.Buildable                                                           : loaded 2 times (x 66B)
Class kotlinx.coroutines.DisposableHandle                                             : loaded 2 times (x 66B)
Class kotlin.text.MatchResult$Destructured                                            : loaded 2 times (x 68B)
Class org.jetbrains.kotlin.resolve.jvm.JvmClassName                                   : loaded 2 times (x 72B)
Class com.google.common.reflect.TypeToken$1                                           : loaded 2 times (x 106B)
Class com.google.common.cache.LocalCache$ComputingValueReference                      : loaded 2 times (x 92B)
Class [Lorg.jetbrains.org.objectweb.asm.SymbolTable$Entry;                            : loaded 2 times (x 65B)
Class org.gradle.internal.classloader.InstrumentingClassLoader                        : loaded 2 times (x 66B)
Class [Lcom.google.wireless.android.sdk.stats.AndroidStudioEvent$EventKind;           : loaded 2 times (x 65B)
Class com.google.wireless.android.sdk.stats.LldbSessionEndDetails                     : loaded 2 times (x 200B)
Class com.google.wireless.android.sdk.stats.SplittingTabsUsageEvent                   : loaded 2 times (x 197B)
Class com.google.wireless.android.sdk.stats.EditingMetricsEvent                       : loaded 2 times (x 199B)
Class com.google.wireless.android.sdk.stats.DebuggerEventOrBuilder                    : loaded 2 times (x 66B)
Class com.google.wireless.android.sdk.stats.PSDEventOrBuilder                         : loaded 2 times (x 66B)
Class com.google.wireless.android.sdk.stats.DaemonCodeAnalyzerFinishedEventOrBuilder  : loaded 2 times (x 66B)
Class com.google.wireless.android.sdk.stats.GfxTracingDetailsOrBuilder                : loaded 2 times (x 66B)
Class com.google.wireless.android.sdk.stats.UiDeviceSettingsEventOrBuilder            : loaded 2 times (x 66B)
Class com.google.wireless.android.sdk.stats.CoroutineDebuggerEventOrBuilder           : loaded 2 times (x 66B)
Class com.google.protobuf.MessageLite$Builder                                         : loaded 2 times (x 66B)
Class org.codehaus.groovy.runtime.metaclass.MetaMethodIndex$CacheEntry                : loaded 2 times (x 68B)
Class org.codehaus.groovy.runtime.dgmimpl.arrays.DoubleArrayGetAtMetaMethod           : loaded 2 times (x 93B)
Class com.android.ide.common.resources.configuration.Configurable                     : loaded 2 times (x 66B)
Class com.google.common.collect.AbstractMapBasedMultimap$AsMap$AsMapEntries           : loaded 2 times (x 134B)
Class com.google.common.reflect.TypeToken$2                                           : loaded 2 times (x 106B)
Class com.google.common.cache.LocalCache$Segment                                      : loaded 2 times (x 150B)
Class org.gradle.internal.classpath.TransformedClassPath                              : loaded 2 times (x 92B)
Class com.google.common.cache.CacheBuilder$NullListener                               : loaded 2 times (x 78B)
Class com.google.common.collect.MapMaker$Dummy                                        : loaded 2 times (x 75B)
Class com.google.wireless.android.sdk.stats.JvmDetails$GarbageCollector$1             : loaded 2 times (x 72B)
Class com.google.wireless.android.sdk.stats.DeviceInfo                                : loaded 2 times (x 232B)
Class com.google.wireless.android.sdk.stats.TestScenarioEvent                         : loaded 2 times (x 200B)
Class com.google.wireless.android.sdk.stats.BrowserSurveyEvent                        : loaded 2 times (x 196B)
Class com.google.wireless.android.sdk.stats.EditorHighlightingStatsOrBuilder          : loaded 2 times (x 66B)
Class com.google.protobuf.Parser                                                      : loaded 2 times (x 66B)
Class org.codehaus.groovy.vmplugin.VMPlugin                                           : loaded 2 times (x 66B)
Class org.codehaus.groovy.reflection.GeneratedMetaMethod$DgmMethodRecord              : loaded 2 times (x 68B)
Class org.objectweb.asm.FieldWriter                                                   : loaded 2 times (x 74B)
Class [Lcom.android.ide.common.resources.DataFile$FileType;                           : loaded 2 times (x 65B)
Class com.android.ide.common.resources.ResourceFile                                   : loaded 2 times (x 83B)
Class com.google.common.reflect.Invokable                                             : loaded 2 times (x 99B)
Class com.android.ide.common.resources.configuration.HighDynamicRangeQualifier        : loaded 2 times (x 87B)
Class com.android.ide.common.resources.configuration.WideGamutColorQualifier          : loaded 2 times (x 87B)
Class com.android.utils.Pair                                                          : loaded 2 times (x 68B)
Class kotlin.reflect.jvm.internal.impl.builtins.functions.FunctionTypeKind            : loaded 2 times (x 68B)
Class kotlin.reflect.jvm.internal.ReflectProperties                                   : loaded 2 times (x 67B)
Class it.unimi.dsi.fastutil.objects.ObjectIterator                                    : loaded 2 times (x 66B)
Class com.android.tools.lint.model.LintModelSeverity$Companion                        : loaded 2 times (x 67B)
Class [Lorg.objectweb.asm.SymbolTable$Entry;                                          : loaded 2 times (x 65B)
Class com.google.common.cache.CacheLoader                                             : loaded 2 times (x 70B)
Class org.gradle.internal.installation.GradleInstallation$1                           : loaded 2 times (x 71B)
Class org.gradle.api.internal.classpath.ModuleRegistry                                : loaded 2 times (x 66B)
Class com.android.ide.common.resources.configuration.CountryCodeQualifier             : loaded 2 times (x 84B)
Class kotlin.jvm.internal.DoubleCompanionObject                                       : loaded 2 times (x 67B)
Class com.google.devtools.ksp.processing.KSPLogger                                    : loaded 2 times (x 66B)
Class com.google.protobuf.ByteString$LeafByteString                                   : loaded 2 times (x 99B)
Class com.google.wireless.android.sdk.stats.GradleSyncIssueOrBuilder                  : loaded 2 times (x 66B)
Class com.google.wireless.android.sdk.stats.StudioRunEvent                            : loaded 2 times (x 230B)
Class com.google.wireless.android.sdk.stats.JniInspectionEvent                        : loaded 2 times (x 197B)
Class com.google.wireless.android.sdk.stats.UserIdResetEvent                          : loaded 2 times (x 191B)
Class com.google.wireless.android.sdk.stats.OSMetricsOrBuilder                        : loaded 2 times (x 66B)
Class com.google.wireless.android.sdk.stats.RunEventOrBuilder                         : loaded 2 times (x 66B)
Class com.google.protobuf.Descriptors$GenericDescriptor                               : loaded 2 times (x 71B)
Class org.codehaus.groovy.transform.trait.Traits                                      : loaded 2 times (x 67B)
Class [Lorg.codehaus.groovy.runtime.metaclass.MetaMethodIndex$Entry;                  : loaded 2 times (x 65B)
Class org.codehaus.groovy.runtime.metaclass.MetaClassRegistryImpl                     : loaded 2 times (x 97B)
Class com.google.common.collect.MapMakerInternalMap$WeakKeyStrongValueEntry$Helper    : loaded 2 times (x 75B)
Class com.android.resources.ResourceType$Kind                                         : loaded 2 times (x 75B)
Class org.apache.groovy.util.SystemUtil                                               : loaded 2 times (x 67B)
Class com.android.ide.common.repository.AgpVersion$PreviewKind$Companion              : loaded 2 times (x 67B)
Class com.android.ProgressManagerAdapter                                              : loaded 2 times (x 69B)
Class org.codehaus.groovy.runtime.metaclass.MissingMethodExecutionFailed              : loaded 2 times (x 88B)
Class org.apache.commons.io.output.NullWriter                                         : loaded 2 times (x 95B)
Class com.google.common.util.concurrent.internal.InternalFutureFailureAccess          : loaded 2 times (x 68B)
Class org.jetbrains.kotlin.name.FqNameUnsafe                                          : loaded 2 times (x 68B)
Class groovy.lang.MetaClassImpl$8                                                     : loaded 2 times (x 73B)
Class org.codehaus.groovy.runtime.metaclass.MetaMethodIndex$EntryIterator             : loaded 2 times (x 66B)
Class kotlinx.coroutines.Job$Key                                                      : loaded 2 times (x 67B)
Class kotlinx.coroutines.DefaultExecutor                                              : loaded 2 times (x 116B)
Class androidx.startup.lint.EnsureInitializerMetadataDetector                         : loaded 2 times (x 176B)
Class com.google.wireless.android.sdk.stats.GeminiAdvertiserEvent                     : loaded 2 times (x 193B)
Class com.google.wireless.android.sdk.stats.FileTypeOrBuilder                         : loaded 2 times (x 66B)
Class com.google.wireless.android.sdk.stats.AndroidProfilerEventOrBuilder             : loaded 2 times (x 66B)
Class com.google.wireless.android.sdk.stats.CppHeadersViewEventOrBuilder              : loaded 2 times (x 66B)
Class com.google.wireless.android.sdk.stats.FirebaseContextDetailsOrBuilder           : loaded 2 times (x 66B)
Class com.google.wireless.android.sdk.stats.ManifestMergerStatsOrBuilder              : loaded 2 times (x 66B)
Class com.google.wireless.android.sdk.stats.LiveLiteralsEventOrBuilder                : loaded 2 times (x 66B)
Class com.google.common.hash.MessageDigestHashFunction                                : loaded 2 times (x 92B)
Class com.google.protobuf.AbstractMessageLite                                         : loaded 2 times (x 97B)
Class org.codehaus.groovy.control.ResolveVisitor$ConstructedNestedClass               : loaded 2 times (x 239B)
Class org.codehaus.groovy.runtime.metaclass.MethodHelper                              : loaded 2 times (x 67B)
Class groovy.lang.MetaClassImpl$MetaConstructor                                       : loaded 2 times (x 92B)
Class org.codehaus.groovy.runtime.metaclass.MethodMetaProperty                        : loaded 2 times (x 74B)
Class org.codehaus.groovy.runtime.dgmimpl.arrays.ByteArrayGetAtMetaMethod             : loaded 2 times (x 93B)
Class org.codehaus.groovy.reflection.ClassInfo$1                                      : loaded 2 times (x 72B)
Class [Lorg.jetbrains.org.objectweb.asm.Type;                                         : loaded 2 times (x 65B)
Class org.codehaus.groovy.util.AbstractConcurrentMap                                  : loaded 2 times (x 78B)
Class kotlin.reflect.jvm.internal.KDeclarationContainerImpl                           : loaded 2 times (x 80B)
Class kotlin.text.RegexKt                                                             : loaded 2 times (x 67B)
Class org.codehaus.groovy.control.messages.SyntaxErrorMessage                         : loaded 2 times (x 70B)
Class com.google.common.collect.Iterators$6                                           : loaded 2 times (x 77B)
Class com.google.common.collect.ImmutableMultimap$Values                              : loaded 2 times (x 122B)
Class com.google.common.cache.LocalCache$LocalManualCache$1                           : loaded 2 times (x 71B)
Class org.codehaus.groovy.runtime.wrappers.PojoWrapper                                : loaded 2 times (x 84B)
Class com.google.wireless.android.sdk.stats.SdkIndexLibraryDetailsOrBuilder           : loaded 2 times (x 66B)
Class com.google.wireless.android.sdk.stats.CMakeEditingEventOrBuilder                : loaded 2 times (x 66B)
Class com.google.wireless.android.sdk.stats.StartupPerformanceFrameBecameVisibleEvent : loaded 2 times (x 195B)
Class com.google.wireless.android.sdk.stats.GoogleLoginPluginEvent                    : loaded 2 times (x 199B)
Class com.google.wireless.android.sdk.stats.FileUsageOrBuilder                        : loaded 2 times (x 66B)
Class com.google.wireless.android.sdk.stats.SentimentSurveyEventOrBuilder             : loaded 2 times (x 66B)
Class com.google.wireless.android.sdk.stats.StudioPerformanceStatsOrBuilder           : loaded 2 times (x 66B)
Class com.google.wireless.android.sdk.stats.GradleJdkInvalidEventOrBuilder            : loaded 2 times (x 66B)
Class [Lorg.codehaus.groovy.ast.MixinNode;                                            : loaded 2 times (x 65B)
Class org.codehaus.groovy.control.CompilationUnit$ISourceUnitOperation                : loaded 2 times (x 66B)
Class org.codehaus.groovy.reflection.stdclasses.ArrayCachedClass                      : loaded 2 times (x 91B)
Class org.codehaus.groovy.reflection.stdclasses.BigDecimalCachedClass                 : loaded 2 times (x 91B)
Class com.google.common.collect.Multimaps$CustomListMultimap                          : loaded 2 times (x 170B)
Class com.android.resources.HighDynamicRange                                          : loaded 2 times (x 82B)
Class com.android.ide.common.resources.configuration.NavigationStateQualifier         : loaded 2 times (x 86B)
Class com.android.utils.PositionXmlParser$SaxParserPool                               : loaded 2 times (x 75B)
Class [Lcom.android.prefs.Global;                                                     : loaded 2 times (x 65B)
Class com.google.wireless.android.sdk.stats.GfxTracingDetails                         : loaded 2 times (x 208B)
Class com.google.protobuf.ByteString$ByteArrayCopier                                  : loaded 2 times (x 66B)
Class com.google.common.collect.Multimaps$CustomSetMultimap                           : loaded 2 times (x 174B)
Class org.gradle.api.internal.classpath.DefaultModuleRegistry                         : loaded 2 times (x 82B)
Class com.google.protobuf.CodedOutputStream$HeapNioEncoder                            : loaded 2 times (x 107B)
Class org.jetbrains.org.objectweb.asm.AnnotationWriter                                : loaded 2 times (x 75B)
Class org.jetbrains.kotlin.load.kotlin.KotlinJvmBinaryClass$AnnotationVisitor         : loaded 2 times (x 66B)
Class jdk.internal.jimage.ImageReader$LinkNode                                        : loaded 2 times (x 80B)
Class com.google.common.cache.LocalCache$Strength$3                                   : loaded 2 times (x 77B)
Class org.jetbrains.kotlin.build.report.metrics.GradleBuildTime$Companion             : loaded 2 times (x 67B)
Class com.google.common.collect.Interner                                              : loaded 2 times (x 66B)
Class com.google.common.collect.Interners$InternerImpl                                : loaded 2 times (x 71B)
Class [Lcom.google.common.collect.Maps$EntryFunction;                                 : loaded 2 times (x 65B)
Class kotlinx.coroutines.EventLoop                                                    : loaded 2 times (x 101B)
Class kotlin.collections.AbstractSet                                                  : loaded 2 times (x 131B)
Class androidx.fragment.lint.UseGetLayoutInflater                                     : loaded 2 times (x 166B)
Class com.google.protobuf.CodedOutputStream$ArrayEncoder                              : loaded 2 times (x 106B)
Class com.google.wireless.android.sdk.stats.ScreenshotTestComposePreviewEvent         : loaded 2 times (x 198B)
Class com.google.wireless.android.sdk.stats.SmlCompletionEvent                        : loaded 2 times (x 206B)
Class com.google.wireless.android.sdk.stats.AdbAssistantStats                         : loaded 2 times (x 191B)
Class com.google.wireless.android.sdk.stats.ScreenshotTestComposePreviewEventOrBuilder: loaded 2 times (x 66B)
Class groovyjarjarasm.asm.SymbolTable                                                 : loaded 2 times (x 68B)
Class org.codehaus.groovy.control.messages.Message                                    : loaded 2 times (x 68B)
Class org.codehaus.groovy.runtime.metaclass.MissingMethodExceptionNoStack             : loaded 2 times (x 88B)
Class org.codehaus.groovy.runtime.dgmimpl.arrays.IntegerArrayGetAtMetaMethod          : loaded 2 times (x 93B)
Class groovy.lang.Closure$WritableClosure                                             : loaded 2 times (x 133B)
Class org.codehaus.groovy.util.ReferenceType$SoftRef                                  : loaded 2 times (x 82B)
Class org.codehaus.groovy.runtime.GStringImpl                                         : loaded 2 times (x 159B)
Class [Lcom.android.resources.Keyboard;                                               : loaded 2 times (x 65B)
Class com.android.resources.ScreenRatio                                               : loaded 2 times (x 82B)
Class [Lcom.android.ide.common.resources.configuration.ResourceQualifier;             : loaded 2 times (x 65B)
Class kotlin.reflect.jvm.internal.impl.name.SpecialNames                              : loaded 2 times (x 67B)
Class kotlin.reflect.jvm.internal.impl.builtins.functions.FunctionTypeKind$KFunction  : loaded 2 times (x 68B)
Class com.android.tools.lint.model.LintModelSerialization$TargetFile                  : loaded 2 times (x 75B)
Class [Lcom.android.tools.lint.model.LintModelNamespacingMode;                        : loaded 2 times (x 65B)
Class com.android.tools.lint.model.LintModelModuleLibrary                             : loaded 2 times (x 66B)
Class com.google.common.util.concurrent.ListenableFuture                              : loaded 2 times (x 66B)
Class com.google.common.cache.ReferenceEntry                                          : loaded 2 times (x 66B)
Class jdk.internal.jimage.BasicImageReader$2                                          : loaded 2 times (x 73B)
Class it.unimi.dsi.fastutil.ints.IntIterator                                          : loaded 2 times (x 66B)
Class kotlin.properties.NotNullVar                                                    : loaded 2 times (x 75B)
Class org.objectweb.asm.Handle                                                        : loaded 2 times (x 68B)
Class com.google.wireless.android.sdk.stats.TestRun                                   : loaded 2 times (x 219B)
Class com.google.wireless.android.sdk.stats.OptOutOfMetrics                           : loaded 2 times (x 189B)
Class com.google.wireless.android.sdk.stats.EmulatorDetails                           : loaded 2 times (x 299B)
Class com.google.wireless.android.sdk.stats.HypervisorOrBuilder                       : loaded 2 times (x 66B)
Class com.google.common.hash.HashFunction                                             : loaded 2 times (x 66B)
Class com.google.gson.Strictness                                                      : loaded 2 times (x 75B)
Class org.codehaus.groovy.runtime.m12n.ExtensionModuleScanner                         : loaded 2 times (x 70B)
Class org.codehaus.groovy.runtime.dgmimpl.arrays.ObjectArrayGetAtMetaMethod           : loaded 2 times (x 93B)
Class org.codehaus.groovy.ast.expr.ClassExpression                                    : loaded 2 times (x 123B)
Class [Lcom.android.resources.TouchScreen;                                            : loaded 2 times (x 65B)
Class org.codehaus.groovy.reflection.GroovyClassValue                                 : loaded 2 times (x 66B)
Class org.codehaus.groovy.GroovyBugError                                              : loaded 2 times (x 80B)
Class [Lcom.android.resources.ResourceFolderType;                                     : loaded 2 times (x 65B)
Class org.codehaus.groovy.reflection.GeneratedMetaMethod                              : loaded 2 times (x 92B)
Class com.android.tools.lint.model.LintModelSerialization                             : loaded 2 times (x 72B)
Class com.google.common.collect.ImmutableMapValues                                    : loaded 2 times (x 122B)
Class com.google.common.util.concurrent.AbstractFuture                                : loaded 2 times (x 102B)
Class groovy.lang.MetaClassImpl$7                                                     : loaded 2 times (x 73B)
Class org.codehaus.groovy.transform.ErrorCollecting                                   : loaded 2 times (x 66B)
Class groovy.grape.GrapeEngine                                                        : loaded 2 times (x 66B)
Class com.google.wireless.android.sdk.stats.CommitMetricsEvent                        : loaded 2 times (x 195B)
Class com.google.wireless.android.sdk.stats.ProjectViewDefaultViewEventOrBuilder      : loaded 2 times (x 66B)
Class com.google.wireless.android.sdk.stats.GradleBuildProfileOrBuilder               : loaded 2 times (x 66B)
Class com.google.common.hash.HashCode                                                 : loaded 2 times (x 76B)
Class groovyjarjarasm.asm.FieldVisitor                                                : loaded 2 times (x 73B)
Class org.codehaus.groovy.ast.ClassNode$MapOfLists                                    : loaded 2 times (x 71B)
Class org.codehaus.groovy.ast.stmt.ForStatement                                       : loaded 2 times (x 118B)
Class org.codehaus.groovy.ast.expr.LambdaExpression                                   : loaded 2 times (x 131B)
Class org.codehaus.groovy.ast.ClassCodeExpressionTransformer                          : loaded 2 times (x 211B)
Class org.codehaus.groovy.ast.Variable                                                : loaded 2 times (x 66B)
Class com.google.common.reflect.TypeResolver$TypeTable                                : loaded 2 times (x 69B)
Class com.google.common.io.CharStreams                                                : loaded 2 times (x 67B)
Class com.google.common.collect.ImmutableMultiset                                     : loaded 2 times (x 159B)
Class org.objectweb.asm.RecordComponentVisitor                                        : loaded 2 times (x 73B)
Class com.google.common.cache.CacheLoader$SupplierToCacheLoader                       : loaded 2 times (x 71B)
Class [Lgroovyjarjarasm.asm.Symbol;                                                   : loaded 2 times (x 65B)
Class com.google.protobuf.MessageLiteOrBuilder                                        : loaded 2 times (x 66B)
Class com.google.protobuf.Internal$FloatList                                          : loaded 2 times (x 66B)
Class com.google.protobuf.Internal$BooleanList                                        : loaded 2 times (x 66B)
Class com.google.protobuf.InvalidProtocolBufferException$InvalidWireTypeException     : loaded 2 times (x 84B)
Class com.google.wireless.android.sdk.stats.BuildOutputWindowStatsOrBuilder           : loaded 2 times (x 66B)
Class kotlinx.coroutines.ChildJob                                                     : loaded 2 times (x 66B)
Class kotlinx.coroutines.scheduling.TasksKt                                           : loaded 2 times (x 67B)
Class kotlinx.coroutines.internal.SystemPropsKt__SystemPropsKt                        : loaded 2 times (x 67B)
Class androidx.fragment.lint.UseRequireInsteadOfGet                                   : loaded 2 times (x 166B)
Class com.google.wireless.android.sdk.stats.GradleDaemonJvmCriteriaErrorEvent         : loaded 2 times (x 191B)
Class com.google.wireless.android.sdk.stats.DeviceManagerEvent                        : loaded 2 times (x 193B)
Class com.google.wireless.android.sdk.stats.SoongRunEvent                             : loaded 2 times (x 200B)
Class com.google.wireless.android.sdk.stats.StudioDeprecationNotificationEventOrBuilder: loaded 2 times (x 66B)
Class com.google.protobuf.SingleFieldBuilderV3                                        : loaded 2 times (x 80B)
Class com.google.protobuf.IterableByteBufferInputStream                               : loaded 2 times (x 88B)
Class org.codehaus.groovy.control.io.NullWriter                                       : loaded 2 times (x 95B)
Class groovy.lang.GroovyClassLoader                                                   : loaded 2 times (x 138B)
Class org.codehaus.groovy.runtime.dgmimpl.arrays.LongArrayPutAtMetaMethod             : loaded 2 times (x 93B)
Class org.codehaus.groovy.runtime.dgmimpl.arrays.ArrayMetaMethod                      : loaded 2 times (x 93B)
Class com.android.ide.common.rendering.api.StyleableResourceValue                     : loaded 2 times (x 66B)
Class org.jetbrains.kotlin.cli.common.CompilerSystemProperties$value$1                : loaded 2 times (x 121B)
Class kotlin.text.MatchNamedGroupCollection                                           : loaded 2 times (x 66B)
Class com.google.wireless.android.sdk.stats.ProjectViewSelectionChangeEventOrBuilder  : loaded 2 times (x 66B)
Class com.google.common.reflect.TypeResolver$TypeTable$1                              : loaded 2 times (x 69B)
Class org.gradle.internal.service.ServiceLookupException                              : loaded 2 times (x 78B)
Class com.google.wireless.android.sdk.stats.KotlinGradlePerformanceOrBuilder          : loaded 2 times (x 66B)
Class com.google.wireless.android.sdk.stats.TypingLatencyStats                        : loaded 2 times (x 197B)
Class com.google.wireless.android.sdk.stats.RunFinishData                             : loaded 2 times (x 193B)
Class kotlinx.coroutines.ChildHandleNode                                              : loaded 2 times (x 90B)
Class kotlinx.coroutines.scheduling.SchedulerCoroutineDispatcher                      : loaded 2 times (x 104B)
Class com.google.protobuf.NioByteString                                               : loaded 2 times (x 100B)
Class com.google.wireless.android.sdk.stats.DeviceMirroringAbnormalAgentTermination   : loaded 2 times (x 193B)
Class com.google.wireless.android.sdk.stats.DeclarativeWatchFaceEvent                 : loaded 2 times (x 195B)
Class com.google.wireless.android.sdk.stats.InteractivePreviewEventOrBuilder          : loaded 2 times (x 66B)
Class com.google.wireless.android.sdk.stats.WindowsDefenderStatusOrBuilder            : loaded 2 times (x 66B)
Class com.google.wireless.android.sdk.stats.LintTooltipLinkEventOrBuilder             : loaded 2 times (x 66B)
Class kotlinx.coroutines.scheduling.DefaultIoScheduler                                : loaded 2 times (x 106B)
Class kotlin.sequences.SequencesKt___SequencesKt$sortedWith$1                         : loaded 2 times (x 71B)
Class com.google.protobuf.FieldSet$FieldDescriptorLite                                : loaded 2 times (x 66B)
Class com.google.protobuf.ExtensionLite                                               : loaded 2 times (x 73B)
Class org.codehaus.groovy.ast.CodeVisitorSupport                                      : loaded 2 times (x 182B)
Class org.codehaus.groovy.runtime.metaclass.MetaMethodIndex$Header                    : loaded 2 times (x 68B)
Class [Lorg.codehaus.groovy.reflection.CachedMethod;                                  : loaded 2 times (x 65B)
Class com.google.common.collect.StandardTable                                         : loaded 2 times (x 120B)
Class com.google.common.base.CharMatcher$JavaLetter                                   : loaded 2 times (x 107B)
Class [Lcom.android.resources.ResourceEnum;                                           : loaded 2 times (x 65B)
Class kotlinx.coroutines.DispatchedTask                                               : loaded 2 times (x 77B)
Class org.jetbrains.kotlin.cli.common.CompilerSystemProperties$value$2                : loaded 2 times (x 121B)
Class com.android.tools.lint.model.LintModelBuildFeatures                             : loaded 2 times (x 66B)
Class com.google.common.collect.Lists$ReverseList                                     : loaded 2 times (x 196B)
Class [Lcom.google.common.cache.LocalCache$EntryFactory;                              : loaded 2 times (x 65B)
Class org.gradle.internal.classloader.ClassLoaderFactory                              : loaded 2 times (x 66B)
Class kotlinx.coroutines.CompletionHandlerBase                                        : loaded 2 times (x 76B)
Class com.google.wireless.android.sdk.stats.CreateDiagnosticReportAction              : loaded 2 times (x 191B)
Class com.google.wireless.android.sdk.stats.IntelliJNewUISwitch                       : loaded 2 times (x 193B)
Class com.google.wireless.android.sdk.stats.ComposeMultiPreviewEvent                  : loaded 2 times (x 197B)
Class com.google.wireless.android.sdk.stats.SmlCompletionRequestErrorEventOrBuilder   : loaded 2 times (x 66B)
Class com.google.wireless.android.sdk.stats.StudioProjectChangeOrBuilder              : loaded 2 times (x 66B)
Class com.google.protobuf.UnsafeUtil                                                  : loaded 2 times (x 67B)
Class org.codehaus.groovy.syntax.CSTNode                                              : loaded 2 times (x 100B)
Class org.codehaus.groovy.runtime.InvokerHelper$1                                     : loaded 2 times (x 91B)
Class org.codehaus.groovy.util.ReferenceManager$1                                     : loaded 2 times (x 73B)
Class kotlin.reflect.jvm.internal.impl.builtins.PrimitiveType                         : loaded 2 times (x 75B)
Class jdk.internal.jrtfs.JrtFileStore                                                 : loaded 2 times (x 79B)
Class com.google.common.cache.LocalCache$Strength$2                                   : loaded 2 times (x 77B)
Class org.apache.commons.io.CloseableURLConnection                                    : loaded 2 times (x 112B)
Class com.google.common.cache.LocalCache$LocalManualCache                             : loaded 2 times (x 95B)
Class com.google.common.collect.ImmutableMap$SerializedForm                           : loaded 2 times (x 69B)
Class org.gradle.internal.service.CachingServiceLocator                               : loaded 2 times (x 78B)
Class com.google.common.util.concurrent.SettableFuture                                : loaded 2 times (x 110B)
Class kotlin.collections.AbstractMap                                                  : loaded 2 times (x 118B)
Class com.google.common.collect.Collections2$FilteredCollection                       : loaded 2 times (x 115B)
Class com.google.wireless.android.sdk.stats.StartupPerformanceCodeLoadedAndVisibleInEditor: loaded 2 times (x 203B)
Class com.google.wireless.android.sdk.stats.ConnectionAssistantEvent                  : loaded 2 times (x 195B)
Class com.google.wireless.android.sdk.stats.ManifestMergerStats                       : loaded 2 times (x 199B)
Class com.google.wireless.android.sdk.stats.ProjectViewDefaultViewEvent               : loaded 2 times (x 191B)
Class com.google.wireless.android.sdk.stats.GradleJdkConfigurationEventOrBuilder      : loaded 2 times (x 66B)
Class com.google.wireless.android.sdk.stats.BackupAndSyncEventOrBuilder               : loaded 2 times (x 66B)
Class com.google.wireless.android.sdk.stats.ComposeSampleEventOrBuilder               : loaded 2 times (x 66B)
Class com.android.utils.DateProvider                                                  : loaded 2 times (x 66B)
Class com.google.common.reflect.Types$ClassOwnership$3                                : loaded 2 times (x 67B)
Class org.codehaus.groovy.ast.stmt.WhileStatement                                     : loaded 2 times (x 114B)
Class org.codehaus.groovy.ast.expr.ArgumentListExpression                             : loaded 2 times (x 134B)
Class org.codehaus.groovy.runtime.InvokerHelper$2                                     : loaded 2 times (x 91B)
Class org.codehaus.groovy.runtime.dgmimpl.NumberNumberMinus                           : loaded 2 times (x 110B)
Class [Lgroovy.lang.MetaClassRegistryChangeEventListener;                             : loaded 2 times (x 65B)
Class com.android.ide.common.resources.configuration.ScreenDimensionQualifier         : loaded 2 times (x 85B)
Class org.apache.commons.io.output.QueueOutputStream                                  : loaded 2 times (x 83B)
Class it.unimi.dsi.fastutil.ints.IntListIterator                                      : loaded 2 times (x 66B)
Class kotlin.io.path.PathsKt__PathRecursiveFunctionsKt                                : loaded 2 times (x 67B)
Class it.unimi.dsi.fastutil.objects.AbstractObjectCollection                          : loaded 2 times (x 139B)
Class it.unimi.dsi.fastutil.objects.ObjectSpliterator                                 : loaded 2 times (x 66B)
Class kotlin.collections.AbstractList$SubList                                         : loaded 2 times (x 194B)
Class org.jetbrains.kotlin.build.report.metrics.BuildTime                             : loaded 2 times (x 66B)
Class [Lcom.android.resources.ResourceType;                                           : loaded 2 times (x 65B)
Class [Lcom.android.resources.WideGamutColor;                                         : loaded 2 times (x 65B)
Class kotlinx.coroutines.BlockingEventLoop                                            : loaded 2 times (x 113B)
Class kotlin.coroutines.AbstractCoroutineContextElement                               : loaded 2 times (x 85B)
Class kotlinx.coroutines.ThreadLocalEventLoop                                         : loaded 2 times (x 67B)
Class kotlin.annotation.AnnotationRetention                                           : loaded 2 times (x 75B)
Class build_6wkpm5hiy6vgr2v4d5rsnd1qa                                                 : loaded 2 times (x 176B)
Class kotlin.reflect.jvm.internal.KMutableProperty0Impl$$Lambda$0                     : loaded 2 times (x 72B)
Class com.google.wireless.android.sdk.stats.GradleSyncIssue                           : loaded 2 times (x 195B)
Class com.google.wireless.android.sdk.stats.StudioPatchUpdaterEvent                   : loaded 2 times (x 201B)
Class com.google.wireless.android.sdk.stats.ComposeMultiPreviewEventOrBuilder         : loaded 2 times (x 66B)
Class org.codehaus.groovy.ast.expr.VariableExpression                                 : loaded 2 times (x 153B)
Class org.codehaus.groovy.runtime.dgmimpl.arrays.ArrayPutAtMetaMethod                 : loaded 2 times (x 93B)
Class org.codehaus.groovy.ast.stmt.Statement                                          : loaded 2 times (x 106B)
Class kotlin.collections.builders.MapBuilderEntries                                   : loaded 2 times (x 141B)
Class org.codehaus.groovy.reflection.stdclasses.NumberCachedClass                     : loaded 2 times (x 91B)
Class org.codehaus.groovy.reflection.stdclasses.CharacterCachedClass                  : loaded 2 times (x 91B)
Class kotlin.reflect.jvm.internal.impl.descriptors.runtime.structure.ReflectClassUtilKt: loaded 2 times (x 67B)
Class com.google.common.reflect.Types$TypeVariableInvocationHandler                   : loaded 2 times (x 71B)
Class org.jetbrains.kotlin.name.FqName                                                : loaded 2 times (x 68B)
Class org.codehaus.groovy.runtime.dgmimpl.NumberNumberDiv                             : loaded 2 times (x 110B)
Class org.jetbrains.kotlin.build.report.metrics.DoNothingBuildMetricsReporter         : loaded 2 times (x 82B)
Class kotlin.sequences.DropWhileSequence                                              : loaded 2 times (x 71B)
Class kotlinx.coroutines.CompletionStateKt                                            : loaded 2 times (x 67B)
Class com.google.wireless.android.sdk.stats.BuildOutputWindowStats                    : loaded 2 times (x 195B)
Class com.google.wireless.android.sdk.stats.AdbUsageEvent                             : loaded 2 times (x 197B)
Class com.google.wireless.android.sdk.stats.DeviceConnectedNotificationEvent          : loaded 2 times (x 199B)
Class com.google.wireless.android.sdk.stats.DeviceConnectedNotificationEventOrBuilder : loaded 2 times (x 66B)
Class org.codehaus.groovy.ast.stmt.CatchStatement                                     : loaded 2 times (x 110B)
Class org.codehaus.groovy.runtime.typehandling.ShortTypeHandling                      : loaded 2 times (x 67B)
Class groovy.lang.ExpandoMetaClass$Callable                                           : loaded 2 times (x 66B)
Class org.codehaus.groovy.runtime.metaclass.MissingPropertyExceptionNoStack           : loaded 2 times (x 85B)
Class groovy.lang.ObjectRange                                                         : loaded 2 times (x 240B)
Class org.codehaus.groovy.runtime.dgmimpl.arrays.BooleanArrayPutAtMetaMethod          : loaded 2 times (x 93B)
Class org.jetbrains.org.objectweb.asm.Type                                            : loaded 2 times (x 68B)
Class org.codehaus.groovy.runtime.RangeInfo                                           : loaded 2 times (x 67B)
Class com.android.prefs.LocationValue                                                 : loaded 2 times (x 66B)
Class org.codehaus.groovy.runtime.metaclass.MethodMetaProperty$GetMethodMetaProperty  : loaded 2 times (x 74B)
Class com.google.common.base.Predicates                                               : loaded 2 times (x 67B)
Class com.google.common.collect.ImmutableMultimap                                     : loaded 2 times (x 143B)
Class org.jetbrains.kotlin.name.ClassId$Companion                                     : loaded 2 times (x 67B)
Class groovy.lang.MetaClassImpl$6                                                     : loaded 2 times (x 73B)
Class kotlinx.coroutines.CoroutineDispatcher$Key$1                                    : loaded 2 times (x 74B)
Class kotlinx.coroutines.CoroutineDispatcher                                          : loaded 2 times (x 95B)
Class ijJvmDebugger1_a5jdts4wsytq3dvifahvfjugx                                        : loaded 2 times (x 175B)
Class com.google.wireless.android.sdk.stats.StudioUpdateFlowEvent                     : loaded 2 times (x 200B)
Class com.google.wireless.android.sdk.stats.StudioDeprecationNotificationEvent        : loaded 2 times (x 193B)
Class com.google.wireless.android.sdk.stats.AndroidStudioEvent$TemplatesUsageOrBuilder: loaded 2 times (x 66B)
Class com.google.wireless.android.sdk.stats.ResourceManagerEventOrBuilder             : loaded 2 times (x 66B)
Class com.google.wireless.android.sdk.stats.LldbSessionEndDetailsOrBuilder            : loaded 2 times (x 66B)
Class com.google.common.hash.Hashing                                                  : loaded 2 times (x 67B)
Class com.android.tools.analytics.AnalyticsSettingsData$DataTypeAdapter               : loaded 2 times (x 69B)
Class org.codehaus.groovy.util.SingleKeyHashMap$Entry                                 : loaded 2 times (x 71B)
Class com.android.ide.common.rendering.api.ArrayResourceValueImpl                     : loaded 2 times (x 119B)
Class com.google.protobuf.ExtensionRegistry                                           : loaded 2 times (x 83B)
Class [Lorg.jetbrains.kotlin.cli.common.CompilerSystemProperties;                     : loaded 2 times (x 65B)
Class com.google.gson.JsonParseException                                              : loaded 2 times (x 78B)
Class com.android.tools.lint.model.DefaultLintModelJavaLibrary                        : loaded 2 times (x 99B)
Class com.android.prefs.PathLocator                                                   : loaded 2 times (x 69B)
Class org.apache.commons.io.output.AbstractByteArrayOutputStream                      : loaded 2 times (x 98B)
Class com.google.common.cache.CacheBuilder$OneWeigher                                 : loaded 2 times (x 78B)
Class com.google.protobuf.Utf8$UnpairedSurrogateException                             : loaded 2 times (x 78B)
Class com.google.common.collect.AbstractMapBasedMultimap$SortedKeySet                 : loaded 2 times (x 219B)
Class org.jetbrains.kotlin.load.kotlin.FileBasedKotlinClass                           : loaded 2 times (x 84B)
Class com.google.wireless.android.sdk.stats.AutoImportEvent                           : loaded 2 times (x 193B)
Class com.google.wireless.android.sdk.stats.StudioLabsEvent                           : loaded 2 times (x 191B)
Class com.google.wireless.android.sdk.stats.KotlinProjectConfigurationOrBuilder       : loaded 2 times (x 66B)
Class [Lgroovy.lang.MetaMethod;                                                       : loaded 2 times (x 65B)
Class [Lcom.android.resources.ScreenSize;                                             : loaded 2 times (x 65B)
Class com.android.ide.common.resources.configuration.KeyboardStateQualifier           : loaded 2 times (x 86B)
Class com.android.ide.common.resources.configuration.ScreenRoundQualifier             : loaded 2 times (x 87B)
Class com.android.builder.model.MavenCoordinates                                      : loaded 2 times (x 66B)
Class kotlin.reflect.jvm.internal.KDeclarationContainerImpl$Companion                 : loaded 2 times (x 67B)
Class com.android.Version                                                             : loaded 2 times (x 67B)
Class com.android.sdklib.AndroidVersion                                               : loaded 2 times (x 71B)
Class com.android.tools.lint.model.LintModelLibraryResolver                           : loaded 2 times (x 66B)
Class kotlin.text.MatchResult$DefaultImpls                                            : loaded 2 times (x 67B)
Class com.android.tools.lint.model.LintModelSerialization$LintModelSerializationAdapter: loaded 2 times (x 66B)
Class com.google.common.reflect.Types$ClassOwnership$1LocalClass                      : loaded 2 times (x 67B)
Class com.google.common.collect.Maps$EntryFunction                                    : loaded 2 times (x 87B)
Class org.gradle.internal.classloader.ClasspathUtil                                   : loaded 2 times (x 67B)
Class org.jetbrains.kotlin.metadata.jvm.deserialization.JvmMemberSignature            : loaded 2 times (x 70B)
Class org.jetbrains.kotlin.load.kotlin.header.KotlinClassHeader$Kind                  : loaded 2 times (x 75B)
Class org.jetbrains.kotlin.load.kotlin.KotlinJvmBinaryClass$AnnotationArgumentVisitor : loaded 2 times (x 66B)
Class com.android.tools.analytics.UsageTrackerWriter                                  : loaded 2 times (x 77B)
Class com.google.wireless.android.sdk.stats.RunStartDataOrBuilder                     : loaded 2 times (x 66B)
Class androidx.lifecycle.lint.LifecycleWhenChecks$Companion                           : loaded 2 times (x 67B)
Class kotlin.collections.builders.SetBuilder                                          : loaded 2 times (x 139B)
Class kotlinx.coroutines.NonDisposableHandle                                          : loaded 2 times (x 74B)
Class androidx.annotation.experimental.lint.ExperimentalDetector                      : loaded 2 times (x 167B)
Class com.android.tools.lint.model.DefaultLintModelModuleLibrary                      : loaded 2 times (x 89B)
Class com.google.wireless.android.sdk.stats.UIActionStatsOrBuilder                    : loaded 2 times (x 66B)
Class com.google.wireless.android.sdk.stats.LayoutInspectorEventOrBuilder             : loaded 2 times (x 66B)
Class com.google.wireless.android.sdk.stats.NavSafeArgsEventOrBuilder                 : loaded 2 times (x 66B)
Class com.google.common.base.Charsets                                                 : loaded 2 times (x 67B)
Class com.android.tools.analytics.Anonymizer                                          : loaded 2 times (x 67B)
Class org.codehaus.groovy.ast.tools.GeneralUtils$1                                    : loaded 2 times (x 124B)
Class org.codehaus.groovy.ast.expr.MethodReferenceExpression                          : loaded 2 times (x 127B)
Class org.codehaus.groovy.runtime.NumberAwareComparator                               : loaded 2 times (x 86B)
Class groovy.lang.ListWithDefault                                                     : loaded 2 times (x 171B)
Class [Lorg.codehaus.groovy.util.ReferenceType;                                       : loaded 2 times (x 65B)
Class [Lcom.android.resources.Navigation;                                             : loaded 2 times (x 65B)
Class com.android.utils.PositionXmlParser$SaxParserFactoryFunction                    : loaded 2 times (x 66B)
Class it.unimi.dsi.fastutil.Hash                                                      : loaded 2 times (x 66B)
Class com.google.common.util.concurrent.Uninterruptibles                              : loaded 2 times (x 67B)
Class androidx.annotation.experimental.lint.ExperimentalDetector$Companion            : loaded 2 times (x 67B)
Class org.jetbrains.org.objectweb.asm.ModuleVisitor                                   : loaded 2 times (x 77B)
Class kotlinx.coroutines.internal.SystemPropsKt                                       : loaded 2 times (x 67B)
Class com.google.common.cache.LocalCache$Strength$1                                   : loaded 2 times (x 77B)
Class androidx.annotation.experimental.lint.AnnotationRetentionDetector$Companion     : loaded 2 times (x 67B)
Class androidx.fragment.lint.UnsafeRepeatOnLifecycleDetector                          : loaded 2 times (x 167B)
Class org.objectweb.asm.ModuleVisitor                                                 : loaded 2 times (x 77B)
Class com.google.protobuf.ByteString$2                                                : loaded 2 times (x 87B)
Class com.android.tools.analytics.HostData$garbageCollectorBeans$2                    : loaded 2 times (x 74B)
Class com.google.wireless.android.sdk.stats.IntelliJNewUIState                        : loaded 2 times (x 191B)
Class com.google.wireless.android.sdk.stats.LldbSessionStartDetails                   : loaded 2 times (x 207B)
Class com.google.wireless.android.sdk.stats.MultiViewEvent                            : loaded 2 times (x 195B)
Class com.google.wireless.android.sdk.stats.UserSentiment                             : loaded 2 times (x 193B)
Class com.google.wireless.android.sdk.stats.LiveEditEventOrBuilder                    : loaded 2 times (x 66B)
Class com.google.wireless.android.sdk.stats.RunFinishDataOrBuilder                    : loaded 2 times (x 66B)
Class com.google.wireless.android.sdk.stats.ResizeComposePreviewEventOrBuilder        : loaded 2 times (x 66B)
Class com.google.wireless.android.sdk.stats.FirebaseManagementEventOrBuilder          : loaded 2 times (x 66B)
Class com.google.wireless.android.sdk.stats.ParallelAndroidTestReportUiEventOrBuilder : loaded 2 times (x 66B)
Class com.android.tools.analytics.UsageTracker                                        : loaded 2 times (x 67B)
Class org.codehaus.groovy.control.ConfigurationException                              : loaded 2 times (x 84B)
Class groovy.lang.GroovyClassLoader$1                                                 : loaded 2 times (x 72B)
Class org.codehaus.groovy.control.CompilationUnit$PhaseOperation                      : loaded 2 times (x 66B)
Class org.codehaus.groovy.ast.ClassCodeVisitorSupport                                 : loaded 2 times (x 207B)
Class org.codehaus.groovy.runtime.dgmimpl.NumberNumberMetaMethod                      : loaded 2 times (x 110B)
Class groovy.io.FileType                                                              : loaded 2 times (x 75B)
Class org.codehaus.groovy.runtime.m12n.ExtensionModuleScanner$ExtensionModuleListener : loaded 2 times (x 66B)
Class com.google.common.collect.HashBasedTable$Factory                                : loaded 2 times (x 75B)
Class kotlin.reflect.jvm.internal.impl.builtins.functions.FunctionTypeKind$KSuspendFunction: loaded 2 times (x 68B)
Class kotlin.reflect.jvm.internal.KClassImpl$$Lambda$0                                : loaded 2 times (x 72B)
Class kotlin.reflect.full.IllegalCallableAccessException                              : loaded 2 times (x 78B)
Class it.unimi.dsi.fastutil.ints.IntList                                              : loaded 2 times (x 66B)
Class com.android.tools.lint.model.LintModelNamespacingMode                           : loaded 2 times (x 75B)
Class com.android.utils.StdLogger                                                     : loaded 2 times (x 82B)
Class com.google.common.reflect.TypeResolver                                          : loaded 2 times (x 68B)
Class com.google.common.collect.AbstractMapBasedMultimap$WrappedSet                   : loaded 2 times (x 138B)
Class com.google.common.util.concurrent.LazyLogger                                    : loaded 2 times (x 68B)
Class org.gradle.api.specs.Spec                                                       : loaded 2 times (x 66B)
Class com.google.common.reflect.Types$ClassOwnership$2                                : loaded 2 times (x 76B)
Class org.jetbrains.kotlin.name.Name                                                  : loaded 2 times (x 71B)
Class kotlin.reflect.jvm.internal.impl.name.ClassId                                   : loaded 2 times (x 68B)
Class it.unimi.dsi.fastutil.longs.LongIterable                                        : loaded 2 times (x 66B)
Class groovy.lang.MetaClassImpl$5                                                     : loaded 2 times (x 74B)
Class androidx.fragment.lint.OnCreateDialogIncorrectCallbackDetector                  : loaded 2 times (x 166B)
Class com.android.tools.analytics.UsageTracker$log$1                                  : loaded 2 times (x 75B)
Class com.google.wireless.android.sdk.stats.LintAction                                : loaded 2 times (x 201B)
Class com.google.wireless.android.sdk.stats.MotionLayoutEditorEvent                   : loaded 2 times (x 191B)
Class com.google.wireless.android.sdk.stats.StudioPerformanceStats                    : loaded 2 times (x 205B)
Class com.google.wireless.android.sdk.stats.EmulatorHost                              : loaded 2 times (x 217B)
Class com.google.protobuf.LazyStringArrayList                                         : loaded 2 times (x 310B)
Class com.google.wireless.android.sdk.stats.StartupPerformanceFrameBecameInteractiveEventOrBuilder: loaded 2 times (x 66B)
Class com.google.wireless.android.sdk.stats.LayoutEditorEventOrBuilder                : loaded 2 times (x 66B)
Class com.google.wireless.android.sdk.stats.GoogleLoginPluginEventOrBuilder           : loaded 2 times (x 66B)
Class [Lcom.google.protobuf.ProtocolMessageEnum;                                      : loaded 2 times (x 65B)
Class org.codehaus.groovy.ast.expr.AttributeExpression                                : loaded 2 times (x 136B)
Class groovy.lang.Tuple10                                                             : loaded 2 times (x 202B)
Class org.codehaus.groovy.runtime.memoize.StampedCommonCache                          : loaded 2 times (x 150B)
Class org.codehaus.groovy.reflection.AccessPermissionChecker                          : loaded 2 times (x 67B)
Class org.codehaus.groovy.runtime.metaclass.MixinInstanceMetaMethod                   : loaded 2 times (x 92B)
Class groovy.lang.MetaClass                                                           : loaded 2 times (x 66B)
Class org.codehaus.groovy.reflection.ClassInfo                                        : loaded 2 times (x 88B)
Class com.google.protobuf.UnsafeUtil$Android64MemoryAccessor                          : loaded 2 times (x 87B)
Class com.android.ide.common.rendering.api.StyleResourceValueImpl                     : loaded 2 times (x 115B)
Class com.android.ide.common.resources.configuration.GrammaticalGenderQualifier       : loaded 2 times (x 87B)
Class com.android.tools.analytics.AnalyticsSettingsData                               : loaded 2 times (x 68B)
Class kotlin.reflect.jvm.internal.CachesKt$$Lambda$0                                  : loaded 2 times (x 71B)
Class kotlin.jvm.internal.PropertyReference2                                          : loaded 2 times (x 123B)
Class com.android.tools.lint.model.LintModelExternalLibrary                           : loaded 2 times (x 66B)
Class com.google.common.reflect.Types$JavaVersion                                     : loaded 2 times (x 79B)
Class org.apache.commons.io.file.PathFilter                                           : loaded 2 times (x 66B)
Class org.jetbrains.org.objectweb.asm.Symbol                                          : loaded 2 times (x 69B)
Class com.google.common.hash.Hasher                                                   : loaded 2 times (x 66B)
Class com.google.wireless.android.sdk.stats.LLDBFrontendDetailsOrBuilder              : loaded 2 times (x 66B)
Class kotlinx.coroutines.CoroutineContextKt                                           : loaded 2 times (x 67B)
Class androidx.fragment.lint.AttachAndDetachInSameTransactionDetector$Issues          : loaded 2 times (x 67B)
Class com.google.wireless.android.sdk.stats.AndroidProfilerEvent                      : loaded 2 times (x 278B)
Class com.google.wireless.android.sdk.stats.StartupPerformanceFirstUiShownEvent       : loaded 2 times (x 193B)
Class com.google.wireless.android.sdk.stats.UpgradeAndroidStudioDialogStats           : loaded 2 times (x 191B)
Class com.google.wireless.android.sdk.stats.GeminiAdvertiserEventOrBuilder            : loaded 2 times (x 66B)
Class com.google.wireless.android.sdk.stats.DesignEditorHelpPanelEventOrBuilder       : loaded 2 times (x 66B)
Class com.google.protobuf.UninitializedMessageException                               : loaded 2 times (x 80B)
Class groovy.transform.SelfType                                                       : loaded 2 times (x 66B)
Class groovy.lang.Tuple11                                                             : loaded 2 times (x 202B)
Class groovy.lang.Tuple0                                                              : loaded 2 times (x 202B)
Class [Lorg.codehaus.groovy.ast.ASTNode;                                              : loaded 2 times (x 65B)
Class groovy.lang.EmptyRange                                                          : loaded 2 times (x 238B)
Class org.codehaus.groovy.reflection.stdclasses.IntegerCachedClass                    : loaded 2 times (x 91B)
Class com.android.resources.Keyboard                                                  : loaded 2 times (x 82B)
Class com.android.ide.common.resources.configuration.ScreenWidthQualifier             : loaded 2 times (x 84B)
Class [Lkotlin.reflect.jvm.internal.impl.builtins.jvm.JavaToKotlinClassMap$PlatformMutabilityMapping;: loaded 2 times (x 65B)
Class kotlin.reflect.jvm.internal.CachesKt$$Lambda$1                                  : loaded 2 times (x 71B)
Class kotlin.reflect.full.IllegalPropertyDelegateAccessException                      : loaded 2 times (x 78B)
Class it.unimi.dsi.fastutil.HashCommon                                                : loaded 2 times (x 67B)
Class com.android.tools.lint.model.LintModelVariant                                   : loaded 2 times (x 66B)
Class com.google.common.cache.LocalCache$LoadingValueReference                        : loaded 2 times (x 92B)
Class com.google.wireless.android.sdk.stats.ComposeAnimationToolingEventOrBuilder     : loaded 2 times (x 66B)
Class com.google.wireless.android.sdk.stats.UpgradeAndroidStudioDialogStatsOrBuilder  : loaded 2 times (x 66B)
Class com.google.wireless.android.sdk.stats.ThreadingAgentUsageEvent                  : loaded 2 times (x 193B)
Class kotlinx.coroutines.IncompleteStateBox                                           : loaded 2 times (x 68B)
Class kotlinx.coroutines.internal.DispatchedContinuation                              : loaded 2 times (x 86B)
Class kotlinx.coroutines.internal.Symbol                                              : loaded 2 times (x 68B)
Class com.google.wireless.android.sdk.stats.LogcatUsageEvent                          : loaded 2 times (x 204B)
Class com.google.wireless.android.sdk.stats.BackupUsageEvent                          : loaded 2 times (x 198B)
Class com.google.wireless.android.sdk.stats.SurveyResponse                            : loaded 2 times (x 196B)
Class com.google.wireless.android.sdk.stats.OomDialogEventOrBuilder                   : loaded 2 times (x 66B)
Class com.google.protobuf.GeneratedMessageV3$1                                        : loaded 2 times (x 74B)
Class groovyjarjarasm.asm.MethodVisitor                                               : loaded 2 times (x 101B)
Class groovy.lang.Tuple12                                                             : loaded 2 times (x 202B)
Class groovy.lang.Tuple1                                                              : loaded 2 times (x 202B)
Class org.codehaus.groovy.runtime.ScriptBytecodeAdapter                               : loaded 2 times (x 67B)
Class org.codehaus.groovy.runtime.callsite.CallSiteArray                              : loaded 2 times (x 68B)
Class org.codehaus.groovy.runtime.typehandling.GroovyCastException                    : loaded 2 times (x 78B)
Class org.codehaus.groovy.runtime.DefaultGroovyMethods                                : loaded 2 times (x 67B)
Class groovy.lang.StringWriterIOException                                             : loaded 2 times (x 79B)
Class groovy.lang.GroovySystem                                                        : loaded 2 times (x 67B)
Class com.android.resources.WideGamutColor                                            : loaded 2 times (x 82B)
Class com.android.ide.common.resources.configuration.ScreenSizeQualifier              : loaded 2 times (x 88B)
Class com.android.utils.PositionXmlParser$DomBuilder                                  : loaded 2 times (x 144B)
Class kotlin.reflect.jvm.internal.CachesKt$$Lambda$2                                  : loaded 2 times (x 71B)
Class org.gradle.internal.service.UnknownServiceException                             : loaded 2 times (x 79B)
Class [Lcom.android.tools.lint.model.LintModelArtifactType;                           : loaded 2 times (x 65B)
Class com.android.tools.lint.model.LintModelMavenName                                 : loaded 2 times (x 66B)
Class com.google.common.collect.AbstractMapBasedMultimap$AsMap                        : loaded 2 times (x 124B)
Class com.google.common.collect.CollectSpliterators                                   : loaded 2 times (x 67B)
Class com.google.common.io.LineReader$1                                               : loaded 2 times (x 71B)
Class com.google.common.reflect.Invokable$MethodInvokable                             : loaded 2 times (x 103B)
Class com.google.common.collect.Multimaps$Entries                                     : loaded 2 times (x 114B)
Class com.google.common.collect.MapMakerInternalMap$StrongKeyDummyValueEntry          : loaded 2 times (x 78B)
Class com.google.common.cache.LocalCache$LocalLoadingCache                            : loaded 2 times (x 130B)
Class org.jetbrains.kotlin.load.kotlin.header.ReadKotlinClassHeaderAnnotationVisitor  : loaded 2 times (x 76B)
Class [Lorg.objectweb.asm.AnnotationVisitor;                                          : loaded 2 times (x 65B)
Class com.google.common.reflect.Types$ClassOwnership$1                                : loaded 2 times (x 76B)
Class org.jetbrains.kotlin.cli.common.CompilerSystemProperties                        : loaded 2 times (x 76B)
Class kotlin.jvm.internal.CharCompanionObject                                         : loaded 2 times (x 67B)
Class kotlin.io.FilePathComponents                                                    : loaded 2 times (x 68B)
Class kotlin.reflect.jvm.internal.KProperty1Impl$$Lambda$1                            : loaded 2 times (x 72B)
Class com.google.devtools.ksp.processing.KspGradleLogger$Companion                    : loaded 2 times (x 67B)
Class androidx.annotation.experimental.lint.AnnotationRetentionDetector               : loaded 2 times (x 168B)
Class androidx.navigation.lint.BaseWrongStartDestinationTypeDetector                  : loaded 2 times (x 168B)
Class com.google.wireless.android.sdk.stats.StopEvent                                 : loaded 2 times (x 203B)
Class com.google.wireless.android.sdk.stats.LintTooltipLinkEvent                      : loaded 2 times (x 196B)
Class com.google.wireless.android.sdk.stats.WindowsDefenderStatus                     : loaded 2 times (x 193B)
Class com.google.wireless.android.sdk.stats.MultiViewEventOrBuilder                   : loaded 2 times (x 66B)
Class com.google.wireless.android.sdk.stats.IntelliJNewUIStateOrBuilder               : loaded 2 times (x 66B)
Class com.google.wireless.android.sdk.stats.LldbSessionStartDetailsOrBuilder          : loaded 2 times (x 66B)
Class com.google.gson.JsonIOException                                                 : loaded 2 times (x 78B)
Class com.google.protobuf.Internal$LongList                                           : loaded 2 times (x 66B)
Class groovy.lang.Tuple13                                                             : loaded 2 times (x 202B)
Class groovy.lang.Tuple2                                                              : loaded 2 times (x 202B)
Class org.codehaus.groovy.reflection.ReflectionUtils$ClassContextHelper               : loaded 2 times (x 97B)
Class org.codehaus.groovy.ast.ClassNode                                               : loaded 2 times (x 239B)
Class org.codehaus.groovy.reflection.stdclasses.ByteCachedClass                       : loaded 2 times (x 91B)
Class com.android.ide.common.resources.configuration.SmallestScreenWidthQualifier     : loaded 2 times (x 84B)
Class kotlin.reflect.jvm.internal.KMutableProperty1Impl$$Lambda$0                     : loaded 2 times (x 72B)
Class kotlin.reflect.jvm.internal.CachesKt$$Lambda$3                                  : loaded 2 times (x 71B)
Class com.android.tools.lint.model.LintModelLibrary                                   : loaded 2 times (x 66B)
Class org.codehaus.groovy.reflection.stdclasses.CachedClosureClass                    : loaded 2 times (x 94B)
Class [Lorg.objectweb.asm.AnnotationWriter;                                           : loaded 2 times (x 65B)
Class org.codehaus.groovy.runtime.SocketGroovyMethods                                 : loaded 2 times (x 67B)
Class org.codehaus.groovy.util.SingleKeyHashMap                                       : loaded 2 times (x 80B)
Class groovy.lang.MetaClassImpl$4                                                     : loaded 2 times (x 73B)
Class org.codehaus.groovy.ast.expr.BooleanExpression                                  : loaded 2 times (x 124B)
Class org.codehaus.groovy.util.AbstractConcurrentMapBase$Segment                      : loaded 2 times (x 79B)
Class kotlinx.coroutines.EventLoopKt                                                  : loaded 2 times (x 67B)
Class groovyjarjarasm.asm.ModuleWriter                                                : loaded 2 times (x 78B)
Class androidx.fragment.lint.OnCreateDialogIncorrectCallbackDetector$Issues           : loaded 2 times (x 67B)
Class com.google.wireless.android.sdk.stats.UiDeviceSettingsEvent                     : loaded 2 times (x 191B)
Class com.google.wireless.android.sdk.stats.DialogStatsOrBuilder                      : loaded 2 times (x 66B)
Class com.google.wireless.android.sdk.stats.StudioCoreGeminiActionsEventOrBuilder     : loaded 2 times (x 66B)
Class com.google.protobuf.InvalidProtocolBufferException                              : loaded 2 times (x 84B)
Class groovy.lang.Tuple14                                                             : loaded 2 times (x 202B)
Class groovy.lang.Tuple3                                                              : loaded 2 times (x 202B)
Class org.codehaus.groovy.ast.stmt.AssertStatement                                    : loaded 2 times (x 110B)
Class org.codehaus.groovy.control.ResolveVisitor                                      : loaded 2 times (x 232B)
Class org.codehaus.groovy.runtime.typehandling.DefaultTypeTransformation              : loaded 2 times (x 67B)
Class org.codehaus.groovy.util.SingleKeyHashMap$Copier                                : loaded 2 times (x 66B)
Class groovy.lang.MetaClassImpl                                                       : loaded 2 times (x 189B)
Class kotlin.collections.ArraysKt___ArraysKt$asIterable$$inlined$Iterable$1           : loaded 2 times (x 75B)
Class com.google.wireless.android.sdk.stats.StartupPerformanceFrameBecameVisibleEventOrBuilder: loaded 2 times (x 66B)
Class [Lcom.android.resources.KeyboardState;                                          : loaded 2 times (x 65B)
Class com.google.wireless.android.sdk.stats.StudioCrash                               : loaded 2 times (x 205B)
Class kotlin.reflect.jvm.internal.CachesKt$$Lambda$4                                  : loaded 2 times (x 71B)
Class com.android.utils.EnvironmentProvider                                           : loaded 2 times (x 66B)
Class com.google.wireless.android.sdk.stats.VirtualizationEvent                       : loaded 2 times (x 193B)
Class com.google.common.collect.Lists$ReverseList$1                                   : loaded 2 times (x 95B)
Class com.google.common.base.Predicates$CompositionPredicate                          : loaded 2 times (x 84B)
Class com.google.common.cache.LocalCache$StrongValueReference                         : loaded 2 times (x 86B)
Class org.jetbrains.kotlin.metadata.deserialization.BinaryVersion$Companion           : loaded 2 times (x 67B)
Class com.google.wireless.android.sdk.stats.GarbageCollectionStats$1                  : loaded 2 times (x 147B)
Class kotlinx.coroutines.Delay                                                        : loaded 2 times (x 66B)
Class kotlinx.coroutines.ParentJob                                                    : loaded 2 times (x 66B)
Class com.google.wireless.android.sdk.stats.GradleBuildProfile                        : loaded 2 times (x 244B)
Class com.google.wireless.android.sdk.stats.StartupPerformanceFirstUiShownEventOrBuilder: loaded 2 times (x 66B)
Class com.google.wireless.android.sdk.stats.TestRecorderDetailsOrBuilder              : loaded 2 times (x 66B)
Class com.google.protobuf.Extension                                                   : loaded 2 times (x 81B)
Class com.google.protobuf.MessageOrBuilder                                            : loaded 2 times (x 66B)
Class org.codehaus.groovy.util.URLStreams                                             : loaded 2 times (x 67B)
Class groovy.lang.Tuple15                                                             : loaded 2 times (x 202B)
Class groovy.lang.Tuple4                                                              : loaded 2 times (x 202B)
Class org.codehaus.groovy.ast.expr.MethodCallExpression                               : loaded 2 times (x 149B)
Class org.codehaus.groovy.runtime.dgmimpl.arrays.LongArrayGetAtMetaMethod             : loaded 2 times (x 93B)
Class org.codehaus.groovy.runtime.dgmimpl.arrays.ArrayGetAtMetaMethod                 : loaded 2 times (x 93B)
Class com.google.common.collect.RegularImmutableBiMap$Inverse                         : loaded 2 times (x 139B)
Class kotlinx.coroutines.JobNode                                                      : loaded 2 times (x 86B)
Class it.unimi.dsi.fastutil.ints.AbstractIntSet                                       : loaded 2 times (x 229B)
Class org.gradle.api.internal.ClassPathProvider                                       : loaded 2 times (x 66B)
Class org.gradle.internal.classloader.VisitableURLClassLoader$InstrumentingVisitableURLClassLoader: loaded 2 times (x 119B)
Class [Lorg.gradle.api.internal.ClassPathProvider;                                    : loaded 2 times (x 65B)
Class com.google.common.collect.Maps$ViewCachingAbstractMap                           : loaded 2 times (x 121B)
Class [Lcom.google.common.base.Function;                                              : loaded 2 times (x 65B)
Class kotlin.text.MatchResult                                                         : loaded 2 times (x 66B)
Class it.unimi.dsi.fastutil.ints.IntIterable                                          : loaded 2 times (x 66B)
Class kotlinx.coroutines.Job$DefaultImpls                                             : loaded 2 times (x 67B)
Class it.unimi.dsi.fastutil.ints.IntSet                                               : loaded 2 times (x 66B)
Class kotlin.reflect.jvm.internal.KProperty1Impl$$Lambda$0                            : loaded 2 times (x 72B)
Class com.google.wireless.android.sdk.stats.AndroidViewShowBuildFilesInModuleEvent    : loaded 2 times (x 191B)
Class com.google.wireless.android.sdk.stats.AdbServerState                            : loaded 2 times (x 199B)
Class com.google.wireless.android.sdk.stats.EditorPickerEvent                         : loaded 2 times (x 197B)
Class com.google.wireless.android.sdk.stats.ComposePreviewLiteModeEvent               : loaded 2 times (x 193B)
Class com.google.wireless.android.sdk.stats.WhatsNewAssistantEventOrBuilder           : loaded 2 times (x 66B)
Class com.google.wireless.android.sdk.stats.FirebaseErrorDetailsOrBuilder             : loaded 2 times (x 66B)
Class com.google.wireless.android.sdk.stats.ComposeDeployEventOrBuilder               : loaded 2 times (x 66B)
Class com.google.wireless.android.sdk.stats.AndroidStudioEventOrBuilder               : loaded 2 times (x 66B)
Class groovy.lang.Tuple16                                                             : loaded 2 times (x 202B)
Class groovy.lang.Tuple5                                                              : loaded 2 times (x 202B)
Class groovy.lang.MetaClassImpl$DummyMetaMethod                                       : loaded 2 times (x 93B)
Class org.codehaus.groovy.runtime.dgmimpl.arrays.ShortArrayPutAtMetaMethod            : loaded 2 times (x 93B)
Class org.codehaus.groovy.transform.trait.Traits$Implemented                          : loaded 2 times (x 66B)
Class com.android.ide.common.gradle.DEV                                               : loaded 2 times (x 73B)
Class com.google.common.collect.MapMakerInternalMap$AbstractWeakKeyEntry              : loaded 2 times (x 83B)
Class com.android.ide.common.rendering.api.TextResourceValueImpl                      : loaded 2 times (x 105B)
Class kotlin.reflect.jvm.internal.impl.builtins.jvm.JavaToKotlinClassMap$PlatformMutabilityMapping: loaded 2 times (x 68B)
Class [Lkotlin.reflect.jvm.internal.impl.resolve.jvm.JvmPrimitiveType;                : loaded 2 times (x 65B)
Class com.android.ide.common.resources.configuration.EnumBasedResourceQualifier       : loaded 2 times (x 85B)
Class com.android.tools.lint.model.LintModelArtifactType                              : loaded 2 times (x 75B)
Class org.apache.commons.io.FileUtils                                                 : loaded 2 times (x 67B)
Class org.objectweb.asm.ByteVector                                                    : loaded 2 times (x 75B)
Class com.google.common.collect.MapMakerInternalMap$StrongKeyDummyValueEntry$Helper   : loaded 2 times (x 75B)
Class [Lcom.google.common.cache.CacheBuilder$NullListener;                            : loaded 2 times (x 65B)
Class org.gradle.internal.classloader.VisitableURLClassLoader$Spec                    : loaded 2 times (x 70B)
Class org.gradle.internal.classpath.DefaultClassPath                                  : loaded 2 times (x 86B)
Class kotlin.collections.builders.MapBuilder$EntryRef                                 : loaded 2 times (x 77B)
Class groovy.lang.MetaClassImpl$3                                                     : loaded 2 times (x 74B)
Class org.codehaus.groovy.util.ManagedConcurrentMap                                   : loaded 2 times (x 79B)
Class [Lorg.jetbrains.kotlin.build.report.metrics.GradleBuildTime;                    : loaded 2 times (x 65B)
Class com.google.protobuf.AbstractMessage                                             : loaded 2 times (x 160B)
Class com.google.common.hash.HashCode$BytesHashCode                                   : loaded 2 times (x 77B)
Class com.google.wireless.android.sdk.stats.ApplyChangesAgentErrorOrBuilder           : loaded 2 times (x 66B)
Class com.google.devtools.ksp.processing.KspGradleLogger                              : loaded 2 times (x 75B)
Class androidx.lifecycle.lint.LifecycleRuntimeIssueRegistry                           : loaded 2 times (x 79B)
Class ijKotlinCoroutineJvmDebugInit1_5whmnp10qzqejvcntodbxxhw9$_run_closure1$_closure2: loaded 2 times (x 135B)
Class com.google.wireless.android.sdk.stats.StopEventOrBuilder                        : loaded 2 times (x 66B)
Class com.google.wireless.android.sdk.stats.OptInToMetricsOrBuilder                   : loaded 2 times (x 66B)
Class com.google.wireless.android.sdk.stats.DeviceInfoOrBuilder                       : loaded 2 times (x 66B)
Class com.google.wireless.android.sdk.stats.GcPauseEventOrBuilder                     : loaded 2 times (x 66B)
Class com.google.wireless.android.sdk.stats.AutoSyncSettingChangeEventOrBuilder       : loaded 2 times (x 66B)
Class com.google.wireless.android.sdk.stats.GradleVersionCatalogDetectorEventOrBuilder: loaded 2 times (x 66B)
Class com.google.wireless.android.sdk.stats.TestScenarioEventOrBuilder                : loaded 2 times (x 66B)
Class [Lcom.google.wireless.android.sdk.stats.AndroidStudioEvent$IdeBrand;            : loaded 2 times (x 65B)
Class com.google.protobuf.Utf8$Processor                                              : loaded 2 times (x 73B)
Class com.google.protobuf.Reader                                                      : loaded 2 times (x 66B)
Class groovy.lang.Tuple6                                                              : loaded 2 times (x 202B)
Class [Lgroovy.lang.groovydoc.GroovydocHolder;                                        : loaded 2 times (x 65B)
Class org.codehaus.groovy.runtime.metaclass.ClosureStaticMetaMethod                   : loaded 2 times (x 98B)
Class org.codehaus.groovy.runtime.dgmimpl.NumberNumberPlus                            : loaded 2 times (x 110B)
Class org.codehaus.groovy.util.ReferenceType$1                                        : loaded 2 times (x 76B)
Class it.unimi.dsi.fastutil.ints.IntArrays                                            : loaded 2 times (x 67B)
Class it.unimi.dsi.fastutil.Hash$Strategy                                             : loaded 2 times (x 66B)
Class kotlin.text.MatchGroup                                                          : loaded 2 times (x 68B)
Class com.android.tools.lint.model.LintModelDependencies                              : loaded 2 times (x 66B)
Class com.google.wireless.android.sdk.stats.BuildOutputDownloadsInfoEventOrBuilder    : loaded 2 times (x 66B)
Class com.google.common.reflect.Types$ClassOwnership                                  : loaded 2 times (x 76B)
Class org.objectweb.asm.Symbol                                                        : loaded 2 times (x 69B)
Class org.jetbrains.kotlin.metadata.jvm.deserialization.JvmMemberSignature$Field      : loaded 2 times (x 71B)
Class com.google.wireless.android.sdk.stats.BuildOutputDownloadsInfoEvent             : loaded 2 times (x 197B)
Class com.google.wireless.android.sdk.stats.AndroidTestRetentionEvent                 : loaded 2 times (x 193B)
Class [Lcom.google.gson.Strictness;                                                   : loaded 2 times (x 65B)
Class com.google.protobuf.AbstractMessage$BuilderParent                               : loaded 2 times (x 66B)
Class groovy.lang.Tuple7                                                              : loaded 2 times (x 202B)
Class org.codehaus.groovy.runtime.InvokerInvocationException                          : loaded 2 times (x 83B)
Class org.codehaus.groovy.util.ReferenceType$2                                        : loaded 2 times (x 76B)
Class groovy.lang.Closure                                                             : loaded 2 times (x 128B)
Class com.android.utils.PositionXmlParser$ParserFactoryFunction                       : loaded 2 times (x 66B)
Class com.google.wireless.android.sdk.stats.EmulatorPerformanceStats                  : loaded 2 times (x 210B)
Class org.jetbrains.kotlin.config.ApiVersion$Companion                                : loaded 2 times (x 67B)
Class com.android.tools.analytics.HostDataKt                                          : loaded 2 times (x 67B)
Class androidx.lifecycle.lint.NonNullableMutableLiveDataDetector                      : loaded 2 times (x 169B)
Class kotlin.coroutines.ContinuationInterceptor$DefaultImpls                          : loaded 2 times (x 67B)
Class com.google.common.collect.Sets$FilteredSet                                      : loaded 2 times (x 133B)
Class com.google.common.io.Java8Compatibility                                         : loaded 2 times (x 67B)
Class org.gradle.internal.classloader.ClassLoaderSpec                                 : loaded 2 times (x 67B)
Class org.gradle.api.internal.DefaultClassPathProvider                                : loaded 2 times (x 72B)
Class kotlin.jvm.internal.LongCompanionObject                                         : loaded 2 times (x 67B)
Class kotlin.collections.ReversedListReadOnly                                         : loaded 2 times (x 194B)
Class com.google.common.collect.ImmutableSet$SerializedForm                           : loaded 2 times (x 69B)
Class org.objectweb.asm.AnnotationVisitor                                             : loaded 2 times (x 74B)
Class com.android.ide.common.gradle.Numeric                                           : loaded 2 times (x 73B)
Class com.google.protobuf.ByteString$CodedBuilder                                     : loaded 2 times (x 68B)
Class com.google.wireless.android.play.playlog.proto.ClientAnalytics                  : loaded 2 times (x 67B)
Class com.google.protobuf.ByteString                                                  : loaded 2 times (x 97B)
Class com.google.wireless.android.sdk.stats.SigningWizardEvent                        : loaded 2 times (x 199B)
Class com.google.wireless.android.sdk.stats.AppQualityInsightsUsageEventOrBuilder     : loaded 2 times (x 66B)
Class com.android.tools.analytics.Environment                                         : loaded 2 times (x 69B)
Class groovy.lang.Tuple8                                                              : loaded 2 times (x 202B)
Class groovy.grape.GrapeIvy                                                           : loaded 2 times (x 123B)
Class org.codehaus.groovy.GroovyExceptionInterface                                    : loaded 2 times (x 66B)
Class org.codehaus.groovy.runtime.memoize.UnlimitedConcurrentCache                    : loaded 2 times (x 130B)
Class org.codehaus.groovy.ast.ConstructorNode                                         : loaded 2 times (x 154B)
Class org.codehaus.groovy.reflection.ReflectionCache                                  : loaded 2 times (x 67B)
Class org.codehaus.groovy.util.ReferenceType$3                                        : loaded 2 times (x 76B)
Class com.google.common.collect.AbstractMapBasedMultimap$1                            : loaded 2 times (x 80B)
Class com.android.ide.common.rendering.api.ResourceNamespace                          : loaded 2 times (x 76B)
Class com.google.common.collect.CollectCollectors$EnumSetAccumulator                  : loaded 2 times (x 68B)
Class it.unimi.dsi.fastutil.ints.IntArrays$ForkJoinQuickSortComp                      : loaded 2 times (x 92B)
Class kotlin.reflect.jvm.internal.ReflectProperties$Val$1                             : loaded 2 times (x 67B)
Class com.android.tools.lint.model.LintModelSerialization$LintModelSerializationFileAdapter: loaded 2 times (x 85B)
Class com.android.prefs.VariableType                                                  : loaded 2 times (x 75B)
Class org.objectweb.asm.AnnotationWriter                                              : loaded 2 times (x 75B)
Class com.google.common.cache.CacheStats                                              : loaded 2 times (x 67B)
Class kotlin.reflect.jvm.internal.KCallableImpl                                       : loaded 2 times (x 101B)
Class kotlin.reflect.jvm.internal.impl.builtins.functions.FunctionTypeKind$Function   : loaded 2 times (x 68B)
Class org.jetbrains.kotlin.load.kotlin.header.KotlinClassHeader$Kind$Companion        : loaded 2 times (x 67B)
Class com.android.ide.common.resources.configuration.NavigationMethodQualifier        : loaded 2 times (x 86B)
Class com.android.ide.common.rendering.api.PluralsResourceValueImpl                   : loaded 2 times (x 113B)
Class com.android.ide.common.rendering.api.TextResourceValue                          : loaded 2 times (x 66B)
Class org.codehaus.groovy.ast.Parameter                                               : loaded 2 times (x 147B)
Class kotlinx.coroutines.CoroutineStart$WhenMappings                                  : loaded 2 times (x 67B)
Class kotlinx.coroutines.scheduling.CoroutineScheduler$Worker                         : loaded 2 times (x 102B)
Class androidx.fragment.lint.UseRequireInsteadOfGet$Companion                         : loaded 2 times (x 67B)
Class androidx.lifecycle.lint.LifecycleWhenChecks                                     : loaded 2 times (x 166B)
Class com.android.tools.analytics.CommonMetricsData$GarbageCollectionStatsDiffs       : loaded 2 times (x 67B)
Class com.google.wireless.android.sdk.stats.AndroidStudioEvent$EventKind              : loaded 2 times (x 83B)
Class com.google.wireless.android.sdk.stats.ProductDetails                            : loaded 2 times (x 219B)
Class com.google.protobuf.Internal$ListAdapter$Converter                              : loaded 2 times (x 66B)
Class groovy.lang.Tuple9                                                              : loaded 2 times (x 202B)
Class org.codehaus.groovy.runtime.metaclass.DefaultMetaClassInfo                      : loaded 2 times (x 67B)
Class org.codehaus.groovy.util.ComplexKeyHashMap$Entry                                : loaded 2 times (x 70B)
Class [Lgroovy.lang.MetaClass;                                                        : loaded 2 times (x 65B)
Class org.codehaus.groovy.reflection.ClassInfo$LazyClassLoaderRef                     : loaded 2 times (x 78B)
Class org.codehaus.groovy.util.ReferenceType$4                                        : loaded 2 times (x 76B)
Class it.unimi.dsi.fastutil.objects.AbstractObject2IntMap                             : loaded 2 times (x 235B)
Class com.google.common.collect.MapMakerInternalMap$WeakKeyStrongValueEntry$LinkedWeakKeyStrongValueEntry: loaded 2 times (x 86B)
Class com.android.resources.ResourceType                                              : loaded 2 times (x 75B)
Class org.codehaus.groovy.runtime.dgmimpl.arrays.CharacterArrayGetAtMetaMethod        : loaded 2 times (x 93B)
Class org.codehaus.groovy.reflection.CachedField                                      : loaded 2 times (x 78B)
Class com.android.tools.lint.model.PathVariables                                      : loaded 2 times (x 68B)
Class groovy.lang.MetaClassImpl$2                                                     : loaded 2 times (x 92B)
Class com.google.common.collect.AbstractMapBasedMultimap$2                            : loaded 2 times (x 81B)
Class com.google.common.collect.ImmutableMultisetGwtSerializationDependencies         : loaded 2 times (x 121B)
Class org.objectweb.asm.RecordComponentWriter                                         : loaded 2 times (x 74B)
Class com.google.common.collect.Interners                                             : loaded 2 times (x 67B)
Class com.google.common.util.concurrent.AbstractFuture$Listener                       : loaded 2 times (x 68B)
Class org.codehaus.groovy.runtime.DefaultCachedMethodKey                              : loaded 2 times (x 75B)
Class kotlin.collections.AbstractSet$Companion                                        : loaded 2 times (x 67B)
Class com.google.protobuf.CodedOutputStream$UnsafeDirectNioEncoder                    : loaded 2 times (x 106B)
Class com.android.tools.analytics.HostData$memoryBean$2                               : loaded 2 times (x 74B)
Class com.google.wireless.android.sdk.stats.JourneyEngineErrorEvent                   : loaded 2 times (x 191B)
Class com.google.wireless.android.sdk.stats.OptInToMetrics                            : loaded 2 times (x 189B)
Class com.google.wireless.android.sdk.stats.AdbUsageEventOrBuilder                    : loaded 2 times (x 66B)
Class com.google.wireless.android.sdk.stats.DynamicLayoutInspectorEventOrBuilder      : loaded 2 times (x 66B)
Class org.codehaus.groovy.transform.trait.Traits$TraitBridge                          : loaded 2 times (x 66B)
Class org.codehaus.groovy.util.AbstractConcurrentMapBase$Entry                        : loaded 2 times (x 66B)
Class org.codehaus.groovy.runtime.metaclass.ReflectionMetaMethod                      : loaded 2 times (x 93B)
Class org.codehaus.groovy.reflection.CachedMethod                                     : loaded 2 times (x 108B)
Class com.google.common.collect.StandardTable$CellIterator                            : loaded 2 times (x 79B)
Class org.codehaus.groovy.control.ResolveVisitor$ConstructedClassWithPackage          : loaded 2 times (x 239B)
Class [Lorg.objectweb.asm.Label;                                                      : loaded 2 times (x 65B)
Class com.google.wireless.android.sdk.stats.OptOutOfMetricsOrBuilder                  : loaded 2 times (x 66B)
Class com.android.ide.common.gradle.Version$Companion$ParseState                      : loaded 2 times (x 66B)
Class org.gradle.internal.classloader.VisitableURLClassLoader                         : loaded 2 times (x 113B)
Class com.google.wireless.android.sdk.stats.AndroidProfilerDbStatsOrBuilder           : loaded 2 times (x 66B)
Class com.google.wireless.android.sdk.stats.StartupPerformanceFrameBecameInteractiveEvent: loaded 2 times (x 191B)
Class com.google.wireless.android.sdk.stats.ResourceManagerEvent                      : loaded 2 times (x 193B)
Class com.google.wireless.android.sdk.stats.DialogStats                               : loaded 2 times (x 195B)
Class kotlinx.coroutines.EventLoop_commonKt                                           : loaded 2 times (x 67B)
Class com.google.wireless.android.play.playlog.proto.ClientAnalytics$LogEvent$1       : loaded 2 times (x 147B)
Class com.google.wireless.android.sdk.stats.SentimentSurveyEvent                      : loaded 2 times (x 195B)
Class com.google.wireless.android.sdk.stats.FirebaseErrorDetails                      : loaded 2 times (x 193B)
Class com.google.wireless.android.sdk.stats.LayoutInspectorEvent                      : loaded 2 times (x 197B)
Class com.google.wireless.android.sdk.stats.DefaultActivityLocatorStats               : loaded 2 times (x 197B)
Class com.google.wireless.android.sdk.stats.GradlePluginUpgradeDialogStats            : loaded 2 times (x 204B)
Class com.google.wireless.android.sdk.stats.DaemonCodeAnalyzerFinishedEvent           : loaded 2 times (x 207B)
Class com.google.wireless.android.sdk.stats.ProductDetailsOrBuilder                   : loaded 2 times (x 66B)
Class com.google.wireless.android.sdk.stats.StudioToolWindowActionStatsOrBuilder      : loaded 2 times (x 66B)
Class com.google.wireless.android.sdk.stats.LintSessionOrBuilder                      : loaded 2 times (x 66B)
Class com.google.protobuf.ExtensionRegistryLite                                       : loaded 2 times (x 70B)
Class org.codehaus.groovy.ast.MixinNode                                               : loaded 2 times (x 239B)
Class org.codehaus.groovy.runtime.wrappers.Wrapper                                    : loaded 2 times (x 84B)
Class org.codehaus.groovy.control.CompilerConfiguration$1                             : loaded 2 times (x 118B)
Class org.codehaus.groovy.ast.stmt.LoopingStatement                                   : loaded 2 times (x 66B)
Class org.codehaus.groovy.runtime.metaclass.MetaMethodIndex                           : loaded 2 times (x 89B)
Class [Lkotlin.DeprecationLevel;                                                      : loaded 2 times (x 65B)
Class it.unimi.dsi.fastutil.objects.Object2IntMap                                     : loaded 2 times (x 66B)
Class [Lcom.android.resources.ScreenRound;                                            : loaded 2 times (x 65B)
Class kotlin.reflect.jvm.internal.KClassImpl                                          : loaded 2 times (x 111B)
Class com.android.ide.common.repository.AgpVersion$Companion                          : loaded 2 times (x 67B)
Class com.android.prefs.AbstractAndroidLocations                                      : loaded 2 times (x 78B)
Class com.google.common.collect.ImmutableList$SerializedForm                          : loaded 2 times (x 69B)
Class org.gradle.internal.Cast                                                        : loaded 2 times (x 67B)
Class org.gradle.api.Action                                                           : loaded 2 times (x 66B)
Class com.google.common.collect.CollectSpliterators$1WithCharacteristics              : loaded 2 times (x 86B)
Class org.apache.commons.io.output.StringBuilderWriter                                : loaded 2 times (x 96B)
Class [Lorg.apache.commons.io.StandardLineSeparator;                                  : loaded 2 times (x 65B)
Class kotlinx.coroutines.CompletedExceptionally                                       : loaded 2 times (x 68B)
Class kotlin.coroutines.AbstractCoroutineContextKey                                   : loaded 2 times (x 68B)
Class com.google.wireless.android.sdk.stats.NavEditorEventOrBuilder                   : loaded 2 times (x 66B)
Class com.google.wireless.android.sdk.stats.InstantRunOrBuilder                       : loaded 2 times (x 66B)
Class com.android.tools.analytics.AnalyticsSettingsData$Companion                     : loaded 2 times (x 67B)
Class groovyjarjarasm.asm.Attribute                                                   : loaded 2 times (x 73B)
Class org.codehaus.groovy.ast.expr.ElvisOperatorExpression                            : loaded 2 times (x 126B)
Class org.codehaus.groovy.util.LockableObject                                         : loaded 2 times (x 74B)
Class groovy.lang.MetaClassImpl$1                                                     : loaded 2 times (x 71B)
Class org.codehaus.groovy.control.CompilationFailedException                          : loaded 2 times (x 85B)
Class com.android.ide.common.resources.configuration.ResourceQualifier                : loaded 2 times (x 84B)
Class it.unimi.dsi.fastutil.ints.IntArrays$ArrayHashStrategy                          : loaded 2 times (x 71B)
Class kotlin.reflect.jvm.internal.impl.name.ClassId$Companion                         : loaded 2 times (x 67B)
Class org.jetbrains.kotlin.cli.common.messages.GradleStyleMessageRenderer             : loaded 2 times (x 74B)
Class com.android.ide.common.gradle.Version$Companion                                 : loaded 2 times (x 67B)
Class org.codehaus.groovy.runtime.GeneratedLambda                                     : loaded 2 times (x 66B)
Class com.android.tools.lint.model.DefaultLintModelMavenName                          : loaded 2 times (x 83B)
Class groovyjarjarasm.asm.Symbol                                                      : loaded 2 times (x 69B)
Class groovyjarjarasm.asm.CurrentFrame                                                : loaded 2 times (x 69B)
Class org.objectweb.asm.Handler                                                       : loaded 2 times (x 68B)
Class com.google.common.base.Ticker                                                   : loaded 2 times (x 68B)
Class [Lorg.jetbrains.kotlin.load.kotlin.header.KotlinClassHeader$Kind;               : loaded 2 times (x 65B)
Class com.google.protobuf.Internal                                                    : loaded 2 times (x 67B)
Class com.google.wireless.android.sdk.stats.EditorCompletionStatsOrBuilder            : loaded 2 times (x 66B)
Class kotlinx.coroutines.DebugKt                                                      : loaded 2 times (x 67B)
Class com.google.devtools.ksp.processing.KSPConfig                                    : loaded 2 times (x 68B)
Class com.google.wireless.android.sdk.stats.EmulatorHostOrBuilder                     : loaded 2 times (x 66B)
Class [Lcom.android.tools.analytics.Environment$EnvironmentVariable;                  : loaded 2 times (x 65B)
Class com.google.protobuf.Utf8$SafeProcessor                                          : loaded 2 times (x 73B)
Class org.codehaus.groovy.ast.stmt.CaseStatement                                      : loaded 2 times (x 110B)
Class groovy.transform.Generated                                                      : loaded 2 times (x 66B)
Class kotlin.reflect.jvm.internal.KClassImpl$Data$$Lambda$10                          : loaded 2 times (x 72B)
Class kotlin.reflect.jvm.internal.KDeclarationContainerImpl$Data$$Lambda$0            : loaded 2 times (x 72B)
Class com.android.SdkConstants                                                        : loaded 2 times (x 67B)
Class org.gradle.api.internal.classpath.EffectiveClassPath                            : loaded 2 times (x 86B)
Class [Lcom.android.ide.common.repository.AgpVersion$PreviewKind;                     : loaded 2 times (x 65B)
Class com.google.common.cache.RemovalCause$1                                          : loaded 2 times (x 76B)
Class [Lcom.google.common.cache.LocalCache$Segment;                                   : loaded 2 times (x 65B)
Class [Lcom.google.common.cache.LocalCache$Strength;                                  : loaded 2 times (x 65B)
Class com.google.common.cache.CacheBuilder$1                                          : loaded 2 times (x 81B)
Class org.gradle.internal.classpath.DefaultClassPath$ImmutableUniqueList$Builder      : loaded 2 times (x 71B)
Class com.android.sdklib.SdkVersionInfo                                               : loaded 2 times (x 67B)
Class it.unimi.dsi.fastutil.ints.Int2ObjectMap                                        : loaded 2 times (x 66B)
Class kotlin.io.FileTreeWalk$WalkState                                                : loaded 2 times (x 69B)
Class kotlinx.coroutines.CoroutineStart                                               : loaded 2 times (x 75B)
Class kotlinx.coroutines.scheduling.UnlimitedIoScheduler                              : loaded 2 times (x 95B)
Class com.google.wireless.android.play.playlog.proto.ClientAnalytics$LogEvent         : loaded 2 times (x 194B)
Class com.google.wireless.android.sdk.stats.TSdkUAEventOrBuilder                      : loaded 2 times (x 66B)
Class com.google.wireless.android.sdk.stats.UserSentimentOrBuilder                    : loaded 2 times (x 66B)
Class com.google.wireless.android.sdk.stats.ComposePreviewCanvasEventOrBuilder        : loaded 2 times (x 66B)
Class org.codehaus.groovy.classgen.GeneratorContext                                   : loaded 2 times (x 73B)
Class org.codehaus.groovy.ast.stmt.BreakStatement                                     : loaded 2 times (x 107B)
Class org.codehaus.groovy.runtime.metaclass.NewInstanceMetaMethod                     : loaded 2 times (x 95B)
Class groovy.io.GroovyPrintWriter                                                     : loaded 2 times (x 125B)
Class org.codehaus.groovy.ast.expr.PropertyExpression                                 : loaded 2 times (x 136B)
Class [Lgroovy.lang.MetaObjectProtocol;                                               : loaded 2 times (x 65B)
Class org.codehaus.groovy.util.ReferenceManager                                       : loaded 2 times (x 72B)
Class org.codehaus.groovy.reflection.stdclasses.FloatCachedClass                      : loaded 2 times (x 91B)
Class kotlin.reflect.jvm.internal.KProperty1Impl                                      : loaded 2 times (x 124B)
Class com.google.common.collect.RowSortedTable                                        : loaded 2 times (x 66B)
Class com.android.resources.GrammaticalGender                                         : loaded 2 times (x 82B)
Class com.android.ide.common.resources.configuration.DensityQualifier                 : loaded 2 times (x 85B)
Class com.android.ide.common.rendering.api.ResourceNamespace$AaptNamespace            : loaded 2 times (x 76B)
Class kotlin.reflect.jvm.internal.KClassImpl$Data$$Lambda$11                          : loaded 2 times (x 72B)
Class kotlin.reflect.jvm.internal.KDeclarationContainerImpl$Data                      : loaded 2 times (x 68B)
Class [Lcom.android.prefs.LocationValue;                                              : loaded 2 times (x 65B)
Class com.android.ide.common.resources.configuration.ScreenHeightQualifier            : loaded 2 times (x 84B)
Class com.google.common.cache.RemovalCause$2                                          : loaded 2 times (x 76B)
Class com.google.common.cache.LocalCache                                              : loaded 2 times (x 183B)
Class com.google.common.cache.CacheBuilder$2                                          : loaded 2 times (x 75B)
Class org.codehaus.groovy.reflection.CachedClass                                      : loaded 2 times (x 91B)
Class org.apache.groovy.util.BeanUtils                                                : loaded 2 times (x 67B)
Class com.google.protobuf.UnknownFieldSet                                             : loaded 2 times (x 83B)
Class kotlinx.coroutines.CoroutineId                                                  : loaded 2 times (x 89B)
Class kotlinx.coroutines.EventLoopImplBase                                            : loaded 2 times (x 113B)
Class com.google.wireless.android.sdk.stats.PromptLibraryEventOrBuilder               : loaded 2 times (x 66B)
Class androidx.annotation.experimental.lint.ExperimentalIssueRegistry                 : loaded 2 times (x 79B)
Class com.google.wireless.android.sdk.stats.AndroidProfilerDbStats                    : loaded 2 times (x 199B)
Class com.google.wireless.android.sdk.stats.IdePluginInfoOrBuilder                    : loaded 2 times (x 66B)
Class com.google.wireless.android.sdk.stats.AndroidStudioEvent                        : loaded 2 times (x 890B)
Class com.google.gson.TypeAdapter$1                                                   : loaded 2 times (x 70B)
Class [Lgroovyjarjarasm.asm.Opcodes;                                                  : loaded 2 times (x 65B)
Class org.codehaus.groovy.runtime.ProcessGroovyMethods                                : loaded 2 times (x 67B)
Class org.codehaus.groovy.util.ComplexKeyHashMap                                      : loaded 2 times (x 75B)
Class org.codehaus.groovy.util.Reference                                              : loaded 2 times (x 66B)
Class org.codehaus.groovy.reflection.stdclasses.CachedSAMClass                        : loaded 2 times (x 91B)
Class it.unimi.dsi.fastutil.objects.AbstractObject2IntFunction                        : loaded 2 times (x 115B)
Class com.google.wireless.android.sdk.stats.SuppressedSyncEventOrBuilder              : loaded 2 times (x 66B)
Class com.google.wireless.android.sdk.stats.PreviewRefreshEventOrBuilder              : loaded 2 times (x 66B)
Class com.google.wireless.android.sdk.stats.WearPairingEvent                          : loaded 2 times (x 191B)
Class kotlin.reflect.jvm.internal.impl.builtins.PrimitiveType$Companion               : loaded 2 times (x 67B)
Class kotlin.reflect.jvm.internal.KClassImpl$Data$$Lambda$12                          : loaded 2 times (x 72B)
Class kotlin.reflect.jvm.internal.KClassImpl$Data                                     : loaded 2 times (x 68B)
Class com.google.common.cache.RemovalCause$3                                          : loaded 2 times (x 76B)
Class com.google.common.cache.CacheBuilder$3                                          : loaded 2 times (x 68B)
Class org.gradle.api.GradleException                                                  : loaded 2 times (x 78B)
Class kotlin.io.FileTreeWalk$FileTreeWalkIterator                                     : loaded 2 times (x 79B)
Class org.jetbrains.org.objectweb.asm.SymbolTable$Entry                               : loaded 2 times (x 70B)
Class org.jetbrains.kotlin.metadata.deserialization.BinaryVersion                     : loaded 2 times (x 70B)
Class jdk.internal.jrtfs.ExplodedImage                                                : loaded 2 times (x 73B)
Class org.gradle.internal.classloader.ClassLoaderVisitor                              : loaded 2 times (x 72B)
Class [Lcom.google.common.collect.AbstractIterator$State;                             : loaded 2 times (x 65B)
Class org.apache.commons.io.file.PathUtils                                            : loaded 2 times (x 67B)
Class kotlin.collections.AbstractMap$Companion                                        : loaded 2 times (x 67B)
Class com.android.utils.EnvironmentProvider$DirectEnvironmentProvider                 : loaded 2 times (x 76B)
Class com.google.wireless.android.sdk.stats.KotlinSupport                             : loaded 2 times (x 198B)
Class com.google.wireless.android.sdk.stats.VsPluginEvent                             : loaded 2 times (x 198B)
Class com.google.wireless.android.sdk.stats.DesignEditorHelpPanelEvent                : loaded 2 times (x 195B)
Class com.google.wireless.android.sdk.stats.CommitMetricsEventOrBuilder               : loaded 2 times (x 66B)
Class groovyjarjarasm.asm.Label                                                       : loaded 2 times (x 69B)
Class org.codehaus.groovy.vmplugin.v9.ClassFinder$1                                   : loaded 2 times (x 80B)
Class groovy.lang.SpreadMapEvaluatingException                                        : loaded 2 times (x 83B)
Class org.codehaus.groovy.reflection.CachedMethod$MyComparator                        : loaded 2 times (x 86B)
Class org.codehaus.groovy.runtime.m12n.ExtensionModuleRegistry                        : loaded 2 times (x 73B)
Class org.codehaus.groovy.reflection.GeneratedMetaMethod$Proxy                        : loaded 2 times (x 92B)
Class groovy.lang.MetaClassRegistry                                                   : loaded 2 times (x 66B)
Class com.google.common.collect.HashBasedTable                                        : loaded 2 times (x 120B)
Class [Lcom.android.resources.LayoutDirection;                                        : loaded 2 times (x 65B)
Class com.android.ide.common.resources.ResourceMergerItem$1                           : loaded 2 times (x 119B)
Class com.android.ide.common.resources.configuration.FolderConfiguration              : loaded 2 times (x 71B)
Class kotlin.reflect.jvm.internal.KClassImpl$Data$$Lambda$13                          : loaded 2 times (x 72B)
Class kotlin.text.MatcherMatchResult$groupValues$1                                    : loaded 2 times (x 194B)
Class com.android.ide.common.gradle.Version                                           : loaded 2 times (x 71B)
Class org.apache.commons.io.StandardLineSeparator                                     : loaded 2 times (x 75B)
Class com.google.common.cache.RemovalCause$4                                          : loaded 2 times (x 76B)
Class com.google.common.base.Suppliers$MemoizingSupplier                              : loaded 2 times (x 75B)
Class com.google.common.collect.ForwardingMap                                         : loaded 2 times (x 128B)
Class kotlin.reflect.jvm.internal.KPropertyImpl$$Lambda$1                             : loaded 2 times (x 72B)
Class groovy.lang.GroovyInterceptable                                                 : loaded 2 times (x 66B)
Class com.google.common.hash.AbstractHasher                                           : loaded 2 times (x 138B)
Class com.google.wireless.android.sdk.stats.KotlinSupportDeclinedOrBuilder            : loaded 2 times (x 66B)
Class kotlinx.coroutines.DefaultExecutorKt                                            : loaded 2 times (x 67B)
Class kotlinx.coroutines.Unconfined                                                   : loaded 2 times (x 95B)
Class kotlinx.coroutines.GlobalScope                                                  : loaded 2 times (x 70B)
Class settings_b44s4y3saj0ztwe4nn40vfy2d$_run_closure1                                : loaded 2 times (x 135B)
Class com.google.wireless.android.sdk.stats.RenderSecurityManagerEvent                : loaded 2 times (x 195B)
Class com.google.wireless.android.sdk.stats.TestRunOrBuilder                          : loaded 2 times (x 66B)
Class com.google.wireless.android.sdk.stats.JniInspectionEventOrBuilder               : loaded 2 times (x 66B)
Class com.google.wireless.android.sdk.stats.VirtualizationEventOrBuilder              : loaded 2 times (x 66B)
Class com.android.tools.analytics.NullUsageTracker                                    : loaded 2 times (x 77B)
Class com.google.protobuf.Internal$EnumLiteMap                                        : loaded 2 times (x 66B)
Class groovyjarjarasm.asm.Edge                                                        : loaded 2 times (x 68B)
Class groovyjarjarasm.asm.Frame                                                       : loaded 2 times (x 69B)
Class org.codehaus.groovy.ast.AnnotationNode                                          : loaded 2 times (x 115B)
Class org.codehaus.groovy.ast.stmt.SwitchStatement                                    : loaded 2 times (x 113B)
Class org.codehaus.groovy.runtime.GroovyCategorySupport                               : loaded 2 times (x 67B)
Class groovy.lang.MetaClassImpl$Index                                                 : loaded 2 times (x 84B)
Class org.codehaus.groovy.runtime.metaclass.NewMetaMethod                             : loaded 2 times (x 95B)
Class org.codehaus.groovy.reflection.stdclasses.DoubleCachedClass                     : loaded 2 times (x 91B)
Class com.google.wireless.android.sdk.stats.EditorHighlightingStats                   : loaded 2 times (x 195B)
Class com.google.common.collect.AbstractTable$CellSet                                 : loaded 2 times (x 132B)
Class com.android.ide.common.resources.ResourceMergerItem$2                           : loaded 2 times (x 113B)
Class com.android.ide.common.resources.ResourceItem                                   : loaded 2 times (x 66B)
Class com.android.resources.FolderTypeRelationship                                    : loaded 2 times (x 67B)
Class kotlin.reflect.jvm.internal.KClassImpl$Data$$Lambda$14                          : loaded 2 times (x 72B)
Class kotlin.reflect.jvm.internal.KTypeParameterOwnerImpl                             : loaded 2 times (x 66B)
Class com.google.wireless.android.sdk.stats.IntellijProjectSizeStatsOrBuilder         : loaded 2 times (x 66B)
Class com.google.common.cache.RemovalCause$5                                          : loaded 2 times (x 76B)
Class com.google.common.collect.Maps$AbstractFilteredMap                              : loaded 2 times (x 123B)
Class [Lcom.google.common.io.FileWriteMode;                                           : loaded 2 times (x 65B)
Class [Lorg.jetbrains.org.objectweb.asm.Symbol;                                       : loaded 2 times (x 65B)
Class com.google.wireless.android.sdk.stats.IntellijIndexingStats                     : loaded 2 times (x 201B)
Class com.google.wireless.android.sdk.stats.GarbageCollectionStatsOrBuilder           : loaded 2 times (x 66B)
Class kotlinx.coroutines.CopyableThreadContextElement                                 : loaded 2 times (x 66B)
Class kotlin.collections.builders.MapBuilder$KeysItr                                  : loaded 2 times (x 77B)
Class kotlinx.coroutines.AbstractCoroutine                                            : loaded 2 times (x 140B)
Class kotlin.jvm.internal.FloatCompanionObject                                        : loaded 2 times (x 67B)
Class androidx.fragment.lint.AttachAndDetachInSameTransactionDetector                 : loaded 2 times (x 166B)
Class com.google.wireless.android.sdk.stats.GradleVersionCatalogDetectorEvent         : loaded 2 times (x 191B)
Class com.google.wireless.android.sdk.stats.WhatsNewAssistantUpdateEvent              : loaded 2 times (x 209B)
Class com.google.protobuf.LazyStringList                                              : loaded 2 times (x 66B)
Class com.google.wireless.android.sdk.stats.NonTransitiveRClassMigrationEventOrBuilder: loaded 2 times (x 66B)
Class com.google.common.hash.HashCode$IntHashCode                                     : loaded 2 times (x 76B)
Class org.codehaus.groovy.runtime.metaclass.DefaultMetaClassInfo$ConstantMetaClassVersioning: loaded 2 times (x 68B)
Class groovy.lang.MetaBeanProperty                                                    : loaded 2 times (x 79B)
Class org.codehaus.groovy.runtime.DefaultGroovyMethods$1                              : loaded 2 times (x 74B)
Class org.codehaus.groovy.runtime.GeneratedClosure                                    : loaded 2 times (x 66B)
Class com.android.resources.NightMode                                                 : loaded 2 times (x 82B)
Class [Lcom.android.resources.UiMode;                                                 : loaded 2 times (x 65B)
Class org.gradle.internal.classloader.DefaultClassLoaderFactory                       : loaded 2 times (x 78B)
Class kotlin.reflect.jvm.internal.impl.name.Name                                      : loaded 2 times (x 71B)
Class kotlin.reflect.jvm.internal.KClassImpl$Data$$Lambda$15                          : loaded 2 times (x 72B)
Class kotlin.reflect.jvm.internal.KPropertyImpl$Companion                             : loaded 2 times (x 67B)
Class it.unimi.dsi.fastutil.objects.ObjectSet                                         : loaded 2 times (x 66B)
Class com.android.tools.lint.model.DefaultLintModelSourceProvider                     : loaded 2 times (x 80B)
Class [Lcom.android.prefs.VariableType;                                               : loaded 2 times (x 65B)
Class com.google.common.collect.Iterables$4                                           : loaded 2 times (x 77B)
Class com.google.common.collect.MapMakerInternalMap$StrongKeyDummyValueSegment        : loaded 2 times (x 138B)
Class com.google.common.cache.LocalCache$WriteThroughEntry                            : loaded 2 times (x 75B)
Class com.google.common.cache.LocalCache$HashIterator                                 : loaded 2 times (x 82B)
Class com.google.common.cache.LocalCache$EntryFactory                                 : loaded 2 times (x 79B)
Class com.google.common.base.Suppliers                                                : loaded 2 times (x 67B)
Class [Lcom.google.common.cache.CacheBuilder$OneWeigher;                              : loaded 2 times (x 65B)
Class com.google.common.collect.MapMakerInternalMap$StrongKeyDummyValueEntry$LinkedStrongKeyDummyValueEntry: loaded 2 times (x 78B)
Class org.objectweb.asm.MethodTooLargeException                                       : loaded 2 times (x 79B)
Class com.android.tools.lint.model.LintModelModule                                    : loaded 2 times (x 66B)
Class ijKotlinCoroutineJvmDebugInit1_5whmnp10qzqejvcntodbxxhw9                        : loaded 2 times (x 175B)
Class com.android.tools.analytics.JournalingUsageTracker$scheduleFlush$1              : loaded 2 times (x 71B)
Class com.android.tools.analytics.HostData$runtimeBean$2                              : loaded 2 times (x 74B)
Class com.google.wireless.android.sdk.stats.WearHealthServicesEvent                   : loaded 2 times (x 191B)
Class com.google.wireless.android.sdk.stats.Align16kbEvent                            : loaded 2 times (x 198B)
Class com.google.wireless.android.sdk.stats.OomDialogEvent                            : loaded 2 times (x 207B)
Class com.google.wireless.android.sdk.stats.GradleBuildDetailsOrBuilder               : loaded 2 times (x 66B)
Class com.google.protobuf.GeneratedMessageV3$Builder                                  : loaded 2 times (x 274B)
Class com.google.protobuf.MutabilityOracle                                            : loaded 2 times (x 66B)
Class org.codehaus.groovy.reflection.ReflectionUtils                                  : loaded 2 times (x 67B)
Class [Lkotlin.annotation.AnnotationRetention;                                        : loaded 2 times (x 65B)
Class it.unimi.dsi.fastutil.ints.IntArrays$ForkJoinQuickSortIndirect                  : loaded 2 times (x 92B)
Class kotlin.reflect.jvm.internal.impl.name.FqNameUnsafe                              : loaded 2 times (x 68B)
Class kotlin.reflect.jvm.internal.KClassImpl$Data$$Lambda$16                          : loaded 2 times (x 72B)
Class [Lcom.android.ide.common.gradle.Separator;                                      : loaded 2 times (x 65B)
Class com.android.prefs.QueryResult                                                   : loaded 2 times (x 80B)
Class com.google.gson.JsonSyntaxException                                             : loaded 2 times (x 78B)
Class com.google.common.base.Splitter$1$1                                             : loaded 2 times (x 82B)
Class com.google.common.reflect.Types$NativeTypeVariableEquals                        : loaded 2 times (x 67B)
Class com.google.common.collect.Iterables$5                                           : loaded 2 times (x 77B)
Class com.google.common.reflect.TypeParameter                                         : loaded 2 times (x 68B)
Class [Lcom.google.common.collect.MapMaker$Dummy;                                     : loaded 2 times (x 65B)
Class com.google.common.cache.LocalCache$AbstractReferenceEntry                       : loaded 2 times (x 103B)
Class org.gradle.internal.IoActions                                                   : loaded 2 times (x 67B)
Class kotlin.reflect.jvm.internal.KPropertyImpl$$Lambda$0                             : loaded 2 times (x 72B)
Class kotlin.reflect.jvm.internal.impl.name.FqName                                    : loaded 2 times (x 68B)
Class com.android.ide.common.resources.configuration.LayoutDirectionQualifier         : loaded 2 times (x 87B)
Class org.codehaus.groovy.util.Finalizable                                            : loaded 2 times (x 66B)
Class org.codehaus.groovy.util.ReferenceBundle                                        : loaded 2 times (x 70B)
Class groovy.lang.GroovyRuntimeException                                              : loaded 2 times (x 83B)
Class org.codehaus.groovy.runtime.metaclass.MultipleSetterProperty                    : loaded 2 times (x 78B)
Class kotlinx.coroutines.scheduling.TaskContext                                       : loaded 2 times (x 66B)
Class com.google.wireless.android.sdk.stats.InstantRun                                : loaded 2 times (x 203B)
Class com.google.wireless.android.sdk.stats.ComposeAnimationToolingEvent              : loaded 2 times (x 193B)
Class com.google.wireless.android.sdk.stats.ApkDebugProjectOrBuilder                  : loaded 2 times (x 66B)
Class com.google.wireless.android.sdk.stats.SmlAiExcludeEventOrBuilder                : loaded 2 times (x 66B)
Class com.google.protobuf.Android                                                     : loaded 2 times (x 67B)
Class org.codehaus.groovy.ast.expr.MethodCall                                         : loaded 2 times (x 66B)
Class org.codehaus.groovy.ast.expr.ExpressionTransformer                              : loaded 2 times (x 66B)
Class groovy.lang.ReadOnlyPropertyException                                           : loaded 2 times (x 85B)
Class org.codehaus.groovy.runtime.dgmimpl.arrays.ShortArrayGetAtMetaMethod            : loaded 2 times (x 93B)
Class org.codehaus.groovy.runtime.callsite.CallSite                                   : loaded 2 times (x 66B)
Class groovy.lang.GString                                                             : loaded 2 times (x 117B)
Class org.codehaus.groovy.ast.stmt.ExpressionStatement                                : loaded 2 times (x 108B)
Class org.codehaus.groovy.ast.stmt.SynchronizedStatement                              : loaded 2 times (x 110B)
Class com.android.ide.common.resources.configuration.LocaleQualifier                  : loaded 2 times (x 85B)
Class kotlin.io.path.PathsKt__PathReadWriteKt                                         : loaded 2 times (x 67B)
Class [Lkotlin.reflect.jvm.internal.impl.name.ClassId;                                : loaded 2 times (x 65B)
Class kotlin.reflect.jvm.internal.KClassImpl$Data$$Lambda$17                          : loaded 2 times (x 72B)
Class kotlin.reflect.jvm.internal.KCallableImpl$$Lambda$0                             : loaded 2 times (x 72B)
Class kotlin.reflect.jvm.internal.EmptyContainerForLocal                              : loaded 2 times (x 80B)
Class it.unimi.dsi.fastutil.objects.AbstractObjectSet                                 : loaded 2 times (x 175B)
Class com.google.protobuf.GeneratedMessageV3$BuilderParent                            : loaded 2 times (x 66B)
Class org.objectweb.asm.SymbolTable                                                   : loaded 2 times (x 68B)
Class com.google.common.cache.CacheLoader$InvalidCacheLoadException                   : loaded 2 times (x 78B)
Class org.gradle.internal.classloader.SystemClassLoaderSpec                           : loaded 2 times (x 67B)
Class org.jetbrains.org.objectweb.asm.Frame                                           : loaded 2 times (x 69B)
Class com.google.protobuf.Internal$IntList                                            : loaded 2 times (x 66B)
Class com.google.wireless.android.sdk.stats.LldbPerformanceStatsOrBuilder             : loaded 2 times (x 66B)
Class com.google.wireless.android.sdk.stats.ApkAnalyzerStatsOrBuilder                 : loaded 2 times (x 66B)
Class kotlinx.coroutines.EventLoopImplPlatform                                        : loaded 2 times (x 103B)
Class kotlinx.coroutines.internal.LockFreeLinkedListNode                              : loaded 2 times (x 71B)
Class kotlinx.coroutines.scheduling.SchedulerTimeSource                               : loaded 2 times (x 68B)
Class kotlinx.coroutines.scheduling.CoroutineScheduler                                : loaded 2 times (x 77B)
Class kotlin.coroutines.CoroutineContext$DefaultImpls                                 : loaded 2 times (x 67B)
Class com.google.common.collect.TransformedListIterator                               : loaded 2 times (x 89B)
Class com.google.common.cache.LocalCache$Values                                       : loaded 2 times (x 114B)
Class com.google.wireless.android.sdk.stats.StudioToolWindowActionStats               : loaded 2 times (x 197B)
Class com.google.wireless.android.sdk.stats.PromptLibraryEvent                        : loaded 2 times (x 196B)
Class com.google.wireless.android.sdk.stats.MlModelBindingEvent                       : loaded 2 times (x 199B)
Class com.google.wireless.android.sdk.stats.GradleBuildDetails                        : loaded 2 times (x 229B)
Class groovyjarjarasm.asm.FieldWriter                                                 : loaded 2 times (x 74B)
Class groovy.lang.MutableMetaClass                                                    : loaded 2 times (x 66B)
Class org.codehaus.groovy.reflection.stdclasses.StringCachedClass                     : loaded 2 times (x 91B)
Class [Lcom.android.resources.HighDynamicRange;                                       : loaded 2 times (x 65B)
Class com.android.ide.common.rendering.api.StyleableResourceValueImpl                 : loaded 2 times (x 107B)
Class com.google.common.collect.Queues                                                : loaded 2 times (x 67B)
Class kotlin.reflect.jvm.internal.KCallableImpl$$Lambda$1                             : loaded 2 times (x 72B)
Class kotlin.text.MatcherMatchResult$groups$1                                         : loaded 2 times (x 147B)
Class com.google.common.collect.FluentIterable                                        : loaded 2 times (x 77B)
Class com.google.common.cache.LocalCache$StrongEntry                                  : loaded 2 times (x 104B)
Class com.google.common.util.concurrent.AbstractFuture$TrustedFuture                  : loaded 2 times (x 110B)
Class com.google.common.cache.LoadingCache                                            : loaded 2 times (x 66B)
Class [Lorg.objectweb.asm.Symbol;                                                     : loaded 2 times (x 65B)
Class org.jetbrains.kotlin.load.kotlin.FileBasedKotlinClass$InnerClassesInfo          : loaded 2 times (x 70B)
Class com.google.common.reflect.TypeCapture                                           : loaded 2 times (x 67B)
Class com.android.utils.ILogger                                                       : loaded 2 times (x 66B)
Class com.android.utils.NullLogger                                                    : loaded 2 times (x 81B)
Class it.unimi.dsi.fastutil.objects.ReferenceSet                                      : loaded 2 times (x 66B)
Class androidx.startup.lint.StartupRuntimeIssueRegistry                               : loaded 2 times (x 79B)
Class com.android.utils.FileUtils                                                     : loaded 2 times (x 67B)
Class com.google.wireless.android.sdk.stats.JourneyFinishedEvent                      : loaded 2 times (x 191B)
Class com.google.wireless.android.sdk.stats.IntellijProjectSizeStats                  : loaded 2 times (x 195B)
Class com.google.protobuf.AbstractProtobufList                                        : loaded 2 times (x 225B)
Class com.google.wireless.android.sdk.stats.VfsRefreshOrBuilder                       : loaded 2 times (x 66B)
Class com.google.wireless.android.sdk.stats.WhatsNewAssistantUpdateEventOrBuilder     : loaded 2 times (x 66B)
Class com.google.wireless.android.sdk.stats.EditorNotificationOrBuilder               : loaded 2 times (x 66B)
Class org.codehaus.groovy.runtime.wrappers.GroovyObjectWrapper                        : loaded 2 times (x 84B)
Class org.codehaus.groovy.runtime.memoize.ValueConvertable                            : loaded 2 times (x 66B)
Class org.codehaus.groovy.ast.AnnotatedNode                                           : loaded 2 times (x 118B)
Class kotlin.sequences.TakeWhileSequence                                              : loaded 2 times (x 71B)
Class com.google.common.collect.Tables$ImmutableCell                                  : loaded 2 times (x 78B)
Class org.codehaus.groovy.ast.PackageNode                                             : loaded 2 times (x 119B)
Class it.unimi.dsi.fastutil.BidirectionalIterator                                     : loaded 2 times (x 66B)
Class kotlin.reflect.jvm.internal.KCallableImpl$$Lambda$2                             : loaded 2 times (x 72B)
Class it.unimi.dsi.fastutil.objects.ObjectCollection                                  : loaded 2 times (x 66B)
Class com.android.tools.lint.model.DefaultLintModelModule                             : loaded 2 times (x 94B)
Class com.google.common.base.Suppliers$NonSerializableMemoizingSupplier               : loaded 2 times (x 75B)
Class [Lcom.google.common.cache.Weigher;                                              : loaded 2 times (x 65B)
Class groovy.lang.MetaClassImpl$MethodIndex                                           : loaded 2 times (x 85B)
Class groovy.lang.MetaClassImpl$10                                                    : loaded 2 times (x 73B)
Class org.codehaus.groovy.reflection.MixinInMetaClass                                 : loaded 2 times (x 83B)
Class groovyjarjarasm.asm.MethodWriter                                                : loaded 2 times (x 102B)
Class kotlinx.coroutines.internal.LockFreeTaskQueueCore$Companion                     : loaded 2 times (x 67B)
Class com.google.protobuf.GeneratedMessageV3$Builder$BuilderParentImpl                : loaded 2 times (x 74B)
Class com.android.tools.analytics.HostData$graphicsEnvironment$2                      : loaded 2 times (x 74B)
Class com.google.wireless.android.sdk.stats.FileUsage                                 : loaded 2 times (x 204B)
Class com.google.wireless.android.sdk.stats.CoroutineDebuggerEvent                    : loaded 2 times (x 193B)
Class com.google.wireless.android.sdk.stats.DebuggerEvent                             : loaded 2 times (x 201B)
Class com.google.wireless.android.sdk.stats.EmulatorUiEvent                           : loaded 2 times (x 199B)
Class com.google.wireless.android.sdk.stats.AppInspectionEvent                        : loaded 2 times (x 210B)
Class com.google.wireless.android.sdk.stats.SurveyResponseOrBuilder                   : loaded 2 times (x 66B)
Class com.google.wireless.android.sdk.stats.MlModelBindingEventOrBuilder              : loaded 2 times (x 66B)
Class com.android.tools.analytics.Environment$EnvironmentVariable                     : loaded 2 times (x 75B)
Class com.google.protobuf.Message$Builder                                             : loaded 2 times (x 66B)
Class org.codehaus.groovy.classgen.asm.util.TypeUtil                                  : loaded 2 times (x 67B)
Class com.google.gson.internal.bind.JsonTreeReader                                    : loaded 2 times (x 94B)
Class com.android.ide.common.resources.configuration.ScreenRatioQualifier             : loaded 2 times (x 87B)
Class kotlin.reflect.jvm.internal.KCallableImpl$$Lambda$3                             : loaded 2 times (x 72B)
Class org.jetbrains.kotlin.cli.common.CompilerSystemProperties$Companion              : loaded 2 times (x 67B)
Class com.android.ide.common.gradle.Version$Companion$ParseState$EMPTY                : loaded 2 times (x 70B)
Class com.google.common.collect.ImmutableMultimap$1                                   : loaded 2 times (x 78B)
Class com.google.wireless.android.sdk.stats.SmlConfigurationEventOrBuilder            : loaded 2 times (x 66B)
Class com.google.wireless.android.sdk.stats.SetupWizardEventOrBuilder                 : loaded 2 times (x 66B)
Class androidx.startup.lint.EnsureInitializerMetadataDetector$Companion               : loaded 2 times (x 67B)
Class com.google.wireless.android.sdk.stats.JvmDetails$1                              : loaded 2 times (x 147B)
Class com.google.wireless.android.sdk.stats.EditorCompletionStats                     : loaded 2 times (x 195B)
Class com.google.wireless.android.sdk.stats.BackupAndSyncEvent                        : loaded 2 times (x 193B)
Class com.google.wireless.android.sdk.stats.ComposeSampleEvent                        : loaded 2 times (x 191B)
Class com.google.wireless.android.sdk.stats.NavEditorEvent                            : loaded 2 times (x 211B)
Class com.google.wireless.android.sdk.stats.VsPluginEventOrBuilder                    : loaded 2 times (x 66B)
Class com.google.wireless.android.sdk.stats.StudioLabsEventOrBuilder                  : loaded 2 times (x 66B)
Class com.google.wireless.android.sdk.stats.DirectAccessUsageEventOrBuilder           : loaded 2 times (x 66B)
Class com.google.wireless.android.sdk.stats.DeviceScreenshotEventOrBuilder            : loaded 2 times (x 66B)
Class com.google.wireless.android.sdk.stats.SdkIndexLoadingDetailsOrBuilder           : loaded 2 times (x 66B)
Class com.android.repository.io.FileOpUtils                                           : loaded 2 times (x 67B)
Class org.codehaus.groovy.vmplugin.v9.ClassFindFailedException                        : loaded 2 times (x 78B)
Class org.codehaus.groovy.util.ComplexKeyHashMap$1                                    : loaded 2 times (x 75B)
Class org.codehaus.groovy.util.AbstractConcurrentMapBase                              : loaded 2 times (x 73B)
Class org.codehaus.groovy.runtime.ResourceGroovyMethods                               : loaded 2 times (x 67B)
Class org.codehaus.groovy.runtime.IOGroovyMethods                                     : loaded 2 times (x 67B)
Class org.codehaus.groovy.reflection.GroovyClassValueFactory                          : loaded 2 times (x 67B)
Class com.google.wireless.android.sdk.stats.EssentialsModeEvent                       : loaded 2 times (x 191B)
Class kotlin.reflect.jvm.internal.KCallableImpl$$Lambda$4                             : loaded 2 times (x 72B)
Class com.android.ide.common.repository.AgpVersion$Companion$WhenMappings             : loaded 2 times (x 67B)
Class com.google.wireless.android.sdk.stats.DirectAccessUsageEvent                    : loaded 2 times (x 218B)
Class kotlinx.coroutines.CoroutineScope                                               : loaded 2 times (x 66B)
Class com.google.common.reflect.Types$JavaVersion$1                                   : loaded 2 times (x 79B)
Class com.google.common.collect.ImmutableMultimap$2                                   : loaded 2 times (x 77B)
Class com.google.common.collect.AbstractIterator$State                                : loaded 2 times (x 75B)
Class com.google.common.cache.LocalCache$ValueReference                               : loaded 2 times (x 66B)
Class kotlinx.coroutines.ChildHandle                                                  : loaded 2 times (x 66B)
Class com.android.tools.lint.model.DefaultLintModelAndroidArtifact                    : loaded 2 times (x 89B)
Class kotlin.jvm.internal.MutablePropertyReference2                                   : loaded 2 times (x 133B)
Class kotlin.reflect.jvm.internal.ReflectProperties$Val                               : loaded 2 times (x 70B)
Class com.google.wireless.android.sdk.stats.WifiPairingEvent                          : loaded 2 times (x 206B)
Class com.google.wireless.android.sdk.stats.SystemHealthEvent                         : loaded 2 times (x 206B)
Class com.google.wireless.android.sdk.stats.ImportSampleEvent                         : loaded 2 times (x 193B)
Class com.google.wireless.android.sdk.stats.AndroidStudioEvent$TemplatesUsage         : loaded 2 times (x 202B)
Class com.google.wireless.android.sdk.stats.LintActionOrBuilder                       : loaded 2 times (x 66B)
Class com.google.wireless.android.sdk.stats.JvmDetailsOrBuilder                       : loaded 2 times (x 66B)
Class com.google.wireless.android.sdk.stats.DefaultActivityLocatorStatsOrBuilder      : loaded 2 times (x 66B)
Class groovy.lang.MissingFieldException                                               : loaded 2 times (x 85B)
Class org.codehaus.groovy.runtime.dgmimpl.arrays.FloatArrayPutAtMetaMethod            : loaded 2 times (x 93B)
Class groovy.lang.GString$1                                                           : loaded 2 times (x 117B)
Class groovy.util.BufferedIterator                                                    : loaded 2 times (x 66B)
Class groovy.lang.GroovyObject                                                        : loaded 2 times (x 66B)
Class kotlin.coroutines.jvm.internal.Boxing                                           : loaded 2 times (x 67B)
Class org.codehaus.groovy.ast.MethodNode                                              : loaded 2 times (x 153B)
Class it.unimi.dsi.fastutil.ints.IntArrays$Segment                                    : loaded 2 times (x 67B)
Class it.unimi.dsi.fastutil.ints.IntBidirectionalIterator                             : loaded 2 times (x 66B)
Class kotlin.reflect.jvm.internal.KCallableImpl$$Lambda$5                             : loaded 2 times (x 72B)
Class it.unimi.dsi.fastutil.ints.AbstractInt2ObjectMap                                : loaded 2 times (x 211B)
Class org.codehaus.groovy.runtime.MetaClassHelper                                     : loaded 2 times (x 67B)
Class org.codehaus.groovy.ast.expr.TupleExpression                                    : loaded 2 times (x 134B)
Class com.android.tools.lint.model.LintModelAndroidLibrary                            : loaded 2 times (x 66B)
Class com.google.protobuf.WireFormat                                                  : loaded 2 times (x 67B)
Class com.google.common.reflect.Types$JavaVersion$2                                   : loaded 2 times (x 79B)
Class com.google.common.reflect.Types                                                 : loaded 2 times (x 67B)
Class com.google.common.util.concurrent.AbstractFuture$Failure                        : loaded 2 times (x 68B)
Class com.google.gson.stream.MalformedJsonException                                   : loaded 2 times (x 78B)
Class com.google.wireless.android.sdk.stats.AndroidViewShowBuildFilesInModuleEventOrBuilder: loaded 2 times (x 66B)
Class com.google.wireless.android.sdk.stats.SplittingTabsUsageEventOrBuilder          : loaded 2 times (x 66B)
Class com.google.wireless.android.sdk.stats.MachineDetailsOrBuilder                   : loaded 2 times (x 66B)
Class com.google.protobuf.PrimitiveNonBoxingCollection                                : loaded 2 times (x 66B)
Class com.google.wireless.android.sdk.stats.GradleCppSyncStats                        : loaded 2 times (x 199B)
Class com.google.wireless.android.sdk.stats.DynamicLayoutInspectorEvent               : loaded 2 times (x 207B)
Class com.google.wireless.android.sdk.stats.SoongSyncStatsOrBuilder                   : loaded 2 times (x 66B)
Class com.google.wireless.android.sdk.stats.AvdLaunchEventOrBuilder                   : loaded 2 times (x 66B)
Class com.google.wireless.android.sdk.stats.TypingLatencyStatsOrBuilder               : loaded 2 times (x 66B)
Class com.google.wireless.android.sdk.stats.IntellijIndexingStatsOrBuilder            : loaded 2 times (x 66B)
Class com.google.wireless.android.sdk.stats.JourneyFinishedEventOrBuilder             : loaded 2 times (x 66B)
Class com.google.wireless.android.sdk.stats.IDeviceUsageEventOrBuilder                : loaded 2 times (x 66B)
Class com.google.gson.stream.JsonReader                                               : loaded 2 times (x 93B)
Class groovyjarjarasm.asm.ModuleVisitor                                               : loaded 2 times (x 77B)
Class org.codehaus.groovy.ast.ClassHelper$ClassHelperCache                            : loaded 2 times (x 67B)
Class org.codehaus.groovy.ast.ClassHelper                                             : loaded 2 times (x 67B)
Class org.codehaus.groovy.runtime.DefaultGroovyMethodsSupport                         : loaded 2 times (x 67B)
Class groovy.lang.groovydoc.Groovydoc                                                 : loaded 2 times (x 72B)
Class com.google.wireless.android.sdk.stats.RunStartData                              : loaded 2 times (x 198B)
Class [Lcom.android.resources.NightMode;                                              : loaded 2 times (x 65B)
Class com.android.ide.common.resources.DataFile                                       : loaded 2 times (x 79B)
Class com.android.ide.common.rendering.api.ResourceValueImpl                          : loaded 2 times (x 94B)
Class com.google.wireless.android.sdk.stats.GradleJdkInvalidEvent                     : loaded 2 times (x 191B)
Class com.android.tools.analytics.HostData$threadBean$2                               : loaded 2 times (x 74B)
Class kotlin.reflect.jvm.internal.KProperty0Impl                                      : loaded 2 times (x 124B)
Class kotlin.reflect.jvm.internal.CacheByClassKt                                      : loaded 2 times (x 67B)
Class androidx.navigation.lint.BaseTypeSafeDestinationMissingAnnotationDetector       : loaded 2 times (x 169B)
Class [Lorg.apache.commons.io.file.DeleteOption;                                      : loaded 2 times (x 65B)
Class com.google.common.collect.ImmutableSetMultimap                                  : loaded 2 times (x 176B)
Class com.google.common.reflect.Types$JavaVersion$3                                   : loaded 2 times (x 79B)
Class org.objectweb.asm.CurrentFrame                                                  : loaded 2 times (x 69B)
Class org.objectweb.asm.ClassTooLargeException                                        : loaded 2 times (x 79B)
Class com.google.common.io.CharSink                                                   : loaded 2 times (x 75B)
Class org.jetbrains.org.objectweb.asm.RecordComponentWriter                           : loaded 2 times (x 74B)
Class org.gradle.api.internal.classpath.ManifestUtil                                  : loaded 2 times (x 67B)
Class com.google.common.util.concurrent.ExecutionError                                : loaded 2 times (x 78B)
Class [Lcom.google.common.cache.RemovalCause;                                         : loaded 2 times (x 65B)
Class androidx.startup.lint.InitializerConstructorDetector                            : loaded 2 times (x 166B)
Class com.android.utils.StdLogger$Level                                               : loaded 2 times (x 75B)
Class com.android.tools.analytics.CommonMetricsData                                   : loaded 2 times (x 67B)
Class com.google.wireless.android.sdk.stats.RenderSecurityManagerEventOrBuilder       : loaded 2 times (x 66B)
Class com.google.wireless.android.sdk.stats.StudioPatchUpdaterEventOrBuilder          : loaded 2 times (x 66B)
Class com.google.wireless.android.sdk.stats.GradleDaemonJvmCriteriaErrorEventOrBuilder: loaded 2 times (x 66B)
Class com.google.wireless.android.sdk.stats.DeviceManagerEventOrBuilder               : loaded 2 times (x 66B)
Class com.google.common.hash.HashCode$LongHashCode                                    : loaded 2 times (x 76B)
Class groovyjarjarasm.asm.ByteVector                                                  : loaded 2 times (x 75B)
Class org.codehaus.groovy.ast.expr.MethodPointerExpression                            : loaded 2 times (x 127B)
Class org.codehaus.groovy.runtime.DefaultGroovyStaticMethods                          : loaded 2 times (x 67B)
Class com.android.tools.lint.model.DefaultLintModelVariant$mainArtifact$2             : loaded 2 times (x 75B)
Class com.android.sdklib.IAndroidTarget                                               : loaded 2 times (x 66B)
Class kotlin.reflect.jvm.internal.KProperty0Impl$$Lambda$1                            : loaded 2 times (x 72B)
Class com.android.ide.common.blame.SourcePosition                                     : loaded 2 times (x 67B)
Class com.android.ide.common.resources.configuration.ScreenOrientationQualifier       : loaded 2 times (x 86B)
Class com.android.resources.ResourceFolderType                                        : loaded 2 times (x 75B)
Class org.codehaus.groovy.reflection.stdclasses.LongCachedClass                       : loaded 2 times (x 91B)
Class org.jetbrains.kotlin.cli.common.messages.MessageCollector$Companion$NONE$1      : loaded 2 times (x 72B)
Class com.android.ide.common.gradle.Version$Companion$ParseState$NUMERIC              : loaded 2 times (x 70B)
Class com.android.ide.common.repository.AgpVersion$PreviewKind                        : loaded 2 times (x 75B)
Class [Lcom.android.tools.lint.model.LintModelModuleType;                             : loaded 2 times (x 65B)
Class com.android.tools.lint.model.LintModelSerialization$LintModelSerializationFileAdapter$WhenMappings: loaded 2 times (x 67B)
Class org.codehaus.groovy.reflection.stdclasses.ShortCachedClass                      : loaded 2 times (x 91B)
Class org.codehaus.groovy.reflection.stdclasses.BooleanCachedClass                    : loaded 2 times (x 91B)
Class com.google.common.reflect.Types$JavaVersion$4                                   : loaded 2 times (x 79B)
Class org.objectweb.asm.Frame                                                         : loaded 2 times (x 69B)
Class com.google.common.cache.LocalCache$EntryFactory$1                               : loaded 2 times (x 79B)
Class [Lcom.google.common.cache.RemovalListener;                                      : loaded 2 times (x 65B)
Class groovy.lang.MetaProperty                                                        : loaded 2 times (x 73B)
Class org.codehaus.groovy.ast.expr.BinaryExpression                                   : loaded 2 times (x 130B)
Class groovyjarjarasm.asm.Type                                                        : loaded 2 times (x 68B)
Class com.google.protobuf.CodedInputStream$StreamDecoder                              : loaded 2 times (x 116B)
Class kotlinx.coroutines.scheduling.TaskContextImpl                                   : loaded 2 times (x 71B)
Class androidx.navigation.lint.BaseTypeSafeDestinationMissingAnnotationDetectorKt     : loaded 2 times (x 67B)
Class com.google.wireless.android.sdk.stats.HeapReportEvent                           : loaded 2 times (x 195B)
Class com.google.wireless.android.sdk.stats.LiveLiteralsEvent                         : loaded 2 times (x 199B)
Class com.google.wireless.android.sdk.stats.MetaMetricsOrBuilder                      : loaded 2 times (x 66B)
Class [Lcom.android.tools.analytics.JournalingUsageTracker$State;                     : loaded 2 times (x 65B)
Class org.codehaus.groovy.ast.stmt.BlockStatement                                     : loaded 2 times (x 111B)
Class org.apache.groovy.plugin.GroovyRunnerRegistry                                   : loaded 2 times (x 130B)
Class org.codehaus.groovy.runtime.metaclass.MetaClassRegistryImpl$DefaultModuleListener: loaded 2 times (x 72B)
Class com.google.common.collect.RegularImmutableBiMap$Inverse$InverseEntrySet         : loaded 2 times (x 148B)
Class [Lcom.android.resources.NavigationState;                                        : loaded 2 times (x 65B)
Class com.google.wireless.android.sdk.stats.BrowserSurveyEventOrBuilder               : loaded 2 times (x 66B)
Class kotlin.reflect.jvm.internal.CachesKt                                            : loaded 2 times (x 67B)
Class com.google.common.reflect.Types$JavaVersion$5                                   : loaded 2 times (x 67B)
Class [Lcom.google.common.reflect.Types$ClassOwnership;                               : loaded 2 times (x 65B)
Class com.google.common.cache.LocalCache$EntryFactory$2                               : loaded 2 times (x 79B)
Class org.gradle.api.internal.classpath.GlobalCacheRootsProvider                      : loaded 2 times (x 66B)
Class com.google.wireless.android.sdk.stats.KotlinGradlePerformance                   : loaded 2 times (x 223B)
Class com.google.wireless.android.sdk.stats.AppLinksAssistantEvent                    : loaded 2 times (x 227B)
Class com.google.wireless.android.sdk.stats.TSdkUAEvent                               : loaded 2 times (x 200B)
Class kotlin.reflect.jvm.internal.KMutableProperty0Impl                               : loaded 2 times (x 131B)
Class com.google.wireless.android.sdk.stats.StudioProjectChange                       : loaded 2 times (x 191B)
Class com.google.wireless.android.sdk.stats.EmulatorUiEventOrBuilder                  : loaded 2 times (x 66B)
Class com.google.wireless.android.sdk.stats.IntelliJNewUISwitchOrBuilder              : loaded 2 times (x 66B)
Class com.google.wireless.android.sdk.stats.LintSession                               : loaded 2 times (x 217B)
Class com.google.common.collect.AbstractMapBasedMultimap$NavigableKeySet              : loaded 2 times (x 258B)
Class org.apache.groovy.util.Maps                                                     : loaded 2 times (x 67B)
Class org.codehaus.groovy.ast.stmt.TryCatchStatement                                  : loaded 2 times (x 117B)
Class org.codehaus.groovy.runtime.metaclass.MethodSelectionException                  : loaded 2 times (x 83B)
Class org.codehaus.groovy.util.TripleKeyHashMap                                       : loaded 2 times (x 78B)
Class org.codehaus.groovy.util.FastArray                                              : loaded 2 times (x 81B)
Class groovyjarjarasm.asm.Handler                                                     : loaded 2 times (x 68B)
Class com.android.ide.common.rendering.api.AttrResourceValue                          : loaded 2 times (x 66B)
Class org.jetbrains.kotlin.metadata.deserialization.MetadataVersion$Companion         : loaded 2 times (x 67B)
Class org.gradle.internal.classloader.ClassLoaderHierarchy                            : loaded 2 times (x 66B)
Class it.unimi.dsi.fastutil.ints.IntArrays$ForkJoinQuickSort                          : loaded 2 times (x 92B)
Class com.android.prefs.Global                                                        : loaded 2 times (x 76B)
Class com.google.common.io.FileWriteMode                                              : loaded 2 times (x 75B)
Class org.objectweb.asm.ModuleWriter                                                  : loaded 2 times (x 78B)
Class com.google.common.cache.LocalCache$EntryFactory$3                               : loaded 2 times (x 79B)
Class com.google.common.base.Ticker$1                                                 : loaded 2 times (x 68B)
Class com.google.common.cache.LocalCache$ValueIterator                                : loaded 2 times (x 82B)
Class kotlin.jvm.internal.MutablePropertyReference0                                   : loaded 2 times (x 133B)
Class kotlinx.coroutines.Incomplete                                                   : loaded 2 times (x 66B)
Class androidx.fragment.lint.FragmentTagDetector$Companion                            : loaded 2 times (x 67B)
Class androidx.lifecycle.lint.NonNullableMutableLiveDataDetector$Companion            : loaded 2 times (x 67B)
Class com.google.wireless.android.sdk.stats.KotlinSupportDeclined                     : loaded 2 times (x 191B)
Class com.google.wireless.android.sdk.stats.FirebaseManagementEvent                   : loaded 2 times (x 198B)
Class com.google.wireless.android.sdk.stats.LiveEditEvent                             : loaded 2 times (x 205B)
Class com.google.wireless.android.sdk.stats.ProjectViewSelectionChangeEvent           : loaded 2 times (x 193B)
Class com.google.wireless.android.sdk.stats.DeclarativeWatchFaceEventOrBuilder        : loaded 2 times (x 66B)
Class com.google.wireless.android.sdk.stats.EmulatorPerformanceStatsOrBuilder         : loaded 2 times (x 66B)
Class com.google.wireless.android.sdk.stats.AdbServerStatusOrBuilder                  : loaded 2 times (x 66B)
Class [Lcom.android.tools.analytics.Environment$SystemProperty;                       : loaded 2 times (x 65B)
Class com.android.tools.analytics.AnalyticsSettings                                   : loaded 2 times (x 67B)
Class com.google.protobuf.Descriptors$Descriptor                                      : loaded 2 times (x 72B)
Class org.codehaus.groovy.control.MultipleCompilationErrorsException                  : loaded 2 times (x 86B)
Class org.codehaus.groovy.runtime.BytecodeInterface8                                  : loaded 2 times (x 67B)
Class org.codehaus.groovy.runtime.metaclass.ThreadManagedMetaBeanProperty             : loaded 2 times (x 82B)
Class groovy.lang.groovydoc.GroovydocHolder                                           : loaded 2 times (x 66B)
Class org.codehaus.groovy.util.ManagedConcurrentLinkedQueue$Element                   : loaded 2 times (x 72B)
Class groovy.lang.GroovyCallable                                                      : loaded 2 times (x 66B)
Class groovy.lang.GroovyObjectSupport                                                 : loaded 2 times (x 80B)
Class kotlin.reflect.jvm.internal.impl.builtins.CompanionObjectMapping                : loaded 2 times (x 67B)
Class com.android.resources.TouchScreen                                               : loaded 2 times (x 82B)
Class com.android.ide.common.rendering.api.ResourceValue                              : loaded 2 times (x 66B)
Class it.unimi.dsi.fastutil.Stack                                                     : loaded 2 times (x 66B)
Class org.jetbrains.kotlin.cli.common.messages.MessageRenderer                        : loaded 2 times (x 66B)
Class kotlin.reflect.jvm.internal.KProperty0Impl$$Lambda$0                            : loaded 2 times (x 72B)
Class com.google.common.cache.LocalCache$EntryFactory$4                               : loaded 2 times (x 79B)
Class org.jetbrains.org.objectweb.asm.MethodTooLargeException                         : loaded 2 times (x 79B)
Class groovy.lang.Range                                                               : loaded 2 times (x 66B)
Class org.codehaus.groovy.reflection.CacheAccessControlException                      : loaded 2 times (x 83B)
Class kotlin.concurrent.LocksKt                                                       : loaded 2 times (x 67B)
Class kotlinx.coroutines.AbstractTimeSourceKt                                         : loaded 2 times (x 67B)
Class org.codehaus.groovy.reflection.CachedClass$CachedMethodComparatorWithString     : loaded 2 times (x 86B)
Class com.google.wireless.android.sdk.stats.DeviceMirroringSession                    : loaded 2 times (x 197B)
Class com.android.tools.analytics.AnalyticsPaths                                      : loaded 2 times (x 67B)
Class groovyjarjarasm.asm.RecordComponentWriter                                       : loaded 2 times (x 74B)
Class groovyjarjarasm.asm.AnnotationVisitor                                           : loaded 2 times (x 74B)
Class groovyjarjarasm.asm.ClassWriter                                                 : loaded 2 times (x 102B)
Class groovy.lang.GroovyResourceLoader                                                : loaded 2 times (x 66B)
Class com.android.resources.ScreenOrientation                                         : loaded 2 times (x 82B)
Class com.android.ide.common.rendering.api.ArrayResourceValue                         : loaded 2 times (x 66B)
Class com.android.ide.common.resources.configuration.NightModeQualifier               : loaded 2 times (x 86B)
Class it.unimi.dsi.fastutil.ints.AbstractInt2ObjectFunction                           : loaded 2 times (x 117B)
Class com.google.common.cache.LocalCache$EntryFactory$5                               : loaded 2 times (x 79B)
Class org.jetbrains.org.objectweb.asm.CurrentFrame                                    : loaded 2 times (x 69B)
Class com.google.protobuf.MapField                                                    : loaded 2 times (x 85B)
Class kotlin.jvm.internal.ByteCompanionObject                                         : loaded 2 times (x 67B)
Class com.google.protobuf.CodedInputStream$UnsafeDirectNioDecoder                     : loaded 2 times (x 116B)
Class com.android.tools.analytics.UsageTracker$setMaxJournalTime$1                    : loaded 2 times (x 75B)
Class androidx.fragment.lint.UnsafeFragmentLifecycleObserverDetector$Issues           : loaded 2 times (x 67B)
Class androidx.lifecycle.lint.NonNullableMutableLiveDataDetector$createUastHandler$1  : loaded 2 times (x 123B)
Class com.google.wireless.android.sdk.stats.SetupWizardEvent                          : loaded 2 times (x 208B)
Class com.google.wireless.android.sdk.stats.SmlGeolocationEvent                       : loaded 2 times (x 197B)
Class com.google.wireless.android.sdk.stats.MemorySettingsEvent                       : loaded 2 times (x 201B)
Class com.google.wireless.android.sdk.stats.StartupPerformanceCodeLoadedAndVisibleInEditorOrBuilder: loaded 2 times (x 66B)
Class com.google.wireless.android.sdk.stats.ConnectionAssistantEventOrBuilder         : loaded 2 times (x 66B)
Class com.google.wireless.android.sdk.stats.SuggestedImportEventOrBuilder             : loaded 2 times (x 66B)
Class org.codehaus.groovy.control.ResolveVisitor$LowerCaseClass                       : loaded 2 times (x 239B)
Class [Lorg.codehaus.groovy.runtime.callsite.CallSite;                                : loaded 2 times (x 65B)
Class [Lgroovy.lang.MetaProperty;                                                     : loaded 2 times (x 65B)
Class org.codehaus.groovy.reflection.CachedClass$1                                    : loaded 2 times (x 78B)
Class org.codehaus.groovy.util.LazyReference$1                                        : loaded 2 times (x 72B)
Class com.google.common.collect.MapMakerInternalMap$WeakKeyStrongValueSegment         : loaded 2 times (x 138B)
Class com.google.common.collect.Tables                                                : loaded 2 times (x 67B)
Class com.android.resources.LayoutDirection                                           : loaded 2 times (x 82B)
Class org.apache.commons.io.output.AppendableWriter                                   : loaded 2 times (x 96B)
Class com.google.common.cache.LocalCache$EntryFactory$6                               : loaded 2 times (x 79B)
Class org.gradle.internal.installation.CurrentGradleInstallationLocator               : loaded 2 times (x 67B)
Class [Lkotlin.io.FileWalkDirection;                                                  : loaded 2 times (x 65B)
Class kotlinx.coroutines.internal.OpDescriptor                                        : loaded 2 times (x 69B)
Class kotlinx.coroutines.Empty                                                        : loaded 2 times (x 71B)
Class com.google.wireless.android.sdk.stats.DeviceExplorerEventOrBuilder              : loaded 2 times (x 66B)
Class com.android.tools.analytics.HostData$osBean$2                                   : loaded 2 times (x 74B)
Class com.android.tools.analytics.HostData                                            : loaded 2 times (x 67B)
Class com.google.wireless.android.sdk.stats.OSMetrics                                 : loaded 2 times (x 195B)
Class com.google.wireless.android.sdk.stats.SdkIndexLibraryDetails                    : loaded 2 times (x 204B)
Class com.google.wireless.android.sdk.stats.IdePluginInfo                             : loaded 2 times (x 195B)
Class com.google.wireless.android.sdk.stats.UserIdResetEventOrBuilder                 : loaded 2 times (x 66B)
Class com.android.tools.analytics.JournalingUsageTracker                              : loaded 2 times (x 78B)
Class com.google.wireless.android.sdk.stats.StudioUpdateFlowEventOrBuilder            : loaded 2 times (x 66B)
Class com.google.protobuf.CodedInputStream$ArrayDecoder                               : loaded 2 times (x 116B)
Class [Lcom.google.protobuf.Internal$EnumLite;                                        : loaded 2 times (x 65B)
Class org.codehaus.groovy.runtime.callsite.BooleanClosureWrapper                      : loaded 2 times (x 70B)
Class groovy.lang.Binding                                                             : loaded 2 times (x 85B)
Class org.codehaus.groovy.util.ManagedConcurrentMap$Segment                           : loaded 2 times (x 81B)
Class org.codehaus.groovy.runtime.memoize.CommonCache                                 : loaded 2 times (x 150B)
Class [Lorg.codehaus.groovy.reflection.CachedField;                                   : loaded 2 times (x 65B)
Class org.codehaus.groovy.reflection.CachedClass$2                                    : loaded 2 times (x 78B)
Class [Lorg.codehaus.groovy.util.ComplexKeyHashMap$Entry;                             : loaded 2 times (x 65B)
Class org.codehaus.groovy.util.LazyReference$2                                        : loaded 2 times (x 72B)
Class [Lorg.codehaus.groovy.reflection.ParameterTypes;                                : loaded 2 times (x 65B)
Class com.google.wireless.android.sdk.stats.DataBindingEvent                          : loaded 2 times (x 200B)
Class [Lcom.android.resources.ScreenOrientation;                                      : loaded 2 times (x 65B)
Class com.android.utils.PositionXmlParser$Position                                    : loaded 2 times (x 74B)
Class com.google.wireless.android.sdk.stats.Hypervisor                                : loaded 2 times (x 191B)
Class com.android.tools.lint.model.DefaultLintModelDependencyGraph                    : loaded 2 times (x 74B)
Class com.android.tools.lint.model.DefaultLintModelLintOptions                        : loaded 2 times (x 99B)
Class kotlinx.coroutines.BuildersKt                                                   : loaded 2 times (x 67B)
Class org.apache.commons.io.output.ThresholdingOutputStream                           : loaded 2 times (x 91B)
Class com.google.common.collect.ImmutableMultimap$Builder                             : loaded 2 times (x 82B)
Class com.google.common.cache.LocalCache$EntryFactory$7                               : loaded 2 times (x 79B)
Class org.gradle.internal.service.DefaultServiceLocator                               : loaded 2 times (x 79B)
Class kotlinx.coroutines.CoroutineContextKt$hasCopyableElements$1                     : loaded 2 times (x 74B)
Class org.jetbrains.org.objectweb.asm.SymbolTable                                     : loaded 2 times (x 68B)
Class org.jetbrains.kotlin.name.FqName$Companion                                      : loaded 2 times (x 67B)
Class kotlinx.coroutines.internal.ThreadContextKt                                     : loaded 2 times (x 67B)
Class kotlin.sequences.DropWhileSequence$iterator$1                                   : loaded 2 times (x 75B)
Class kotlin.io.FileTreeWalk                                                          : loaded 2 times (x 71B)
Class org.jetbrains.kotlin.load.kotlin.FileBasedKotlinClass$OuterAndInnerName         : loaded 2 times (x 68B)
Class androidx.fragment.lint.UseRequireInsteadOfGetKt                                 : loaded 2 times (x 67B)
Class com.google.wireless.android.play.playlog.proto.ClientAnalytics$LogEventOrBuilder: loaded 2 times (x 66B)
Class com.google.wireless.android.sdk.stats.VfsRefresh                                : loaded 2 times (x 191B)
Class com.google.wireless.android.sdk.stats.ComposePreviewCanvasEvent                 : loaded 2 times (x 193B)
Class com.google.wireless.android.sdk.stats.AndroidStudioEvent$Builder                : loaded 2 times (x 990B)
Class com.google.protobuf.ProtocolStringList                                          : loaded 2 times (x 66B)
Class com.google.wireless.android.sdk.stats.JourneyEngineErrorEventOrBuilder          : loaded 2 times (x 66B)
Class groovyjarjarasm.asm.AnnotationWriter                                            : loaded 2 times (x 75B)
Class groovyjarjarasm.asm.RecordComponentVisitor                                      : loaded 2 times (x 73B)
Class [Lorg.codehaus.groovy.ast.AnnotatedNode;                                        : loaded 2 times (x 65B)
Class groovy.lang.MetaClassImpl$1MOPIter                                              : loaded 2 times (x 72B)
Class org.codehaus.groovy.runtime.dgmimpl.arrays.CharacterArrayPutAtMetaMethod        : loaded 2 times (x 93B)
Class org.codehaus.groovy.reflection.CachedClass$3                                    : loaded 2 times (x 78B)
Class org.codehaus.groovy.reflection.ClassInfo$LazyCachedClassRef                     : loaded 2 times (x 78B)
Class groovy.lang.MetaMethod                                                          : loaded 2 times (x 92B)
Class com.android.resources.ScreenSize                                                : loaded 2 times (x 82B)
Class org.jetbrains.kotlin.util.capitalizeDecapitalize.CapitalizeDecapitalizeKt       : loaded 2 times (x 67B)
Class org.gradle.internal.classloader.FilteringClassLoader                            : loaded 2 times (x 101B)
Class com.google.common.collect.ImmutableMultimap$EntryCollection                     : loaded 2 times (x 124B)
Class com.google.common.collect.Maps$EntrySet                                         : loaded 2 times (x 132B)
Class com.google.common.cache.LocalCache$EntryFactory$8                               : loaded 2 times (x 79B)
Class org.gradle.internal.installation.CurrentGradleInstallation                      : loaded 2 times (x 69B)
Class org.jetbrains.org.objectweb.asm.ModuleWriter                                    : loaded 2 times (x 78B)
Class com.google.common.io.LineReader                                                 : loaded 2 times (x 68B)
Class com.android.prefs.AndroidPathLocator                                            : loaded 2 times (x 69B)
Class kotlin.text.MatcherMatchResult                                                  : loaded 2 times (x 76B)
Class kotlinx.coroutines.scheduling.Task                                              : loaded 2 times (x 72B)
Class kotlin.text.MatchGroupCollection                                                : loaded 2 times (x 66B)
Class kotlinx.coroutines.BlockingCoroutine                                            : loaded 2 times (x 140B)
Class com.android.tools.lint.model.LintModelJavaLibrary                               : loaded 2 times (x 66B)
Class com.google.wireless.android.sdk.stats.SmlChatBotEvent                           : loaded 2 times (x 233B)
Class com.google.wireless.android.sdk.stats.ImportSampleEventOrBuilder                : loaded 2 times (x 66B)
Class com.google.wireless.android.sdk.stats.AndroidStudioEvent$IdeBrand$1             : loaded 2 times (x 72B)
Class org.codehaus.groovy.ast.stmt.DoWhileStatement                                   : loaded 2 times (x 114B)
Class org.codehaus.groovy.reflection.CachedClass$4                                    : loaded 2 times (x 78B)
Class org.codehaus.groovy.reflection.ParameterTypes                                   : loaded 2 times (x 78B)
Class com.android.ide.common.resources.ResourceMergerItem                             : loaded 2 times (x 132B)
Class com.android.utils.PositionXmlParser$ParserPool                                  : loaded 2 times (x 75B)
Class com.android.ide.common.rendering.api.ResourceNamespace$ToolsNamespace           : loaded 2 times (x 76B)
Class com.android.tools.lint.model.DefaultLintModelVariant                            : loaded 2 times (x 97B)
Class com.android.tools.lint.model.LintModelArtifact                                  : loaded 2 times (x 66B)
Class com.google.common.collect.ForwardingObject                                      : loaded 2 times (x 68B)
Class com.google.common.cache.CacheLoader$1                                           : loaded 2 times (x 71B)
Class org.gradle.util.internal.GUtil                                                  : loaded 2 times (x 67B)
Class com.android.ide.common.resources.DataFile$FileType                              : loaded 2 times (x 75B)
Class com.android.resources.NavigationState                                           : loaded 2 times (x 82B)
Class org.codehaus.groovy.reflection.v7.GroovyClassValueJava7                         : loaded 2 times (x 80B)
Class org.codehaus.groovy.runtime.dgmimpl.NumberNumberMultiply                        : loaded 2 times (x 110B)
Class kotlinx.coroutines.internal.LockFreeTaskQueue                                   : loaded 2 times (x 68B)
Class kotlinx.coroutines.scheduling.DefaultScheduler                                  : loaded 2 times (x 104B)
Class kotlinx.coroutines.Dispatchers                                                  : loaded 2 times (x 67B)
Class com.android.utils.StringHelper                                                  : loaded 2 times (x 67B)
Class com.google.protobuf.CodedOutputStream$OutputStreamEncoder                       : loaded 2 times (x 106B)
Class com.google.wireless.android.sdk.stats.BuildAttributionStats                     : loaded 2 times (x 203B)
Class com.google.wireless.android.sdk.stats.CppHeadersViewEvent                       : loaded 2 times (x 195B)
Class com.google.wireless.android.sdk.stats.JavaProcessStats                          : loaded 2 times (x 203B)
Class com.google.wireless.android.sdk.stats.MemorySettingsEventOrBuilder              : loaded 2 times (x 66B)
Class com.google.wireless.android.sdk.stats.FastPreviewEventOrBuilder                 : loaded 2 times (x 66B)
Class com.android.tools.analytics.Environment$Companion$SYSTEM$1                      : loaded 2 times (x 69B)
Class com.android.tools.analytics.Environment$Companion                               : loaded 2 times (x 67B)
Class com.android.tools.analytics.Environment$SystemProperty                          : loaded 2 times (x 75B)
Class com.google.protobuf.Message                                                     : loaded 2 times (x 66B)
Class [Lgroovyjarjarasm.asm.Type;                                                     : loaded 2 times (x 65B)
Class org.codehaus.groovy.ast.GroovyClassVisitor                                      : loaded 2 times (x 66B)
Class org.codehaus.groovy.runtime.dgmimpl.arrays.FloatArrayGetAtMetaMethod            : loaded 2 times (x 93B)
Class org.codehaus.groovy.runtime.callsite.CallSiteAwareMetaMethod                    : loaded 2 times (x 93B)
Class org.codehaus.groovy.ast.expr.AnnotationConstantExpression                       : loaded 2 times (x 130B)
Class groovy.lang.MissingPropertyException                                            : loaded 2 times (x 85B)
Class groovy.lang.Closure$1                                                           : loaded 2 times (x 129B)
Class org.codehaus.groovy.reflection.CachedClass$5                                    : loaded 2 times (x 78B)
Class it.unimi.dsi.fastutil.objects.Object2IntOpenHashMap$KeySet                      : loaded 2 times (x 176B)
Class com.android.resources.ResourceEnum                                              : loaded 2 times (x 66B)
Class com.android.ide.common.resources.configuration.TextInputMethodQualifier         : loaded 2 times (x 86B)
Class it.unimi.dsi.fastutil.ints.AbstractIntCollection                                : loaded 2 times (x 181B)
Class org.codehaus.groovy.runtime.NullObject                                          : loaded 2 times (x 87B)
Class [Lcom.android.tools.lint.model.LintModelSeverity;                               : loaded 2 times (x 65B)
Class com.android.prefs.PathLocator$WhenMappings                                      : loaded 2 times (x 67B)
Class com.google.common.cache.AbstractCache$StatsCounter                              : loaded 2 times (x 66B)
Class [Lorg.codehaus.groovy.ast.GenericsType;                                         : loaded 2 times (x 65B)
Class groovy.transform.Trait                                                          : loaded 2 times (x 66B)
Class com.google.protobuf.UnsafeUtil$JvmMemoryAccessor                                : loaded 2 times (x 87B)
Class kotlinx.coroutines.intrinsics.CancellableKt                                     : loaded 2 times (x 67B)
Class com.google.wireless.android.sdk.stats.JavaProcessStatsOrBuilder                 : loaded 2 times (x 66B)
Class com.google.protobuf.CodedOutputStream$SafeDirectNioEncoder                      : loaded 2 times (x 106B)
Class com.google.wireless.android.sdk.stats.RunEvent                                  : loaded 2 times (x 252B)
Class com.google.wireless.android.sdk.stats.SafeModeStatsEvent                        : loaded 2 times (x 215B)
Class com.google.wireless.android.sdk.stats.CMakeEditingEvent                         : loaded 2 times (x 193B)
Class com.google.wireless.android.sdk.stats.MachineDetails                            : loaded 2 times (x 201B)
Class com.google.protobuf.AbstractMessage$Builder                                     : loaded 2 times (x 253B)
Class com.google.protobuf.ExtensionRegistryFactory                                    : loaded 2 times (x 67B)
Class com.google.protobuf.ProtocolMessageEnum                                         : loaded 2 times (x 66B)
Class groovy.lang.ExpandoMetaClassCreationHandle                                      : loaded 2 times (x 72B)
Class org.codehaus.groovy.runtime.metaclass.TransformMetaMethod                       : loaded 2 times (x 92B)
Class org.codehaus.groovy.runtime.StringGroovyMethods                                 : loaded 2 times (x 67B)
Class org.codehaus.groovy.ast.NodeMetaDataHandler                                     : loaded 2 times (x 66B)
Class org.codehaus.groovy.reflection.CachedClass$6                                    : loaded 2 times (x 78B)
Class org.codehaus.groovy.util.ReferenceManager$ThreadedReferenceManager              : loaded 2 times (x 73B)
Class com.google.wireless.android.sdk.stats.ThreadingAgentUsageEventOrBuilder         : loaded 2 times (x 66B)
Class com.google.common.collect.AbstractTable                                         : loaded 2 times (x 116B)
Class com.google.wireless.android.sdk.stats.UpgradeAssistantProcessorEventOrBuilder   : loaded 2 times (x 66B)
Class com.google.wireless.android.sdk.stats.SmlAiExcludeEvent                         : loaded 2 times (x 197B)
Class kotlin.reflect.jvm.internal.RuntimeTypeMapper                                   : loaded 2 times (x 67B)
Class com.google.wireless.android.sdk.stats.MemoryUsageReportEvent                    : loaded 2 times (x 208B)
Class com.android.tools.lint.model.DefaultLintModelDependency                         : loaded 2 times (x 82B)
Class com.android.tools.lint.model.DefaultLintModelLibrary                            : loaded 2 times (x 82B)
Class com.android.tools.lint.model.DefaultLintModelBuildFeatures                      : loaded 2 times (x 73B)
Class com.google.common.reflect.Types$TypeVariableImpl                                : loaded 2 times (x 68B)
Class com.google.common.io.LineBuffer                                                 : loaded 2 times (x 71B)
Class org.gradle.internal.installation.GradleInstallation                             : loaded 2 times (x 71B)
Class kotlin.collections.ReversedList                                                 : loaded 2 times (x 203B)
Class com.google.wireless.android.sdk.stats.SuggestedImportEvent                      : loaded 2 times (x 193B)
Class com.google.protobuf.Writer                                                      : loaded 2 times (x 66B)
Class com.google.wireless.android.sdk.stats.ResizeComposePreviewEvent                 : loaded 2 times (x 213B)
Class com.google.protobuf.CodedInputStream                                            : loaded 2 times (x 115B)
Class com.google.protobuf.MessageLite                                                 : loaded 2 times (x 66B)
Class groovy.lang.ExpandoMetaClass                                                    : loaded 2 times (x 223B)
Class org.codehaus.groovy.reflection.CachedClass$7                                    : loaded 2 times (x 78B)
Class groovy.lang.IntRange                                                            : loaded 2 times (x 243B)
Class org.codehaus.groovy.reflection.ClassInfo$GlobalClassSet                         : loaded 2 times (x 72B)
Class kotlin.reflect.jvm.internal.impl.builtins.PrimitiveType$$Lambda$0               : loaded 2 times (x 72B)
Class [Lcom.android.utils.StdLogger$Level;                                            : loaded 2 times (x 65B)
Class com.android.prefs.AndroidLocationsException                                     : loaded 2 times (x 78B)
Class androidx.lifecycle.lint.RepeatOnLifecycleDetector$Companion                     : loaded 2 times (x 67B)
Class kotlin.collections.ReversedList$listIterator$1                                  : loaded 2 times (x 90B)
Class kotlin.io.FileWalkDirection                                                     : loaded 2 times (x 75B)
Class kotlinx.coroutines.internal.ResizableAtomicArray                                : loaded 2 times (x 68B)
Class kotlinx.coroutines.JobSupportKt                                                 : loaded 2 times (x 67B)
Class kotlinx.coroutines.ExecutorCoroutineDispatcher$Key                              : loaded 2 times (x 68B)
Class com.google.common.hash.AbstractByteHasher                                       : loaded 2 times (x 143B)
Class [Lcom.google.wireless.android.sdk.stats.JvmDetails$GarbageCollector;            : loaded 2 times (x 65B)
Class com.google.wireless.android.sdk.stats.PSDEvent                                  : loaded 2 times (x 206B)
Class com.google.wireless.android.sdk.stats.UiToolsPreferencesEvent                   : loaded 2 times (x 201B)
Class com.google.wireless.android.sdk.stats.ComposeDeployEvent                        : loaded 2 times (x 191B)
Class com.google.wireless.android.sdk.stats.DataBindingEventOrBuilder                 : loaded 2 times (x 66B)
Class com.google.wireless.android.sdk.stats.BackupUsageEventOrBuilder                 : loaded 2 times (x 66B)
Class com.google.wireless.android.sdk.stats.LogcatUsageEventOrBuilder                 : loaded 2 times (x 66B)
Class com.google.protobuf.AbstractMessageLite$Builder                                 : loaded 2 times (x 122B)
Class com.google.protobuf.MapFieldReflectionAccessor                                  : loaded 2 times (x 70B)
Class groovyjarjarasm.asm.MethodTooLargeException                                     : loaded 2 times (x 79B)
Class org.codehaus.groovy.ast.expr.ConstructorCallExpression                          : loaded 2 times (x 137B)
Class org.codehaus.groovy.reflection.CachedClass$8                                    : loaded 2 times (x 78B)
Class com.android.ide.common.rendering.api.StyleResourceValue                         : loaded 2 times (x 66B)
Class kotlin.reflect.jvm.internal.impl.builtins.PrimitiveType$$Lambda$1               : loaded 2 times (x 72B)
Class com.android.ide.common.gradle.Part                                              : loaded 2 times (x 73B)
Class com.android.utils.XmlUtils                                                      : loaded 2 times (x 67B)
Class com.google.common.collect.Lists$RandomAccessReverseList                         : loaded 2 times (x 196B)

---------------  S Y S T E M  ---------------

OS:
 Windows 11 , 64 bit Build 26100 (10.0.26100.4768)
OS uptime: 0 days 21:26 hours
Hyper-V role detected

CPU: total 4 (initial active 4) (2 cores per cpu, 2 threads per core) family 6 model 142 stepping 12 microcode 0xde, cx8, cmov, fxsr, ht, mmx, 3dnowpref, sse, sse2, sse3, ssse3, sse4.1, sse4.2, popcnt, lzcnt, tsc, tscinvbit, avx, avx2, aes, erms, clmul, bmi1, bmi2, adx, fma, vzeroupper, clflush, clflushopt, hv, rdtscp, f16c
Processor Information for the first 4 processors :
  Max Mhz: 2592, Current Mhz: 1495, Mhz Limit: 2073

Memory: 4k page, system-wide physical 8025M (638M free)
TotalPageFile size 23385M (AvailPageFile size 40M)
current process WorkingSet (physical memory assigned to process): 1820M, peak: 3150M
current process commit charge ("private bytes"): 3603M, peak: 3620M

vm_info: OpenJDK 64-Bit Server VM (21.0.6+-13391695-b895.109) for windows-amd64 JRE (21.0.6+-13391695-b895.109), built on 2025-04-22T21:19:17Z by "builder" with MS VC++ 16.10 / 16.11 (VS2019)

END.
