#
# There is insufficient memory for the Java Runtime Environment to continue.
# Native memory allocation (malloc) failed to allocate 1047376 bytes. Error detail: Chunk::new
# Possible reasons:
#   The system is out of physical RAM or swap space
#   This process is running with CompressedOops enabled, and the Java Heap may be blocking the growth of the native heap
# Possible solutions:
#   Reduce memory load on the system
#   Increase physical memory or swap space
#   Check if swap backing store is full
#   Decrease Java heap size (-Xmx/-Xms)
#   Decrease number of Java threads
#   Decrease Java thread stack sizes (-Xss)
#   Set larger code cache with -XX:ReservedCodeCacheSize=
#   JVM is running with Zero Based Compressed Oops mode in which the Java heap is
#     placed in the first 32GB address space. The Java Heap base address is the
#     maximum limit for the native heap growth. Please use -XX:HeapBaseMinAddress
#     to set the Java Heap base and to place the Java Heap above 32GB virtual address.
# This output file may be truncated or incomplete.
#
#  Out of Memory Error (arena.cpp:168), pid=12088, tid=1644
#
# JRE version: OpenJDK Runtime Environment (21.0.6) (build 21.0.6+-13391695-b895.109)
# Java VM: OpenJDK 64-Bit Server VM (21.0.6+-13391695-b895.109, mixed mode, tiered, compressed oops, compressed class ptrs, parallel gc, windows-amd64)
# No core dump will be written. Minidumps are not enabled by default on client versions of Windows
#

---------------  S U M M A R Y ------------

Command Line: --add-opens=java.base/java.lang=ALL-UNNAMED --add-opens=java.base/java.lang.invoke=ALL-UNNAMED --add-opens=java.base/java.util=ALL-UNNAMED --add-opens=java.prefs/java.util.prefs=ALL-UNNAMED --add-exports=jdk.compiler/com.sun.tools.javac.api=ALL-UNNAMED --add-exports=jdk.compiler/com.sun.tools.javac.util=ALL-UNNAMED --add-opens=java.base/java.util=ALL-UNNAMED --add-opens=java.prefs/java.util.prefs=ALL-UNNAMED --add-opens=java.base/java.nio.charset=ALL-UNNAMED --add-opens=java.base/java.net=ALL-UNNAMED --add-opens=java.base/java.util.concurrent.atomic=ALL-UNNAMED --add-opens=java.xml/javax.xml.namespace=ALL-UNNAMED -XX:+UseParallelGC -Xmx4g -Dfile.encoding=UTF-8 -Duser.country=CN -Duser.language=zh -Duser.variant -javaagent:C:\Users\Mbongeni\.gradle\wrapper\dists\gradle-8.14.2-bin\2pb3mgt1p815evrl3weanttgr\gradle-8.14.2\lib\agents\gradle-instrumentation-agent-8.14.2.jar org.gradle.launcher.daemon.bootstrap.GradleDaemon 8.14.2

Host: Intel(R) Core(TM) i3-10110U CPU @ 2.10GHz, 4 cores, 7G,  Windows 11 , 64 bit Build 26100 (10.0.26100.5074)
Time: Sun Sep  7 18:49:59 2025 South Africa Standard Time elapsed time: 1467.804913 seconds (0d 0h 24m 27s)

---------------  T H R E A D  ---------------

Current thread (0x0000024b7866c8d0):  JavaThread "C2 CompilerThread0" daemon [_thread_in_native, id=1644, stack(0x000000a305900000,0x000000a305a00000) (1024K)]


Current CompileTask:
C2:1467804 55883       4       com.android.tools.r8.shaking.h$$Lambda/0x00000008025ca2b8::accept (12 bytes)

Stack: [0x000000a305900000,0x000000a305a00000]
Native frames: (J=compiled Java code, j=interpreted, Vv=VM code, C=native code)
V  [jvm.dll+0x6d0639]
V  [jvm.dll+0x85eb03]
V  [jvm.dll+0x86105e]
V  [jvm.dll+0x861743]
V  [jvm.dll+0x27e6e6]
V  [jvm.dll+0xbff6d]
V  [jvm.dll+0xc04a3]
V  [jvm.dll+0x2f2780]
V  [jvm.dll+0x5fa409]
V  [jvm.dll+0x250d92]
V  [jvm.dll+0x24958d]
V  [jvm.dll+0x24714e]
V  [jvm.dll+0x1c5f04]
V  [jvm.dll+0x2569ac]
V  [jvm.dll+0x254ef6]
V  [jvm.dll+0x3f0e96]
V  [jvm.dll+0x806ed8]
V  [jvm.dll+0x6cef0d]
C  [ucrtbase.dll+0x37b0]
C  [KERNEL32.DLL+0x2e8d7]
C  [ntdll.dll+0x8d9c]


---------------  P R O C E S S  ---------------

Threads class SMR info:
_java_thread_list=0x0000024b7cff4c90, length=99, elements={
0x0000024b5841cf40, 0x0000024b7373c470, 0x0000024b7377b2d0, 0x0000024b7376d8a0,
0x0000024b73771870, 0x0000024b73772a60, 0x0000024b78668460, 0x0000024b7866c8d0,
0x0000024b7866f1e0, 0x0000024b786b6f50, 0x0000024b789d9500, 0x0000024b79d36f50,
0x0000024b796c4690, 0x0000024b799214f0, 0x0000024b7a1f4ea0, 0x0000024b7a1f4810,
0x0000024b7a1f5bc0, 0x0000024b7a1f7c90, 0x0000024b7b94b120, 0x0000024b7b94b7b0,
0x0000024b7b9496e0, 0x0000024b7c4f6450, 0x0000024b7d301a30, 0x0000024b7db6a410,
0x0000024b7db689d0, 0x0000024b7e6ac910, 0x0000024b7e6ac280, 0x0000024b7db69060,
0x0000024b7db6b130, 0x0000024b7db6aaa0, 0x0000024b7f997490, 0x0000024b7db696f0,
0x0000024b7e87d3f0, 0x0000024b7f7ad360, 0x0000024b7d2ff2d0, 0x0000024b7f7aa570,
0x0000024b7f7abfb0, 0x0000024b7e87b320, 0x0000024b7e87cd60, 0x0000024b7d2fdf20,
0x0000024b7e879f70, 0x0000024b7e87a600, 0x0000024b7e87c040, 0x0000024b7e87ac90,
0x0000024b7e87b9b0, 0x0000024b049925c0, 0x0000024b04992c50, 0x0000024b049932e0,
0x0000024b7f7aac00, 0x0000024b7f7ab290, 0x0000024b7f7ab920, 0x0000024b04991f30,
0x0000024b7d300d10, 0x0000024b7d2fec40, 0x0000024b7d303b00, 0x0000024b7d304190,
0x0000024b7d304820, 0x0000024b7d302de0, 0x0000024b7d304eb0, 0x0000024b7d305540,
0x0000024b7c4f4380, 0x0000024b7c4f22b0, 0x0000024b7c4f7800, 0x0000024b04168900,
0x0000024b7f32aef0, 0x0000024b7f32a860, 0x0000024b7f5ee120, 0x0000024b7f5ed400,
0x0000024b7e7754e0, 0x0000024b0ea90190, 0x0000024b7e7747c0, 0x0000024b7f32b580,
0x0000024b7f32bc10, 0x0000024b7f998840, 0x0000024b044878a0, 0x0000024b05f8b4e0,
0x0000024b05f88060, 0x0000024b7f5ec6e0, 0x0000024b7db6b7c0, 0x0000024b7fbc6880,
0x0000024b0ea8f470, 0x0000024b0ea8fb00, 0x0000024b0ea8e0c0, 0x0000024b7fbc6f10,
0x0000024b7b949d70, 0x0000024b7fbc7c30, 0x0000024b05e7a4e0, 0x0000024b05e797c0,
0x0000024b7e6abbf0, 0x0000024b097e70c0, 0x0000024b7d3020c0, 0x0000024b097e5680,
0x0000024b7e4ac240, 0x0000024b7e4ab520, 0x0000024b7e4aae90, 0x0000024b0e5f7580,
0x0000024b0f9fbef0, 0x0000024b05a47bc0, 0x0000024b055fe700
}

Java Threads: ( => current thread )
  0x0000024b5841cf40 JavaThread "main"                              [_thread_blocked, id=11856, stack(0x000000a304e00000,0x000000a304f00000) (1024K)]
  0x0000024b7373c470 JavaThread "Reference Handler"          daemon [_thread_blocked, id=12100, stack(0x000000a305300000,0x000000a305400000) (1024K)]
  0x0000024b7377b2d0 JavaThread "Finalizer"                  daemon [_thread_blocked, id=8968, stack(0x000000a305400000,0x000000a305500000) (1024K)]
  0x0000024b7376d8a0 JavaThread "Signal Dispatcher"          daemon [_thread_blocked, id=10252, stack(0x000000a305500000,0x000000a305600000) (1024K)]
  0x0000024b73771870 JavaThread "Attach Listener"            daemon [_thread_blocked, id=3204, stack(0x000000a305600000,0x000000a305700000) (1024K)]
  0x0000024b73772a60 JavaThread "Service Thread"             daemon [_thread_blocked, id=9688, stack(0x000000a305700000,0x000000a305800000) (1024K)]
  0x0000024b78668460 JavaThread "Monitor Deflation Thread"   daemon [_thread_blocked, id=14216, stack(0x000000a305800000,0x000000a305900000) (1024K)]
=>0x0000024b7866c8d0 JavaThread "C2 CompilerThread0"         daemon [_thread_in_native, id=1644, stack(0x000000a305900000,0x000000a305a00000) (1024K)]
  0x0000024b7866f1e0 JavaThread "C1 CompilerThread0"         daemon [_thread_blocked, id=12516, stack(0x000000a305a00000,0x000000a305b00000) (1024K)]
  0x0000024b786b6f50 JavaThread "Common-Cleaner"             daemon [_thread_blocked, id=13516, stack(0x000000a305b00000,0x000000a305c00000) (1024K)]
  0x0000024b789d9500 JavaThread "Notification Thread"        daemon [_thread_blocked, id=1216, stack(0x000000a305c00000,0x000000a305d00000) (1024K)]
  0x0000024b79d36f50 JavaThread "Daemon health stats"               [_thread_blocked, id=11612, stack(0x000000a306000000,0x000000a306100000) (1024K)]
  0x0000024b796c4690 JavaThread "Incoming local TCP Connector on port 43498"        [_thread_in_native, id=9384, stack(0x000000a306100000,0x000000a306200000) (1024K)]
  0x0000024b799214f0 JavaThread "Daemon periodic checks"            [_thread_blocked, id=8680, stack(0x000000a306200000,0x000000a306300000) (1024K)]
  0x0000024b7a1f4ea0 JavaThread "Cache worker for journal cache (C:\Users\Mbongeni\.gradle\caches\journal-1)"        [_thread_blocked, id=4836, stack(0x000000a306a00000,0x000000a306b00000) (1024K)]
  0x0000024b7a1f4810 JavaThread "File lock request listener"        [_thread_in_native, id=2492, stack(0x000000a306b00000,0x000000a306c00000) (1024K)]
  0x0000024b7a1f5bc0 JavaThread "Cache worker for file hash cache (C:\Users\Mbongeni\.gradle\caches\8.14.2\fileHashes)"        [_thread_blocked, id=14256, stack(0x000000a306c00000,0x000000a306d00000) (1024K)]
  0x0000024b7a1f7c90 JavaThread "Cache worker for file content cache (C:\Users\Mbongeni\.gradle\caches\8.14.2\fileContent)"        [_thread_blocked, id=7232, stack(0x000000a307100000,0x000000a307200000) (1024K)]
  0x0000024b7b94b120 JavaThread "File watcher server"        daemon [_thread_in_native, id=11860, stack(0x000000a307200000,0x000000a307300000) (1024K)]
  0x0000024b7b94b7b0 JavaThread "File watcher consumer"      daemon [_thread_blocked, id=6000, stack(0x000000a307300000,0x000000a307400000) (1024K)]
  0x0000024b7b9496e0 JavaThread "JNA Cleaner"                daemon [_thread_blocked, id=6496, stack(0x000000a307500000,0x000000a307600000) (1024K)]
  0x0000024b7c4f6450 JavaThread "Memory manager"                    [_thread_blocked, id=14288, stack(0x000000a308500000,0x000000a308600000) (1024K)]
  0x0000024b7d301a30 JavaThread "pool-2-thread-1"                   [_thread_blocked, id=8996, stack(0x000000a309e00000,0x000000a309f00000) (1024K)]
  0x0000024b7db6a410 JavaThread "RMI Scheduler(0)"           daemon [_thread_blocked, id=10100, stack(0x000000a30bf00000,0x000000a30c000000) (1024K)]
  0x0000024b7db689d0 JavaThread "RMI GC Daemon"              daemon [_thread_blocked, id=5736, stack(0x000000a30c100000,0x000000a30c200000) (1024K)]
  0x0000024b7e6ac910 JavaThread "RMI TCP Accept-0"           daemon [_thread_in_native, id=6284, stack(0x000000a30c200000,0x000000a30c300000) (1024K)]
  0x0000024b7e6ac280 JavaThread "RMI Reaper"                        [_thread_blocked, id=6056, stack(0x000000a30c300000,0x000000a30c400000) (1024K)]
  0x0000024b7db69060 JavaThread "Daemon Thread 2"                   [_thread_blocked, id=10120, stack(0x000000a304c00000,0x000000a304d00000) (1024K)]
  0x0000024b7db6b130 JavaThread "Handler for socket connection from /127.0.0.1:43498 to /127.0.0.1:21823"        [_thread_in_native, id=9404, stack(0x000000a304d00000,0x000000a304e00000) (1024K)]
  0x0000024b7db6aaa0 JavaThread "Cancel handler"                    [_thread_blocked, id=13740, stack(0x000000a304f00000,0x000000a305000000) (1024K)]
  0x0000024b7f997490 JavaThread "Daemon worker Thread 2"            [_thread_blocked, id=7016, stack(0x000000a306300000,0x000000a306400000) (1024K)]
  0x0000024b7db696f0 JavaThread "Asynchronous log dispatcher for DefaultDaemonConnection: socket connection from /127.0.0.1:43498 to /127.0.0.1:21823"        [_thread_blocked, id=12136, stack(0x000000a306400000,0x000000a306500000) (1024K)]
  0x0000024b7e87d3f0 JavaThread "Stdin handler"                     [_thread_blocked, id=10912, stack(0x000000a306500000,0x000000a306600000) (1024K)]
  0x0000024b7f7ad360 JavaThread "Daemon client event forwarder"        [_thread_blocked, id=11160, stack(0x000000a306600000,0x000000a306700000) (1024K)]
  0x0000024b7d2ff2d0 JavaThread "Cache worker for file hash cache (C:\Users\Mbongeni\OneDrive\Documents\GitHub\Lost\.gradle\8.14.2\fileHashes)"        [_thread_blocked, id=12532, stack(0x000000a306700000,0x000000a306800000) (1024K)]
  0x0000024b7f7aa570 JavaThread "Cache worker for checksums cache (C:\Users\Mbongeni\OneDrive\Documents\GitHub\Lost\.gradle\8.14.2\checksums)"        [_thread_blocked, id=3612, stack(0x000000a306800000,0x000000a306900000) (1024K)]
  0x0000024b7f7abfb0 JavaThread "Cache worker for Build Output Cleanup Cache (C:\Users\Mbongeni\OneDrive\Documents\GitHub\Lost\.gradle\buildOutputCleanup)"        [_thread_blocked, id=504, stack(0x000000a306900000,0x000000a306a00000) (1024K)]
  0x0000024b7e87b320 JavaThread "gradle-enterprise-worker-1"        [_thread_blocked, id=3740, stack(0x000000a306d00000,0x000000a306e00000) (1024K)]
  0x0000024b7e87cd60 JavaThread "Develocity resource usage"  daemon [_thread_blocked, id=460, stack(0x000000a306e00000,0x000000a306f00000) (1024K)]
  0x0000024b7d2fdf20 JavaThread "build event listener"              [_thread_blocked, id=12864, stack(0x000000a307b00000,0x000000a307c00000) (1024K)]
  0x0000024b7e879f70 JavaThread "build event listener"              [_thread_blocked, id=916, stack(0x000000a307d00000,0x000000a307e00000) (1024K)]
  0x0000024b7e87a600 JavaThread "build event listener"              [_thread_blocked, id=9444, stack(0x000000a307e00000,0x000000a307f00000) (1024K)]
  0x0000024b7e87c040 JavaThread "Build operations"                  [_thread_blocked, id=11376, stack(0x000000a307f00000,0x000000a308000000) (1024K)]
  0x0000024b7e87ac90 JavaThread "Build operations Thread 2"         [_thread_blocked, id=3620, stack(0x000000a308000000,0x000000a308100000) (1024K)]
  0x0000024b7e87b9b0 JavaThread "included builds"                   [_thread_blocked, id=1044, stack(0x000000a308100000,0x000000a308200000) (1024K)]
  0x0000024b049925c0 JavaThread "Execution worker"                  [_thread_blocked, id=11028, stack(0x000000a308200000,0x000000a308300000) (1024K)]
  0x0000024b04992c50 JavaThread "Execution worker Thread 2"         [_thread_blocked, id=6616, stack(0x000000a308300000,0x000000a308400000) (1024K)]
  0x0000024b049932e0 JavaThread "Execution worker Thread 3"         [_thread_blocked, id=13428, stack(0x000000a308400000,0x000000a308500000) (1024K)]
  0x0000024b7f7aac00 JavaThread "ForkJoinPool.commonPool-worker-4" daemon [_thread_blocked, id=14184, stack(0x000000a308600000,0x000000a308700000) (1024K)]
  0x0000024b7f7ab290 JavaThread "ForkJoinPool.commonPool-worker-5" daemon [_thread_blocked, id=3792, stack(0x000000a308700000,0x000000a308800000) (1024K)]
  0x0000024b7f7ab920 JavaThread "ForkJoinPool.commonPool-worker-6" daemon [_thread_blocked, id=7820, stack(0x000000a308800000,0x000000a308900000) (1024K)]
  0x0000024b04991f30 JavaThread "Cache worker for execution history cache (C:\Users\Mbongeni\OneDrive\Documents\GitHub\Lost\.gradle\8.14.2\executionHistory)"        [_thread_blocked, id=13104, stack(0x000000a308900000,0x000000a308a00000) (1024K)]
  0x0000024b7d300d10 JavaThread "pool-4-thread-1"                   [_thread_blocked, id=2056, stack(0x000000a308a00000,0x000000a308b00000) (1024K)]
  0x0000024b7d2fec40 JavaThread "Resource Usage Collector SystemCpu" daemon [_thread_blocked, id=13748, stack(0x000000a308c00000,0x000000a308d00000) (1024K)]
  0x0000024b7d303b00 JavaThread "Resource Usage Collector Monitoring 0" daemon [_thread_blocked, id=3684, stack(0x000000a308d00000,0x000000a308e00000) (1024K)]
  0x0000024b7d304190 JavaThread "Resource Usage Collector Memory" daemon [_thread_blocked, id=4008, stack(0x000000a308e00000,0x000000a308f00000) (1024K)]
  0x0000024b7d304820 JavaThread "Resource Usage Collector Monitoring 1" daemon [_thread_blocked, id=5224, stack(0x000000a308f00000,0x000000a309000000) (1024K)]
  0x0000024b7d302de0 JavaThread "Resource Usage Collector NetworkSpeed" daemon [_thread_blocked, id=9828, stack(0x000000a309000000,0x000000a309100000) (1024K)]
  0x0000024b7d304eb0 JavaThread "Resource Usage Collector Monitoring 2" daemon [_thread_blocked, id=10740, stack(0x000000a309100000,0x000000a309200000) (1024K)]
  0x0000024b7d305540 JavaThread "Resource Usage Collector DiskSpeed" daemon [_thread_blocked, id=13308, stack(0x000000a309200000,0x000000a309300000) (1024K)]
  0x0000024b7c4f4380 JavaThread "Resource Usage Collector Monitoring 3" daemon [_thread_blocked, id=9452, stack(0x000000a309300000,0x000000a309400000) (1024K)]
  0x0000024b7c4f22b0 JavaThread "Resource Usage Collector Processes" daemon [_thread_blocked, id=1532, stack(0x000000a309400000,0x000000a309500000) (1024K)]
  0x0000024b7c4f7800 JavaThread "Resource Usage Collector Monitoring 4" daemon [_thread_blocked, id=4384, stack(0x000000a309500000,0x000000a309600000) (1024K)]
  0x0000024b04168900 JavaThread "WorkerExecutor Queue"              [_thread_in_vm, id=12524, stack(0x000000a309600000,0x000000a309700000) (1024K)]
  0x0000024b7f32aef0 JavaThread "Periodic tasks thread"      daemon [_thread_blocked, id=9840, stack(0x000000a309700000,0x000000a309800000) (1024K)]
  0x0000024b7f32a860 JavaThread "ApplicationImpl pooled thread 1" daemon [_thread_blocked, id=3380, stack(0x000000a309800000,0x000000a309900000) (1024K)]
  0x0000024b7f5ee120 JavaThread "Java2D Disposer"            daemon [_thread_blocked, id=11204, stack(0x000000a309900000,0x000000a309a00000) (1024K)]
  0x0000024b7f5ed400 JavaThread "AWT-Windows"                daemon [_thread_in_native, id=10968, stack(0x000000a309b00000,0x000000a309c00000) (1024K)]
  0x0000024b7e7754e0 JavaThread "WorkerExecutor Queue Thread 2"        [_thread_blocked, id=8888, stack(0x000000a307a00000,0x000000a307b00000) (1024K)]
  0x0000024b0ea90190 JavaThread "RMI RenewClean-[127.0.0.1:17165,org.jetbrains.kotlin.daemon.common.LoopbackNetworkInterface$ClientLoopbackSocketFactory@6fc3febc]" daemon [_thread_blocked, id=1416, stack(0x000000a309c00000,0x000000a309d00000) (1024K)]
  0x0000024b7e7747c0 JavaThread "Unconstrained build operations"        [_thread_blocked, id=7548, stack(0x000000a307000000,0x000000a307100000) (1024K)]
  0x0000024b7f32b580 JavaThread "Unconstrained build operations Thread 2"        [_thread_blocked, id=9264, stack(0x000000a307400000,0x000000a307500000) (1024K)]
  0x0000024b7f32bc10 JavaThread "Unconstrained build operations Thread 3"        [_thread_blocked, id=11624, stack(0x000000a307600000,0x000000a307700000) (1024K)]
  0x0000024b7f998840 JavaThread "Unconstrained build operations Thread 4"        [_thread_blocked, id=4356, stack(0x000000a307900000,0x000000a307a00000) (1024K)]
  0x0000024b044878a0 JavaThread "Cache worker for Java compile cache (C:\Users\Mbongeni\.gradle\caches\8.14.2\javaCompile)"        [_thread_blocked, id=11060, stack(0x000000a309a00000,0x000000a309b00000) (1024K)]
  0x0000024b05f8b4e0 JavaThread "Build operations Thread 3"         [_thread_blocked, id=10816, stack(0x000000a309d00000,0x000000a309e00000) (1024K)]
  0x0000024b05f88060 JavaThread "Build operations Thread 4"         [_thread_blocked, id=8904, stack(0x000000a309f00000,0x000000a30a000000) (1024K)]
  0x0000024b7f5ec6e0 JavaThread "Unconstrained build operations Thread 5"        [_thread_blocked, id=1168, stack(0x000000a30a000000,0x000000a30a100000) (1024K)]
  0x0000024b7db6b7c0 JavaThread "Unconstrained build operations Thread 6"        [_thread_blocked, id=14204, stack(0x000000a30a100000,0x000000a30a200000) (1024K)]
  0x0000024b7fbc6880 JavaThread "Unconstrained build operations Thread 7"        [_thread_blocked, id=9084, stack(0x000000a30a200000,0x000000a30a300000) (1024K)]
  0x0000024b0ea8f470 JavaThread "Unconstrained build operations Thread 8"        [_thread_blocked, id=13604, stack(0x000000a30a300000,0x000000a30a400000) (1024K)]
  0x0000024b0ea8fb00 JavaThread "Unconstrained build operations Thread 9"        [_thread_blocked, id=2608, stack(0x000000a30a400000,0x000000a30a500000) (1024K)]
  0x0000024b0ea8e0c0 JavaThread "Unconstrained build operations Thread 10"        [_thread_blocked, id=5744, stack(0x000000a30a500000,0x000000a30a600000) (1024K)]
  0x0000024b7fbc6f10 JavaThread "WorkerExecutor Queue Thread 3"        [_thread_blocked, id=5760, stack(0x000000a30a600000,0x000000a30a700000) (1024K)]
  0x0000024b7b949d70 JavaThread "WorkerExecutor Queue Thread 4"        [_thread_blocked, id=10012, stack(0x000000a30a700000,0x000000a30a800000) (1024K)]
  0x0000024b7fbc7c30 JavaThread "Unconstrained build operations Thread 11"        [_thread_blocked, id=8472, stack(0x000000a30a800000,0x000000a30a900000) (1024K)]
  0x0000024b05e7a4e0 JavaThread "Unconstrained build operations Thread 12"        [_thread_blocked, id=5068, stack(0x000000a30a900000,0x000000a30aa00000) (1024K)]
  0x0000024b05e797c0 JavaThread "Unconstrained build operations Thread 13"        [_thread_blocked, id=13900, stack(0x000000a30aa00000,0x000000a30ab00000) (1024K)]
  0x0000024b7e6abbf0 JavaThread "DefaultDispatcher-worker-1" daemon [_thread_blocked, id=8708, stack(0x000000a30ad00000,0x000000a30ae00000) (1024K)]
  0x0000024b097e70c0 JavaThread "DefaultDispatcher-worker-2" daemon [_thread_blocked, id=7244, stack(0x000000a30ae00000,0x000000a30af00000) (1024K)]
  0x0000024b7d3020c0 JavaThread "DefaultDispatcher-worker-3" daemon [_thread_blocked, id=3940, stack(0x000000a30af00000,0x000000a30b000000) (1024K)]
  0x0000024b097e5680 JavaThread "DefaultDispatcher-worker-4" daemon [_thread_blocked, id=5296, stack(0x000000a30b000000,0x000000a30b100000) (1024K)]
  0x0000024b7e4ac240 JavaThread "ForkJoinPool-1-worker-1"    daemon [_thread_in_Java, id=5540, stack(0x000000a30ab00000,0x000000a30ac00000) (1024K)]
  0x0000024b7e4ab520 JavaThread "ForkJoinPool-1-worker-2"    daemon [_thread_in_Java, id=10496, stack(0x000000a30ac00000,0x000000a30ad00000) (1024K)]
  0x0000024b7e4aae90 JavaThread "ForkJoinPool-1-worker-3"    daemon [_thread_in_vm, id=6984, stack(0x000000a30b100000,0x000000a30b200000) (1024K)]
  0x0000024b0e5f7580 JavaThread "ForkJoinPool-1-worker-4"    daemon [_thread_in_Java, id=5384, stack(0x000000a30b200000,0x000000a30b300000) (1024K)]
  0x0000024b0f9fbef0 JavaThread "Periodic tasks thread"      daemon [_thread_blocked, id=4892, stack(0x000000a30b300000,0x000000a30b400000) (1024K)]
  0x0000024b05a47bc0 JavaThread "ApplicationImpl pooled thread 1"        [_thread_blocked, id=3720, stack(0x000000a30b400000,0x000000a30b500000) (1024K)]
  0x0000024b055fe700 JavaThread "C2 CompilerThread1"         daemon [_thread_in_native, id=2568, stack(0x000000a306f00000,0x000000a307000000) (1024K)]
Total: 99

Other Threads:
  0x0000024b73668850 VMThread "VM Thread"                           [id=11484, stack(0x000000a305200000,0x000000a305300000) (1024K)]
  0x0000024b7365ba00 WatcherThread "VM Periodic Task Thread"        [id=4268, stack(0x000000a305100000,0x000000a305200000) (1024K)]
  0x0000024b58433f60 WorkerThread "GC Thread#0"                     [id=9780, stack(0x000000a305000000,0x000000a305100000) (1024K)]
  0x0000024b79258310 WorkerThread "GC Thread#1"                     [id=4876, stack(0x000000a305d00000,0x000000a305e00000) (1024K)]
  0x0000024b7925b240 WorkerThread "GC Thread#2"                     [id=6460, stack(0x000000a305e00000,0x000000a305f00000) (1024K)]
  0x0000024b7925b5e0 WorkerThread "GC Thread#3"                     [id=2264, stack(0x000000a305f00000,0x000000a306000000) (1024K)]
Total: 6

Threads with active compile tasks:
C2 CompilerThread0  1467856 55883       4       com.android.tools.r8.shaking.h$$Lambda/0x00000008025ca2b8::accept (12 bytes)
C2 CompilerThread1  1467856 55881       4       com.android.tools.r8.shaking.h::b (71 bytes)
Total: 2

VM state: not at safepoint (normal execution)

VM Mutex/Monitor currently owned by a thread: None

Heap address: 0x0000000700000000, size: 4096 MB, Compressed Oops mode: Zero based, Oop shift amount: 3

CDS archive(s) not mapped
Compressed class space mapped at: 0x0000000800000000-0x0000000840000000, reserved size: 1073741824
Narrow klass base: 0x0000000800000000, Narrow klass shift: 0, Narrow klass range: 0x40000000

GC Precious Log:
 CardTable entry size: 512
 CPUs: 4 total, 4 available
 Memory: 8025M
 Large Page Support: Disabled
 NUMA Support: Disabled
 Compressed Oops: Enabled (Zero based)
 Alignments: Space 512K, Generation 512K, Heap 2M
 Heap Min Capacity: 8M
 Heap Initial Capacity: 126M
 Heap Max Capacity: 4G
 Pre-touch: Disabled
 Parallel Workers: 4

Heap:
 PSYoungGen      total 852480K, used 156050K [0x00000007aab00000, 0x00000007edd00000, 0x0000000800000000)
  eden space 693760K, 22% used [0x00000007aab00000,0x00000007b4364be8,0x00000007d5080000)
  from space 158720K, 0% used [0x00000007d5080000,0x00000007d5080000,0x00000007deb80000)
  to   space 154112K, 0% used [0x00000007e4680000,0x00000007e4680000,0x00000007edd00000)
 ParOldGen       total 1071616K, used 1058347K [0x0000000700000000, 0x0000000741680000, 0x00000007aab00000)
  object space 1071616K, 98% used [0x0000000700000000,0x000000074098af00,0x0000000741680000)
 Metaspace       used 306027K, committed 309056K, reserved 1376256K
  class space    used 37104K, committed 38720K, reserved 1048576K

Card table byte_map: [0x0000024b6a570000,0x0000024b6ad80000] _byte_map_base: 0x0000024b66d70000

Marking Bits: (ParMarkBitMap*) 0x00007ffeebe23300
 Begin Bits: [0x0000024b6ad80000, 0x0000024b6ed80000)
 End Bits:   [0x0000024b6ed80000, 0x0000024b72d80000)

Polling page: 0x0000024b56030000

Metaspace:

Usage:
  Non-class:    262.62 MB used.
      Class:     36.23 MB used.
       Both:    298.86 MB used.

Virtual space:
  Non-class space:      320.00 MB reserved,     264.00 MB ( 82%) committed,  5 nodes.
      Class space:        1.00 GB reserved,      37.81 MB (  4%) committed,  1 nodes.
             Both:        1.31 GB reserved,     301.81 MB ( 22%) committed. 

Chunk freelists:
   Non-Class:  7.45 MB
       Class:  10.19 MB
        Both:  17.64 MB

MaxMetaspaceSize: unlimited
CompressedClassSpaceSize: 1.00 GB
Initial GC threshold: 21.00 MB
Current GC threshold: 502.12 MB
CDS: off
 - commit_granule_bytes: 65536.
 - commit_granule_words: 8192.
 - virtual_space_node_default_size: 8388608.
 - enlarge_chunks_in_place: 1.
 - use_allocation_guard: 0.


Internal statistics:

num_allocs_failed_limit: 12.
num_arena_births: 6300.
num_arena_deaths: 52.
num_vsnodes_births: 6.
num_vsnodes_deaths: 0.
num_space_committed: 4843.
num_space_uncommitted: 13.
num_chunks_returned_to_freelist: 155.
num_chunks_taken_from_freelist: 19988.
num_chunk_merges: 39.
num_chunk_splits: 13305.
num_chunks_enlarged: 8573.
num_inconsistent_stats: 0.

CodeHeap 'non-profiled nmethods': size=120000Kb used=19199Kb max_used=28388Kb free=100800Kb
 bounds [0x0000024b63040000, 0x0000024b64c00000, 0x0000024b6a570000]
CodeHeap 'profiled nmethods': size=120000Kb used=52535Kb max_used=75758Kb free=67464Kb
 bounds [0x0000024b5b570000, 0x0000024b5ff80000, 0x0000024b62aa0000]
CodeHeap 'non-nmethods': size=5760Kb used=2208Kb max_used=2305Kb free=3551Kb
 bounds [0x0000024b62aa0000, 0x0000024b62d10000, 0x0000024b63040000]
 total_blobs=20181 nmethods=18838 adapters=1244
 compilation: enabled
              stopped_count=0, restarted_count=0
 full_count=0

Compilation events (20 events):
Event: 1467.681 Thread 0x0000024b7866f1e0 55887       3       com.android.tools.r8.shaking.h$$Lambda/0x00000008025cc0d0::apply (12 bytes)
Event: 1467.681 Thread 0x0000024b7866f1e0 nmethod 55887 0x0000024b5c13ff90 code [0x0000024b5c140140, 0x0000024b5c140380]
Event: 1467.696 Thread 0x0000024b7866f1e0 55888       3       com.android.tools.r8.shaking.h$$Lambda/0x00000008025cc7d8::<init> (10 bytes)
Event: 1467.696 Thread 0x0000024b7866f1e0 nmethod 55888 0x0000024b5be37410 code [0x0000024b5be375c0, 0x0000024b5be37748]
Event: 1467.705 Thread 0x0000024b7866f1e0 55889       3       com.android.tools.r8.shaking.h$$Lambda/0x00000008025cc7d8::apply (12 bytes)
Event: 1467.705 Thread 0x0000024b7866f1e0 nmethod 55889 0x0000024b5b748f90 code [0x0000024b5b749140, 0x0000024b5b749468]
Event: 1467.706 Thread 0x0000024b7866f1e0 55890       3       com.android.tools.r8.graph.f1::a (57 bytes)
Event: 1467.707 Thread 0x0000024b7866f1e0 nmethod 55890 0x0000024b5b80cb90 code [0x0000024b5b80cd80, 0x0000024b5b80d410]
Event: 1467.728 Thread 0x0000024b7866f1e0 55891       3       com.android.tools.r8.graph.s0::a (43 bytes)
Event: 1467.728 Thread 0x0000024b7866f1e0 nmethod 55891 0x0000024b5bd1e990 code [0x0000024b5bd1eb80, 0x0000024b5bd1f0c0]
Event: 1467.733 Thread 0x0000024b7866f1e0 55892       3       com.android.tools.r8.shaking.D1::a (175 bytes)
Event: 1467.735 Thread 0x0000024b7866f1e0 nmethod 55892 0x0000024b5ca81390 code [0x0000024b5ca81760, 0x0000024b5ca834c8]
Event: 1467.774 Thread 0x0000024b7866f1e0 55894       3       com.android.tools.r8.shaking.h::a (128 bytes)
Event: 1467.776 Thread 0x0000024b7866f1e0 nmethod 55894 0x0000024b5bde5410 code [0x0000024b5bde5700, 0x0000024b5bde66b0]
Event: 1467.783 Thread 0x0000024b7866f1e0 55895       3       com.android.tools.r8.shaking.h$$Lambda/0x00000008025ca718::apply (24 bytes)
Event: 1467.783 Thread 0x0000024b7866f1e0 nmethod 55895 0x0000024b5c1cf910 code [0x0000024b5c1cfae0, 0x0000024b5c1cfe30]
Event: 1467.785 Thread 0x0000024b7866f1e0 55896       3       com.android.tools.r8.shaking.h::a (10 bytes)
Event: 1467.785 Thread 0x0000024b7866f1e0 nmethod 55896 0x0000024b5badaf10 code [0x0000024b5badb0c0, 0x0000024b5badb1f8]
Event: 1467.788 Thread 0x0000024b7866f1e0 55897       3       com.android.tools.r8.graph.k1$$Lambda/0x00000008025cb9c8::apply (12 bytes)
Event: 1467.788 Thread 0x0000024b7866f1e0 nmethod 55897 0x0000024b5bf8b310 code [0x0000024b5bf8b4e0, 0x0000024b5bf8b908]

GC Heap History (20 events):
Event: 1428.644 GC heap before
{Heap before GC invocations=66 (full 8):
 PSYoungGen      total 726528K, used 601708K [0x00000007aab00000, 0x00000007e7d00000, 0x0000000800000000)
  eden space 517120K, 100% used [0x00000007aab00000,0x00000007ca400000,0x00000007ca400000)
  from space 209408K, 40% used [0x00000007ca400000,0x00000007cf69b208,0x00000007d7080000)
  to   space 200192K, 0% used [0x00000007db980000,0x00000007db980000,0x00000007e7d00000)
 ParOldGen       total 741376K, used 728991K [0x0000000700000000, 0x000000072d400000, 0x00000007aab00000)
  object space 741376K, 98% used [0x0000000700000000,0x000000072c7e7df0,0x000000072d400000)
 Metaspace       used 287539K, committed 290496K, reserved 1310720K
  class space    used 35171K, committed 36736K, reserved 1048576K
}
Event: 1428.802 GC heap after
{Heap after GC invocations=66 (full 8):
 PSYoungGen      total 773632K, used 68211K [0x00000007aab00000, 0x00000007e6400000, 0x0000000800000000)
  eden space 599040K, 0% used [0x00000007aab00000,0x00000007aab00000,0x00000007cf400000)
  from space 174592K, 39% used [0x00000007db980000,0x00000007dfc1cee0,0x00000007e6400000)
  to   space 188416K, 0% used [0x00000007cf400000,0x00000007cf400000,0x00000007dac00000)
 ParOldGen       total 805376K, used 805138K [0x0000000700000000, 0x0000000731280000, 0x00000007aab00000)
  object space 805376K, 99% used [0x0000000700000000,0x0000000731244a90,0x0000000731280000)
 Metaspace       used 287539K, committed 290496K, reserved 1310720K
  class space    used 35171K, committed 36736K, reserved 1048576K
}
Event: 1432.755 GC heap before
{Heap before GC invocations=67 (full 8):
 PSYoungGen      total 773632K, used 636617K [0x00000007aab00000, 0x00000007e6400000, 0x0000000800000000)
  eden space 599040K, 94% used [0x00000007aab00000,0x00000007cd615750,0x00000007cf400000)
  from space 174592K, 39% used [0x00000007db980000,0x00000007dfc1cee0,0x00000007e6400000)
  to   space 188416K, 0% used [0x00000007cf400000,0x00000007cf400000,0x00000007dac00000)
 ParOldGen       total 805376K, used 805138K [0x0000000700000000, 0x0000000731280000, 0x00000007aab00000)
  object space 805376K, 99% used [0x0000000700000000,0x0000000731244a90,0x0000000731280000)
 Metaspace       used 292287K, committed 295232K, reserved 1310720K
  class space    used 35641K, committed 37184K, reserved 1048576K
}
Event: 1432.904 GC heap after
{Heap after GC invocations=67 (full 8):
 PSYoungGen      total 673280K, used 73901K [0x00000007aab00000, 0x00000007e4e00000, 0x0000000800000000)
  eden space 599040K, 0% used [0x00000007aab00000,0x00000007aab00000,0x00000007cf400000)
  from space 74240K, 99% used [0x00000007cf400000,0x00000007d3c2b700,0x00000007d3c80000)
  to   space 177152K, 0% used [0x00000007da100000,0x00000007da100000,0x00000007e4e00000)
 ParOldGen       total 869376K, used 869056K [0x0000000700000000, 0x0000000735100000, 0x00000007aab00000)
  object space 869376K, 99% used [0x0000000700000000,0x00000007350b0078,0x0000000735100000)
 Metaspace       used 292287K, committed 295232K, reserved 1310720K
  class space    used 35641K, committed 37184K, reserved 1048576K
}
Event: 1432.904 GC heap before
{Heap before GC invocations=68 (full 9):
 PSYoungGen      total 673280K, used 73901K [0x00000007aab00000, 0x00000007e4e00000, 0x0000000800000000)
  eden space 599040K, 0% used [0x00000007aab00000,0x00000007aab00000,0x00000007cf400000)
  from space 74240K, 99% used [0x00000007cf400000,0x00000007d3c2b700,0x00000007d3c80000)
  to   space 177152K, 0% used [0x00000007da100000,0x00000007da100000,0x00000007e4e00000)
 ParOldGen       total 869376K, used 869056K [0x0000000700000000, 0x0000000735100000, 0x00000007aab00000)
  object space 869376K, 99% used [0x0000000700000000,0x00000007350b0078,0x0000000735100000)
 Metaspace       used 292287K, committed 295232K, reserved 1310720K
  class space    used 35641K, committed 37184K, reserved 1048576K
}
Event: 1435.095 GC heap after
{Heap after GC invocations=68 (full 9):
 PSYoungGen      total 673280K, used 56732K [0x00000007aab00000, 0x00000007e4e00000, 0x0000000800000000)
  eden space 599040K, 0% used [0x00000007aab00000,0x00000007aab00000,0x00000007cf400000)
  from space 74240K, 76% used [0x00000007cf400000,0x00000007d2b673f0,0x00000007d3c80000)
  to   space 177152K, 0% used [0x00000007da100000,0x00000007da100000,0x00000007e4e00000)
 ParOldGen       total 869376K, used 868990K [0x0000000700000000, 0x0000000735100000, 0x00000007aab00000)
  object space 869376K, 99% used [0x0000000700000000,0x000000073509f860,0x0000000735100000)
 Metaspace       used 292287K, committed 295232K, reserved 1310720K
  class space    used 35641K, committed 37184K, reserved 1048576K
}
Event: 1441.918 GC heap before
{Heap before GC invocations=69 (full 9):
 PSYoungGen      total 673280K, used 655772K [0x00000007aab00000, 0x00000007e4e00000, 0x0000000800000000)
  eden space 599040K, 100% used [0x00000007aab00000,0x00000007cf400000,0x00000007cf400000)
  from space 74240K, 76% used [0x00000007cf400000,0x00000007d2b673f0,0x00000007d3c80000)
  to   space 177152K, 0% used [0x00000007da100000,0x00000007da100000,0x00000007e4e00000)
 ParOldGen       total 869376K, used 868990K [0x0000000700000000, 0x0000000735100000, 0x00000007aab00000)
  object space 869376K, 99% used [0x0000000700000000,0x000000073509f860,0x0000000735100000)
 Metaspace       used 298143K, committed 301184K, reserved 1376256K
  class space    used 36294K, committed 37888K, reserved 1048576K
}
Event: 1442.406 GC heap after
{Heap after GC invocations=69 (full 9):
 PSYoungGen      total 785408K, used 66873K [0x00000007aab00000, 0x00000007e9500000, 0x0000000800000000)
  eden space 608256K, 0% used [0x00000007aab00000,0x00000007aab00000,0x00000007cfd00000)
  from space 177152K, 37% used [0x00000007da100000,0x00000007de24e7f8,0x00000007e4e00000)
  to   space 167936K, 0% used [0x00000007cfd00000,0x00000007cfd00000,0x00000007da100000)
 ParOldGen       total 924672K, used 924561K [0x0000000700000000, 0x0000000738700000, 0x00000007aab00000)
  object space 924672K, 99% used [0x0000000700000000,0x00000007386e46c0,0x0000000738700000)
 Metaspace       used 298143K, committed 301184K, reserved 1376256K
  class space    used 36294K, committed 37888K, reserved 1048576K
}
Event: 1446.873 GC heap before
{Heap before GC invocations=70 (full 9):
 PSYoungGen      total 785408K, used 376662K [0x00000007aab00000, 0x00000007e9500000, 0x0000000800000000)
  eden space 608256K, 50% used [0x00000007aab00000,0x00000007bd9872c8,0x00000007cfd00000)
  from space 177152K, 37% used [0x00000007da100000,0x00000007de24e7f8,0x00000007e4e00000)
  to   space 167936K, 0% used [0x00000007cfd00000,0x00000007cfd00000,0x00000007da100000)
 ParOldGen       total 924672K, used 924561K [0x0000000700000000, 0x0000000738700000, 0x00000007aab00000)
  object space 924672K, 99% used [0x0000000700000000,0x00000007386e46c0,0x0000000738700000)
 Metaspace       used 300648K, committed 303680K, reserved 1376256K
  class space    used 36651K, committed 38272K, reserved 1048576K
}
Event: 1446.982 GC heap after
{Heap after GC invocations=70 (full 9):
 PSYoungGen      total 776192K, used 15389K [0x00000007aab00000, 0x00000007e9500000, 0x0000000800000000)
  eden space 608256K, 0% used [0x00000007aab00000,0x00000007aab00000,0x00000007cfd00000)
  from space 167936K, 9% used [0x00000007cfd00000,0x00000007d0c074b8,0x00000007da100000)
  to   space 167936K, 0% used [0x00000007df100000,0x00000007df100000,0x00000007e9500000)
 ParOldGen       total 984064K, used 984013K [0x0000000700000000, 0x000000073c100000, 0x00000007aab00000)
  object space 984064K, 99% used [0x0000000700000000,0x000000073c0f3708,0x000000073c100000)
 Metaspace       used 300648K, committed 303680K, reserved 1376256K
  class space    used 36651K, committed 38272K, reserved 1048576K
}
Event: 1446.982 GC heap before
{Heap before GC invocations=71 (full 10):
 PSYoungGen      total 776192K, used 15389K [0x00000007aab00000, 0x00000007e9500000, 0x0000000800000000)
  eden space 608256K, 0% used [0x00000007aab00000,0x00000007aab00000,0x00000007cfd00000)
  from space 167936K, 9% used [0x00000007cfd00000,0x00000007d0c074b8,0x00000007da100000)
  to   space 167936K, 0% used [0x00000007df100000,0x00000007df100000,0x00000007e9500000)
 ParOldGen       total 984064K, used 984013K [0x0000000700000000, 0x000000073c100000, 0x00000007aab00000)
  object space 984064K, 99% used [0x0000000700000000,0x000000073c0f3708,0x000000073c100000)
 Metaspace       used 300648K, committed 303680K, reserved 1376256K
  class space    used 36651K, committed 38272K, reserved 1048576K
}
Event: 1449.609 GC heap after
{Heap after GC invocations=71 (full 10):
 PSYoungGen      total 776192K, used 3013K [0x00000007aab00000, 0x00000007e9500000, 0x0000000800000000)
  eden space 608256K, 0% used [0x00000007aab00000,0x00000007aab00000,0x00000007cfd00000)
  from space 167936K, 1% used [0x00000007cfd00000,0x00000007cfff1580,0x00000007da100000)
  to   space 167936K, 0% used [0x00000007df100000,0x00000007df100000,0x00000007e9500000)
 ParOldGen       total 984064K, used 983712K [0x0000000700000000, 0x000000073c100000, 0x00000007aab00000)
  object space 984064K, 99% used [0x0000000700000000,0x000000073c0a8078,0x000000073c100000)
 Metaspace       used 300627K, committed 303680K, reserved 1376256K
  class space    used 36645K, committed 38272K, reserved 1048576K
}
Event: 1455.510 GC heap before
{Heap before GC invocations=72 (full 10):
 PSYoungGen      total 776192K, used 611269K [0x00000007aab00000, 0x00000007e9500000, 0x0000000800000000)
  eden space 608256K, 100% used [0x00000007aab00000,0x00000007cfd00000,0x00000007cfd00000)
  from space 167936K, 1% used [0x00000007cfd00000,0x00000007cfff1580,0x00000007da100000)
  to   space 167936K, 0% used [0x00000007df100000,0x00000007df100000,0x00000007e9500000)
 ParOldGen       total 984064K, used 983712K [0x0000000700000000, 0x000000073c100000, 0x00000007aab00000)
  object space 984064K, 99% used [0x0000000700000000,0x000000073c0a8078,0x000000073c100000)
 Metaspace       used 302224K, committed 305280K, reserved 1376256K
  class space    used 36731K, committed 38400K, reserved 1048576K
}
Event: 1455.833 GC heap after
{Heap after GC invocations=72 (full 10):
 PSYoungGen      total 846848K, used 60496K [0x00000007aab00000, 0x00000007e8680000, 0x0000000800000000)
  eden space 693760K, 0% used [0x00000007aab00000,0x00000007aab00000,0x00000007d5080000)
  from space 153088K, 39% used [0x00000007df100000,0x00000007e2c141f8,0x00000007e8680000)
  to   space 158720K, 0% used [0x00000007d5080000,0x00000007d5080000,0x00000007deb80000)
 ParOldGen       total 987136K, used 986678K [0x0000000700000000, 0x000000073c400000, 0x00000007aab00000)
  object space 987136K, 99% used [0x0000000700000000,0x000000073c38da68,0x000000073c400000)
 Metaspace       used 302224K, committed 305280K, reserved 1376256K
  class space    used 36731K, committed 38400K, reserved 1048576K
}
Event: 1461.987 GC heap before
{Heap before GC invocations=73 (full 10):
 PSYoungGen      total 846848K, used 754256K [0x00000007aab00000, 0x00000007e8680000, 0x0000000800000000)
  eden space 693760K, 100% used [0x00000007aab00000,0x00000007d5080000,0x00000007d5080000)
  from space 153088K, 39% used [0x00000007df100000,0x00000007e2c141f8,0x00000007e8680000)
  to   space 158720K, 0% used [0x00000007d5080000,0x00000007d5080000,0x00000007deb80000)
 ParOldGen       total 987136K, used 986678K [0x0000000700000000, 0x000000073c400000, 0x00000007aab00000)
  object space 987136K, 99% used [0x0000000700000000,0x000000073c38da68,0x000000073c400000)
 Metaspace       used 305203K, committed 308288K, reserved 1376256K
  class space    used 37030K, committed 38656K, reserved 1048576K
}
Event: 1462.276 GC heap after
{Heap after GC invocations=73 (full 10):
 PSYoungGen      total 852480K, used 78244K [0x00000007aab00000, 0x00000007edd00000, 0x0000000800000000)
  eden space 693760K, 0% used [0x00000007aab00000,0x00000007aab00000,0x00000007d5080000)
  from space 158720K, 49% used [0x00000007d5080000,0x00000007d9ce93b8,0x00000007deb80000)
  to   space 154112K, 0% used [0x00000007e4680000,0x00000007e4680000,0x00000007edd00000)
 ParOldGen       total 1031168K, used 1030860K [0x0000000700000000, 0x000000073ef00000, 0x00000007aab00000)
  object space 1031168K, 99% used [0x0000000700000000,0x000000073eeb32a8,0x000000073ef00000)
 Metaspace       used 305203K, committed 308288K, reserved 1376256K
  class space    used 37030K, committed 38656K, reserved 1048576K
}
Event: 1463.276 GC heap before
{Heap before GC invocations=74 (full 10):
 PSYoungGen      total 852480K, used 107331K [0x00000007aab00000, 0x00000007edd00000, 0x0000000800000000)
  eden space 693760K, 4% used [0x00000007aab00000,0x00000007ac7679b8,0x00000007d5080000)
  from space 158720K, 49% used [0x00000007d5080000,0x00000007d9ce93b8,0x00000007deb80000)
  to   space 154112K, 0% used [0x00000007e4680000,0x00000007e4680000,0x00000007edd00000)
 ParOldGen       total 1031168K, used 1030860K [0x0000000700000000, 0x000000073ef00000, 0x00000007aab00000)
  object space 1031168K, 99% used [0x0000000700000000,0x000000073eeb32a8,0x000000073ef00000)
 Metaspace       used 305413K, committed 308480K, reserved 1376256K
  class space    used 37031K, committed 38656K, reserved 1048576K
}
Event: 1463.397 GC heap after
{Heap after GC invocations=74 (full 10):
 PSYoungGen      total 852480K, used 107331K [0x00000007aab00000, 0x00000007edd00000, 0x0000000800000000)
  eden space 693760K, 4% used [0x00000007aab00000,0x00000007ac7679b8,0x00000007d5080000)
  from space 158720K, 49% used [0x00000007d5080000,0x00000007d9ce93b8,0x00000007deb80000)
  to   space 154112K, 3% used [0x00000007e4680000,0x00000007e4c517f0,0x00000007edd00000)
 ParOldGen       total 1071616K, used 1071608K [0x0000000700000000, 0x0000000741680000, 0x00000007aab00000)
  object space 1071616K, 99% used [0x0000000700000000,0x000000074167e150,0x0000000741680000)
 Metaspace       used 305413K, committed 308480K, reserved 1376256K
  class space    used 37031K, committed 38656K, reserved 1048576K
}
Event: 1463.397 GC heap before
{Heap before GC invocations=75 (full 11):
 PSYoungGen      total 852480K, used 107331K [0x00000007aab00000, 0x00000007edd00000, 0x0000000800000000)
  eden space 693760K, 4% used [0x00000007aab00000,0x00000007ac7679b8,0x00000007d5080000)
  from space 158720K, 49% used [0x00000007d5080000,0x00000007d9ce93b8,0x00000007deb80000)
  to   space 154112K, 3% used [0x00000007e4680000,0x00000007e4c517f0,0x00000007edd00000)
 ParOldGen       total 1071616K, used 1071608K [0x0000000700000000, 0x0000000741680000, 0x00000007aab00000)
  object space 1071616K, 99% used [0x0000000700000000,0x000000074167e150,0x0000000741680000)
 Metaspace       used 305413K, committed 308480K, reserved 1376256K
  class space    used 37031K, committed 38656K, reserved 1048576K
}
Event: 1466.008 GC heap after
{Heap after GC invocations=75 (full 11):
 PSYoungGen      total 852480K, used 0K [0x00000007aab00000, 0x00000007edd00000, 0x0000000800000000)
  eden space 693760K, 0% used [0x00000007aab00000,0x00000007aab00000,0x00000007d5080000)
  from space 158720K, 0% used [0x00000007d5080000,0x00000007d5080000,0x00000007deb80000)
  to   space 154112K, 0% used [0x00000007e4680000,0x00000007e4680000,0x00000007edd00000)
 ParOldGen       total 1071616K, used 1058347K [0x0000000700000000, 0x0000000741680000, 0x00000007aab00000)
  object space 1071616K, 98% used [0x0000000700000000,0x000000074098af00,0x0000000741680000)
 Metaspace       used 305413K, committed 308480K, reserved 1376256K
  class space    used 37031K, committed 38656K, reserved 1048576K
}

Dll operation events (4 events):
Event: 0.018 Loaded shared library C:\Program Files\Android\Android Studio1\jbr\bin\java.dll
Event: 0.022 Loaded shared library C:\Program Files\Android\Android Studio1\jbr\bin\zip.dll
Event: 3.812 Loaded shared library C:\Program Files\Android\Android Studio1\jbr\bin\verify.dll
Event: 1271.211 Unloaded dll "C:\Users\Mbongeni\AppData\Local\Temp\sqlite-3.41.2.2-1b14b3d1-58de-4173-b3ae-8641982cc94c-sqlitejdbc.dll" [0x00007fff2a0c0000]

Deoptimization events (20 events):
Event: 1467.429 Thread 0x0000024b7e4ac240 Uncommon trap: trap_request=0xffffffde fr.pc=0x0000024b64606eb0 relative=0x00000000000000f0
Event: 1467.429 Thread 0x0000024b7e4ac240 Uncommon trap: reason=class_check action=maybe_recompile pc=0x0000024b64606eb0 method=com.android.tools.r8.graph.F2.b(Ljava/util/function/Consumer;Lcom/android/tools/r8/graph/h1;)V @ 12 c2
Event: 1467.429 Thread 0x0000024b7e4ac240 DEOPT PACKING pc=0x0000024b64606eb0 sp=0x000000a30abff280
Event: 1467.429 Thread 0x0000024b7e4ac240 DEOPT UNPACKING pc=0x0000024b62af3aa2 sp=0x000000a30abff1a8 mode 2
Event: 1467.662 Thread 0x0000024b7e4ac240 Uncommon trap: trap_request=0xffffff45 fr.pc=0x0000024b63527a94 relative=0x00000000000014f4
Event: 1467.662 Thread 0x0000024b7e4ac240 Uncommon trap: reason=unstable_if action=reinterpret pc=0x0000024b63527a94 method=com.android.tools.r8.graph.F0.t1()Z @ 20 c2
Event: 1467.662 Thread 0x0000024b7e4ac240 DEOPT PACKING pc=0x0000024b63527a94 sp=0x000000a30abfeff0
Event: 1467.662 Thread 0x0000024b7e4ac240 DEOPT UNPACKING pc=0x0000024b62af3aa2 sp=0x000000a30abfef40 mode 2
Event: 1467.782 Thread 0x0000024b0e5f7580 Uncommon trap: trap_request=0xffffff45 fr.pc=0x0000024b63603b18 relative=0x00000000000003b8
Event: 1467.782 Thread 0x0000024b0e5f7580 Uncommon trap: reason=unstable_if action=reinterpret pc=0x0000024b63603b18 method=com.android.tools.r8.shaking.h.b(Lcom/android/tools/r8/graph/E5;Lcom/android/tools/r8/shaking/y1;Lcom/android/tools/r8/graph/s0;Lcom/android/tools/r8/graph/q0;)Lcom/android/
Event: 1467.782 Thread 0x0000024b0e5f7580 DEOPT PACKING pc=0x0000024b63603b18 sp=0x000000a30b2fe9f0
Event: 1467.782 Thread 0x0000024b0e5f7580 DEOPT UNPACKING pc=0x0000024b62af3aa2 sp=0x000000a30b2fe8b0 mode 2
Event: 1467.782 Thread 0x0000024b0e5f7580 Uncommon trap: trap_request=0xffffff45 fr.pc=0x0000024b6308c3cc relative=0x00000000000003ec
Event: 1467.782 Thread 0x0000024b0e5f7580 Uncommon trap: reason=unstable_if action=reinterpret pc=0x0000024b6308c3cc method=com.android.tools.r8.shaking.h.b(Lcom/android/tools/r8/graph/E5;Lcom/android/tools/r8/shaking/y1;Lcom/android/tools/r8/graph/s0;Lcom/android/tools/r8/graph/q0;)Lcom/android/
Event: 1467.782 Thread 0x0000024b0e5f7580 DEOPT PACKING pc=0x0000024b6308c3cc sp=0x000000a30b2fe940
Event: 1467.782 Thread 0x0000024b0e5f7580 DEOPT UNPACKING pc=0x0000024b62af3aa2 sp=0x000000a30b2fe8a8 mode 2
Event: 1467.786 Thread 0x0000024b0e5f7580 Uncommon trap: trap_request=0xffffff45 fr.pc=0x0000024b636fe030 relative=0x00000000000003d0
Event: 1467.786 Thread 0x0000024b0e5f7580 Uncommon trap: reason=unstable_if action=reinterpret pc=0x0000024b636fe030 method=com.android.tools.r8.shaking.h.b(Lcom/android/tools/r8/graph/E5;Lcom/android/tools/r8/shaking/y1;Lcom/android/tools/r8/graph/s0;Lcom/android/tools/r8/graph/q0;)Lcom/android/
Event: 1467.786 Thread 0x0000024b0e5f7580 DEOPT PACKING pc=0x0000024b636fe030 sp=0x000000a30b2feac0
Event: 1467.786 Thread 0x0000024b0e5f7580 DEOPT UNPACKING pc=0x0000024b62af3aa2 sp=0x000000a30b2fe8a0 mode 2

Classes loaded (20 events):
Event: 1414.384 Loading class org/xml/sax/ext/DeclHandler done
Event: 1414.384 Loading class org/xml/sax/ext/DefaultHandler2 done
Event: 1414.398 Loading class com/sun/org/apache/xerces/internal/dom/ParentNode$UserDataRecord
Event: 1414.398 Loading class com/sun/org/apache/xerces/internal/dom/ParentNode$UserDataRecord done
Event: 1414.399 Loading class com/sun/org/apache/xerces/internal/util/EntityResolver2Wrapper
Event: 1414.399 Loading class com/sun/org/apache/xerces/internal/util/EntityResolver2Wrapper done
Event: 1414.409 Loading class com/sun/org/apache/xerces/internal/dom/CommentImpl
Event: 1414.409 Loading class org/w3c/dom/Comment
Event: 1414.409 Loading class org/w3c/dom/Comment done
Event: 1414.410 Loading class com/sun/org/apache/xerces/internal/dom/CommentImpl done
Event: 1415.915 Loading class com/sun/org/apache/xerces/internal/dom/CDATASectionImpl
Event: 1415.915 Loading class org/w3c/dom/CDATASection
Event: 1415.915 Loading class org/w3c/dom/CDATASection done
Event: 1415.916 Loading class com/sun/org/apache/xerces/internal/dom/CDATASectionImpl done
Event: 1426.641 Loading class java/util/AbstractList$RandomAccessSpliterator
Event: 1426.641 Loading class java/util/AbstractList$RandomAccessSpliterator done
Event: 1458.817 Loading class java/util/IdentityHashMap$EntryIterator
Event: 1458.817 Loading class java/util/IdentityHashMap$EntryIterator done
Event: 1458.830 Loading class java/util/IdentityHashMap$EntryIterator$Entry
Event: 1458.832 Loading class java/util/IdentityHashMap$EntryIterator$Entry done

Classes unloaded (20 events):
Event: 1405.033 Thread 0x0000024b73668850 Unloading class 0x00000008019196c8 'jdk/internal/jrtfs/SystemImage$2'
Event: 1405.033 Thread 0x0000024b73668850 Unloading class 0x0000000801919498 'jdk/internal/jrtfs/SystemImage$$Lambda+0x0000000801919498'
Event: 1405.033 Thread 0x0000024b73668850 Unloading class 0x0000000801919250 'jdk/internal/jrtfs/ExplodedImage'
Event: 1405.033 Thread 0x0000024b73668850 Unloading class 0x0000000801919000 'jdk/internal/jrtfs/SystemImage$1'
Event: 1405.033 Thread 0x0000024b73668850 Unloading class 0x0000000801918c20 'jdk/internal/jrtfs/SystemImage'
Event: 1405.033 Thread 0x0000024b73668850 Unloading class 0x00000008019189a8 'jdk/internal/jrtfs/JrtFileStore'
Event: 1405.033 Thread 0x0000024b73668850 Unloading class 0x0000000801918618 'jdk/internal/jrtfs/JrtPath'
Event: 1405.033 Thread 0x0000024b73668850 Unloading class 0x0000000801918308 'jdk/internal/jrtfs/JrtFileSystem'
Event: 1405.033 Thread 0x0000024b73668850 Unloading class 0x0000000801918000 'jdk/internal/jrtfs/JrtFileSystemProvider'
Event: 1447.813 Thread 0x0000024b73668850 Unloading class 0x0000000802558000 'java/lang/invoke/LambdaForm$DMH+0x0000000802558000'
Event: 1447.813 Thread 0x0000024b73668850 Unloading class 0x000000080254e800 'java/lang/invoke/LambdaForm$MH+0x000000080254e800'
Event: 1447.813 Thread 0x0000024b73668850 Unloading class 0x000000080254ec00 'java/lang/invoke/LambdaForm$MH+0x000000080254ec00'
Event: 1447.813 Thread 0x0000024b73668850 Unloading class 0x000000080254e000 'java/lang/invoke/LambdaForm$MH+0x000000080254e000'
Event: 1447.813 Thread 0x0000024b73668850 Unloading class 0x000000080254d800 'java/lang/invoke/LambdaForm$MH+0x000000080254d800'
Event: 1447.813 Thread 0x0000024b73668850 Unloading class 0x000000080254d000 'java/lang/invoke/LambdaForm$MH+0x000000080254d000'
Event: 1447.813 Thread 0x0000024b73668850 Unloading class 0x000000080254c800 'java/lang/invoke/LambdaForm$MH+0x000000080254c800'
Event: 1447.813 Thread 0x0000024b73668850 Unloading class 0x000000080254c000 'java/lang/invoke/LambdaForm$MH+0x000000080254c000'
Event: 1447.813 Thread 0x0000024b73668850 Unloading class 0x0000000802545800 'java/lang/invoke/LambdaForm$MH+0x0000000802545800'
Event: 1447.813 Thread 0x0000024b73668850 Unloading class 0x0000000802545400 'java/lang/invoke/LambdaForm$DMH+0x0000000802545400'
Event: 1447.813 Thread 0x0000024b73668850 Unloading class 0x0000000802544800 'java/lang/invoke/LambdaForm$DMH+0x0000000802544800'

Classes redefined (0 events):
No events

Internal exceptions (20 events):
Event: 1445.989 Thread 0x0000024b7fbc6f10 Exception <a 'java/lang/NoSuchMethodError'{0x00000007bc4fa368}: 'void java.lang.invoke.DirectMethodHandle$Holder.invokeStatic(java.lang.Object, java.lang.Object, java.lang.Object, int, java.lang.Object)'> (0x00000007bc4fa368) 
thrown [s\src\hotspot\share\interpreter\linkResolver.cpp, line 784]
Event: 1446.483 Thread 0x0000024b7e4aae90 Exception <a 'java/lang/NoSuchMethodError'{0x00000007bcc9b3d0}: 'java.lang.Object java.lang.invoke.DirectMethodHandle$Holder.newInvokeSpecial(java.lang.Object, java.lang.Object, int, java.lang.Object, java.lang.Object, java.lang.Object, java.lang.Object, java.lang.Object, java.lang.Object, java.lang.Object, java.lang.Object, java.lang.Object, java.lang.Object)'> (0x00000007bcc9b3d0) 
thrown [s\src\hotspot\share\interpreter\linkResolver.cpp, line 784]
Event: 1446.484 Thread 0x0000024b7e4aae90 Exception <a 'java/lang/NoSuchMethodError'{0x00000007bcc9fa10}: 'java.lang.Object java.lang.invoke.DirectMethodHandle$Holder.invokeSpecial(java.lang.Object, java.lang.Object, java.lang.Object, int, java.lang.Object, java.lang.Object, java.lang.Object, java.lang.Object, java.lang.Object, java.lang.Object, java.lang.Object, java.lang.Object, java.lang.Object, java.lang.Object)'> (0x00000007bcc9fa10) 
thrown [s\src\hotspot\share\interpreter\linkResolver.cpp, line 784]
Event: 1446.484 Thread 0x0000024b7e4aae90 Exception <a 'java/lang/NoSuchMethodError'{0x00000007bcca39c0}: 'java.lang.Object java.lang.invoke.Invokers$Holder.linkToTargetMethod(java.lang.Object, int, java.lang.Object, java.lang.Object, java.lang.Object, java.lang.Object, java.lang.Object, java.lang.Object, java.lang.Object, java.lang.Object, java.lang.Object, java.lang.Object, java.lang.Object)'> (0x00000007bcca39c0) 
thrown [s\src\hotspot\share\interpreter\linkResolver.cpp, line 784]
Event: 1446.512 Thread 0x0000024b0e5f7580 Exception <a 'java/lang/IncompatibleClassChangeError'{0x00000007bcf59c78}: Found class java.lang.Object, but interface was expected> (0x00000007bcf59c78) 
thrown [s\src\hotspot\share\interpreter\linkResolver.cpp, line 851]
Event: 1446.512 Thread 0x0000024b7e4ac240 Exception <a 'java/lang/IncompatibleClassChangeError'{0x00000007bcb85a08}: Found class java.lang.Object, but interface was expected> (0x00000007bcb85a08) 
thrown [s\src\hotspot\share\interpreter\linkResolver.cpp, line 851]
Event: 1446.549 Thread 0x0000024b7e4ac240 Exception <a 'java/lang/IncompatibleClassChangeError'{0x00000007bcbc2148}: Found class java.lang.Object, but interface was expected> (0x00000007bcbc2148) 
thrown [s\src\hotspot\share\interpreter\linkResolver.cpp, line 851]
Event: 1446.580 Thread 0x0000024b0e5f7580 Exception <a 'java/lang/NoSuchMethodError'{0x00000007bcfbc280}: 'void java.lang.invoke.DirectMethodHandle$Holder.invokeSpecialIFC(java.lang.Object, java.lang.Object, java.lang.Object, java.lang.Object)'> (0x00000007bcfbc280) 
thrown [s\src\hotspot\share\interpreter\linkResolver.cpp, line 784]
Event: 1446.583 Thread 0x0000024b7e4ab520 Exception <a 'java/lang/NoSuchMethodError'{0x00000007bd388290}: 'void java.lang.invoke.DirectMethodHandle$Holder.invokeSpecialIFC(java.lang.Object, java.lang.Object, java.lang.Object, java.lang.Object)'> (0x00000007bd388290) 
thrown [s\src\hotspot\share\interpreter\linkResolver.cpp, line 784]
Event: 1446.687 Thread 0x0000024b0e5f7580 Exception <a 'java/lang/NoSuchMethodError'{0x00000007bd03a308}: 'void java.lang.invoke.DirectMethodHandle$Holder.invokeSpecial(java.lang.Object, java.lang.Object, java.lang.Object, java.lang.Object, java.lang.Object, java.lang.Object, java.lang.Object, java.lang.Object, java.lang.Object)'> (0x00000007bd03a308) 
thrown [s\src\hotspot\share\interpreter\linkResolver.cpp, line 784]
Event: 1450.668 Thread 0x0000024b04168900 Exception <a 'java/lang/NoSuchMethodError'{0x00000007ae96a400}: 'java.lang.Object java.lang.invoke.DirectMethodHandle$Holder.invokeStatic(java.lang.Object, java.lang.Object, java.lang.Object, java.lang.Object, java.lang.Object, java.lang.Object, int, java.lang.Object)'> (0x00000007ae96a400) 
thrown [s\src\hotspot\share\interpreter\linkResolver.cpp, line 784]
Event: 1458.559 Thread 0x0000024b7fbc6f10 Exception <a 'java/lang/ClassCastException'{0x00000007c6d496f8}: class kotlin.reflect.jvm.internal.ReflectionFactoryImpl cannot be cast to class com.android.tools.r8.internal.Uf0 (kotlin.reflect.jvm.internal.ReflectionFactoryImpl is in unnamed module of loader org.gradle.internal.classloader.VisitableURLClassLoader @86be70a; com.android.tools.r8.internal.Uf0 is in unnamed module of loader org.gradle.internal.classloader.VisitableURLClassLoader$InstrumentingVisitableURLClassLoader @1a602145)> (0x00000007c6d
Event: 1459.658 Thread 0x0000024b7fbc6f10 Exception <a 'java/lang/IncompatibleClassChangeError'{0x00000007c9fddd20}: Found class java.lang.Object, but interface was expected> (0x00000007c9fddd20) 
thrown [s\src\hotspot\share\interpreter\linkResolver.cpp, line 851]
Event: 1460.035 Thread 0x0000024b7fbc6f10 Implicit null exception at 0x0000024b63bba5e0 to 0x0000024b63bbaecc
Event: 1460.079 Thread 0x0000024b7fbc6f10 Exception <a 'java/lang/IncompatibleClassChangeError'{0x00000007cc7f6e70}: Found class java.lang.Object, but interface was expected> (0x00000007cc7f6e70) 
thrown [s\src\hotspot\share\interpreter\linkResolver.cpp, line 851]
Event: 1466.714 Thread 0x0000024b7e4ab520 Exception <a 'java/lang/IncompatibleClassChangeError'{0x00000007afed59e0}: Found class java.lang.Object, but interface was expected> (0x00000007afed59e0) 
thrown [s\src\hotspot\share\interpreter\linkResolver.cpp, line 851]
Event: 1466.718 Thread 0x0000024b7e4aae90 Exception <a 'java/lang/IncompatibleClassChangeError'{0x00000007affa4ed8}: Found class java.lang.Object, but interface was expected> (0x00000007affa4ed8) 
thrown [s\src\hotspot\share\interpreter\linkResolver.cpp, line 851]
Event: 1466.718 Thread 0x0000024b7e4ab520 Exception <a 'java/lang/IncompatibleClassChangeError'{0x00000007afef3ea0}: Found class java.lang.Object, but interface was expected> (0x00000007afef3ea0) 
thrown [s\src\hotspot\share\interpreter\linkResolver.cpp, line 851]
Event: 1466.718 Thread 0x0000024b7e4aae90 Exception <a 'java/lang/IncompatibleClassChangeError'{0x00000007affa8cd0}: Found class java.lang.Object, but interface was expected> (0x00000007affa8cd0) 
thrown [s\src\hotspot\share\interpreter\linkResolver.cpp, line 851]
Event: 1466.718 Thread 0x0000024b7e4ab520 Exception <a 'java/lang/IncompatibleClassChangeError'{0x00000007afef7cd8}: Found class java.lang.Object, but interface was expected> (0x00000007afef7cd8) 
thrown [s\src\hotspot\share\interpreter\linkResolver.cpp, line 851]

ZGC Phase Switch (0 events):
No events

VM Operations (20 events):
Event: 1460.411 Executing VM operation: HandshakeAllThreads (Deoptimize)
Event: 1460.412 Executing VM operation: HandshakeAllThreads (Deoptimize) done
Event: 1460.540 Executing VM operation: ICBufferFull
Event: 1460.541 Executing VM operation: ICBufferFull done
Event: 1460.596 Executing VM operation: HandshakeAllThreads (Deoptimize)
Event: 1460.598 Executing VM operation: HandshakeAllThreads (Deoptimize) done
Event: 1460.825 Executing VM operation: ICBufferFull
Event: 1460.825 Executing VM operation: ICBufferFull done
Event: 1461.869 Executing VM operation: ICBufferFull
Event: 1461.869 Executing VM operation: ICBufferFull done
Event: 1461.987 Executing VM operation: ParallelGCFailedAllocation (Allocation Failure)
Event: 1462.276 Executing VM operation: ParallelGCFailedAllocation (Allocation Failure) done
Event: 1463.170 Executing VM operation: ICBufferFull
Event: 1463.171 Executing VM operation: ICBufferFull done
Event: 1463.275 Executing VM operation: ParallelGCSystemGC (CodeCache GC Threshold)
Event: 1466.008 Executing VM operation: ParallelGCSystemGC (CodeCache GC Threshold) done
Event: 1466.908 Executing VM operation: ICBufferFull
Event: 1466.910 Executing VM operation: ICBufferFull done
Event: 1467.392 Executing VM operation: ICBufferFull
Event: 1467.393 Executing VM operation: ICBufferFull done

Memory protections (0 events):
No events

Nmethod flushes (20 events):
Event: 1464.420 Thread 0x0000024b73668850 flushing  nmethod 0x0000024b5fba3990
Event: 1464.420 Thread 0x0000024b73668850 flushing  nmethod 0x0000024b5fba6310
Event: 1464.420 Thread 0x0000024b73668850 flushing  nmethod 0x0000024b5fbab190
Event: 1464.420 Thread 0x0000024b73668850 flushing  nmethod 0x0000024b5fc38110
Event: 1464.420 Thread 0x0000024b73668850 flushing  nmethod 0x0000024b5fc3b790
Event: 1464.420 Thread 0x0000024b73668850 flushing  nmethod 0x0000024b5fc43290
Event: 1464.420 Thread 0x0000024b73668850 flushing  nmethod 0x0000024b5fc5ff90
Event: 1464.420 Thread 0x0000024b73668850 flushing  nmethod 0x0000024b5fcc3f10
Event: 1464.420 Thread 0x0000024b73668850 flushing  nmethod 0x0000024b5fd09590
Event: 1464.420 Thread 0x0000024b73668850 flushing  nmethod 0x0000024b5fd1b110
Event: 1464.420 Thread 0x0000024b73668850 flushing  nmethod 0x0000024b5fd24410
Event: 1464.420 Thread 0x0000024b73668850 flushing  nmethod 0x0000024b5fd59810
Event: 1464.420 Thread 0x0000024b73668850 flushing  nmethod 0x0000024b5fda3610
Event: 1464.420 Thread 0x0000024b73668850 flushing  nmethod 0x0000024b5fda5510
Event: 1464.420 Thread 0x0000024b73668850 flushing  nmethod 0x0000024b5fda5990
Event: 1464.420 Thread 0x0000024b73668850 flushing  nmethod 0x0000024b5fda9e10
Event: 1464.420 Thread 0x0000024b73668850 flushing  nmethod 0x0000024b5fdb4490
Event: 1464.420 Thread 0x0000024b73668850 flushing  nmethod 0x0000024b5fdc4590
Event: 1464.420 Thread 0x0000024b73668850 flushing  nmethod 0x0000024b5fdcb510
Event: 1464.420 Thread 0x0000024b73668850 flushing  nmethod 0x0000024b5fde9790

Events (20 events):
Event: 1418.243 Thread 0x0000024b04168900 Thread added: 0x0000024b0f9fbef0
Event: 1418.256 Thread 0x0000024b04168900 Thread added: 0x0000024b05a47bc0
Event: 1435.200 Thread 0x0000024b7f5ed400 Thread added: 0x0000024b097e7de0
Event: 1435.439 Thread 0x0000024b09a5fad0 Thread exited: 0x0000024b09a5fad0
Event: 1435.966 Thread 0x0000024b7866f1e0 Thread added: 0x0000024b09a5d8c0
Event: 1436.307 Thread 0x0000024b097e7de0 Thread exited: 0x0000024b097e7de0
Event: 1437.844 Thread 0x0000024b7f5ed400 Thread added: 0x0000024b7f5ee7b0
Event: 1439.865 Thread 0x0000024b7f5ee7b0 Thread exited: 0x0000024b7f5ee7b0
Event: 1442.695 Thread 0x0000024b7f5ed400 Thread added: 0x0000024b114f8b40
Event: 1443.795 Thread 0x0000024b114f8b40 Thread exited: 0x0000024b114f8b40
Event: 1444.117 Thread 0x0000024b7f5ed400 Thread added: 0x0000024b114f8b40
Event: 1445.535 Thread 0x0000024b114f8b40 Thread exited: 0x0000024b114f8b40
Event: 1452.891 Thread 0x0000024b7f5ed400 Thread added: 0x0000024b0e5f7c10
Event: 1452.961 Thread 0x0000024b09a5d8c0 Thread exited: 0x0000024b09a5d8c0
Event: 1453.184 Thread 0x0000024b7866f1e0 Thread added: 0x0000024b055fe700
Event: 1453.507 Thread 0x0000024b055fe700 Thread exited: 0x0000024b055fe700
Event: 1453.785 Thread 0x0000024b7866f1e0 Thread added: 0x0000024b055fe700
Event: 1455.929 Thread 0x0000024b0e5f7c10 Thread exited: 0x0000024b0e5f7c10
Event: 1462.711 Thread 0x0000024b7f5ed400 Thread added: 0x0000024b7e6aaed0
Event: 1467.043 Thread 0x0000024b7e6aaed0 Thread exited: 0x0000024b7e6aaed0


Dynamic libraries:
0x00007ff6f0d50000 - 0x00007ff6f0d5a000 	C:\Program Files\Android\Android Studio1\jbr\bin\java.exe
0x00007fff55060000 - 0x00007fff552c9000 	C:\WINDOWS\SYSTEM32\ntdll.dll
0x00007fff54690000 - 0x00007fff54759000 	C:\WINDOWS\System32\KERNEL32.DLL
0x00007fff52220000 - 0x00007fff52613000 	C:\WINDOWS\System32\KERNELBASE.dll
0x00007fff52620000 - 0x00007fff5276b000 	C:\WINDOWS\System32\ucrtbase.dll
0x00007fff455d0000 - 0x00007fff455e8000 	C:\Program Files\Android\Android Studio1\jbr\bin\jli.dll
0x00007fff54470000 - 0x00007fff54634000 	C:\WINDOWS\System32\USER32.dll
0x00007fff521f0000 - 0x00007fff52217000 	C:\WINDOWS\System32\win32u.dll
0x00007fff52e70000 - 0x00007fff52e9b000 	C:\WINDOWS\System32\GDI32.dll
0x00007fff52c70000 - 0x00007fff52d9d000 	C:\WINDOWS\System32\gdi32full.dll
0x00007fff52770000 - 0x00007fff52813000 	C:\WINDOWS\System32\msvcp_win.dll
0x00007fff3ab50000 - 0x00007fff3ab6b000 	C:\Program Files\Android\Android Studio1\jbr\bin\VCRUNTIME140.dll
0x00007fff37920000 - 0x00007fff37bb3000 	C:\WINDOWS\WinSxS\amd64_microsoft.windows.common-controls_6595b64144ccf1df_6.0.26100.5074_none_3e0d6f78e32fd63f\COMCTL32.dll
0x00007fff53050000 - 0x00007fff530f9000 	C:\WINDOWS\System32\msvcrt.dll
0x00007fff53850000 - 0x00007fff5387f000 	C:\WINDOWS\System32\IMM32.DLL
0x00007fff4ca00000 - 0x00007fff4ca0c000 	C:\Program Files\Android\Android Studio1\jbr\bin\vcruntime140_1.dll
0x00007fff3e6e0000 - 0x00007fff3e76d000 	C:\Program Files\Android\Android Studio1\jbr\bin\msvcp140.dll
0x00007ffeeb270000 - 0x00007ffeebefb000 	C:\Program Files\Android\Android Studio1\jbr\bin\server\jvm.dll
0x00007fff53d20000 - 0x00007fff53dd4000 	C:\WINDOWS\System32\ADVAPI32.dll
0x00007fff54f70000 - 0x00007fff55016000 	C:\WINDOWS\System32\sechost.dll
0x00007fff547e0000 - 0x00007fff548f8000 	C:\WINDOWS\System32\RPCRT4.dll
0x00007fff54760000 - 0x00007fff547d4000 	C:\WINDOWS\System32\WS2_32.dll
0x00007fff52070000 - 0x00007fff520ce000 	C:\WINDOWS\SYSTEM32\POWRPROF.dll
0x00007fff44640000 - 0x00007fff4464b000 	C:\WINDOWS\SYSTEM32\VERSION.dll
0x00007fff4fc70000 - 0x00007fff4fca5000 	C:\WINDOWS\SYSTEM32\WINMM.dll
0x00007fff52050000 - 0x00007fff52064000 	C:\WINDOWS\SYSTEM32\UMPDC.dll
0x00007fff50fa0000 - 0x00007fff50fbb000 	C:\WINDOWS\SYSTEM32\kernel.appcore.dll
0x00007fff466b0000 - 0x00007fff466ba000 	C:\Program Files\Android\Android Studio1\jbr\bin\jimage.dll
0x00007fff4f7a0000 - 0x00007fff4f9e2000 	C:\WINDOWS\SYSTEM32\DBGHELP.DLL
0x00007fff540f0000 - 0x00007fff5446b000 	C:\WINDOWS\System32\combase.dll
0x00007fff54e10000 - 0x00007fff54ee7000 	C:\WINDOWS\System32\OLEAUT32.dll
0x00007fff37830000 - 0x00007fff3786d000 	C:\WINDOWS\SYSTEM32\dbgcore.DLL
0x00007fff52820000 - 0x00007fff528b9000 	C:\WINDOWS\System32\bcryptPrimitives.dll
0x00007fff45a50000 - 0x00007fff45a5e000 	C:\Program Files\Android\Android Studio1\jbr\bin\instrument.dll
0x00007fff39fd0000 - 0x00007fff39ff0000 	C:\Program Files\Android\Android Studio1\jbr\bin\java.dll
0x00007fff2c660000 - 0x00007fff2c678000 	C:\Program Files\Android\Android Studio1\jbr\bin\zip.dll
0x00007fff53100000 - 0x00007fff5384d000 	C:\WINDOWS\System32\SHELL32.dll
0x00007fff528c0000 - 0x00007fff52a2c000 	C:\WINDOWS\System32\wintypes.dll
0x00007fff4fe30000 - 0x00007fff50689000 	C:\WINDOWS\SYSTEM32\windows.storage.dll
0x00007fff54b30000 - 0x00007fff54c20000 	C:\WINDOWS\System32\SHCORE.dll
0x00007fff52f70000 - 0x00007fff52fd2000 	C:\WINDOWS\System32\shlwapi.dll
0x00007fff52110000 - 0x00007fff52139000 	C:\WINDOWS\SYSTEM32\profapi.dll
0x00007fff454d0000 - 0x00007fff454e0000 	C:\Program Files\Android\Android Studio1\jbr\bin\net.dll
0x00007fff44650000 - 0x00007fff4476f000 	C:\WINDOWS\SYSTEM32\WINHTTP.dll
0x00007fff51550000 - 0x00007fff515bb000 	C:\WINDOWS\system32\mswsock.dll
0x00007fff2c640000 - 0x00007fff2c656000 	C:\Program Files\Android\Android Studio1\jbr\bin\nio.dll
0x00007fff343e0000 - 0x00007fff343f0000 	C:\Program Files\Android\Android Studio1\jbr\bin\verify.dll
0x00007fff3e570000 - 0x00007fff3e597000 	C:\Users\Mbongeni\.gradle\native\1def1411415f61bf3af743bc5b6707747c0891f09f0c88961ee8f79bc544acac\windows-amd64\native-platform.dll
0x00007fff3e660000 - 0x00007fff3e6d8000 	C:\Users\Mbongeni\.gradle\native\0.2.7\x86_64-windows-gnu\gradle-fileevents.dll
0x00007fff2be20000 - 0x00007fff2be29000 	C:\Program Files\Android\Android Studio1\jbr\bin\management.dll
0x00007fff18c60000 - 0x00007fff18c6b000 	C:\Program Files\Android\Android Studio1\jbr\bin\management_ext.dll
0x00007fff52e30000 - 0x00007fff52e38000 	C:\WINDOWS\System32\PSAPI.DLL
0x00007fff50990000 - 0x00007fff509c4000 	C:\WINDOWS\SYSTEM32\IPHLPAPI.DLL
0x00007fff52f60000 - 0x00007fff52f6a000 	C:\WINDOWS\System32\NSI.dll
0x00007fff2be30000 - 0x00007fff2be39000 	C:\Program Files\Android\Android Studio1\jbr\bin\extnet.dll
0x00007fff517f0000 - 0x00007fff5180b000 	C:\WINDOWS\SYSTEM32\CRYPTSP.dll
0x00007fff50f00000 - 0x00007fff50f3b000 	C:\WINDOWS\system32\rsaenh.dll
0x00007fff515f0000 - 0x00007fff5161b000 	C:\WINDOWS\SYSTEM32\USERENV.dll
0x00007fff520e0000 - 0x00007fff52106000 	C:\WINDOWS\SYSTEM32\bcrypt.dll
0x00007fff51810000 - 0x00007fff5181c000 	C:\WINDOWS\SYSTEM32\CRYPTBASE.dll
0x00007fff2f220000 - 0x00007fff2f228000 	C:\WINDOWS\system32\wshunix.dll
0x00007fff2cab0000 - 0x00007fff2cac8000 	C:\WINDOWS\system32\napinsp.dll
0x00007fff50a80000 - 0x00007fff50ba6000 	C:\WINDOWS\SYSTEM32\DNSAPI.dll
0x00007fff2ca50000 - 0x00007fff2ca62000 	C:\WINDOWS\System32\winrnr.dll
0x00007fff2ca20000 - 0x00007fff2ca48000 	C:\WINDOWS\system32\nlansp_c.dll
0x00007fff43cb0000 - 0x00007fff43cc6000 	C:\WINDOWS\system32\wshbth.dll
0x00007fff43ca0000 - 0x00007fff43cab000 	C:\Windows\System32\rasadhlp.dll
0x00007fff432a0000 - 0x00007fff43326000 	C:\WINDOWS\System32\fwpuclnt.dll
0x00007fff3e610000 - 0x00007fff3e659000 	C:\Users\Mbongeni\AppData\Local\Temp\jna-1116049261\jna199495359689897791.dll
0x00007fff53de0000 - 0x00007fff53f78000 	C:\WINDOWS\System32\Ole32.dll
0x00007fff52ea0000 - 0x00007fff52f51000 	C:\WINDOWS\System32\clbcatq.dll
0x00007fff1f9a0000 - 0x00007fff1f9bd000 	C:\WINDOWS\SYSTEM32\amsi.dll
0x00007fff1f900000 - 0x00007fff1f9a0000 	C:\ProgramData\Microsoft\Windows Defender\Platform\4.18.25070.5-0\MpOav.dll
0x00007fff1c760000 - 0x00007fff1c7b6000 	C:\WINDOWS\SYSTEM32\Pdh.dll
0x00007fff33b80000 - 0x00007fff33b91000 	C:\WINDOWS\System32\perfdisk.dll
0x00007fff49790000 - 0x00007fff497a3000 	C:\WINDOWS\System32\WMICLNT.dll
0x00007fff4e5b0000 - 0x00007fff4e658000 	C:\WINDOWS\system32\uxtheme.dll
0x00007fff283d0000 - 0x00007fff2842e000 	C:\Program Files\Huawei\PCManager\plugins\PerfWndMonModule.dll
0x00007fff51d80000 - 0x00007fff51dd7000 	C:\WINDOWS\SYSTEM32\cfgmgr32.dll
0x00007fff4e2b0000 - 0x00007fff4e2da000 	C:\WINDOWS\SYSTEM32\Wtsapi32.dll
0x00007fff52af0000 - 0x00007fff52c67000 	C:\WINDOWS\System32\CRYPT32.dll
0x00007fff51250000 - 0x00007fff51299000 	C:\WINDOWS\SYSTEM32\SspiCli.dll
0x00007fff51fa0000 - 0x00007fff52003000 	C:\WINDOWS\SYSTEM32\WINSTA.dll
0x00007fff4cae0000 - 0x00007fff4cae7000 	C:\Program Files\Android\Android Studio1\jbr\bin\rmi.dll
0x00007fff510d0000 - 0x00007fff51106000 	C:\WINDOWS\SYSTEM32\ntmarta.dll
0x00007fff1c3c0000 - 0x00007fff1c3d2000 	C:\WINDOWS\System32\perfproc.dll
0x00007ffef9a20000 - 0x00007ffef9bb8000 	C:\Program Files\Android\Android Studio1\jbr\bin\awt.dll
0x00007fff4e6d0000 - 0x00007fff4e6fb000 	C:\WINDOWS\SYSTEM32\dwmapi.dll
0x00007fff2a050000 - 0x00007fff2a094000 	C:\Program Files\Android\Android Studio1\jbr\bin\nvdaControllerClient64.dll
0x00007fff4e320000 - 0x00007fff4e3be000 	C:\WINDOWS\SYSTEM32\apphelp.dll
0x00007fff53f80000 - 0x00007fff540d8000 	C:\WINDOWS\System32\MSCTF.dll
0x00007fff2e590000 - 0x00007fff2e5a2000 	C:\WINDOWS\system32\wbem\wbemprox.dll
0x00007fff2e510000 - 0x00007fff2e58a000 	C:\WINDOWS\SYSTEM32\wbemcomn.dll
0x00007fff1ff40000 - 0x00007fff1ff55000 	C:\WINDOWS\system32\wbem\wbemsvc.dll
0x00007fff1ffd0000 - 0x00007fff200c0000 	C:\WINDOWS\system32\wbem\fastprox.dll

dbghelp: loaded successfully - version: 4.0.5 - missing functions: none
symbol engine: initialized successfully - sym options: 0x614 - pdb path: .;C:\Program Files\Android\Android Studio1\jbr\bin;C:\WINDOWS\SYSTEM32;C:\WINDOWS\WinSxS\amd64_microsoft.windows.common-controls_6595b64144ccf1df_6.0.26100.5074_none_3e0d6f78e32fd63f;C:\Program Files\Android\Android Studio1\jbr\bin\server;C:\Users\Mbongeni\.gradle\native\1def1411415f61bf3af743bc5b6707747c0891f09f0c88961ee8f79bc544acac\windows-amd64;C:\Users\Mbongeni\.gradle\native\0.2.7\x86_64-windows-gnu;C:\Users\Mbongeni\AppData\Local\Temp\jna-1116049261;C:\ProgramData\Microsoft\Windows Defender\Platform\4.18.25070.5-0;C:\Program Files\Huawei\PCManager\plugins;C:\WINDOWS\system32\wbem;C:\Users\Mbongeni\AppData\Local\Temp

VM Arguments:
jvm_args: --add-opens=java.base/java.lang=ALL-UNNAMED --add-opens=java.base/java.lang.invoke=ALL-UNNAMED --add-opens=java.base/java.util=ALL-UNNAMED --add-opens=java.prefs/java.util.prefs=ALL-UNNAMED --add-exports=jdk.compiler/com.sun.tools.javac.api=ALL-UNNAMED --add-exports=jdk.compiler/com.sun.tools.javac.util=ALL-UNNAMED --add-opens=java.base/java.util=ALL-UNNAMED --add-opens=java.prefs/java.util.prefs=ALL-UNNAMED --add-opens=java.base/java.nio.charset=ALL-UNNAMED --add-opens=java.base/java.net=ALL-UNNAMED --add-opens=java.base/java.util.concurrent.atomic=ALL-UNNAMED --add-opens=java.xml/javax.xml.namespace=ALL-UNNAMED -XX:+UseParallelGC -Xmx4g -Dfile.encoding=UTF-8 -Duser.country=CN -Duser.language=zh -Duser.variant -javaagent:C:\Users\Mbongeni\.gradle\wrapper\dists\gradle-8.14.2-bin\2pb3mgt1p815evrl3weanttgr\gradle-8.14.2\lib\agents\gradle-instrumentation-agent-8.14.2.jar 
java_command: org.gradle.launcher.daemon.bootstrap.GradleDaemon 8.14.2
java_class_path (initial): C:\Users\Mbongeni\.gradle\wrapper\dists\gradle-8.14.2-bin\2pb3mgt1p815evrl3weanttgr\gradle-8.14.2\lib\gradle-daemon-main-8.14.2.jar
Launcher Type: SUN_STANDARD

[Global flags]
     intx CICompilerCount                          = 3                                         {product} {ergonomic}
   size_t InitialHeapSize                          = 132120576                                 {product} {ergonomic}
   size_t MaxHeapSize                              = 4294967296                                {product} {command line}
   size_t MaxNewSize                               = 1431306240                                {product} {ergonomic}
   size_t MinHeapDeltaBytes                        = 524288                                    {product} {ergonomic}
   size_t MinHeapSize                              = 8388608                                   {product} {ergonomic}
   size_t NewSize                                  = 44040192                                  {product} {ergonomic}
    uintx NonNMethodCodeHeapSize                   = 5832780                                {pd product} {ergonomic}
    uintx NonProfiledCodeHeapSize                  = 122912730                              {pd product} {ergonomic}
   size_t OldSize                                  = 88080384                                  {product} {ergonomic}
    uintx ProfiledCodeHeapSize                     = 122912730                              {pd product} {ergonomic}
    uintx ReservedCodeCacheSize                    = 251658240                              {pd product} {ergonomic}
     bool SegmentedCodeCache                       = true                                      {product} {ergonomic}
   size_t SoftMaxHeapSize                          = 4294967296                             {manageable} {ergonomic}
     bool UseCompressedOops                        = true                           {product lp64_product} {ergonomic}
     bool UseLargePagesIndividualAllocation        = false                                  {pd product} {ergonomic}
     bool UseParallelGC                            = true                                      {product} {command line}

Logging:
Log output configuration:
 #0: stdout all=warning uptime,level,tags foldmultilines=false
 #1: stderr all=off uptime,level,tags foldmultilines=false

Environment Variables:
PATH=C:\Program Files\Common Files\Oracle\Java\javapath;C:\Windows\System32\HWAudioDriverLibs;C:\Windows\system32;C:\Windows;C:\Windows\System32\Wbem;C:\Windows\System32\WindowsPowerShell\v1.0\;C:\Windows\System32\OpenSSH\;C:\Windows\system32\config\systemprofile\AppData\Local\Microsoft\WindowsApps;C:\WINDOWS\system32;C:\WINDOWS;C:\WINDOWS\System32\Wbem;C:\WINDOWS\System32\WindowsPowerShell\v1.0\;C:\WINDOWS\System32\OpenSSH\;C:\Program Files\nodejs\;C:\Program Files\apache-maven-3.9.9\bin;C:\Program Files\Microsoft SQL Server\150\Tools\Binn\;C:\Users\Mbongeni\Downloads\ffmpeg-2025-04-14-git-3b2a9410ef-full_build\ffmpeg-2025-04-14-git-3b2a9410ef-full_build\bin;C:\platform-tools;C:\xampp\php;C:\ProgramData\ComposerSetup\bin;C:\dev\flutter\bin;C:\Program Files\Git\cmd;C:\ProgramData\chocolatey\bin;C:\Users\Mbongeni\AppData\Local\Microsoft\WindowsApps;C:\Users\Mbongeni\AppData\Local\Programs\Microsoft VS Code\bin;C:\Users\Mbongeni\AppData\Roaming\npm;C:\Users\Mbongeni\AppData\Local\GitHubDesktop\bin;C:\Users\Mbongeni\.dotnet\tools;C:\msys64\ucrt64\bin;C:\Users\Mbongeni\AppData\Roaming\Composer\vendor\bin;C:\Users\Mbongeni\AppData\Local\Android\Sdk\cmdline-tools\latest\bin;C:\Users\Mbongeni\AppData\Local\Android\Sdk\platform-tools;C:\Users\Mbongeni\AppData\Local\Android\Sdk\cmake\4.1.0\bin;C:\Users\Mbongeni\AppData\Local\Android\Sdk\ndk\29.0.13846066;;C:\tools\dart-sdk\bin;C:\Users\Mbongeni\AppData\Local\Pub\Cache\bin
USERNAME=Mbongeni
OS=Windows_NT
PROCESSOR_IDENTIFIER=Intel64 Family 6 Model 142 Stepping 12, GenuineIntel
TMP=C:\Users\Mbongeni\AppData\Local\Temp
TEMP=C:\Users\Mbongeni\AppData\Local\Temp




Periodic native trim disabled

JNI global refs:
JNI global refs: 41, weak refs: 48

JNI global refs memory usage: 835, weak refs: 833

Process memory usage:
Resident Set Size: 2345700K (28% of 8218416K total physical memory with 577708K free physical memory)

OOME stack traces (most recent first):
Classloader memory used:
Loader java.net.URLClassLoader                                                         : 142M
Loader org.gradle.internal.classloader.VisitableURLClassLoader$InstrumentingVisitableURLClassLoader: 57265K
Loader org.gradle.internal.classloader.VisitableURLClassLoader                         : 42439K
Loader bootstrap                                                                       : 39581K
Loader jdk.internal.loader.ClassLoaders$AppClassLoader                                 : 8826K
Loader org.gradle.initialization.MixInLegacyTypesClassLoader                           : 8582K
Loader jdk.internal.reflect.DelegatingClassLoader                                      : 1984K
Loader jdk.internal.loader.ClassLoaders$PlatformClassLoader                            : 1104K
Loader com.intellij.util.lang.UrlClassLoader                                           : 434K
Loader jdk.internal.jrtfs.JrtFileSystemProvider$JrtFsLoader                            : 321K
Loader org.gradle.internal.classloader.VisitableURLClassLoader                         : 47584B
Loader sun.reflect.misc.MethodUtil                                                     : 2952B

Classes loaded by more than one classloader:
Class com.google.common.base.PairwiseEquivalence                                      : loaded 3 times (x 79B)
Class com.google.common.base.Equivalence$Identity                                     : loaded 3 times (x 78B)
Class com.google.common.collect.RegularImmutableMap$KeySet                            : loaded 3 times (x 148B)
Class kotlin.coroutines.jvm.internal.CompletedContinuation                            : loaded 3 times (x 71B)
Class kotlin.jvm.KotlinReflectionNotSupportedError                                    : loaded 3 times (x 78B)
Class kotlin.io.TextStreamsKt                                                         : loaded 3 times (x 67B)
Class kotlin.sequences.DropTakeSequence                                               : loaded 3 times (x 66B)
Class kotlin.ranges.IntProgression                                                    : loaded 3 times (x 77B)
Class com.google.common.collect.RegularImmutableSet                                   : loaded 3 times (x 145B)
Class kotlin.coroutines.CoroutineContext                                              : loaded 3 times (x 66B)
Class kotlin.sequences.FlatteningSequence                                             : loaded 3 times (x 71B)
Class kotlin.coroutines.jvm.internal.DebugProbesKt                                    : loaded 3 times (x 67B)
Class kotlin.text.StringsKt__StringsKt                                                : loaded 3 times (x 67B)
Class kotlin.NotImplementedError                                                      : loaded 3 times (x 78B)
Class kotlin.ranges.IntProgressionIterator                                            : loaded 3 times (x 78B)
Class org.objectweb.asm.Context                                                       : loaded 3 times (x 68B)
Class com.google.common.collect.Iterators$MergingIterator                             : loaded 3 times (x 77B)
Class com.google.common.collect.SortedSetMultimap                                     : loaded 3 times (x 66B)
Class kotlin.collections.CollectionsKt                                                : loaded 3 times (x 67B)
Class kotlin.reflect.KMutableProperty2                                                : loaded 3 times (x 66B)
Class kotlin.coroutines.jvm.internal.CoroutineStackFrame                              : loaded 3 times (x 66B)
Class kotlin.coroutines.intrinsics.IntrinsicsKt__IntrinsicsJvmKt                      : loaded 3 times (x 67B)
Class kotlin.reflect.KMutableProperty1                                                : loaded 3 times (x 66B)
Class com.google.common.collect.ImmutableList$SubList                                 : loaded 3 times (x 205B)
Class kotlin.jvm.internal.Ref$BooleanRef                                              : loaded 3 times (x 67B)
Class kotlin.jvm.internal.CollectionToArray                                           : loaded 3 times (x 67B)
Class kotlin.io.FilesKt__FileTreeWalkKt                                               : loaded 3 times (x 67B)
Class kotlin.sequences.FilteringSequence$iterator$1                                   : loaded 3 times (x 75B)
Class kotlin.collections.CollectionsKt__ReversedViewsKt                               : loaded 3 times (x 67B)
Class kotlin.sequences.SequencesKt__SequenceBuilderKt                                 : loaded 3 times (x 67B)
Class kotlin.jvm.internal.StringCompanionObject                                       : loaded 3 times (x 67B)
Class com.google.common.collect.ImmutableSet$SetBuilderImpl                           : loaded 3 times (x 72B)
Class kotlin.coroutines.jvm.internal.SuspendFunction                                  : loaded 3 times (x 66B)
Class kotlin.reflect.KClassifier                                                      : loaded 3 times (x 66B)
Class com.google.common.collect.AbstractMapBasedMultimap$WrappedCollection            : loaded 3 times (x 120B)
Class com.google.common.collect.ImmutableList$1                                       : loaded 3 times (x 93B)
Class kotlin.reflect.KMutableProperty0                                                : loaded 3 times (x 66B)
Class com.google.common.collect.ImmutableList                                         : loaded 3 times (x 202B)
Class kotlin.jvm.internal.PropertyReference1Impl                                      : loaded 3 times (x 123B)
Class kotlin.SafePublicationLazyImpl$Companion                                        : loaded 3 times (x 67B)
Class kotlin.jvm.internal.MutablePropertyReference1                                   : loaded 3 times (x 133B)
Class org.objectweb.asm.ClassReader                                                   : loaded 3 times (x 90B)
Class com.google.common.collect.ImmutableSet$EmptySetBuilderImpl                      : loaded 3 times (x 72B)
Class com.google.common.collect.ImmutableEnumSet                                      : loaded 3 times (x 142B)
Class kotlin.jvm.internal.markers.KMappedMarker                                       : loaded 3 times (x 66B)
Class [Lkotlin.reflect.KProperty;                                                     : loaded 3 times (x 65B)
Class kotlin.sequences.ConstrainedOnceSequence                                        : loaded 3 times (x 71B)
Class com.google.common.collect.RegularImmutableMap                                   : loaded 3 times (x 117B)
Class com.google.common.collect.ImmutableMap$MapViewOfValuesAsSingletonSets           : loaded 3 times (x 122B)
Class com.google.common.collect.ImmutableSet$Builder                                  : loaded 3 times (x 81B)
Class com.google.common.collect.SetMultimap                                           : loaded 3 times (x 66B)
Class kotlin.collections.builders.MapBuilder                                          : loaded 3 times (x 108B)
Class kotlin.ranges.IntProgression$Companion                                          : loaded 3 times (x 67B)
Class com.google.common.collect.Maps$BiMapConverter                                   : loaded 3 times (x 86B)
Class kotlin.NoWhenBranchMatchedException                                             : loaded 3 times (x 78B)
Class com.google.common.collect.UnmodifiableListIterator                              : loaded 3 times (x 91B)
Class org.objectweb.asm.ClassVisitor                                                  : loaded 3 times (x 84B)
Class kotlin.Lazy                                                                     : loaded 3 times (x 66B)
Class kotlin.jvm.functions.Function19                                                 : loaded 3 times (x 66B)
Class kotlin.reflect.KMutableProperty$Setter                                          : loaded 3 times (x 66B)
Class com.google.common.collect.ImmutableMapEntrySet$RegularEntrySet                  : loaded 3 times (x 148B)
Class kotlin.sequences.TransformingSequence                                           : loaded 3 times (x 71B)
Class com.google.common.collect.Multimaps                                             : loaded 3 times (x 67B)
Class kotlin.text.StringsKt__StringBuilderKt                                          : loaded 3 times (x 67B)
Class kotlin.jvm.internal.CallableReference$NoReceiver                                : loaded 3 times (x 67B)
Class kotlin.jvm.functions.Function18                                                 : loaded 3 times (x 66B)
Class kotlin.collections.ArraysKt__ArraysJVMKt                                        : loaded 3 times (x 67B)
Class kotlin.jvm.functions.Function17                                                 : loaded 3 times (x 66B)
Class com.google.common.base.Joiner$2                                                 : loaded 3 times (x 75B)
Class [Lkotlin.reflect.KClass;                                                        : loaded 3 times (x 65B)
Class kotlin.io.LinesSequence                                                         : loaded 3 times (x 71B)
Class kotlin.InitializedLazyImpl                                                      : loaded 3 times (x 72B)
Class kotlin.collections.SetsKt__SetsKt                                               : loaded 3 times (x 67B)
Class kotlin.LazyKt                                                                   : loaded 3 times (x 67B)
Class kotlin.coroutines.EmptyCoroutineContext                                         : loaded 3 times (x 73B)
Class com.google.common.base.Platform$JdkPatternCompiler                              : loaded 3 times (x 71B)
Class kotlin.jvm.functions.Function16                                                 : loaded 3 times (x 66B)
Class com.google.common.base.Joiner$1                                                 : loaded 3 times (x 76B)
Class com.google.common.collect.PeekingIterator                                       : loaded 3 times (x 66B)
Class com.google.common.base.Preconditions                                            : loaded 3 times (x 67B)
Class kotlin.collections.ArraysKt                                                     : loaded 3 times (x 67B)
Class kotlin.text.CharsKt__CharKt                                                     : loaded 3 times (x 67B)
Class kotlin.KotlinVersion$Companion                                                  : loaded 3 times (x 67B)
Class com.google.common.base.PatternCompiler                                          : loaded 3 times (x 66B)
Class com.google.common.collect.Hashing                                               : loaded 3 times (x 67B)
Class kotlin.jvm.functions.Function15                                                 : loaded 3 times (x 66B)
Class kotlin.sequences.SequencesKt___SequencesKt                                      : loaded 3 times (x 67B)
Class com.google.common.base.Equivalence$Equals                                       : loaded 3 times (x 78B)
Class kotlin.ranges.RangesKt___RangesKt                                               : loaded 3 times (x 67B)
Class kotlin.collections.AbstractList$Companion                                       : loaded 3 times (x 67B)
Class kotlin.jvm.functions.Function14                                                 : loaded 3 times (x 66B)
Class [Lcom.google.common.collect.ImmutableMapEntry;                                  : loaded 3 times (x 65B)
Class com.google.common.collect.RegularImmutableBiMap                                 : loaded 3 times (x 145B)
Class kotlin.KotlinNullPointerException                                               : loaded 3 times (x 79B)
Class kotlin.text.Charsets                                                            : loaded 3 times (x 67B)
Class kotlin.ranges.OpenEndRange                                                      : loaded 3 times (x 66B)
Class kotlin.sequences.SequencesKt___SequencesKt$flatMap$2                            : loaded 3 times (x 121B)
Class kotlin.jvm.functions.Function13                                                 : loaded 3 times (x 66B)
Class kotlin.sequences.SequenceBuilderIterator                                        : loaded 3 times (x 81B)
Class com.google.common.collect.ListMultimap                                          : loaded 3 times (x 66B)
Class kotlin.collections.CollectionsKt__IterablesKt                                   : loaded 3 times (x 67B)
Class kotlin.collections.MapsKt                                                       : loaded 3 times (x 67B)
Class kotlin.coroutines.ContinuationInterceptor                                       : loaded 3 times (x 66B)
Class kotlin.text.StringsKt__AppendableKt                                             : loaded 3 times (x 67B)
Class com.google.common.collect.ImmutableEnumMap                                      : loaded 3 times (x 122B)
Class com.google.common.collect.Iterators$EmptyModifiableIterator                     : loaded 3 times (x 82B)
Class kotlin.jvm.internal.AdaptedFunctionReference                                    : loaded 3 times (x 73B)
Class kotlin.coroutines.intrinsics.CoroutineSingletons                                : loaded 3 times (x 75B)
Class kotlin.jvm.functions.Function12                                                 : loaded 3 times (x 66B)
Class kotlin.reflect.KProperty$Accessor                                               : loaded 3 times (x 66B)
Class [Lkotlin.reflect.KCallable;                                                     : loaded 3 times (x 65B)
Class com.google.common.collect.RegularImmutableMap$BucketOverflowException           : loaded 3 times (x 78B)
Class kotlin.sequences.TakeWhileSequence                                              : loaded 3 times (x 71B)
Class kotlin.jvm.internal.ArrayIteratorKt                                             : loaded 3 times (x 67B)
Class kotlin.jvm.internal.Intrinsics                                                  : loaded 3 times (x 67B)
Class com.google.common.collect.Sets$1                                                : loaded 3 times (x 135B)
Class kotlin.reflect.KAnnotatedElement                                                : loaded 3 times (x 66B)
Class kotlin.collections.EmptyMap                                                     : loaded 3 times (x 105B)
Class kotlin.ranges.IntRange$Companion                                                : loaded 3 times (x 67B)
Class kotlin.coroutines.intrinsics.IntrinsicsKt                                       : loaded 3 times (x 67B)
Class kotlin.sequences.SequenceScope                                                  : loaded 3 times (x 69B)
Class kotlin.jvm.internal.markers.KMutableCollection                                  : loaded 3 times (x 66B)
Class kotlin.jvm.functions.Function11                                                 : loaded 3 times (x 66B)
Class kotlin.jvm.internal.PropertyReference0Impl                                      : loaded 3 times (x 123B)
Class com.google.common.collect.ImmutableSet$RegularSetBuilderImpl                    : loaded 3 times (x 73B)
Class [Lkotlin.LazyThreadSafetyMode;                                                  : loaded 3 times (x 65B)
Class [Lkotlin.reflect.KClassifier;                                                   : loaded 3 times (x 65B)
Class kotlin.sequences.Sequence                                                       : loaded 3 times (x 66B)
Class kotlin.text.StringsKt__StringNumberConversionsJVMKt                             : loaded 3 times (x 67B)
Class com.google.common.collect.Sets$2                                                : loaded 3 times (x 135B)
Class kotlin.jvm.functions.Function9                                                  : loaded 3 times (x 66B)
Class kotlin.jvm.functions.Function10                                                 : loaded 3 times (x 66B)
Class kotlin.annotation.MustBeDocumented                                              : loaded 3 times (x 66B)
Class kotlin.jvm.functions.Function20                                                 : loaded 3 times (x 66B)
Class kotlin.enums.EnumEntriesKt                                                      : loaded 3 times (x 67B)
Class kotlin.text.StringsKt___StringsKt                                               : loaded 3 times (x 67B)
Class kotlin.collections.CollectionsKt__MutableCollectionsJVMKt                       : loaded 3 times (x 67B)
Class kotlin.collections.builders.MapBuilder$Companion                                : loaded 3 times (x 67B)
Class kotlin.jvm.functions.Function8                                                  : loaded 3 times (x 66B)
Class kotlin.collections.CollectionsKt___CollectionsKt$asSequence$$inlined$Sequence$1 : loaded 3 times (x 71B)
Class [Lkotlin.annotation.AnnotationRetention;                                        : loaded 3 times (x 65B)
Class com.google.common.collect.Sets$3                                                : loaded 3 times (x 135B)
Class kotlin.collections.MapsKt__MapWithDefaultKt                                     : loaded 3 times (x 67B)
Class kotlin.jvm.functions.Function7                                                  : loaded 3 times (x 66B)
Class com.google.common.collect.SortedMapDifference                                   : loaded 3 times (x 66B)
Class kotlin.collections.ArraysKt___ArraysKt                                          : loaded 3 times (x 67B)
Class kotlin.collections.MapsKt___MapsKt                                              : loaded 3 times (x 67B)
Class kotlin.jvm.functions.Function21                                                 : loaded 3 times (x 66B)
Class kotlin.io.FilesKt                                                               : loaded 3 times (x 67B)
Class kotlin.jvm.functions.Function6                                                  : loaded 3 times (x 66B)
Class com.google.common.collect.Sets$4                                                : loaded 3 times (x 135B)
Class kotlin.text.StringsKt___StringsJvmKt                                            : loaded 3 times (x 67B)
Class kotlin.reflect.KDeclarationContainer                                            : loaded 3 times (x 66B)
Class com.google.common.collect.CollectPreconditions                                  : loaded 3 times (x 67B)
Class kotlin.jvm.functions.Function5                                                  : loaded 3 times (x 66B)
Class kotlin.annotation.AnnotationRetention                                           : loaded 3 times (x 75B)
Class kotlin.collections.MapWithDefault                                               : loaded 3 times (x 66B)
Class kotlin.jvm.functions.Function22                                                 : loaded 3 times (x 66B)
Class kotlin.annotation.Retention                                                     : loaded 3 times (x 66B)
Class kotlin.collections.CollectionsKt___CollectionsKt                                : loaded 3 times (x 67B)
Class kotlin.coroutines.jvm.internal.SuspendLambda                                    : loaded 3 times (x 87B)
Class kotlin.coroutines.jvm.internal.ContinuationImpl                                 : loaded 3 times (x 83B)
Class kotlin.collections.EmptySet                                                     : loaded 3 times (x 118B)
Class kotlin.jvm.functions.Function4                                                  : loaded 3 times (x 66B)
Class kotlin.annotation.Target                                                        : loaded 3 times (x 66B)
Class com.google.common.collect.ImmutableEntry                                        : loaded 3 times (x 78B)
Class [Lcom.google.common.collect.AbstractMapEntry;                                   : loaded 3 times (x 65B)
Class com.google.common.collect.ArrayListMultimap                                     : loaded 3 times (x 168B)
Class kotlin.reflect.KTypeParameter                                                   : loaded 3 times (x 66B)
Class kotlin.collections.MapsKt___MapsJvmKt                                           : loaded 3 times (x 67B)
Class kotlin.jvm.functions.Function3                                                  : loaded 3 times (x 66B)
Class kotlin.KotlinNothingValueException                                              : loaded 3 times (x 78B)
Class kotlin.jvm.functions.Function2                                                  : loaded 3 times (x 66B)
Class com.google.common.collect.ImmutableMap                                          : loaded 3 times (x 116B)
Class kotlin.collections.CollectionsKt__CollectionsKt                                 : loaded 3 times (x 67B)
Class kotlin.collections.ArraysKt___ArraysJvmKt                                       : loaded 3 times (x 67B)
Class com.google.common.base.Predicate                                                : loaded 3 times (x 66B)
Class kotlin.text.StringsKt__RegexExtensionsJVMKt                                     : loaded 3 times (x 67B)
Class com.google.common.collect.MapDifference                                         : loaded 3 times (x 66B)
Class kotlin.jvm.internal.markers.KMutableIterator                                    : loaded 3 times (x 66B)
Class com.google.common.collect.Sets                                                  : loaded 3 times (x 67B)
Class kotlin.jvm.functions.Function1                                                  : loaded 3 times (x 66B)
Class kotlin._Assertions                                                              : loaded 3 times (x 67B)
Class kotlin.text.Regex$Companion                                                     : loaded 3 times (x 67B)
Class com.google.common.base.Strings                                                  : loaded 3 times (x 67B)
Class kotlin.properties.ReadWriteProperty                                             : loaded 3 times (x 66B)
Class kotlin.sequences.FlatteningSequence$iterator$1                                  : loaded 3 times (x 75B)
Class kotlin.jvm.functions.Function0                                                  : loaded 3 times (x 66B)
Class [Lkotlin.annotation.AnnotationTarget;                                           : loaded 3 times (x 65B)
Class com.google.common.collect.Iterators$ArrayItr                                    : loaded 3 times (x 93B)
Class kotlin.collections.ArraysUtilJVM                                                : loaded 3 times (x 67B)
Class com.google.common.collect.ImmutableCollection$Builder                           : loaded 3 times (x 72B)
Class kotlin.sequences.GeneratorSequence                                              : loaded 3 times (x 71B)
Class [Lkotlin.coroutines.intrinsics.CoroutineSingletons;                             : loaded 3 times (x 65B)
Class [Lkotlin.DeprecationLevel;                                                      : loaded 3 times (x 65B)
Class kotlin.ranges.RangesKt                                                          : loaded 3 times (x 67B)
Class org.objectweb.asm.Attribute                                                     : loaded 3 times (x 73B)
Class kotlin.jvm.internal.FunctionReference                                           : loaded 3 times (x 118B)
Class kotlin.jvm.internal.FunctionBase                                                : loaded 3 times (x 66B)
Class kotlin.enums.EnumEntriesList                                                    : loaded 3 times (x 219B)
Class com.google.common.base.Supplier                                                 : loaded 3 times (x 66B)
Class kotlin.sequences.SequencesKt___SequencesJvmKt                                   : loaded 3 times (x 67B)
Class com.google.common.io.Closer$Suppressor                                          : loaded 3 times (x 66B)
Class kotlin.Unit                                                                     : loaded 3 times (x 67B)
Class kotlin.TuplesKt                                                                 : loaded 3 times (x 67B)
Class kotlin.jvm.internal.markers.KMutableIterable                                    : loaded 3 times (x 66B)
Class com.google.common.base.MoreObjects                                              : loaded 3 times (x 67B)
Class com.google.common.base.Joiner                                                   : loaded 3 times (x 75B)
Class kotlin.jdk7.AutoCloseableKt                                                     : loaded 3 times (x 67B)
Class kotlin.jvm.internal.FunctionReferenceImpl                                       : loaded 3 times (x 118B)
Class kotlin.collections.CollectionsKt___CollectionsJvmKt                             : loaded 3 times (x 67B)
Class kotlin.text.DelimitedRangesSequence                                             : loaded 3 times (x 71B)
Class com.google.common.collect.ImmutableSet                                          : loaded 3 times (x 141B)
Class kotlin.collections.CollectionsKt__IteratorsJVMKt                                : loaded 3 times (x 67B)
Class kotlin.comparisons.ComparisonsKt___ComparisonsJvmKt                             : loaded 3 times (x 67B)
Class com.google.common.io.Closer                                                     : loaded 3 times (x 74B)
Class kotlin.reflect.KType                                                            : loaded 3 times (x 66B)
Class com.google.common.collect.RegularImmutableMap$Values                            : loaded 3 times (x 203B)
Class kotlin.comparisons.ComparisonsKt___ComparisonsKt                                : loaded 3 times (x 67B)
Class kotlin.comparisons.ComparisonsKt                                                : loaded 3 times (x 67B)
Class com.google.common.collect.Platform                                              : loaded 3 times (x 67B)
Class kotlin.text.CharsKt__CharJVMKt                                                  : loaded 3 times (x 67B)
Class [Lorg.objectweb.asm.Attribute;                                                  : loaded 3 times (x 65B)
Class kotlin.reflect.KProperty0                                                       : loaded 3 times (x 66B)
Class kotlin.Result                                                                   : loaded 3 times (x 68B)
Class kotlin.sequences.FilteringSequence                                              : loaded 3 times (x 71B)
Class kotlin.coroutines.jvm.internal.BaseContinuationImpl                             : loaded 3 times (x 83B)
Class kotlin.Result$Companion                                                         : loaded 3 times (x 67B)
Class com.google.common.collect.UnmodifiableIterator                                  : loaded 3 times (x 76B)
Class kotlin.comparisons.ComparisonsKt__ComparisonsKt                                 : loaded 3 times (x 67B)
Class com.google.common.collect.SingletonImmutableBiMap                               : loaded 3 times (x 139B)
Class com.google.common.collect.Iterators$SingletonIterator                           : loaded 3 times (x 77B)
Class kotlin.sequences.SequencesKt__SequencesKt                                       : loaded 3 times (x 67B)
Class com.google.common.collect.AbstractMapEntry                                      : loaded 3 times (x 77B)
Class kotlin.reflect.KClass                                                           : loaded 3 times (x 66B)
Class kotlin.reflect.KProperty1                                                       : loaded 3 times (x 66B)
Class kotlin.Pair                                                                     : loaded 3 times (x 68B)
Class kotlin.collections.SetsKt___SetsKt                                              : loaded 3 times (x 67B)
Class kotlin.sequences.TransformingSequence$iterator$1                                : loaded 3 times (x 75B)
Class kotlin.ranges.RangesKt__RangesKt                                                : loaded 3 times (x 67B)
Class com.google.common.math.IntMath$1                                                : loaded 3 times (x 67B)
Class kotlin.coroutines.Continuation                                                  : loaded 3 times (x 66B)
Class com.google.common.collect.AbstractMultimap                                      : loaded 3 times (x 119B)
Class com.google.common.collect.ImmutableList$Builder                                 : loaded 3 times (x 73B)
Class kotlin.sequences.GeneratorSequence$iterator$1                                   : loaded 3 times (x 75B)
Class kotlin.reflect.KProperty2                                                       : loaded 3 times (x 66B)
Class kotlin.jvm.internal.ClassBasedDeclarationContainer                              : loaded 3 times (x 66B)
Class kotlin.io.CloseableKt                                                           : loaded 3 times (x 67B)
Class kotlin.UNINITIALIZED_VALUE                                                      : loaded 3 times (x 67B)
Class kotlin.collections.CollectionsKt__MutableCollectionsKt                          : loaded 3 times (x 67B)
Class kotlin.jvm.internal.Ref$ObjectRef                                               : loaded 3 times (x 68B)
Class kotlin.jvm.internal.ReflectionFactory                                           : loaded 3 times (x 87B)
Class com.google.common.collect.Sets$SetView                                          : loaded 3 times (x 134B)
Class kotlin.text.StringsKt__StringBuilderJVMKt                                       : loaded 3 times (x 67B)
Class kotlin.text.Regex                                                               : loaded 3 times (x 68B)
Class kotlin.LazyKt__LazyKt                                                           : loaded 3 times (x 67B)
Class kotlin.collections.ArrayAsCollection                                            : loaded 3 times (x 101B)
Class kotlin.sequences.SequencesKt__SequenceBuilderKt$sequence$$inlined$Sequence$1    : loaded 3 times (x 71B)
Class kotlin.Triple                                                                   : loaded 3 times (x 68B)
Class [Lcom.google.common.collect.Iterators$EmptyModifiableIterator;                  : loaded 3 times (x 65B)
Class kotlin.coroutines.CoroutineContext$Element                                      : loaded 3 times (x 66B)
Class com.google.common.collect.RegularImmutableAsList                                : loaded 3 times (x 213B)
Class kotlin.io.FilesKt__FilePathComponentsKt                                         : loaded 3 times (x 67B)
Class kotlin.reflect.KCallable                                                        : loaded 3 times (x 66B)
Class kotlin.collections.AbstractCollection                                           : loaded 3 times (x 113B)
Class kotlin.collections.AbstractIterator                                             : loaded 3 times (x 79B)
Class com.google.common.collect.Iterators                                             : loaded 3 times (x 67B)
Class kotlin.collections.AbstractList                                                 : loaded 3 times (x 193B)
Class com.google.common.collect.Maps$8                                                : loaded 3 times (x 78B)
Class kotlin.io.LinesSequence$iterator$1                                              : loaded 3 times (x 75B)
Class kotlin.sequences.SequencesKt__SequencesJVMKt                                    : loaded 3 times (x 67B)
Class kotlin.text.CharsKt                                                             : loaded 3 times (x 67B)
Class kotlin.coroutines.jvm.internal.RestrictedSuspendLambda                          : loaded 3 times (x 87B)
Class kotlin.text.StringsKt__RegexExtensionsKt                                        : loaded 3 times (x 67B)
Class kotlin.SynchronizedLazyImpl                                                     : loaded 3 times (x 72B)
Class kotlin.collections.EmptyIterator                                                : loaded 3 times (x 85B)
Class com.google.common.base.Platform                                                 : loaded 3 times (x 67B)
Class kotlin.jvm.internal.SpreadBuilder                                               : loaded 3 times (x 72B)
Class kotlin.jvm.internal.ArrayIterator                                               : loaded 3 times (x 75B)
Class kotlin.coroutines.ContinuationInterceptor$Key                                   : loaded 3 times (x 67B)
Class kotlin.text.DelimitedRangesSequence$iterator$1                                  : loaded 3 times (x 75B)
Class kotlin.LazyThreadSafetyMode                                                     : loaded 3 times (x 75B)
Class kotlin.LazyKt__LazyJVMKt$WhenMappings                                           : loaded 3 times (x 67B)
Class com.google.common.collect.Lists$StringAsImmutableList                           : loaded 3 times (x 203B)
Class kotlin.UnsafeLazyImpl                                                           : loaded 3 times (x 72B)
Class kotlin.jvm.internal.MutablePropertyReference                                    : loaded 3 times (x 115B)
Class [Lcom.google.common.collect.ImmutableEntry;                                     : loaded 3 times (x 65B)
Class com.google.common.collect.Maps                                                  : loaded 3 times (x 67B)
Class kotlin.jvm.internal.Ref$IntRef                                                  : loaded 3 times (x 67B)
Class kotlin.jvm.internal.PropertyReference1                                          : loaded 3 times (x 123B)
Class kotlin.jvm.internal.DefaultConstructorMarker                                    : loaded 3 times (x 67B)
Class kotlin.sequences.EmptySequence                                                  : loaded 3 times (x 74B)
Class kotlin.DeprecationLevel                                                         : loaded 3 times (x 75B)
Class kotlin.jvm.internal.PropertyReference0                                          : loaded 3 times (x 123B)
Class kotlin.jvm.JvmStatic                                                            : loaded 3 times (x 66B)
Class com.google.common.collect.RegularImmutableList                                  : loaded 3 times (x 209B)
Class kotlin.enums.EnumEntries                                                        : loaded 3 times (x 66B)
Class com.google.common.base.Function                                                 : loaded 3 times (x 66B)
Class com.google.common.collect.ImmutableMapEntry$NonTerminalImmutableMapEntry        : loaded 3 times (x 81B)
Class com.google.common.base.Equivalence                                              : loaded 3 times (x 78B)
Class kotlin.ranges.IntRange                                                          : loaded 3 times (x 89B)
Class kotlin.collections.MapsKt__MapsJVMKt                                            : loaded 3 times (x 67B)
Class kotlin.collections.EmptyList                                                    : loaded 3 times (x 170B)
Class kotlin.jvm.internal.markers.KMutableMap                                         : loaded 3 times (x 66B)
Class kotlin.collections.ArraysKt___ArraysKt$asSequence$$inlined$Sequence$1           : loaded 3 times (x 71B)
Class kotlin.properties.ReadOnlyProperty                                              : loaded 3 times (x 66B)
Class com.google.common.collect.ImmutableMapEntry                                     : loaded 3 times (x 81B)
Class kotlin.jvm.internal.CallableReference                                           : loaded 3 times (x 102B)
Class com.google.common.math.IntMath                                                  : loaded 3 times (x 67B)
Class kotlin.collections.AbstractList$IteratorImpl                                    : loaded 3 times (x 78B)
Class com.google.common.base.Objects                                                  : loaded 3 times (x 67B)
Class com.google.common.collect.AbstractMapBasedMultimap$Itr                          : loaded 3 times (x 79B)
Class com.google.common.collect.IndexedImmutableSet                                   : loaded 3 times (x 148B)
Class com.google.common.collect.ImmutableMap$1                                        : loaded 3 times (x 77B)
Class com.google.common.base.CommonPattern                                            : loaded 3 times (x 70B)
Class [Lkotlin.sequences.Sequence;                                                    : loaded 3 times (x 65B)
Class kotlin.jvm.internal.MutablePropertyReference1Impl                               : loaded 3 times (x 133B)
Class kotlin.collections.builders.ListBuilderKt                                       : loaded 3 times (x 67B)
Class com.google.common.collect.Maps$EntryTransformer                                 : loaded 3 times (x 66B)
Class kotlin.text.StringsKt__StringNumberConversionsKt                                : loaded 3 times (x 67B)
Class com.google.common.collect.BiMap                                                 : loaded 3 times (x 66B)
Class kotlin.io.FilesKt__FileReadWriteKt                                              : loaded 3 times (x 67B)
Class [Lkotlin.Pair;                                                                  : loaded 3 times (x 65B)
Class kotlin.LazyKt__LazyJVMKt                                                        : loaded 3 times (x 67B)
Class kotlin.coroutines.CoroutineContext$Key                                          : loaded 3 times (x 66B)
Class com.google.common.collect.AbstractIterator                                      : loaded 3 times (x 78B)
Class kotlin.coroutines.jvm.internal.RestrictedContinuationImpl                       : loaded 3 times (x 83B)
Class kotlin.ResultKt                                                                 : loaded 3 times (x 67B)
Class com.google.common.primitives.Ints                                               : loaded 3 times (x 67B)
Class kotlin.text.StringsKt                                                           : loaded 3 times (x 67B)
Class com.google.common.collect.ImmutableAsList                                       : loaded 3 times (x 205B)
Class kotlin.jvm.internal.markers.KMutableSet                                         : loaded 3 times (x 66B)
Class kotlin.collections.IndexingIterable                                             : loaded 3 times (x 75B)
Class com.google.common.collect.Multiset                                              : loaded 3 times (x 66B)
Class com.google.common.collect.ArrayListMultimapGwtSerializationDependencies         : loaded 3 times (x 168B)
Class com.google.common.collect.ObjectArrays                                          : loaded 3 times (x 67B)
Class com.google.common.collect.AbstractIndexedListIterator                           : loaded 3 times (x 92B)
Class kotlin.Result$Failure                                                           : loaded 3 times (x 68B)
Class com.google.common.collect.AbstractMapBasedMultimap                              : loaded 3 times (x 135B)
Class com.google.common.math.MathPreconditions                                        : loaded 3 times (x 67B)
Class kotlin.collections.ArraysKt__ArraysKt                                           : loaded 3 times (x 67B)
Class com.google.common.collect.ImmutableMapEntrySet                                  : loaded 3 times (x 148B)
Class com.google.common.collect.Iterators$9                                           : loaded 3 times (x 77B)
Class com.google.common.base.FunctionalEquivalence                                    : loaded 3 times (x 79B)
Class com.google.common.collect.Lists                                                 : loaded 3 times (x 67B)
Class com.google.common.base.Converter                                                : loaded 3 times (x 86B)
Class kotlin.sequences.SequencesKt                                                    : loaded 3 times (x 67B)
Class kotlin.collections.CollectionsKt__IteratorsKt                                   : loaded 3 times (x 67B)
Class com.google.common.collect.ImmutableSet$CachingAsList                            : loaded 3 times (x 144B)
Class kotlin.collections.SetsKt__SetsJVMKt                                            : loaded 3 times (x 67B)
Class kotlin.KotlinVersionCurrentValue                                                : loaded 3 times (x 67B)
Class kotlin.Function                                                                 : loaded 3 times (x 66B)
Class kotlin.collections.builders.MapBuilder$Itr                                      : loaded 3 times (x 68B)
Class kotlin.KotlinVersion                                                            : loaded 3 times (x 70B)
Class kotlin.collections.IndexedValue                                                 : loaded 3 times (x 68B)
Class com.google.common.collect.ImmutableCollection                                   : loaded 3 times (x 121B)
Class kotlin.collections.CollectionsKt__CollectionsJVMKt                              : loaded 3 times (x 67B)
Class kotlin.io.FilesKt__UtilsKt                                                      : loaded 3 times (x 67B)
Class kotlin.reflect.KMutableProperty                                                 : loaded 3 times (x 66B)
Class kotlin.coroutines.intrinsics.IntrinsicsKt__IntrinsicsKt                         : loaded 3 times (x 67B)
Class kotlin.internal.ProgressionUtilKt                                               : loaded 3 times (x 67B)
Class com.google.common.collect.ImmutableSet$JdkBackedSetBuilderImpl                  : loaded 3 times (x 72B)
Class com.google.common.collect.Iterators$5                                           : loaded 3 times (x 78B)
Class kotlin.SafePublicationLazyImpl                                                  : loaded 3 times (x 72B)
Class com.google.common.collect.ImmutableBiMap                                        : loaded 3 times (x 139B)
Class com.google.common.collect.AbstractListMultimap                                  : loaded 3 times (x 168B)
Class kotlin.jvm.internal.PropertyReference                                           : loaded 3 times (x 111B)
Class com.google.common.collect.Iterators$4                                           : loaded 3 times (x 78B)
Class kotlin.reflect.KProperty$Getter                                                 : loaded 3 times (x 66B)
Class kotlin.UninitializedPropertyAccessException                                     : loaded 3 times (x 78B)
Class com.google.common.collect.ImmutableMap$IteratorBasedImmutableMap                : loaded 3 times (x 122B)
Class com.google.common.collect.SingletonImmutableSet                                 : loaded 3 times (x 142B)
Class kotlin.collections.AbstractMutableSet                                           : loaded 3 times (x 138B)
Class kotlin.Metadata                                                                 : loaded 3 times (x 66B)
Class kotlin.properties.Delegates                                                     : loaded 3 times (x 67B)
Class com.google.common.collect.Iterators$1                                           : loaded 3 times (x 77B)
Class kotlin.collections.IndexingIterator                                             : loaded 3 times (x 75B)
Class com.google.common.collect.ImmutableMap$Builder                                  : loaded 3 times (x 78B)
Class kotlin.jvm.internal.Lambda                                                      : loaded 3 times (x 71B)
Class kotlin.collections.MapsKt__MapsKt                                               : loaded 3 times (x 67B)
Class [Lkotlin.reflect.KDeclarationContainer;                                         : loaded 3 times (x 65B)
Class com.google.common.base.JdkPattern                                               : loaded 3 times (x 71B)
Class kotlin.reflect.KFunction                                                        : loaded 3 times (x 66B)
Class com.google.common.base.NullnessCasts                                            : loaded 3 times (x 67B)
Class com.google.common.collect.ImmutableList$ReverseImmutableList                    : loaded 3 times (x 205B)
Class kotlin.sequences.TakeWhileSequence$iterator$1                                   : loaded 3 times (x 75B)
Class com.google.common.collect.AbstractMapBasedMultimap$WrappedCollection$WrappedIterator: loaded 3 times (x 80B)
Class kotlin.text.StringsKt__IndentKt                                                 : loaded 3 times (x 67B)
Class kotlin.collections.SetsKt                                                       : loaded 3 times (x 67B)
Class com.google.common.collect.SingletonImmutableList                                : loaded 3 times (x 203B)
Class kotlin.text.StringsKt__StringsJVMKt                                             : loaded 3 times (x 67B)
Class [Lkotlin.reflect.KAnnotatedElement;                                             : loaded 3 times (x 65B)
Class kotlin.jvm.internal.TypeIntrinsics                                              : loaded 3 times (x 67B)
Class kotlin.collections.IntIterator                                                  : loaded 3 times (x 78B)
Class com.google.common.base.ExtraObjectsMethodsForWeb                                : loaded 3 times (x 67B)
Class kotlin.annotation.AnnotationTarget                                              : loaded 3 times (x 75B)
Class kotlin.jvm.JvmClassMappingKt                                                    : loaded 3 times (x 67B)
Class kotlin.ranges.ClosedRange                                                       : loaded 3 times (x 66B)
Class com.google.common.collect.Multimap                                              : loaded 3 times (x 66B)
Class kotlin.jvm.internal.Reflection                                                  : loaded 3 times (x 67B)
Class kotlin.reflect.KProperty                                                        : loaded 3 times (x 66B)
Class com.google.common.primitives.IntsMethodsForWeb                                  : loaded 3 times (x 67B)
Class org.jetbrains.kotlin.cli.common.messages.MessageCollector                       : loaded 2 times (x 66B)
Class kotlin.reflect.jvm.internal.KPropertyImpl                                       : loaded 2 times (x 111B)
Class kotlin.reflect.jvm.internal.KClassImpl$Data$$Lambda$4                           : loaded 2 times (x 72B)
Class com.android.sdklib.AndroidApiLevel                                              : loaded 2 times (x 70B)
Class com.android.tools.lint.model.LintModelLintOptions                               : loaded 2 times (x 66B)
Class com.android.prefs.PathLocator$singlePathOf$values$1                             : loaded 2 times (x 75B)
Class com.android.tools.lint.model.PathVariables$Companion$PATH_COMPARATOR$1          : loaded 2 times (x 74B)
Class com.google.common.collect.ImmutableMultimap$Keys                                : loaded 2 times (x 162B)
Class com.google.common.reflect.Invokable$ConstructorInvokable                        : loaded 2 times (x 103B)
Class org.gradle.api.internal.ClassPathRegistry                                       : loaded 2 times (x 66B)
Class org.gradle.internal.classpath.DefaultClassPath$ImmutableUniqueList              : loaded 2 times (x 195B)
Class com.google.common.collect.MapMakerInternalMap$Segment                           : loaded 2 times (x 138B)
Class kotlin.jvm.internal.ShortCompanionObject                                        : loaded 2 times (x 67B)
Class com.google.common.collect.NullnessCasts                                         : loaded 2 times (x 67B)
Class org.gradle.api.internal.DefaultClassPathRegistry                                : loaded 2 times (x 72B)
Class kotlin.reflect.jvm.internal.impl.resolve.jvm.JvmPrimitiveType                   : loaded 2 times (x 75B)
Class kotlin.reflect.jvm.internal.KClassImpl$Data$$Lambda$5                           : loaded 2 times (x 72B)
Class kotlin.reflect.jvm.internal.ComputableClassValue                                : loaded 2 times (x 76B)
Class kotlinx.coroutines.DispatchedTaskKt                                             : loaded 2 times (x 67B)
Class kotlinx.coroutines.internal.SystemPropsKt__SystemProps_commonKt                 : loaded 2 times (x 67B)
Class kotlinx.coroutines.ThreadContextElement                                         : loaded 2 times (x 66B)
Class it.unimi.dsi.fastutil.ints.Int2ObjectOpenHashMap                                : loaded 2 times (x 218B)
Class com.google.common.cache.RemovalListener                                         : loaded 2 times (x 66B)
Class com.android.prefs.PathLocator$singlePathOf$values$2                             : loaded 2 times (x 74B)
Class com.android.tools.lint.model.PathVariables$Companion$PATH_COMPARATOR$2          : loaded 2 times (x 74B)
Class kotlin.reflect.jvm.internal.ReflectProperties$LazySoftVal                       : loaded 2 times (x 74B)
Class jdk.internal.jimage.decompressor.ResourceDecompressor                           : loaded 2 times (x 66B)
Class com.google.common.reflect.TypeToken                                             : loaded 2 times (x 69B)
Class kotlin.time.DurationUnit                                                        : loaded 2 times (x 75B)
Class kotlin.reflect.jvm.internal.KClassImpl$Data$$Lambda$3                           : loaded 2 times (x 72B)
Class com.google.common.io.ByteSink                                                   : loaded 2 times (x 72B)
Class kotlin.reflect.jvm.internal.KClassImpl$Data$$Lambda$6                           : loaded 2 times (x 72B)
Class kotlin.reflect.jvm.internal.impl.builtins.StandardNames                         : loaded 2 times (x 67B)
Class com.android.tools.lint.model.PathVariables$Companion$PATH_COMPARATOR$3          : loaded 2 times (x 74B)
Class [Lkotlin.reflect.jvm.internal.impl.builtins.PrimitiveType;                      : loaded 2 times (x 65B)
Class com.google.common.cache.CacheBuilder                                            : loaded 2 times (x 68B)
Class org.gradle.internal.classpath.ClassPath                                         : loaded 2 times (x 66B)
Class org.gradle.api.UncheckedIOException                                             : loaded 2 times (x 78B)
Class com.google.common.util.concurrent.AbstractFuture$Cancellation                   : loaded 2 times (x 68B)
Class it.unimi.dsi.fastutil.objects.Object2IntMap$FastEntrySet                        : loaded 2 times (x 66B)
Class com.google.common.collect.AbstractMultimap$Entries                              : loaded 2 times (x 116B)
Class kotlin.collections.ArrayDeque                                                   : loaded 2 times (x 203B)
Class kotlin.reflect.jvm.internal.KPackageImpl                                        : loaded 2 times (x 81B)
Class com.google.common.io.Files$FileByteSource                                       : loaded 2 times (x 81B)
Class [Lkotlin.reflect.jvm.internal.impl.name.FqName;                                 : loaded 2 times (x 65B)
Class kotlin.reflect.jvm.internal.KClassImpl$Data$$Lambda$7                           : loaded 2 times (x 72B)
Class [Lcom.android.tools.lint.model.LintModelSerialization$TargetFile;               : loaded 2 times (x 65B)
Class com.android.tools.lint.model.PathVariables$Companion$PATH_COMPARATOR$4          : loaded 2 times (x 74B)
Class com.android.tools.lint.model.LintModelAndroidArtifact                           : loaded 2 times (x 66B)
Class [Lcom.google.common.reflect.Types$JavaVersion;                                  : loaded 2 times (x 65B)
Class kotlin.time.DurationUnitKt__DurationUnitKt                                      : loaded 2 times (x 67B)
Class kotlin.reflect.jvm.internal.KClassImpl$Data$$Lambda$8                           : loaded 2 times (x 72B)
Class kotlin.coroutines.CombinedContext                                               : loaded 2 times (x 74B)
Class [Lkotlinx.coroutines.CoroutineStart;                                            : loaded 2 times (x 65B)
Class kotlinx.coroutines.CoroutineDispatcher$Key                                      : loaded 2 times (x 68B)
Class it.unimi.dsi.fastutil.objects.ObjectIterable                                    : loaded 2 times (x 66B)
Class com.android.tools.lint.model.DefaultLintModelAndroidLibrary                     : loaded 2 times (x 107B)
Class kotlin.reflect.jvm.internal.KClassImpl$Data$$Lambda$2                           : loaded 2 times (x 72B)
Class com.android.sdklib.AndroidApiLevel$Companion                                    : loaded 2 times (x 67B)
Class com.android.prefs.AndroidLocationsProvider                                      : loaded 2 times (x 66B)
Class kotlin.reflect.jvm.internal.KPackageImpl$$Lambda$0                              : loaded 2 times (x 72B)
Class kotlin.jvm.internal.markers.KMutableMap$Entry                                   : loaded 2 times (x 66B)
Class it.unimi.dsi.fastutil.objects.Object2IntOpenHashMap                             : loaded 2 times (x 243B)
Class com.google.common.cache.Cache                                                   : loaded 2 times (x 66B)
Class kotlin.reflect.jvm.internal.KClassImpl$Data$$Lambda$9                           : loaded 2 times (x 72B)
Class jdk.internal.jimage.ImageStringsReader                                          : loaded 2 times (x 76B)
Class com.google.common.base.Suppliers$SupplierOfInstance                             : loaded 2 times (x 75B)
Class com.google.common.cache.LocalCache$Strength                                     : loaded 2 times (x 77B)
Class com.google.common.base.Stopwatch                                                : loaded 2 times (x 68B)
Class jdk.internal.jimage.ImageHeader                                                 : loaded 2 times (x 67B)
Class kotlinx.coroutines.ExecutorCoroutineDispatcher$Key$1                            : loaded 2 times (x 74B)
Class com.android.prefs.AbstractAndroidLocations$Companion                            : loaded 2 times (x 67B)
Class kotlin.text.MatchResult$Destructured                                            : loaded 2 times (x 68B)
Class com.android.prefs.VariableValue                                                 : loaded 2 times (x 80B)
Class org.jetbrains.kotlin.config.ApiVersion                                          : loaded 2 times (x 82B)
Class com.google.devtools.ksp.processing.KSPJvmConfig                                 : loaded 2 times (x 68B)
Class com.google.common.reflect.TypeToken$1                                           : loaded 2 times (x 106B)
Class com.google.common.cache.LocalCache$ComputingValueReference                      : loaded 2 times (x 92B)
Class kotlinx.coroutines.internal.LockFreeTaskQueueCore                               : loaded 2 times (x 68B)
Class jdk.internal.jimage.ImageReader                                                 : loaded 2 times (x 71B)
Class com.google.common.reflect.TypeToken$2                                           : loaded 2 times (x 106B)
Class com.google.common.cache.LocalCache$Segment                                      : loaded 2 times (x 150B)
Class kotlin.time.DurationJvmKt                                                       : loaded 2 times (x 67B)
Class kotlinx.coroutines.JobCancellingNode                                            : loaded 2 times (x 86B)
Class kotlin.reflect.jvm.internal.KClassImpl$Data$$Lambda$1                           : loaded 2 times (x 72B)
Class com.google.common.collect.SortedIterable                                        : loaded 2 times (x 66B)
Class kotlin.sequences.DistinctIterator                                               : loaded 2 times (x 79B)
Class kotlin.reflect.jvm.internal.ReflectProperties                                   : loaded 2 times (x 67B)
Class org.gradle.api.internal.classpath.UnknownModuleException                        : loaded 2 times (x 78B)
Class it.unimi.dsi.fastutil.objects.ObjectIterator                                    : loaded 2 times (x 66B)
Class com.android.tools.lint.model.LintModelSeverity$Companion                        : loaded 2 times (x 67B)
Class jdk.internal.jimage.ImageReader$SharedImageReader                               : loaded 2 times (x 91B)
Class com.google.common.cache.CacheLoader                                             : loaded 2 times (x 70B)
Class org.gradle.internal.installation.GradleInstallation$1                           : loaded 2 times (x 71B)
Class org.gradle.api.internal.classpath.ModuleRegistry                                : loaded 2 times (x 66B)
Class kotlin.jvm.internal.DoubleCompanionObject                                       : loaded 2 times (x 67B)
Class com.google.common.cache.Weigher                                                 : loaded 2 times (x 66B)
Class kotlin.io.FileAlreadyExistsException                                            : loaded 2 times (x 78B)
Class com.android.ide.common.repository.AgpVersion$PreviewKind$Companion              : loaded 2 times (x 67B)
Class com.android.ProgressManagerAdapter                                              : loaded 2 times (x 69B)
Class com.google.common.base.Splitter$SplittingIterator                               : loaded 2 times (x 80B)
Class jdk.internal.jimage.decompressor.ResourceDecompressorFactory                    : loaded 2 times (x 70B)
Class com.google.devtools.ksp.processing.KSPLogger                                    : loaded 2 times (x 66B)
Class com.google.common.util.concurrent.internal.InternalFutureFailureAccess          : loaded 2 times (x 68B)
Class kotlin.time.Duration$Companion                                                  : loaded 2 times (x 67B)
Class com.google.common.collect.HashBiMap$Inverse                                     : loaded 2 times (x 138B)
Class kotlin.reflect.jvm.internal.KDeclarationContainerImpl                           : loaded 2 times (x 80B)
Class kotlinx.coroutines.internal.DispatchedContinuationKt                            : loaded 2 times (x 67B)
Class kotlinx.coroutines.Job$Key                                                      : loaded 2 times (x 67B)
Class kotlinx.coroutines.DefaultExecutor                                              : loaded 2 times (x 116B)
Class kotlin.text.RegexKt                                                             : loaded 2 times (x 67B)
Class com.google.common.base.CharMatcher$ForPredicate                                 : loaded 2 times (x 108B)
Class com.google.common.collect.ImmutableMultimap$Values                              : loaded 2 times (x 122B)
Class com.google.common.cache.LocalCache$LocalManualCache$1                           : loaded 2 times (x 71B)
Class com.google.common.collect.Multimaps$CustomListMultimap                          : loaded 2 times (x 170B)
Class kotlin.reflect.jvm.internal.KClassifierImpl                                     : loaded 2 times (x 66B)
Class kotlin.reflect.jvm.internal.KClassImpl$Data$$Lambda$0                           : loaded 2 times (x 72B)
Class [Lcom.android.prefs.Global;                                                     : loaded 2 times (x 65B)
Class com.google.common.base.CharMatcher$AnyOf                                        : loaded 2 times (x 108B)
Class it.unimi.dsi.fastutil.ints.IntOpenHashSet                                       : loaded 2 times (x 235B)
Class jdk.internal.jimage.ImageReader$Node                                            : loaded 2 times (x 80B)
Class com.google.common.collect.Multimaps$CustomSetMultimap                           : loaded 2 times (x 174B)
Class org.gradle.api.internal.classpath.DefaultModuleRegistry                         : loaded 2 times (x 82B)
Class com.google.common.collect.AbstractMultimap$Values                               : loaded 2 times (x 114B)
Class kotlin.collections.AbstractMutableMap                                           : loaded 2 times (x 124B)
Class org.gradle.api.internal.classpath.Module                                        : loaded 2 times (x 66B)
Class com.android.tools.lint.model.LintModelMavenName$Companion                       : loaded 2 times (x 67B)
Class kotlin.reflect.jvm.internal.impl.name.SpecialNames                              : loaded 2 times (x 67B)
Class kotlin.reflect.jvm.internal.impl.builtins.functions.FunctionTypeKind$KFunction  : loaded 2 times (x 68B)
Class kotlinx.coroutines.EventLoop                                                    : loaded 2 times (x 101B)
Class kotlin.collections.AbstractSet                                                  : loaded 2 times (x 131B)
Class com.android.tools.lint.model.DefaultLintModelVariant$artifact$2                 : loaded 2 times (x 75B)
Class it.unimi.dsi.fastutil.ints.Int2ObjectMap$FastEntrySet                           : loaded 2 times (x 66B)
Class kotlinx.coroutines.Job                                                          : loaded 2 times (x 66B)
Class kotlin.reflect.jvm.internal.KotlinReflectionInternalError                       : loaded 2 times (x 78B)
Class kotlin.reflect.jvm.internal.impl.builtins.jvm.JavaToKotlinClassMap              : loaded 2 times (x 67B)
Class jdk.internal.jimage.BasicImageReader$1                                          : loaded 2 times (x 73B)
Class com.google.common.util.concurrent.ListenableFuture                              : loaded 2 times (x 66B)
Class com.google.common.cache.ReferenceEntry                                          : loaded 2 times (x 66B)
Class kotlin.properties.NotNullVar                                                    : loaded 2 times (x 75B)
Class it.unimi.dsi.fastutil.objects.ObjectBidirectionalIterator                       : loaded 2 times (x 66B)
Class it.unimi.dsi.fastutil.ints.IntArrays$ForkJoinQuickSort2                         : loaded 2 times (x 92B)
Class kotlinx.coroutines.ExecutorCoroutineDispatcher                                  : loaded 2 times (x 103B)
Class com.google.common.reflect.Reflection                                            : loaded 2 times (x 67B)
Class com.android.ide.common.repository.AgpVersion                                    : loaded 2 times (x 71B)
Class com.android.tools.lint.model.LintModelSerialization                             : loaded 2 times (x 72B)
Class com.android.tools.lint.model.DefaultLintModelDependencies                       : loaded 2 times (x 75B)
Class com.google.common.util.concurrent.AbstractFuture                                : loaded 2 times (x 102B)
Class kotlin.reflect.jvm.internal.ClassValueCache                                     : loaded 2 times (x 70B)
Class com.google.common.collect.MapMakerInternalMap$WeakKeyStrongValueEntry           : loaded 2 times (x 86B)
Class androidx.navigation.lint.BaseWrongStartDestinationTypeDetectorKt                : loaded 2 times (x 67B)
Class kotlin.io.FileTreeWalk$FileTreeWalkIterator$SingleFileState                     : loaded 2 times (x 70B)
Class com.google.common.collect.ImmutableMultiset                                     : loaded 2 times (x 159B)
Class com.google.common.reflect.TypeResolver$TypeTable                                : loaded 2 times (x 69B)
Class com.google.common.cache.CacheLoader$SupplierToCacheLoader                       : loaded 2 times (x 71B)
Class kotlin.jvm.internal.markers.KMutableList                                        : loaded 2 times (x 66B)
Class org.jetbrains.kotlin.cli.common.CompilerSystemProperties$value$1                : loaded 2 times (x 121B)
Class kotlinx.coroutines.ChildJob                                                     : loaded 2 times (x 66B)
Class kotlinx.coroutines.scheduling.TasksKt                                           : loaded 2 times (x 67B)
Class kotlinx.coroutines.internal.SystemPropsKt__SystemPropsKt                        : loaded 2 times (x 67B)
Class org.gradle.api.internal.classpath.DefaultModuleRegistry$DefaultModule           : loaded 2 times (x 82B)
Class jdk.internal.jimage.ImageBufferCache$2                                          : loaded 2 times (x 87B)
Class kotlin.text.MatchNamedGroupCollection                                           : loaded 2 times (x 66B)
Class com.android.tools.lint.model.LintModelDependencyGraph                           : loaded 2 times (x 66B)
Class kotlinx.coroutines.JobSupport                                                   : loaded 2 times (x 128B)
Class jdk.internal.jimage.decompressor.Decompressor                                   : loaded 2 times (x 68B)
Class jdk.internal.jimage.ImageReader$Resource                                        : loaded 2 times (x 80B)
Class com.google.common.reflect.TypeResolver$TypeTable$1                              : loaded 2 times (x 69B)
Class org.gradle.internal.service.ServiceLookupException                              : loaded 2 times (x 78B)
Class [Lcom.android.resources.ResourceEnum;                                           : loaded 2 times (x 65B)
Class com.google.common.collect.ImmutableSortedSet                                    : loaded 2 times (x 296B)
Class kotlin.coroutines.ContinuationKt                                                : loaded 2 times (x 67B)
Class kotlinx.coroutines.ChildHandleNode                                              : loaded 2 times (x 90B)
Class kotlinx.coroutines.scheduling.SchedulerCoroutineDispatcher                      : loaded 2 times (x 108B)
Class org.jetbrains.kotlin.cli.common.CompilerSystemProperties$value$2                : loaded 2 times (x 121B)
Class it.unimi.dsi.fastutil.objects.ObjectOpenHashSet                                 : loaded 2 times (x 183B)
Class com.android.tools.lint.model.LintModelBuildFeatures                             : loaded 2 times (x 66B)
Class jdk.internal.jrtfs.JrtFileAttributes                                            : loaded 2 times (x 79B)
Class [Lcom.google.common.cache.LocalCache$EntryFactory;                              : loaded 2 times (x 65B)
Class org.gradle.internal.classloader.ClassLoaderFactory                              : loaded 2 times (x 66B)
Class kotlin.jvm.internal.EnumCompanionObject                                         : loaded 2 times (x 67B)
Class kotlin.reflect.jvm.internal.impl.builtins.PrimitiveType                         : loaded 2 times (x 75B)
Class kotlinx.coroutines.CompletionHandlerBase                                        : loaded 2 times (x 76B)
Class com.google.common.base.CharMatcher$IsNot                                        : loaded 2 times (x 107B)
Class kotlin.reflect.jvm.internal.impl.builtins.StandardNames$FqNames                 : loaded 2 times (x 67B)
Class com.google.common.cache.LocalCache$LocalManualCache                             : loaded 2 times (x 95B)
Class org.gradle.internal.service.CachingServiceLocator                               : loaded 2 times (x 78B)
Class kotlin.collections.AbstractMap                                                  : loaded 2 times (x 118B)
Class com.google.common.collect.RegularImmutableSortedSet                             : loaded 2 times (x 296B)
Class it.unimi.dsi.fastutil.ints.IntListIterator                                      : loaded 2 times (x 66B)
Class it.unimi.dsi.fastutil.objects.AbstractObjectCollection                          : loaded 2 times (x 139B)
Class org.gradle.internal.classloader.ClasspathUtil$1                                 : loaded 2 times (x 72B)
Class com.google.common.cache.CacheLoader$UnsupportedLoadingOperationException        : loaded 2 times (x 78B)
Class kotlin.collections.AbstractList$SubList                                         : loaded 2 times (x 194B)
Class jdk.internal.jimage.ImageBufferCache$1                                          : loaded 2 times (x 79B)
Class com.google.common.collect.MapMakerInternalMap$InternalEntry                     : loaded 2 times (x 66B)
Class [Lcom.google.common.collect.HashBiMap$BiEntry;                                  : loaded 2 times (x 65B)
Class com.google.common.base.CharMatcher$And                                          : loaded 2 times (x 108B)
Class com.android.tools.lint.model.PathVariables$Companion                            : loaded 2 times (x 67B)
Class kotlin.reflect.jvm.internal.impl.descriptors.runtime.structure.ReflectClassUtilKt: loaded 2 times (x 67B)
Class [Lcom.android.prefs.VariableValue;                                              : loaded 2 times (x 65B)
Class kotlinx.coroutines.BlockingEventLoop                                            : loaded 2 times (x 113B)
Class kotlin.coroutines.AbstractCoroutineContextElement                               : loaded 2 times (x 85B)
Class kotlinx.coroutines.ThreadLocalEventLoop                                         : loaded 2 times (x 67B)
Class com.android.tools.lint.model.LintModelSourceProvider                            : loaded 2 times (x 66B)
Class com.google.common.reflect.Types$TypeVariableInvocationHandler                   : loaded 2 times (x 71B)
Class kotlin.sequences.DropWhileSequence                                              : loaded 2 times (x 71B)
Class com.android.ide.common.gradle.Separator                                         : loaded 2 times (x 75B)
Class it.unimi.dsi.fastutil.ints.Int2ObjectFunction                                   : loaded 2 times (x 66B)
Class kotlinx.coroutines.CompletionStateKt                                            : loaded 2 times (x 67B)
Class com.android.prefs.LocationValue                                                 : loaded 2 times (x 66B)
Class kotlin.collections.builders.SetBuilder$Companion                                : loaded 2 times (x 67B)
Class kotlin.reflect.jvm.internal.ReflectionFactoryImpl                               : loaded 2 times (x 87B)
Class com.google.common.collect.ImmutableMultimap                                     : loaded 2 times (x 143B)
Class com.google.common.collect.IndexedImmutableSet$1                                 : loaded 2 times (x 209B)
Class it.unimi.dsi.fastutil.ints.IntArraySet                                          : loaded 2 times (x 231B)
Class kotlin.jvm.internal.markers.KMutableListIterator                                : loaded 2 times (x 66B)
Class kotlinx.coroutines.CoroutineDispatcher$Key$1                                    : loaded 2 times (x 74B)
Class kotlinx.coroutines.CoroutineDispatcher                                          : loaded 2 times (x 95B)
Class [Lorg.jetbrains.kotlin.cli.common.CompilerSystemProperties;                     : loaded 2 times (x 65B)
Class com.google.gson.JsonParseException                                              : loaded 2 times (x 78B)
Class com.android.tools.lint.model.DefaultLintModelJavaLibrary                        : loaded 2 times (x 99B)
Class com.android.prefs.PathLocator                                                   : loaded 2 times (x 69B)
Class com.google.common.cache.CacheBuilder$OneWeigher                                 : loaded 2 times (x 78B)
Class com.android.builder.model.MavenCoordinates                                      : loaded 2 times (x 66B)
Class kotlin.reflect.jvm.internal.KDeclarationContainerImpl$Companion                 : loaded 2 times (x 67B)
Class com.android.Version                                                             : loaded 2 times (x 67B)
Class com.android.sdklib.AndroidVersion                                               : loaded 2 times (x 71B)
Class com.android.tools.lint.model.LintModelLibraryResolver                           : loaded 2 times (x 66B)
Class kotlin.text.MatchResult$DefaultImpls                                            : loaded 2 times (x 67B)
Class com.android.tools.lint.model.LintModelSerialization$LintModelSerializationAdapter: loaded 2 times (x 66B)
Class jdk.internal.jimage.ImageBufferCache                                            : loaded 2 times (x 67B)
Class jdk.internal.jrtfs.JrtPath                                                      : loaded 2 times (x 114B)
Class com.google.common.reflect.Types$ClassOwnership$1LocalClass                      : loaded 2 times (x 67B)
Class org.gradle.internal.classloader.ClasspathUtil                                   : loaded 2 times (x 67B)
Class kotlin.time.DurationUnitKt__DurationUnitJvmKt                                   : loaded 2 times (x 67B)
Class kotlin.collections.builders.SetBuilder                                          : loaded 2 times (x 139B)
Class kotlinx.coroutines.NonDisposableHandle                                          : loaded 2 times (x 74B)
Class it.unimi.dsi.fastutil.Hash                                                      : loaded 2 times (x 66B)
Class com.google.common.collect.ImmutableBiMap$Builder                                : loaded 2 times (x 78B)
Class kotlin.io.FileSystemException                                                   : loaded 2 times (x 78B)
Class com.google.common.util.concurrent.Uninterruptibles                              : loaded 2 times (x 67B)
Class kotlin.sequences.DistinctSequence                                               : loaded 2 times (x 71B)
Class kotlin.reflect.jvm.internal.impl.builtins.functions.FunctionTypeKind$KSuspendFunction: loaded 2 times (x 68B)
Class kotlin.reflect.jvm.internal.KClassImpl$$Lambda$0                                : loaded 2 times (x 72B)
Class org.gradle.internal.InternalTransformer                                         : loaded 2 times (x 66B)
Class kotlin.reflect.full.IllegalCallableAccessException                              : loaded 2 times (x 78B)
Class com.android.tools.lint.model.LintModelModuleLoader                              : loaded 2 times (x 66B)
Class it.unimi.dsi.fastutil.ints.IntList                                              : loaded 2 times (x 66B)
Class com.android.tools.lint.model.LintModelNamespacingMode                           : loaded 2 times (x 75B)
Class kotlin.collections.builders.MapBuilder$EntriesItr                               : loaded 2 times (x 77B)
Class com.google.common.collect.AbstractMapBasedMultimap$WrappedSet                   : loaded 2 times (x 138B)
Class com.google.common.util.concurrent.LazyLogger                                    : loaded 2 times (x 68B)
Class org.gradle.api.specs.Spec                                                       : loaded 2 times (x 66B)
Class com.google.common.collect.MapMaker                                              : loaded 2 times (x 68B)
Class com.google.common.util.concurrent.UncheckedExecutionException                   : loaded 2 times (x 78B)
Class kotlin.reflect.jvm.internal.CachesKt$$Lambda$0                                  : loaded 2 times (x 71B)
Class jdk.internal.jrtfs.JrtDirectoryStream$1                                         : loaded 2 times (x 79B)
Class kotlin.jvm.internal.PropertyReference2                                          : loaded 2 times (x 123B)
Class jdk.internal.jimage.ImageLocation                                               : loaded 2 times (x 86B)
Class com.android.tools.lint.model.DefaultLintModelLibraryResolver                    : loaded 2 times (x 72B)
Class com.android.tools.lint.model.LintModelExternalLibrary                           : loaded 2 times (x 66B)
Class jdk.internal.jimage.ImageReader$SharedImageReader$LocationVisitor               : loaded 2 times (x 66B)
Class com.google.common.reflect.Types$JavaVersion                                     : loaded 2 times (x 79B)
Class [Lkotlin.reflect.jvm.internal.impl.builtins.jvm.JavaToKotlinClassMap$PlatformMutabilityMapping;: loaded 2 times (x 65B)
Class kotlin.reflect.jvm.internal.CachesKt$$Lambda$1                                  : loaded 2 times (x 71B)
Class kotlin.reflect.full.IllegalPropertyDelegateAccessException                      : loaded 2 times (x 78B)
Class it.unimi.dsi.fastutil.Function                                                  : loaded 2 times (x 66B)
Class kotlinx.coroutines.CoroutineContextKt                                           : loaded 2 times (x 67B)
Class it.unimi.dsi.fastutil.HashCommon                                                : loaded 2 times (x 67B)
Class com.android.tools.lint.model.LintModelVariant                                   : loaded 2 times (x 66B)
Class kotlin.reflect.jvm.internal.impl.builtins.functions.FunctionTypeKind$SuspendFunction: loaded 2 times (x 68B)
Class com.google.common.cache.LocalCache$LoadingValueReference                        : loaded 2 times (x 92B)
Class kotlin.reflect.jvm.internal.KMutableProperty1Impl                               : loaded 2 times (x 131B)
Class kotlin.reflect.jvm.internal.CachesKt$$Lambda$2                                  : loaded 2 times (x 71B)
Class kotlinx.coroutines.internal.DispatchedContinuation                              : loaded 2 times (x 86B)
Class kotlinx.coroutines.internal.Symbol                                              : loaded 2 times (x 68B)
Class com.android.resources.Density                                                   : loaded 2 times (x 88B)
Class kotlin.collections.MutableMapWithDefault                                        : loaded 2 times (x 66B)
Class kotlin.jvm.internal.IntCompanionObject                                          : loaded 2 times (x 67B)
Class [Lcom.android.tools.lint.model.LintModelArtifactType;                           : loaded 2 times (x 65B)
Class com.android.tools.lint.model.LintModelMavenName                                 : loaded 2 times (x 66B)
Class com.google.common.util.concurrent.AbstractFuture$Trusted                        : loaded 2 times (x 66B)
Class jdk.internal.jimage.decompressor.ResourceDecompressorRepository                 : loaded 2 times (x 67B)
Class com.google.common.collect.Multimaps$Entries                                     : loaded 2 times (x 114B)
Class com.google.common.reflect.Invokable$MethodInvokable                             : loaded 2 times (x 103B)
Class androidx.navigation.lint.BaseWrongStartDestinationTypeDetector                  : loaded 2 times (x 168B)
Class kotlin.jvm.internal.CharCompanionObject                                         : loaded 2 times (x 67B)
Class kotlin.collections.AbstractList$ListIteratorImpl                                : loaded 2 times (x 95B)
Class com.google.common.collect.AbstractMapBasedMultimap$WrappedList                  : loaded 2 times (x 201B)
Class kotlin.reflect.jvm.internal.KMutableProperty1Impl$$Lambda$0                     : loaded 2 times (x 72B)
Class com.android.io.CancellableFileIo                                                : loaded 2 times (x 67B)
Class kotlin.reflect.jvm.internal.CachesKt$$Lambda$3                                  : loaded 2 times (x 71B)
Class com.android.tools.lint.model.LintModelLibrary                                   : loaded 2 times (x 66B)
Class com.android.tools.lint.model.LintModelSeverity                                  : loaded 2 times (x 75B)
Class org.jetbrains.kotlin.cli.common.messages.MessageCollector$Companion             : loaded 2 times (x 67B)
Class com.google.common.collect.Range                                                 : loaded 2 times (x 83B)
Class kotlin.io.TerminateException                                                    : loaded 2 times (x 78B)
Class jdk.internal.jimage.ImageReader$Directory                                       : loaded 2 times (x 80B)
Class kotlin.io.FilePathComponents                                                    : loaded 2 times (x 68B)
Class com.google.devtools.ksp.processing.KspGradleLogger$Companion                    : loaded 2 times (x 67B)
Class kotlin.collections.MutableMapWithDefaultImpl                                    : loaded 2 times (x 140B)
Class kotlinx.coroutines.internal.LimitedDispatcherKt                                 : loaded 2 times (x 67B)
Class com.google.common.collect.ImmutableRangeSet$Builder                             : loaded 2 times (x 73B)
Class kotlin.reflect.jvm.internal.CacheByClass                                        : loaded 2 times (x 69B)
Class kotlin.reflect.jvm.internal.impl.utils.CollectionsKt                            : loaded 2 times (x 67B)
Class kotlin.reflect.jvm.internal.CachesKt$$Lambda$4                                  : loaded 2 times (x 71B)
Class kotlinx.coroutines.EventLoopKt                                                  : loaded 2 times (x 67B)
Class it.unimi.dsi.fastutil.ints.IntSpliterator                                       : loaded 2 times (x 66B)
Class com.google.common.collect.ImmutableRangeSet$1                                   : loaded 2 times (x 206B)
Class [Lcom.android.resources.Density;                                                : loaded 2 times (x 65B)
Class com.android.utils.EnvironmentProvider                                           : loaded 2 times (x 66B)
Class it.unimi.dsi.fastutil.objects.Object2IntFunction                                : loaded 2 times (x 66B)
Class com.google.common.cache.LocalCache$2                                            : loaded 2 times (x 138B)
Class com.google.common.cache.LocalCache$StrongValueReference                         : loaded 2 times (x 86B)
Class com.google.common.collect.RegularImmutableBiMap$Inverse                         : loaded 2 times (x 139B)
Class org.objectweb.asm.Type                                                          : loaded 2 times (x 68B)
Class it.unimi.dsi.fastutil.ints.AbstractIntSet                                       : loaded 2 times (x 229B)
Class com.google.common.graph.SuccessorsFunction                                      : loaded 2 times (x 66B)
Class com.google.common.collect.AbstractSetMultimap                                   : loaded 2 times (x 170B)
Class com.google.common.reflect.TypeToken$SimpleTypeToken                             : loaded 2 times (x 69B)
Class com.android.tools.lint.model.LintModelDependency                                : loaded 2 times (x 66B)
Class org.gradle.internal.classloader.VisitableURLClassLoader$InstrumentingVisitableURLClassLoader: loaded 2 times (x 119B)
Class kotlin.collections.ReversedListReadOnly$listIterator$1                          : loaded 2 times (x 86B)
Class com.google.common.collect.MapMakerInternalMap$AbstractWeakKeyEntry              : loaded 2 times (x 83B)
Class com.google.common.io.Files$FileByteSink                                         : loaded 2 times (x 73B)
Class [Lkotlin.reflect.jvm.internal.impl.resolve.jvm.JvmPrimitiveType;                : loaded 2 times (x 65B)
Class kotlinx.coroutines.scheduling.GlobalQueue                                       : loaded 2 times (x 68B)
Class kotlinx.coroutines.Job$DefaultImpls                                             : loaded 2 times (x 67B)
Class kotlin.coroutines.CoroutineContext$Element$DefaultImpls                         : loaded 2 times (x 67B)
Class com.google.common.cache.LocalCache$1                                            : loaded 2 times (x 85B)
Class jdk.internal.jrtfs.JrtFileSystemProvider                                        : loaded 2 times (x 97B)
Class [Lkotlin.Function;                                                              : loaded 2 times (x 65B)
Class com.android.tools.lint.model.LintModelArtifactType                              : loaded 2 times (x 75B)
Class com.android.tools.lint.model.LintModelModuleType                                : loaded 2 times (x 75B)
Class com.google.common.collect.HashBiMap$BiEntry                                     : loaded 2 times (x 79B)
Class org.gradle.internal.service.ServiceLocator                                      : loaded 2 times (x 66B)
Class [Lcom.google.common.cache.CacheBuilder$NullListener;                            : loaded 2 times (x 65B)
Class org.gradle.internal.classloader.VisitableURLClassLoader$Spec                    : loaded 2 times (x 70B)
Class org.gradle.internal.classpath.DefaultClassPath                                  : loaded 2 times (x 86B)
Class it.unimi.dsi.fastutil.ints.IntArrays                                            : loaded 2 times (x 67B)
Class it.unimi.dsi.fastutil.ints.IntCollection                                        : loaded 2 times (x 66B)
Class kotlinx.coroutines.BuildersKt__BuildersKt                                       : loaded 2 times (x 67B)
Class it.unimi.dsi.fastutil.Hash$Strategy                                             : loaded 2 times (x 66B)
Class kotlin.text.MatchGroup                                                          : loaded 2 times (x 68B)
Class kotlinx.coroutines.scheduling.NanoTimeSource                                    : loaded 2 times (x 68B)
Class com.android.tools.lint.model.LintModelDependencies                              : loaded 2 times (x 66B)
Class [Lorg.objectweb.asm.Type;                                                       : loaded 2 times (x 65B)
Class kotlin.jvm.internal.BooleanCompanionObject                                      : loaded 2 times (x 67B)
Class com.google.common.reflect.TypeResolver$TypeVariableKey                          : loaded 2 times (x 68B)
Class com.google.common.base.AbstractIterator                                         : loaded 2 times (x 76B)
Class jdk.internal.jimage.decompressor.ZipDecompressorFactory                         : loaded 2 times (x 70B)
Class com.google.devtools.ksp.processing.KspGradleLogger                              : loaded 2 times (x 75B)
Class com.google.common.reflect.Types$ClassOwnership                                  : loaded 2 times (x 76B)
Class com.google.common.collect.BaseImmutableMultimap                                 : loaded 2 times (x 119B)
Class com.google.common.collect.EmptyImmutableListMultimap                            : loaded 2 times (x 172B)
Class org.jetbrains.kotlin.config.ApiVersion$Companion                                : loaded 2 times (x 67B)
Class jdk.internal.jrtfs.SystemImage$2                                                : loaded 2 times (x 72B)
Class com.google.common.base.CharMatcher$BitSetMatcher                                : loaded 2 times (x 108B)
Class kotlinx.coroutines.scheduling.CoroutineScheduler$Companion                      : loaded 2 times (x 67B)
Class org.gradle.internal.classloader.ClassLoaderSpec                                 : loaded 2 times (x 67B)
Class kotlin.jvm.internal.LongCompanionObject                                         : loaded 2 times (x 67B)
Class com.google.common.collect.AbstractMapBasedMultimap$1                            : loaded 2 times (x 80B)
Class kotlin.collections.ReversedListReadOnly                                         : loaded 2 times (x 194B)
Class it.unimi.dsi.fastutil.ints.IntArrays$ForkJoinQuickSortComp                      : loaded 2 times (x 92B)
Class kotlin.reflect.jvm.internal.ReflectProperties$Val$1                             : loaded 2 times (x 67B)
Class kotlin.reflect.jvm.internal.impl.name.StandardClassIdsKt                        : loaded 2 times (x 67B)
Class com.android.tools.lint.model.LintModelSerialization$LintModelSerializationFileAdapter: loaded 2 times (x 85B)
Class kotlin.reflect.jvm.internal.impl.name.FqNamesUtilKt                             : loaded 2 times (x 67B)
Class com.android.prefs.VariableType                                                  : loaded 2 times (x 75B)
Class kotlin.collections.builders.ListBuilder                                         : loaded 2 times (x 203B)
Class com.google.common.cache.CacheStats                                              : loaded 2 times (x 67B)
Class it.unimi.dsi.fastutil.objects.AbstractObject2IntMap                             : loaded 2 times (x 235B)
Class com.google.common.collect.MapMakerInternalMap$WeakKeyStrongValueEntry$LinkedWeakKeyStrongValueEntry: loaded 2 times (x 86B)
Class kotlin.time.DurationKt                                                          : loaded 2 times (x 67B)
Class kotlin.collections.builders.ListBuilder$Companion                               : loaded 2 times (x 67B)
Class com.google.common.io.LineProcessor                                              : loaded 2 times (x 66B)
Class kotlinx.coroutines.scheduling.CoroutineScheduler$Worker                         : loaded 2 times (x 106B)
Class com.google.common.collect.ImmutableMapEntry$NonTerminalImmutableBiMapEntry      : loaded 2 times (x 81B)
Class kotlinx.coroutines.CoroutineStart$WhenMappings                                  : loaded 2 times (x 67B)
Class kotlin.collections.builders.AbstractMapBuilderEntrySet                          : loaded 2 times (x 140B)
Class com.google.common.cache.CacheLoader$FunctionToCacheLoader                       : loaded 2 times (x 71B)
Class com.google.common.reflect.Types$ParameterizedTypeImpl                           : loaded 2 times (x 77B)
Class com.google.common.collect.ImmutableListMultimap                                 : loaded 2 times (x 172B)
Class com.android.tools.lint.model.PathVariables                                      : loaded 2 times (x 68B)
Class com.google.common.base.CharMatcher$Or                                           : loaded 2 times (x 108B)
Class com.google.common.collect.AbstractMapBasedMultimap$2                            : loaded 2 times (x 81B)
Class com.google.common.collect.ImmutableMultisetGwtSerializationDependencies         : loaded 2 times (x 121B)
Class com.google.common.util.concurrent.AbstractFuture$Listener                       : loaded 2 times (x 68B)
Class jdk.internal.jrtfs.SystemImage$1                                                : loaded 2 times (x 74B)
Class [Lorg.objectweb.asm.Label;                                                      : loaded 2 times (x 65B)
Class com.android.tools.lint.model.DefaultLintModelArtifact                           : loaded 2 times (x 80B)
Class kotlin.collections.AbstractSet$Companion                                        : loaded 2 times (x 67B)
Class com.android.ide.common.gradle.Version$Companion$ParseState                      : loaded 2 times (x 66B)
Class it.unimi.dsi.fastutil.objects.ReferenceCollection                               : loaded 2 times (x 66B)
Class org.gradle.internal.classloader.VisitableURLClassLoader                         : loaded 2 times (x 113B)
Class kotlinx.coroutines.DisposableHandle                                             : loaded 2 times (x 66B)
Class it.unimi.dsi.fastutil.objects.Object2IntMap                                     : loaded 2 times (x 66B)
Class kotlin.reflect.jvm.internal.impl.name.StandardClassIds                          : loaded 2 times (x 67B)
Class kotlin.reflect.jvm.internal.KClassImpl                                          : loaded 2 times (x 111B)
Class com.google.common.collect.ImmutableRangeSet$AsSet                               : loaded 2 times (x 296B)
Class org.gradle.internal.classloader.InstrumentingClassLoader                        : loaded 2 times (x 66B)
Class com.android.ide.common.repository.AgpVersion$Companion                          : loaded 2 times (x 67B)
Class org.gradle.internal.classpath.TransformedClassPath                              : loaded 2 times (x 92B)
Class com.android.prefs.AbstractAndroidLocations                                      : loaded 2 times (x 78B)
Class com.google.common.collect.ImmutableList$SerializedForm                          : loaded 2 times (x 69B)
Class org.gradle.internal.Cast                                                        : loaded 2 times (x 67B)
Class org.gradle.api.Action                                                           : loaded 2 times (x 66B)
Class com.google.common.cache.CacheBuilder$NullListener                               : loaded 2 times (x 78B)
Class com.google.common.collect.MapMakerInternalMap                                   : loaded 2 times (x 157B)
Class com.google.common.collect.HashBiMap                                             : loaded 2 times (x 139B)
Class it.unimi.dsi.fastutil.ints.IntArrays$ArrayHashStrategy                          : loaded 2 times (x 71B)
Class kotlin.collections.AbstractMutableList                                          : loaded 2 times (x 202B)
Class kotlin.reflect.jvm.internal.impl.name.ClassId$Companion                         : loaded 2 times (x 67B)
Class kotlinx.coroutines.CompletedExceptionally                                       : loaded 2 times (x 68B)
Class kotlin.coroutines.AbstractCoroutineContextKey                                   : loaded 2 times (x 68B)
Class org.jetbrains.kotlin.cli.common.messages.GradleStyleMessageRenderer             : loaded 2 times (x 74B)
Class com.android.ide.common.gradle.Version$Companion                                 : loaded 2 times (x 67B)
Class com.google.common.reflect.Invokable                                             : loaded 2 times (x 99B)
Class com.android.tools.lint.model.DefaultLintModelMavenName                          : loaded 2 times (x 83B)
Class kotlin.reflect.jvm.internal.impl.builtins.functions.FunctionTypeKind            : loaded 2 times (x 68B)
Class com.google.common.base.CharMatcher$FastMatcher                                  : loaded 2 times (x 107B)
Class com.google.common.collect.MapMakerInternalMap$WeakKeyStrongValueEntry$Helper    : loaded 2 times (x 75B)
Class jdk.internal.jimage.decompressor.ZipDecompressor                                : loaded 2 times (x 71B)
Class com.google.common.base.Ticker                                                   : loaded 2 times (x 68B)
Class com.google.common.cache.LocalCache$Strength$3                                   : loaded 2 times (x 77B)
Class kotlin.reflect.jvm.internal.KClassImpl$Data$$Lambda$10                          : loaded 2 times (x 72B)
Class kotlin.reflect.jvm.internal.KDeclarationContainerImpl$Data$$Lambda$0            : loaded 2 times (x 72B)
Class com.android.SdkConstants                                                        : loaded 2 times (x 67B)
Class com.google.common.base.Splitter$1                                               : loaded 2 times (x 73B)
Class com.android.tools.lint.model.LintModelSerialization$TargetFile                  : loaded 2 times (x 75B)
Class [Lcom.android.tools.lint.model.LintModelNamespacingMode;                        : loaded 2 times (x 65B)
Class com.android.tools.lint.model.LintModelModuleLibrary                             : loaded 2 times (x 66B)
Class com.google.devtools.ksp.processing.KSPConfig                                    : loaded 2 times (x 68B)
Class [Lcom.google.common.cache.LocalCache$Segment;                                   : loaded 2 times (x 65B)
Class [Lcom.google.common.cache.LocalCache$Strength;                                  : loaded 2 times (x 65B)
Class com.google.common.cache.CacheBuilder$1                                          : loaded 2 times (x 81B)
Class org.gradle.internal.classpath.DefaultClassPath$ImmutableUniqueList$Builder      : loaded 2 times (x 71B)
Class com.google.common.collect.MapMakerInternalMap$WeakValueReference                : loaded 2 times (x 66B)
Class com.google.common.collect.AbstractRangeSet                                      : loaded 2 times (x 110B)
Class kotlin.reflect.jvm.internal.KClassImpl$Data$$Lambda$11                          : loaded 2 times (x 72B)
Class kotlin.reflect.jvm.internal.KDeclarationContainerImpl$Data                      : loaded 2 times (x 68B)
Class kotlinx.coroutines.scheduling.DefaultIoScheduler                                : loaded 2 times (x 109B)
Class kotlinx.coroutines.CoroutineStart                                               : loaded 2 times (x 75B)
Class kotlinx.coroutines.scheduling.UnlimitedIoScheduler                              : loaded 2 times (x 98B)
Class kotlinx.coroutines.DispatchedTask                                               : loaded 2 times (x 77B)
Class [Lcom.android.prefs.LocationValue;                                              : loaded 2 times (x 65B)
Class com.google.common.base.CharMatcher$NegatedFastMatcher                           : loaded 2 times (x 109B)
Class kotlin.io.FileTreeWalk$WalkState                                                : loaded 2 times (x 69B)
Class com.google.common.cache.LocalCache                                              : loaded 2 times (x 183B)
Class com.google.common.cache.CacheBuilder$2                                          : loaded 2 times (x 75B)
Class it.unimi.dsi.fastutil.objects.AbstractObject2IntFunction                        : loaded 2 times (x 115B)
Class it.unimi.dsi.fastutil.ints.IntIterator                                          : loaded 2 times (x 66B)
Class org.objectweb.asm.Handle                                                        : loaded 2 times (x 68B)
Class com.google.common.collect.TransformedIterator                                   : loaded 2 times (x 76B)
Class com.google.common.cache.LocalCache$Strength$2                                   : loaded 2 times (x 77B)
Class kotlin.reflect.jvm.internal.impl.builtins.PrimitiveType$Companion               : loaded 2 times (x 67B)
Class com.google.common.util.concurrent.SettableFuture                                : loaded 2 times (x 110B)
Class kotlin.reflect.jvm.internal.KClassImpl$Data$$Lambda$12                          : loaded 2 times (x 72B)
Class kotlin.reflect.jvm.internal.KClassImpl$Data                                     : loaded 2 times (x 68B)
Class kotlinx.coroutines.CoroutineId                                                  : loaded 2 times (x 89B)
Class kotlinx.coroutines.EventLoopImplBase                                            : loaded 2 times (x 113B)
Class com.google.common.reflect.Types$ClassOwnership$3                                : loaded 2 times (x 67B)
Class kotlinx.coroutines.internal.SystemPropsKt                                       : loaded 2 times (x 67B)
Class com.google.common.cache.CacheBuilder$3                                          : loaded 2 times (x 68B)
Class org.gradle.api.GradleException                                                  : loaded 2 times (x 78B)
Class kotlin.collections.AbstractMap$Companion                                        : loaded 2 times (x 67B)
Class it.unimi.dsi.fastutil.objects.ObjectSpliterator                                 : loaded 2 times (x 66B)
Class kotlin.collections.builders.MapBuilderEntries                                   : loaded 2 times (x 141B)
Class kotlin.reflect.jvm.internal.KClassImpl$Data$$Lambda$13                          : loaded 2 times (x 72B)
Class com.google.common.cache.LocalCache$Strength$1                                   : loaded 2 times (x 77B)
Class com.android.ide.common.gradle.Version                                           : loaded 2 times (x 71B)
Class com.google.common.reflect.TypeResolver                                          : loaded 2 times (x 68B)
Class com.google.common.reflect.Types$ClassOwnership$2                                : loaded 2 times (x 76B)
Class jdk.internal.jimage.ImageStrings                                                : loaded 2 times (x 66B)
Class com.google.common.base.Suppliers$MemoizingSupplier                              : loaded 2 times (x 75B)
Class com.google.common.collect.ForwardingMap                                         : loaded 2 times (x 128B)
Class [Lcom.google.common.collect.MapMakerInternalMap$Strength;                       : loaded 2 times (x 65B)
Class kotlinx.coroutines.IncompleteStateBox                                           : loaded 2 times (x 68B)
Class kotlin.reflect.jvm.internal.KClassImpl$Data$$Lambda$14                          : loaded 2 times (x 72B)
Class kotlin.reflect.jvm.internal.KTypeParameterOwnerImpl                             : loaded 2 times (x 66B)
Class kotlinx.coroutines.DefaultExecutorKt                                            : loaded 2 times (x 67B)
Class kotlinx.coroutines.Unconfined                                                   : loaded 2 times (x 95B)
Class kotlinx.coroutines.GlobalScope                                                  : loaded 2 times (x 70B)
Class kotlin.reflect.jvm.internal.impl.name.ClassId                                   : loaded 2 times (x 68B)
Class com.google.common.collect.MapMakerInternalMap$StrongValueEntry                  : loaded 2 times (x 66B)
Class org.gradle.internal.service.UnknownServiceException                             : loaded 2 times (x 79B)
Class com.google.common.cache.LocalCache$LocalLoadingCache                            : loaded 2 times (x 130B)
Class kotlin.collections.builders.MapBuilder$KeysItr                                  : loaded 2 times (x 77B)
Class [Lkotlin.time.DurationUnit;                                                     : loaded 2 times (x 65B)
Class com.google.common.io.Files                                                      : loaded 2 times (x 67B)
Class com.google.common.reflect.Types$ClassOwnership$1                                : loaded 2 times (x 76B)
Class kotlin.reflect.jvm.internal.impl.name.Name                                      : loaded 2 times (x 71B)
Class kotlin.reflect.jvm.internal.KClassImpl$Data$$Lambda$15                          : loaded 2 times (x 72B)
Class kotlin.reflect.jvm.internal.KPropertyImpl$Companion                             : loaded 2 times (x 67B)
Class kotlinx.coroutines.AbstractCoroutine                                            : loaded 2 times (x 139B)
Class it.unimi.dsi.fastutil.objects.ObjectSet                                         : loaded 2 times (x 66B)
Class com.android.tools.lint.model.DefaultLintModelSourceProvider                     : loaded 2 times (x 80B)
Class jdk.internal.jrtfs.SystemImage                                                  : loaded 2 times (x 70B)
Class [Lcom.android.prefs.VariableType;                                               : loaded 2 times (x 65B)
Class com.google.common.cache.LocalCache$EntryFactory                                 : loaded 2 times (x 79B)
Class com.google.common.base.AbstractIterator$State                                   : loaded 2 times (x 75B)
Class it.unimi.dsi.fastutil.ints.IntArrays$ForkJoinQuickSortIndirect                  : loaded 2 times (x 92B)
Class org.jetbrains.kotlin.cli.common.CompilerSystemProperties                        : loaded 2 times (x 76B)
Class kotlin.reflect.jvm.internal.impl.name.FqNameUnsafe                              : loaded 2 times (x 68B)
Class kotlin.reflect.jvm.internal.KClassImpl$Data$$Lambda$16                          : loaded 2 times (x 72B)
Class kotlinx.coroutines.Delay                                                        : loaded 2 times (x 66B)
Class [Lcom.android.ide.common.gradle.Separator;                                      : loaded 2 times (x 65B)
Class com.android.prefs.QueryResult                                                   : loaded 2 times (x 80B)
Class kotlinx.coroutines.ParentJob                                                    : loaded 2 times (x 66B)
Class kotlinx.coroutines.JobNode                                                      : loaded 2 times (x 86B)
Class kotlin.reflect.jvm.internal.KProperty1Impl$$Lambda$1                            : loaded 2 times (x 72B)
Class com.google.common.reflect.Types$NativeTypeVariableEquals                        : loaded 2 times (x 67B)
Class com.google.common.reflect.TypeParameter                                         : loaded 2 times (x 68B)
Class com.google.common.cache.LocalCache$AbstractReferenceEntry                       : loaded 2 times (x 103B)
Class org.gradle.internal.IoActions                                                   : loaded 2 times (x 67B)
Class com.google.common.collect.ImmutableMapKeySet                                    : loaded 2 times (x 148B)
Class com.google.common.collect.MapMakerInternalMap$Strength$2                        : loaded 2 times (x 76B)
Class com.google.common.collect.ImmutableRangeSet$ComplementRanges                    : loaded 2 times (x 203B)
Class [Lkotlin.reflect.jvm.internal.impl.name.ClassId;                                : loaded 2 times (x 65B)
Class org.gradle.api.internal.ClassPathProvider                                       : loaded 2 times (x 66B)
Class [Lorg.gradle.api.internal.ClassPathProvider;                                    : loaded 2 times (x 65B)
Class kotlin.reflect.jvm.internal.KClassImpl$Data$$Lambda$17                          : loaded 2 times (x 72B)
Class kotlin.reflect.jvm.internal.KCallableImpl$$Lambda$0                             : loaded 2 times (x 72B)
Class kotlin.text.MatchResult                                                         : loaded 2 times (x 66B)
Class kotlin.reflect.jvm.internal.EmptyContainerForLocal                              : loaded 2 times (x 80B)
Class it.unimi.dsi.fastutil.ints.IntIterable                                          : loaded 2 times (x 66B)
Class kotlinx.coroutines.scheduling.TaskContext                                       : loaded 2 times (x 66B)
Class it.unimi.dsi.fastutil.objects.AbstractObjectSet                                 : loaded 2 times (x 175B)
Class it.unimi.dsi.fastutil.ints.IntSet                                               : loaded 2 times (x 66B)
Class com.google.common.cache.CacheLoader$InvalidCacheLoadException                   : loaded 2 times (x 78B)
Class org.gradle.internal.classloader.SystemClassLoaderSpec                           : loaded 2 times (x 67B)
Class kotlin.coroutines.ContinuationInterceptor$DefaultImpls                          : loaded 2 times (x 67B)
Class kotlin.reflect.jvm.internal.KProperty1Impl$$Lambda$0                            : loaded 2 times (x 72B)
Class kotlin.reflect.jvm.internal.KCallableImpl$$Lambda$1                             : loaded 2 times (x 72B)
Class kotlinx.coroutines.internal.LockFreeLinkedListNode                              : loaded 2 times (x 71B)
Class kotlin.reflect.jvm.internal.impl.builtins.jvm.JavaToKotlinClassMap$PlatformMutabilityMapping: loaded 2 times (x 68B)
Class com.google.common.collect.MapMakerInternalMap$Strength$1                        : loaded 2 times (x 76B)
Class kotlin.coroutines.CoroutineContext$DefaultImpls                                 : loaded 2 times (x 67B)
Class kotlin.collections.builders.MapBuilder$EntryRef                                 : loaded 2 times (x 77B)
Class org.gradle.api.internal.DefaultClassPathProvider                                : loaded 2 times (x 72B)
Class kotlin.text.MatcherMatchResult$groups$1                                         : loaded 2 times (x 147B)
Class com.google.common.collect.ImmutableSet$SerializedForm                           : loaded 2 times (x 69B)
Class com.google.common.base.Splitter                                                 : loaded 2 times (x 68B)
Class com.google.common.cache.LocalCache$StrongEntry                                  : loaded 2 times (x 104B)
Class com.google.common.util.concurrent.AbstractFuture$TrustedFuture                  : loaded 2 times (x 110B)
Class com.google.common.cache.LoadingCache                                            : loaded 2 times (x 66B)
Class com.android.ide.common.gradle.Numeric                                           : loaded 2 times (x 73B)
Class org.objectweb.asm.MethodWriter                                                  : loaded 2 times (x 102B)
Class kotlinx.coroutines.EventLoop_commonKt                                           : loaded 2 times (x 67B)
Class it.unimi.dsi.fastutil.BidirectionalIterator                                     : loaded 2 times (x 66B)
Class kotlin.reflect.jvm.internal.KCallableImpl                                       : loaded 2 times (x 101B)
Class kotlin.reflect.jvm.internal.KCallableImpl$$Lambda$2                             : loaded 2 times (x 72B)
Class kotlin.reflect.jvm.internal.impl.builtins.functions.FunctionTypeKind$Function   : loaded 2 times (x 68B)
Class it.unimi.dsi.fastutil.objects.ObjectCollection                                  : loaded 2 times (x 66B)
Class kotlinx.coroutines.DebugKt                                                      : loaded 2 times (x 67B)
Class com.android.tools.lint.model.DefaultLintModelModule                             : loaded 2 times (x 94B)
Class com.google.common.collect.ImmutableRangeSet                                     : loaded 2 times (x 111B)
Class jdk.internal.jrtfs.JrtFileSystem                                                : loaded 2 times (x 98B)
Class com.google.common.base.Suppliers$NonSerializableMemoizingSupplier               : loaded 2 times (x 75B)
Class [Lcom.google.common.cache.Weigher;                                              : loaded 2 times (x 65B)
Class com.google.common.collect.AbstractMapBasedMultimap$RandomAccessWrappedList      : loaded 2 times (x 201B)
Class org.gradle.api.internal.classpath.EffectiveClassPath                            : loaded 2 times (x 86B)
Class kotlin.io.FileTreeWalk$FileTreeWalkIterator                                     : loaded 2 times (x 79B)
Class kotlin.reflect.jvm.internal.KCallableImpl$$Lambda$3                             : loaded 2 times (x 72B)
Class kotlinx.coroutines.internal.LockFreeTaskQueueCore$Companion                     : loaded 2 times (x 67B)
Class org.jetbrains.kotlin.cli.common.CompilerSystemProperties$Companion              : loaded 2 times (x 67B)
Class com.android.ide.common.gradle.Version$Companion$ParseState$EMPTY                : loaded 2 times (x 70B)
Class [Lcom.android.ide.common.repository.AgpVersion$PreviewKind;                     : loaded 2 times (x 65B)
Class com.android.sdklib.SdkVersionInfo                                               : loaded 2 times (x 67B)
Class it.unimi.dsi.fastutil.ints.Int2ObjectMap                                        : loaded 2 times (x 66B)
Class jdk.internal.jimage.decompressor.CompressedResourceHeader                       : loaded 2 times (x 67B)
Class com.google.common.collect.ImmutableMultimap$1                                   : loaded 2 times (x 78B)
Class kotlin.reflect.jvm.internal.KProperty1Impl                                      : loaded 2 times (x 124B)
Class org.gradle.internal.classloader.ClassLoaderVisitor                              : loaded 2 times (x 72B)
Class kotlin.reflect.jvm.internal.KCallableImpl$$Lambda$4                             : loaded 2 times (x 72B)
Class com.google.common.base.CharMatcher$None                                         : loaded 2 times (x 108B)
Class com.android.ide.common.repository.AgpVersion$Companion$WhenMappings             : loaded 2 times (x 67B)
Class com.google.common.base.CharMatcher$Negated                                      : loaded 2 times (x 109B)
Class com.google.common.base.CharMatcher$Is                                           : loaded 2 times (x 107B)
Class com.google.common.collect.ImmutableMultimap$2                                   : loaded 2 times (x 77B)
Class com.google.common.reflect.Types$JavaVersion$1                                   : loaded 2 times (x 79B)
Class com.google.common.cache.LocalCache$ValueReference                               : loaded 2 times (x 66B)
Class kotlin.coroutines.jvm.internal.Boxing                                           : loaded 2 times (x 67B)
Class com.android.utils.EnvironmentProvider$DirectEnvironmentProvider                 : loaded 2 times (x 76B)
Class kotlin.collections.ArrayDeque$Companion                                         : loaded 2 times (x 67B)
Class it.unimi.dsi.fastutil.ints.IntArrays$Segment                                    : loaded 2 times (x 67B)
Class it.unimi.dsi.fastutil.ints.IntBidirectionalIterator                             : loaded 2 times (x 66B)
Class kotlin.text.MatcherMatchResult$groupValues$1                                    : loaded 2 times (x 194B)
Class kotlin.reflect.jvm.internal.KCallableImpl$$Lambda$5                             : loaded 2 times (x 72B)
Class it.unimi.dsi.fastutil.ints.AbstractInt2ObjectMap                                : loaded 2 times (x 211B)
Class kotlinx.coroutines.CopyableThreadContextElement                                 : loaded 2 times (x 66B)
Class kotlin.reflect.jvm.internal.KPropertyImpl$$Lambda$1                             : loaded 2 times (x 72B)
Class com.android.tools.lint.model.LintModelAndroidLibrary                            : loaded 2 times (x 66B)
Class kotlin.sequences.SequencesKt___SequencesKt$flatMap$1                            : loaded 2 times (x 121B)
Class kotlin.jvm.internal.FloatCompanionObject                                        : loaded 2 times (x 67B)
Class org.gradle.internal.classloader.DefaultClassLoaderFactory                       : loaded 2 times (x 78B)
Class com.google.common.hash.PrimitiveSink                                            : loaded 2 times (x 66B)
Class com.google.common.reflect.Types$JavaVersion$2                                   : loaded 2 times (x 79B)
Class com.google.common.reflect.Types                                                 : loaded 2 times (x 67B)
Class com.google.common.util.concurrent.AbstractFuture$Failure                        : loaded 2 times (x 68B)
Class com.google.common.base.Suppliers                                                : loaded 2 times (x 67B)
Class com.android.ide.common.resources.DataFile                                       : loaded 2 times (x 79B)
Class [Lcom.google.common.cache.CacheBuilder$OneWeigher;                              : loaded 2 times (x 65B)
Class org.objectweb.asm.Label                                                         : loaded 2 times (x 69B)
Class kotlin.reflect.jvm.internal.KProperty0Impl                                      : loaded 2 times (x 124B)
Class com.android.tools.lint.model.LintModelModule                                    : loaded 2 times (x 66B)
Class kotlin.reflect.jvm.internal.CacheByClassKt                                      : loaded 2 times (x 67B)
Class com.google.gson.JsonSyntaxException                                             : loaded 2 times (x 78B)
Class kotlinx.coroutines.EventLoopImplPlatform                                        : loaded 2 times (x 103B)
Class kotlinx.coroutines.scheduling.SchedulerTimeSource                               : loaded 2 times (x 68B)
Class com.google.common.base.CharMatcher                                              : loaded 2 times (x 107B)
Class com.google.common.reflect.Types$JavaVersion$3                                   : loaded 2 times (x 79B)
Class kotlinx.coroutines.scheduling.CoroutineScheduler                                : loaded 2 times (x 77B)
Class com.google.common.collect.MapMakerInternalMap$InternalEntryHelper               : loaded 2 times (x 66B)
Class com.google.common.collect.Table                                                 : loaded 2 times (x 66B)
Class com.google.common.collect.Maps$IteratorBasedAbstractMap                         : loaded 2 times (x 121B)
Class kotlin.reflect.jvm.internal.KPropertyImpl$$Lambda$0                             : loaded 2 times (x 72B)
Class com.google.common.collect.RangeGwtSerializationDependencies                     : loaded 2 times (x 67B)
Class org.objectweb.asm.MethodVisitor                                                 : loaded 2 times (x 101B)
Class org.jetbrains.kotlin.cli.common.messages.MessageCollector$Companion$NONE$1      : loaded 2 times (x 72B)
Class kotlin.reflect.jvm.internal.impl.name.FqName                                    : loaded 2 times (x 68B)
Class com.android.ide.common.gradle.Version$Companion$ParseState$NUMERIC              : loaded 2 times (x 70B)
Class com.android.ide.common.repository.AgpVersion$PreviewKind                        : loaded 2 times (x 75B)
Class [Lcom.android.tools.lint.model.LintModelModuleType;                             : loaded 2 times (x 65B)
Class com.android.tools.lint.model.LintModelSerialization$LintModelSerializationFileAdapter$WhenMappings: loaded 2 times (x 67B)
Class com.google.common.collect.MapMakerInternalMap$Strength                          : loaded 2 times (x 76B)
Class com.google.common.base.CharMatcher$1                                            : loaded 2 times (x 109B)
Class com.google.common.base.CharMatcher$NamedFastMatcher                             : loaded 2 times (x 108B)
Class com.google.common.reflect.Types$JavaVersion$4                                   : loaded 2 times (x 79B)
Class com.google.common.cache.LocalCache$EntryFactory$1                               : loaded 2 times (x 79B)
Class [Lcom.google.common.cache.RemovalListener;                                      : loaded 2 times (x 65B)
Class androidx.navigation.lint.BaseTypeSafeDestinationMissingAnnotationDetectorKt     : loaded 2 times (x 67B)
Class com.google.common.collect.RegularImmutableBiMap$Inverse$InverseEntrySet         : loaded 2 times (x 148B)
Class com.google.common.collect.RangeSet                                              : loaded 2 times (x 66B)
Class com.google.common.reflect.TypeCapture                                           : loaded 2 times (x 67B)
Class kotlin.reflect.jvm.internal.CachesKt                                            : loaded 2 times (x 67B)
Class kotlinx.coroutines.scheduling.TaskContextImpl                                   : loaded 2 times (x 71B)
Class jdk.internal.jimage.decompressor.StringSharingDecompressorFactory               : loaded 2 times (x 70B)
Class com.android.utils.ILogger                                                       : loaded 2 times (x 66B)
Class com.google.common.reflect.Types$JavaVersion$5                                   : loaded 2 times (x 67B)
Class [Lcom.google.common.reflect.Types$ClassOwnership;                               : loaded 2 times (x 65B)
Class com.google.common.cache.LocalCache$EntryFactory$2                               : loaded 2 times (x 79B)
Class org.gradle.api.internal.classpath.GlobalCacheRootsProvider                      : loaded 2 times (x 66B)
Class com.android.utils.NullLogger                                                    : loaded 2 times (x 81B)
Class com.google.common.collect.CollectCollectors                                     : loaded 2 times (x 67B)
Class it.unimi.dsi.fastutil.objects.ReferenceSet                                      : loaded 2 times (x 66B)
Class kotlinx.coroutines.CoroutineScope                                               : loaded 2 times (x 66B)
Class it.unimi.dsi.fastutil.ints.IntArrays$ForkJoinQuickSort                          : loaded 2 times (x 92B)
Class kotlinx.coroutines.ChildHandle                                                  : loaded 2 times (x 66B)
Class kotlin.collections.builders.ListBuilder$Itr                                     : loaded 2 times (x 90B)
Class com.android.prefs.Global                                                        : loaded 2 times (x 76B)
Class com.android.utils.FileUtils                                                     : loaded 2 times (x 67B)
Class com.android.tools.lint.model.DefaultLintModelAndroidArtifact                    : loaded 2 times (x 89B)
Class com.google.common.cache.LocalCache$EntryFactory$3                               : loaded 2 times (x 79B)
Class com.google.common.base.Ticker$1                                                 : loaded 2 times (x 68B)
Class kotlin.jvm.internal.MutablePropertyReference2                                   : loaded 2 times (x 133B)
Class kotlin.reflect.jvm.internal.ReflectProperties$Val                               : loaded 2 times (x 70B)
Class org.jetbrains.kotlin.cli.common.PropertiesKt                                    : loaded 2 times (x 67B)
Class kotlinx.coroutines.Incomplete                                                   : loaded 2 times (x 66B)
Class org.jetbrains.kotlin.cli.common.messages.MessageRenderer                        : loaded 2 times (x 66B)
Class [Lkotlin.jvm.functions.Function1;                                               : loaded 2 times (x 65B)
Class com.google.common.base.CharMatcher$InRange                                      : loaded 2 times (x 107B)
Class com.google.common.cache.LocalCache$EntryFactory$4                               : loaded 2 times (x 79B)
Class kotlin.concurrent.LocksKt                                                       : loaded 2 times (x 67B)
Class androidx.navigation.lint.BaseTypeSafeDestinationMissingAnnotationDetector       : loaded 2 times (x 169B)
Class kotlinx.coroutines.AbstractTimeSourceKt                                         : loaded 2 times (x 67B)
Class it.unimi.dsi.fastutil.ints.AbstractInt2ObjectFunction                           : loaded 2 times (x 117B)
Class com.google.common.cache.LocalCache$EntryFactory$5                               : loaded 2 times (x 79B)
Class kotlin.jvm.internal.ByteCompanionObject                                         : loaded 2 times (x 67B)
Class com.google.common.collect.MapMakerInternalMap$WeakKeyStrongValueSegment         : loaded 2 times (x 138B)
Class kotlin.time.Duration                                                            : loaded 2 times (x 70B)
Class org.gradle.api.internal.classpath.ManifestUtil                                  : loaded 2 times (x 67B)
Class com.google.common.util.concurrent.ExecutionError                                : loaded 2 times (x 78B)
Class com.google.common.cache.LocalCache$EntryFactory$6                               : loaded 2 times (x 79B)
Class org.gradle.internal.installation.CurrentGradleInstallationLocator               : loaded 2 times (x 67B)
Class com.android.tools.lint.model.DefaultLintModelVariant$mainArtifact$2             : loaded 2 times (x 75B)
Class com.android.sdklib.IAndroidTarget                                               : loaded 2 times (x 66B)
Class kotlinx.coroutines.internal.OpDescriptor                                        : loaded 2 times (x 69B)
Class kotlinx.coroutines.Empty                                                        : loaded 2 times (x 71B)
Class com.android.tools.lint.model.DefaultLintModelDependencyGraph                    : loaded 2 times (x 74B)
Class com.android.tools.lint.model.DefaultLintModelLintOptions                        : loaded 2 times (x 99B)
Class kotlin.reflect.jvm.internal.KProperty0Impl$$Lambda$1                            : loaded 2 times (x 72B)
Class [Lkotlin.io.FileWalkDirection;                                                  : loaded 2 times (x 65B)
Class com.google.common.collect.ImmutableMultimap$Builder                             : loaded 2 times (x 82B)
Class com.google.common.cache.LocalCache$EntryFactory$7                               : loaded 2 times (x 79B)
Class org.gradle.internal.service.DefaultServiceLocator                               : loaded 2 times (x 79B)
Class org.jetbrains.kotlin.util.capitalizeDecapitalize.CapitalizeDecapitalizeKt       : loaded 2 times (x 67B)
Class com.android.ide.common.blame.SourcePosition                                     : loaded 2 times (x 67B)
Class org.gradle.internal.classloader.ClassLoaderHierarchy                            : loaded 2 times (x 66B)
Class jdk.internal.jimage.BasicImageReader                                            : loaded 2 times (x 91B)
Class com.google.common.base.CharMatcher$IsEither                                     : loaded 2 times (x 107B)
Class jdk.internal.jrtfs.JrtDirectoryStream                                           : loaded 2 times (x 85B)
Class kotlin.io.FileTreeWalk                                                          : loaded 2 times (x 71B)
Class com.google.common.collect.ImmutableMultimap$EntryCollection                     : loaded 2 times (x 124B)
Class com.google.common.cache.LocalCache$EntryFactory$8                               : loaded 2 times (x 79B)
Class org.gradle.internal.installation.CurrentGradleInstallation                      : loaded 2 times (x 69B)
Class [Lcom.google.common.base.AbstractIterator$State;                                : loaded 2 times (x 65B)
Class kotlinx.coroutines.BuildersKt                                                   : loaded 2 times (x 67B)
Class kotlinx.coroutines.CoroutineContextKt$hasCopyableElements$1                     : loaded 2 times (x 74B)
Class kotlinx.coroutines.internal.ThreadContextKt                                     : loaded 2 times (x 67B)
Class kotlinx.coroutines.scheduling.Task                                              : loaded 2 times (x 72B)
Class kotlin.jvm.internal.MutablePropertyReference0                                   : loaded 2 times (x 133B)
Class kotlinx.coroutines.BlockingCoroutine                                            : loaded 2 times (x 140B)
Class kotlin.reflect.jvm.internal.impl.builtins.CompanionObjectMapping                : loaded 2 times (x 67B)
Class com.android.tools.lint.model.DefaultLintModelVariant                            : loaded 2 times (x 97B)
Class com.android.tools.lint.model.LintModelArtifact                                  : loaded 2 times (x 66B)
Class com.google.common.collect.ForwardingObject                                      : loaded 2 times (x 68B)
Class com.google.common.cache.CacheLoader$1                                           : loaded 2 times (x 71B)
Class org.gradle.util.internal.GUtil                                                  : loaded 2 times (x 67B)
Class com.android.resources.ResourceEnum                                              : loaded 2 times (x 66B)
Class it.unimi.dsi.fastutil.ints.AbstractIntCollection                                : loaded 2 times (x 181B)
Class com.google.common.io.ByteSource                                                 : loaded 2 times (x 80B)
Class it.unimi.dsi.fastutil.Stack                                                     : loaded 2 times (x 66B)
Class kotlinx.coroutines.internal.LockFreeTaskQueue                                   : loaded 2 times (x 68B)
Class kotlinx.coroutines.scheduling.DefaultScheduler                                  : loaded 2 times (x 108B)
Class kotlinx.coroutines.Dispatchers                                                  : loaded 2 times (x 67B)
Class [Lcom.android.tools.lint.model.LintModelSeverity;                               : loaded 2 times (x 65B)
Class kotlin.reflect.jvm.internal.KProperty0Impl$$Lambda$0                            : loaded 2 times (x 72B)
Class com.android.prefs.PathLocator$WhenMappings                                      : loaded 2 times (x 67B)
Class kotlin.io.NoSuchFileException                                                   : loaded 2 times (x 78B)
Class com.google.common.cache.AbstractCache$StatsCounter                              : loaded 2 times (x 66B)
Class com.google.common.collect.MapMakerInternalMap$1                                 : loaded 2 times (x 79B)
Class kotlin.time.DurationUnitKt                                                      : loaded 2 times (x 67B)
Class [Lcom.google.common.collect.MapMakerInternalMap$Segment;                        : loaded 2 times (x 65B)
Class kotlin.sequences.DropWhileSequence$iterator$1                                   : loaded 2 times (x 75B)
Class org.gradle.internal.classloader.FilteringClassLoader                            : loaded 2 times (x 101B)
Class kotlin.reflect.jvm.internal.RuntimeTypeMapper                                   : loaded 2 times (x 67B)
Class com.android.prefs.AndroidPathLocator                                            : loaded 2 times (x 69B)
Class kotlinx.coroutines.intrinsics.CancellableKt                                     : loaded 2 times (x 67B)
Class kotlin.text.MatcherMatchResult                                                  : loaded 2 times (x 76B)
Class kotlin.text.MatchGroupCollection                                                : loaded 2 times (x 66B)
Class com.android.tools.lint.model.DefaultLintModelDependency                         : loaded 2 times (x 82B)
Class com.android.tools.lint.model.DefaultLintModelLibrary                            : loaded 2 times (x 82B)
Class com.android.tools.lint.model.DefaultLintModelBuildFeatures                      : loaded 2 times (x 73B)
Class com.google.common.reflect.Types$TypeVariableImpl                                : loaded 2 times (x 68B)
Class org.gradle.internal.installation.GradleInstallation                             : loaded 2 times (x 71B)
Class kotlin.collections.ReversedList                                                 : loaded 2 times (x 203B)
Class kotlin.reflect.jvm.internal.impl.builtins.PrimitiveType$$Lambda$0               : loaded 2 times (x 72B)
Class com.android.prefs.AndroidLocationsException                                     : loaded 2 times (x 78B)
Class com.google.common.base.Splitter$Strategy                                        : loaded 2 times (x 66B)
Class jdk.internal.jimage.decompressor.ResourceDecompressor$StringsProvider           : loaded 2 times (x 66B)
Class com.google.common.collect.Iterables                                             : loaded 2 times (x 67B)
Class kotlin.collections.ReversedList$listIterator$1                                  : loaded 2 times (x 90B)
Class kotlin.reflect.jvm.internal.impl.builtins.PrimitiveType$$Lambda$1               : loaded 2 times (x 72B)
Class kotlinx.coroutines.JobSupportKt                                                 : loaded 2 times (x 67B)
Class kotlinx.coroutines.ExecutorCoroutineDispatcher$Key                              : loaded 2 times (x 68B)
Class com.android.ide.common.gradle.Part                                              : loaded 2 times (x 73B)
Class com.android.utils.XmlUtils                                                      : loaded 2 times (x 67B)
Class com.android.tools.lint.model.LintModelJavaLibrary                               : loaded 2 times (x 66B)
Class kotlinx.coroutines.internal.ResizableAtomicArray                                : loaded 2 times (x 68B)
Class kotlin.io.FileWalkDirection                                                     : loaded 2 times (x 75B)

---------------  S Y S T E M  ---------------

OS:
 Windows 11 , 64 bit Build 26100 (10.0.26100.5074)
OS uptime: 0 days 2:36 hours
Hyper-V role detected

CPU: total 4 (initial active 4) (2 cores per cpu, 2 threads per core) family 6 model 142 stepping 12 microcode 0xde, cx8, cmov, fxsr, ht, mmx, 3dnowpref, sse, sse2, sse3, ssse3, sse4.1, sse4.2, popcnt, lzcnt, tsc, tscinvbit, avx, avx2, aes, erms, clmul, bmi1, bmi2, adx, fma, vzeroupper, clflush, clflushopt, hv, rdtscp, f16c
Processor Information for the first 4 processors :
  Max Mhz: 2592, Current Mhz: 2592, Mhz Limit: 2073

Memory: 4k page, system-wide physical 8025M (593M free)
TotalPageFile size 13767M (AvailPageFile size 3M)
current process WorkingSet (physical memory assigned to process): 2298M, peak: 2521M
current process commit charge ("private bytes"): 2954M, peak: 4637M

vm_info: OpenJDK 64-Bit Server VM (21.0.6+-13391695-b895.109) for windows-amd64 JRE (21.0.6+-13391695-b895.109), built on 2025-04-22T21:19:17Z by "builder" with MS VC++ 16.10 / 16.11 (VS2019)

END.
