#
# There is insufficient memory for the Java Runtime Environment to continue.
# Native memory allocation (malloc) failed to allocate 1370528 bytes. Error detail: Chunk::new
# Possible reasons:
#   The system is out of physical RAM or swap space
#   This process is running with CompressedOops enabled, and the Java Heap may be blocking the growth of the native heap
# Possible solutions:
#   Reduce memory load on the system
#   Increase physical memory or swap space
#   Check if swap backing store is full
#   Decrease Java heap size (-Xmx/-Xms)
#   Decrease number of Java threads
#   Decrease Java thread stack sizes (-Xss)
#   Set larger code cache with -XX:ReservedCodeCacheSize=
#   JVM is running with Zero Based Compressed Oops mode in which the Java heap is
#     placed in the first 32GB address space. The Java Heap base address is the
#     maximum limit for the native heap growth. Please use -XX:HeapBaseMinAddress
#     to set the Java Heap base and to place the Java Heap above 32GB virtual address.
# This output file may be truncated or incomplete.
#
#  Out of Memory Error (arena.cpp:168), pid=13032, tid=18320
#
# JRE version: OpenJDK Runtime Environment (21.0.6) (build 21.0.6+-13391695-b895.109)
# Java VM: OpenJDK 64-Bit Server VM (21.0.6+-13391695-b895.109, mixed mode, tiered, compressed oops, compressed class ptrs, parallel gc, windows-amd64)
# No core dump will be written. Minidumps are not enabled by default on client versions of Windows
#

---------------  S U M M A R Y ------------

Command Line: --add-opens=java.base/java.lang=ALL-UNNAMED --add-opens=java.base/java.lang.invoke=ALL-UNNAMED --add-opens=java.base/java.util=ALL-UNNAMED --add-opens=java.prefs/java.util.prefs=ALL-UNNAMED --add-exports=jdk.compiler/com.sun.tools.javac.api=ALL-UNNAMED --add-exports=jdk.compiler/com.sun.tools.javac.util=ALL-UNNAMED --add-opens=java.base/java.util=ALL-UNNAMED --add-opens=java.prefs/java.util.prefs=ALL-UNNAMED --add-opens=java.base/java.nio.charset=ALL-UNNAMED --add-opens=java.base/java.net=ALL-UNNAMED --add-opens=java.base/java.util.concurrent.atomic=ALL-UNNAMED --add-opens=java.xml/javax.xml.namespace=ALL-UNNAMED -XX:+UseParallelGC -Xmx4g -Dfile.encoding=UTF-8 -Duser.country=CN -Duser.language=zh -Duser.variant -javaagent:C:\Users\Mbongeni\.gradle\wrapper\dists\gradle-8.14.2-bin\2pb3mgt1p815evrl3weanttgr\gradle-8.14.2\lib\agents\gradle-instrumentation-agent-8.14.2.jar org.gradle.launcher.daemon.bootstrap.GradleDaemon 8.14.2

Host: Intel(R) Core(TM) i3-10110U CPU @ 2.10GHz, 4 cores, 7G,  Windows 11 , 64 bit Build 26100 (10.0.26100.5074)
Time: Wed Sep 10 01:05:23 2025 South Africa Standard Time elapsed time: 385.968971 seconds (0d 0h 6m 25s)

---------------  T H R E A D  ---------------

Current thread (0x0000011feb4e2940):  JavaThread "C2 CompilerThread0" daemon [_thread_in_native, id=18320, stack(0x0000000100f00000,0x0000000101000000) (1024K)]


Current CompileTask:
C2:385969 48431   !   4       com.android.tools.r8.graph.M3::a (699 bytes)

Stack: [0x0000000100f00000,0x0000000101000000]
Native frames: (J=compiled Java code, j=interpreted, Vv=VM code, C=native code)
V  [jvm.dll+0x6d0639]
V  [jvm.dll+0x85eb03]
V  [jvm.dll+0x86105e]
V  [jvm.dll+0x861743]
V  [jvm.dll+0x27e6e6]
V  [jvm.dll+0xbff6d]
V  [jvm.dll+0xc04a3]
V  [jvm.dll+0x3b61ab]
V  [jvm.dll+0x3820c7]
V  [jvm.dll+0x38153a]
V  [jvm.dll+0x247c82]
V  [jvm.dll+0x247251]
V  [jvm.dll+0x1c5f04]
V  [jvm.dll+0x2569ac]
V  [jvm.dll+0x254ef6]
V  [jvm.dll+0x3f0e96]
V  [jvm.dll+0x806ed8]
V  [jvm.dll+0x6cef0d]
C  [ucrtbase.dll+0x37b0]
C  [KERNEL32.DLL+0x2e8d7]
C  [ntdll.dll+0x8d9c]


---------------  P R O C E S S  ---------------

Threads class SMR info:
_java_thread_list=0x0000011ffcdcf600, length=123, elements={
0x0000011fcde06ef0, 0x0000011ff0340060, 0x0000011feb4d3120, 0x0000011feb4d4af0,
0x0000011feb4e0670, 0x0000011feb4e10c0, 0x0000011feb4e1b10, 0x0000011feb4e2940,
0x0000011feb4e6080, 0x0000011fd01ef0a0, 0x0000011ff05eb090, 0x0000011ff1c132d0,
0x0000011ff20a77b0, 0x0000011ff1246440, 0x0000011ff1efe960, 0x0000011ff2207c50,
0x0000011ff1fa5780, 0x0000011ff1ff29a0, 0x0000011ff1fed070, 0x0000011ff20737a0,
0x0000011ff2073e30, 0x0000011ff2072a80, 0x0000011ff2073110, 0x0000011ff2071d60,
0x0000011ff2071040, 0x0000011ff20744c0, 0x0000011ff20716d0, 0x0000011ff20723f0,
0x0000011ff3c2f440, 0x0000011ff3c30160, 0x0000011ff3c2edb0, 0x0000011ff3c2fad0,
0x0000011ff3c31510, 0x0000011ff3c33c70, 0x0000011ff3c32230, 0x0000011ff3c34300,
0x0000011ff3c34990, 0x0000011ff3c35020, 0x0000011ff3c31ba0, 0x0000011ff3c32f50,
0x0000011ffb0427b0, 0x0000011ffb041a90, 0x0000011ffb042e40, 0x0000011ffb0434d0,
0x0000011ffb042120, 0x0000011ffb040050, 0x0000011ffb043b60, 0x0000011ffb0406e0,
0x0000011ffb0441f0, 0x0000011ffb044880, 0x0000011ffb041400, 0x0000011ffb046fe0,
0x0000011ffb047670, 0x0000011ffb044f10, 0x0000011ffb0455a0, 0x0000011ffb046950,
0x0000011ffb045c30, 0x0000011ff6bc21b0, 0x0000011ff6bc4280, 0x0000011ff6bc1490,
0x0000011ff6bc3560, 0x0000011ff6bc4910, 0x0000011ff6bc3bf0, 0x0000011ff6bc2840,
0x0000011ff6bc2ed0, 0x0000011ff6bc4fa0, 0x0000011ff6bc1b20, 0x0000011ff6bc7070,
0x0000011ff6bc8420, 0x0000011ff6bc5630, 0x0000011ff6bc8ab0, 0x0000011ff6bc69e0,
0x0000011ff6410f90, 0x0000011ff6413060, 0x0000011ff6411620, 0x0000011ff6410270,
0x0000011ff6410900, 0x0000011ff640fbe0, 0x0000011ff64136f0, 0x0000011ff6414410,
0x0000011ff6413d80, 0x0000011ff64129d0, 0x0000011ff6414aa0, 0x0000011ff6411cb0,
0x0000011ff6415130, 0x0000011ff64157c0, 0x0000011ff6412340, 0x0000011ff6415e50,
0x0000011ff64164e0, 0x0000011ff6417200, 0x0000011ff6d98940, 0x0000011ff6d9b730,
0x0000011ff6d99660, 0x0000011ff6d9a380, 0x0000011ff6d98fd0, 0x0000011ff6d9aa10,
0x0000011ff6d9b0a0, 0x0000011ff6d9bdc0, 0x0000011ff6d99cf0, 0x0000011ff6d9e520,
0x0000011ff4a3b810, 0x0000011ffb9d60e0, 0x0000011ffb9d5a50, 0x0000011ffda69070,
0x0000011ffda69700, 0x0000011ffe9a07b0, 0x0000011ffe99d9c0, 0x0000011ffe9a21f0,
0x0000011ffe9a14d0, 0x0000011ff4a39740, 0x0000011ff4a39dd0, 0x0000011ff4a3a460,
0x0000011ffe3fe940, 0x0000011ffe3fc870, 0x0000011ffe3fbb50, 0x0000011ffe3ffcf0,
0x0000011ffe3fd590, 0x0000011ffe4010a0, 0x0000011ffe3fdc20, 0x0000011ffe403e90,
0x0000011ffda6d210, 0x0000011ffe404bb0, 0x0000011ffc81e450
}

Java Threads: ( => current thread )
  0x0000011fcde06ef0 JavaThread "main"                              [_thread_blocked, id=13384, stack(0x0000000100500000,0x0000000100600000) (1024K)]
  0x0000011ff0340060 JavaThread "Reference Handler"          daemon [_thread_blocked, id=10152, stack(0x0000000100900000,0x0000000100a00000) (1024K)]
  0x0000011feb4d3120 JavaThread "Finalizer"                  daemon [_thread_blocked, id=9148, stack(0x0000000100a00000,0x0000000100b00000) (1024K)]
  0x0000011feb4d4af0 JavaThread "Signal Dispatcher"          daemon [_thread_blocked, id=388, stack(0x0000000100b00000,0x0000000100c00000) (1024K)]
  0x0000011feb4e0670 JavaThread "Attach Listener"            daemon [_thread_blocked, id=17192, stack(0x0000000100c00000,0x0000000100d00000) (1024K)]
  0x0000011feb4e10c0 JavaThread "Service Thread"             daemon [_thread_blocked, id=18152, stack(0x0000000100d00000,0x0000000100e00000) (1024K)]
  0x0000011feb4e1b10 JavaThread "Monitor Deflation Thread"   daemon [_thread_blocked, id=8236, stack(0x0000000100e00000,0x0000000100f00000) (1024K)]
=>0x0000011feb4e2940 JavaThread "C2 CompilerThread0"         daemon [_thread_in_native, id=18320, stack(0x0000000100f00000,0x0000000101000000) (1024K)]
  0x0000011feb4e6080 JavaThread "C1 CompilerThread0"         daemon [_thread_blocked, id=8044, stack(0x0000000101000000,0x0000000101100000) (1024K)]
  0x0000011fd01ef0a0 JavaThread "Common-Cleaner"             daemon [_thread_blocked, id=14036, stack(0x0000000101100000,0x0000000101200000) (1024K)]
  0x0000011ff05eb090 JavaThread "Notification Thread"        daemon [_thread_blocked, id=13404, stack(0x0000000101200000,0x0000000101300000) (1024K)]
  0x0000011ff1c132d0 JavaThread "Daemon health stats"               [_thread_blocked, id=17788, stack(0x0000000101300000,0x0000000101400000) (1024K)]
  0x0000011ff20a77b0 JavaThread "Incoming local TCP Connector on port 29608"        [_thread_in_native, id=10704, stack(0x0000000101700000,0x0000000101800000) (1024K)]
  0x0000011ff1246440 JavaThread "Daemon periodic checks"            [_thread_blocked, id=7560, stack(0x0000000101800000,0x0000000101900000) (1024K)]
  0x0000011ff1efe960 JavaThread "Daemon"                            [_thread_blocked, id=6940, stack(0x0000000101900000,0x0000000101a00000) (1024K)]
  0x0000011ff2207c50 JavaThread "Handler for socket connection from /127.0.0.1:29608 to /127.0.0.1:29609"        [_thread_in_native, id=17492, stack(0x0000000101a00000,0x0000000101b00000) (1024K)]
  0x0000011ff1fa5780 JavaThread "Cancel handler"                    [_thread_blocked, id=3784, stack(0x0000000101b00000,0x0000000101c00000) (1024K)]
  0x0000011ff1ff29a0 JavaThread "Daemon worker"                     [_thread_blocked, id=15904, stack(0x0000000101c00000,0x0000000101d00000) (1024K)]
  0x0000011ff1fed070 JavaThread "Asynchronous log dispatcher for DefaultDaemonConnection: socket connection from /127.0.0.1:29608 to /127.0.0.1:29609"        [_thread_blocked, id=5296, stack(0x0000000101d00000,0x0000000101e00000) (1024K)]
  0x0000011ff20737a0 JavaThread "Stdin handler"                     [_thread_blocked, id=1908, stack(0x0000000101e00000,0x0000000101f00000) (1024K)]
  0x0000011ff2073e30 JavaThread "Daemon client event forwarder"        [_thread_blocked, id=11984, stack(0x0000000101f00000,0x0000000102000000) (1024K)]
  0x0000011ff2072a80 JavaThread "Cache worker for journal cache (C:\Users\Mbongeni\.gradle\caches\journal-1)"        [_thread_blocked, id=17120, stack(0x0000000102000000,0x0000000102100000) (1024K)]
  0x0000011ff2073110 JavaThread "File lock request listener"        [_thread_in_native, id=10236, stack(0x0000000102100000,0x0000000102200000) (1024K)]
  0x0000011ff2071d60 JavaThread "Cache worker for file hash cache (C:\Users\Mbongeni\.gradle\caches\8.14.2\fileHashes)"        [_thread_blocked, id=15736, stack(0x0000000102300000,0x0000000102400000) (1024K)]
  0x0000011ff2071040 JavaThread "Cache worker for file hash cache (C:\Users\Mbongeni\OneDrive\Documents\GitHub\Lost\.gradle\8.14.2\fileHashes)"        [_thread_blocked, id=17880, stack(0x0000000102200000,0x0000000102300000) (1024K)]
  0x0000011ff20744c0 JavaThread "Cache worker for checksums cache (C:\Users\Mbongeni\OneDrive\Documents\GitHub\Lost\.gradle\8.14.2\checksums)"        [_thread_blocked, id=17900, stack(0x0000000102400000,0x0000000102500000) (1024K)]
  0x0000011ff20716d0 JavaThread "Cache worker for Build Output Cleanup Cache (C:\Users\Mbongeni\OneDrive\Documents\GitHub\Lost\.gradle\buildOutputCleanup)"        [_thread_blocked, id=2016, stack(0x0000000102600000,0x0000000102700000) (1024K)]
  0x0000011ff20723f0 JavaThread "Cache worker for file content cache (C:\Users\Mbongeni\.gradle\caches\8.14.2\fileContent)"        [_thread_blocked, id=15812, stack(0x0000000102700000,0x0000000102800000) (1024K)]
  0x0000011ff3c2f440 JavaThread "File watcher server"        daemon [_thread_in_native, id=14064, stack(0x0000000102500000,0x0000000102600000) (1024K)]
  0x0000011ff3c30160 JavaThread "File watcher consumer"      daemon [_thread_blocked, id=16636, stack(0x0000000102800000,0x0000000102900000) (1024K)]
  0x0000011ff3c2edb0 JavaThread "gradle-enterprise-worker-0"        [_thread_blocked, id=6876, stack(0x0000000102a00000,0x0000000102b00000) (1024K)]
  0x0000011ff3c2fad0 JavaThread "Develocity resource usage"  daemon [_thread_blocked, id=3780, stack(0x0000000102900000,0x0000000102a00000) (1024K)]
  0x0000011ff3c31510 JavaThread "JNA Cleaner"                daemon [_thread_blocked, id=18072, stack(0x0000000102c00000,0x0000000102d00000) (1024K)]
  0x0000011ff3c33c70 JavaThread "build event listener"              [_thread_blocked, id=1372, stack(0x0000000103300000,0x0000000103400000) (1024K)]
  0x0000011ff3c32230 JavaThread "build event listener"              [_thread_blocked, id=15824, stack(0x0000000103400000,0x0000000103500000) (1024K)]
  0x0000011ff3c34300 JavaThread "build event listener"              [_thread_blocked, id=13552, stack(0x0000000103500000,0x0000000103600000) (1024K)]
  0x0000011ff3c34990 JavaThread "Build operations"                  [_thread_blocked, id=10724, stack(0x0000000103600000,0x0000000103700000) (1024K)]
  0x0000011ff3c35020 JavaThread "Build operations Thread 2"         [_thread_blocked, id=11276, stack(0x0000000103700000,0x0000000103800000) (1024K)]
  0x0000011ff3c31ba0 JavaThread "Memory manager"                    [_thread_blocked, id=2356, stack(0x0000000103800000,0x0000000103900000) (1024K)]
  0x0000011ff3c32f50 JavaThread "ForkJoinPool.commonPool-worker-1" daemon [_thread_blocked, id=17576, stack(0x0000000103900000,0x0000000103a00000) (1024K)]
  0x0000011ffb0427b0 JavaThread "ForkJoinPool.commonPool-worker-2" daemon [_thread_blocked, id=11200, stack(0x0000000103a00000,0x0000000103b00000) (1024K)]
  0x0000011ffb041a90 JavaThread "ForkJoinPool.commonPool-worker-3" daemon [_thread_blocked, id=17640, stack(0x0000000103b00000,0x0000000103c00000) (1024K)]
  0x0000011ffb042e40 JavaThread "Resource Usage Collector SystemCpu" daemon [_thread_blocked, id=17536, stack(0x0000000103c00000,0x0000000103d00000) (1024K)]
  0x0000011ffb0434d0 JavaThread "Resource Usage Collector Monitoring 0" daemon [_thread_blocked, id=16668, stack(0x0000000103d00000,0x0000000103e00000) (1024K)]
  0x0000011ffb042120 JavaThread "Resource Usage Collector Memory" daemon [_thread_blocked, id=15988, stack(0x0000000103e00000,0x0000000103f00000) (1024K)]
  0x0000011ffb040050 JavaThread "Resource Usage Collector Monitoring 1" daemon [_thread_blocked, id=11216, stack(0x0000000103f00000,0x0000000104000000) (1024K)]
  0x0000011ffb043b60 JavaThread "Resource Usage Collector NetworkSpeed" daemon [_thread_blocked, id=13328, stack(0x0000000104000000,0x0000000104100000) (1024K)]
  0x0000011ffb0406e0 JavaThread "Resource Usage Collector Monitoring 2" daemon [_thread_blocked, id=648, stack(0x0000000104100000,0x0000000104200000) (1024K)]
  0x0000011ffb0441f0 JavaThread "Resource Usage Collector DiskSpeed" daemon [_thread_in_native, id=2132, stack(0x0000000104200000,0x0000000104300000) (1024K)]
  0x0000011ffb044880 JavaThread "Resource Usage Collector Monitoring 3" daemon [_thread_blocked, id=5300, stack(0x0000000104300000,0x0000000104400000) (1024K)]
  0x0000011ffb041400 JavaThread "Resource Usage Collector Processes" daemon [_thread_blocked, id=12464, stack(0x0000000104400000,0x0000000104500000) (1024K)]
  0x0000011ffb046fe0 JavaThread "Resource Usage Collector Monitoring 4" daemon [_thread_blocked, id=16868, stack(0x0000000104500000,0x0000000104600000) (1024K)]
  0x0000011ffb047670 JavaThread "included builds"                   [_thread_blocked, id=16572, stack(0x0000000104600000,0x0000000104700000) (1024K)]
  0x0000011ffb044f10 JavaThread "Execution worker"                  [_thread_blocked, id=18032, stack(0x0000000104700000,0x0000000104800000) (1024K)]
  0x0000011ffb0455a0 JavaThread "Execution worker Thread 2"         [_thread_blocked, id=17332, stack(0x0000000104800000,0x0000000104900000) (1024K)]
  0x0000011ffb046950 JavaThread "Execution worker Thread 3"         [_thread_blocked, id=10380, stack(0x0000000104900000,0x0000000104a00000) (1024K)]
  0x0000011ffb045c30 JavaThread "Cache worker for execution history cache (C:\Users\Mbongeni\OneDrive\Documents\GitHub\Lost\.gradle\8.14.2\executionHistory)"        [_thread_blocked, id=12408, stack(0x0000000104a00000,0x0000000104b00000) (1024K)]
  0x0000011ff6bc21b0 JavaThread "Unconstrained build operations"        [_thread_blocked, id=8520, stack(0x0000000104b00000,0x0000000104c00000) (1024K)]
  0x0000011ff6bc4280 JavaThread "Unconstrained build operations Thread 2"        [_thread_blocked, id=16568, stack(0x0000000104c00000,0x0000000104d00000) (1024K)]
  0x0000011ff6bc1490 JavaThread "Unconstrained build operations Thread 3"        [_thread_blocked, id=17828, stack(0x0000000104d00000,0x0000000104e00000) (1024K)]
  0x0000011ff6bc3560 JavaThread "Unconstrained build operations Thread 4"        [_thread_blocked, id=17996, stack(0x0000000104e00000,0x0000000104f00000) (1024K)]
  0x0000011ff6bc4910 JavaThread "Unconstrained build operations Thread 5"        [_thread_blocked, id=8628, stack(0x0000000104f00000,0x0000000105000000) (1024K)]
  0x0000011ff6bc3bf0 JavaThread "Unconstrained build operations Thread 6"        [_thread_blocked, id=18220, stack(0x0000000105000000,0x0000000105100000) (1024K)]
  0x0000011ff6bc2840 JavaThread "Unconstrained build operations Thread 7"        [_thread_blocked, id=12140, stack(0x0000000105100000,0x0000000105200000) (1024K)]
  0x0000011ff6bc2ed0 JavaThread "Unconstrained build operations Thread 8"        [_thread_blocked, id=13532, stack(0x0000000105200000,0x0000000105300000) (1024K)]
  0x0000011ff6bc4fa0 JavaThread "Unconstrained build operations Thread 9"        [_thread_blocked, id=13196, stack(0x0000000105300000,0x0000000105400000) (1024K)]
  0x0000011ff6bc1b20 JavaThread "Unconstrained build operations Thread 10"        [_thread_blocked, id=16560, stack(0x0000000105400000,0x0000000105500000) (1024K)]
  0x0000011ff6bc7070 JavaThread "pool-2-thread-1"                   [_thread_blocked, id=4788, stack(0x0000000105500000,0x0000000105600000) (1024K)]
  0x0000011ff6bc8420 JavaThread "Unconstrained build operations Thread 11"        [_thread_blocked, id=16428, stack(0x0000000105600000,0x0000000105700000) (1024K)]
  0x0000011ff6bc5630 JavaThread "Unconstrained build operations Thread 12"        [_thread_blocked, id=15152, stack(0x0000000105700000,0x0000000105800000) (1024K)]
  0x0000011ff6bc8ab0 JavaThread "Unconstrained build operations Thread 13"        [_thread_blocked, id=18232, stack(0x0000000105800000,0x0000000105900000) (1024K)]
  0x0000011ff6bc69e0 JavaThread "Unconstrained build operations Thread 14"        [_thread_blocked, id=14300, stack(0x0000000105900000,0x0000000105a00000) (1024K)]
  0x0000011ff6410f90 JavaThread "Unconstrained build operations Thread 15"        [_thread_blocked, id=10412, stack(0x0000000105a00000,0x0000000105b00000) (1024K)]
  0x0000011ff6413060 JavaThread "Unconstrained build operations Thread 16"        [_thread_blocked, id=9252, stack(0x0000000105b00000,0x0000000105c00000) (1024K)]
  0x0000011ff6411620 JavaThread "Unconstrained build operations Thread 17"        [_thread_blocked, id=1480, stack(0x0000000105c00000,0x0000000105d00000) (1024K)]
  0x0000011ff6410270 JavaThread "Unconstrained build operations Thread 18"        [_thread_blocked, id=10436, stack(0x0000000105d00000,0x0000000105e00000) (1024K)]
  0x0000011ff6410900 JavaThread "Unconstrained build operations Thread 19"        [_thread_blocked, id=6888, stack(0x0000000105e00000,0x0000000105f00000) (1024K)]
  0x0000011ff640fbe0 JavaThread "Unconstrained build operations Thread 20"        [_thread_blocked, id=15692, stack(0x0000000105f00000,0x0000000106000000) (1024K)]
  0x0000011ff64136f0 JavaThread "Unconstrained build operations Thread 21"        [_thread_blocked, id=18228, stack(0x0000000106000000,0x0000000106100000) (1024K)]
  0x0000011ff6414410 JavaThread "Unconstrained build operations Thread 22"        [_thread_blocked, id=14832, stack(0x0000000106100000,0x0000000106200000) (1024K)]
  0x0000011ff6413d80 JavaThread "Unconstrained build operations Thread 23"        [_thread_blocked, id=2724, stack(0x0000000106200000,0x0000000106300000) (1024K)]
  0x0000011ff64129d0 JavaThread "Unconstrained build operations Thread 24"        [_thread_blocked, id=8048, stack(0x0000000106300000,0x0000000106400000) (1024K)]
  0x0000011ff6414aa0 JavaThread "Unconstrained build operations Thread 25"        [_thread_blocked, id=6608, stack(0x0000000106400000,0x0000000106500000) (1024K)]
  0x0000011ff6411cb0 JavaThread "Unconstrained build operations Thread 26"        [_thread_blocked, id=18184, stack(0x0000000106500000,0x0000000106600000) (1024K)]
  0x0000011ff6415130 JavaThread "Unconstrained build operations Thread 27"        [_thread_blocked, id=18292, stack(0x0000000106600000,0x0000000106700000) (1024K)]
  0x0000011ff64157c0 JavaThread "Unconstrained build operations Thread 28"        [_thread_blocked, id=10520, stack(0x0000000106700000,0x0000000106800000) (1024K)]
  0x0000011ff6412340 JavaThread "Unconstrained build operations Thread 29"        [_thread_blocked, id=17148, stack(0x0000000102d00000,0x0000000102e00000) (1024K)]
  0x0000011ff6415e50 JavaThread "Unconstrained build operations Thread 30"        [_thread_blocked, id=4640, stack(0x0000000106800000,0x0000000106900000) (1024K)]
  0x0000011ff64164e0 JavaThread "Unconstrained build operations Thread 31"        [_thread_blocked, id=16396, stack(0x0000000106900000,0x0000000106a00000) (1024K)]
  0x0000011ff6417200 JavaThread "Unconstrained build operations Thread 32"        [_thread_blocked, id=15088, stack(0x0000000106b00000,0x0000000106c00000) (1024K)]
  0x0000011ff6d98940 JavaThread "Unconstrained build operations Thread 33"        [_thread_blocked, id=12536, stack(0x0000000106c00000,0x0000000106d00000) (1024K)]
  0x0000011ff6d9b730 JavaThread "Unconstrained build operations Thread 34"        [_thread_blocked, id=9936, stack(0x0000000106d00000,0x0000000106e00000) (1024K)]
  0x0000011ff6d99660 JavaThread "Unconstrained build operations Thread 35"        [_thread_blocked, id=14280, stack(0x0000000106e00000,0x0000000106f00000) (1024K)]
  0x0000011ff6d9a380 JavaThread "Unconstrained build operations Thread 36"        [_thread_blocked, id=8796, stack(0x0000000106f00000,0x0000000107000000) (1024K)]
  0x0000011ff6d98fd0 JavaThread "Unconstrained build operations Thread 37"        [_thread_blocked, id=16964, stack(0x0000000107000000,0x0000000107100000) (1024K)]
  0x0000011ff6d9aa10 JavaThread "Unconstrained build operations Thread 38"        [_thread_blocked, id=5012, stack(0x0000000107100000,0x0000000107200000) (1024K)]
  0x0000011ff6d9b0a0 JavaThread "Unconstrained build operations Thread 39"        [_thread_blocked, id=12652, stack(0x0000000107200000,0x0000000107300000) (1024K)]
  0x0000011ff6d9bdc0 JavaThread "Unconstrained build operations Thread 40"        [_thread_blocked, id=15992, stack(0x0000000107300000,0x0000000107400000) (1024K)]
  0x0000011ff6d99cf0 JavaThread "WorkerExecutor Queue Thread 2"        [_thread_blocked, id=15400, stack(0x0000000102b00000,0x0000000102c00000) (1024K)]
  0x0000011ff6d9e520 JavaThread "WorkerExecutor Queue Thread 3"        [_thread_in_vm, id=6896, stack(0x0000000107500000,0x0000000107600000) (1024K)]
  0x0000011ff4a3b810 JavaThread "WorkerExecutor Queue Thread 4"        [_thread_in_vm, id=9196, stack(0x0000000107800000,0x0000000107900000) (1024K)]
  0x0000011ffb9d60e0 JavaThread "Periodic tasks thread"      daemon [_thread_blocked, id=15520, stack(0x0000000107a00000,0x0000000107b00000) (1024K)]
  0x0000011ffb9d5a50 JavaThread "ApplicationImpl pooled thread 1" daemon [_thread_blocked, id=17564, stack(0x0000000107b00000,0x0000000107c00000) (1024K)]
  0x0000011ffda69070 JavaThread "Java2D Disposer"            daemon [_thread_blocked, id=1992, stack(0x0000000107900000,0x0000000107a00000) (1024K)]
  0x0000011ffda69700 JavaThread "AWT-Windows"                daemon [_thread_in_native, id=15492, stack(0x0000000107d00000,0x0000000107e00000) (1024K)]
  0x0000011ffe9a07b0 JavaThread "RMI Scheduler(0)"           daemon [_thread_blocked, id=15952, stack(0x0000000107c00000,0x0000000107d00000) (1024K)]
  0x0000011ffe99d9c0 JavaThread "RMI GC Daemon"              daemon [_thread_blocked, id=10840, stack(0x0000000107f00000,0x0000000108000000) (1024K)]
  0x0000011ffe9a21f0 JavaThread "RMI TCP Accept-0"           daemon [_thread_in_native, id=15420, stack(0x0000000108000000,0x0000000108100000) (1024K)]
  0x0000011ffe9a14d0 JavaThread "RMI Reaper"                        [_thread_blocked, id=8900, stack(0x0000000108100000,0x0000000108200000) (1024K)]
  0x0000011ff4a39740 JavaThread "Cache worker for Java compile cache (C:\Users\Mbongeni\.gradle\caches\8.14.2\javaCompile)"        [_thread_blocked, id=13736, stack(0x0000000100100000,0x0000000100200000) (1024K)]
  0x0000011ff4a39dd0 JavaThread "Build operations Thread 3"         [_thread_blocked, id=15496, stack(0x0000000108300000,0x0000000108400000) (1024K)]
  0x0000011ff4a3a460 JavaThread "Build operations Thread 4"         [_thread_blocked, id=15548, stack(0x0000000108400000,0x0000000108500000) (1024K)]
  0x0000011ffe3fe940 JavaThread "WorkerExecutor Queue Thread 5"        [_thread_blocked, id=5100, stack(0x0000000106a00000,0x0000000106b00000) (1024K)]
  0x0000011ffe3fc870 JavaThread "DefaultDispatcher-worker-1" daemon [_thread_blocked, id=15448, stack(0x0000000108600000,0x0000000108700000) (1024K)]
  0x0000011ffe3fbb50 JavaThread "DefaultDispatcher-worker-2" daemon [_thread_blocked, id=15864, stack(0x0000000108700000,0x0000000108800000) (1024K)]
  0x0000011ffe3ffcf0 JavaThread "DefaultDispatcher-worker-3" daemon [_thread_blocked, id=10844, stack(0x0000000108800000,0x0000000108900000) (1024K)]
  0x0000011ffe3fd590 JavaThread "ForkJoinPool-1-worker-1"    daemon [_thread_blocked, id=14204, stack(0x0000000100400000,0x0000000100500000) (1024K)]
  0x0000011ffe4010a0 JavaThread "ForkJoinPool-1-worker-2"    daemon [_thread_blocked, id=14628, stack(0x0000000108500000,0x0000000108600000) (1024K)]
  0x0000011ffe3fdc20 JavaThread "ForkJoinPool-1-worker-3"    daemon [_thread_blocked, id=11116, stack(0x0000000108900000,0x0000000108a00000) (1024K)]
  0x0000011ffe403e90 JavaThread "ForkJoinPool-1-worker-4"    daemon [_thread_blocked, id=4476, stack(0x0000000108a00000,0x0000000108b00000) (1024K)]
  0x0000011ffda6d210 JavaThread "Periodic tasks thread"      daemon [_thread_blocked, id=3432, stack(0x0000000103200000,0x0000000103300000) (1024K)]
  0x0000011ffe404bb0 JavaThread "ApplicationImpl pooled thread 1"        [_thread_blocked, id=3932, stack(0x0000000107e00000,0x0000000107f00000) (1024K)]
  0x0000011ffc81e450 JavaThread "C2 CompilerThread1"         daemon [_thread_in_native, id=5656, stack(0x0000000103100000,0x0000000103200000) (1024K)]
Total: 123

Other Threads:
  0x0000011feb48f5f0 VMThread "VM Thread"                           [id=4632, stack(0x0000000100800000,0x0000000100900000) (1024K)]
  0x0000011feb3cba00 WatcherThread "VM Periodic Task Thread"        [id=8660, stack(0x0000000100700000,0x0000000100800000) (1024K)]
  0x0000011fd01a3860 WorkerThread "GC Thread#0"                     [id=15708, stack(0x0000000100600000,0x0000000100700000) (1024K)]
  0x0000011ff0b91740 WorkerThread "GC Thread#1"                     [id=16036, stack(0x0000000101400000,0x0000000101500000) (1024K)]
  0x0000011ff0b91ae0 WorkerThread "GC Thread#2"                     [id=8156, stack(0x0000000101500000,0x0000000101600000) (1024K)]
  0x0000011ff0b91e80 WorkerThread "GC Thread#3"                     [id=14192, stack(0x0000000101600000,0x0000000101700000) (1024K)]
Total: 6

Threads with active compile tasks:
C2 CompilerThread0  386025 48431   !   4       com.android.tools.r8.graph.M3::a (699 bytes)
C2 CompilerThread1  386025 48479       4       org.jetbrains.kotlin.fir.declarations.FirTowerDataContext::addNonLocalTowerDataElements (432 bytes)
Total: 2

VM state: not at safepoint (normal execution)

VM Mutex/Monitor currently owned by a thread: None

Heap address: 0x0000000700000000, size: 4096 MB, Compressed Oops mode: Zero based, Oop shift amount: 3

CDS archive(s) not mapped
Compressed class space mapped at: 0x0000000800000000-0x0000000840000000, reserved size: 1073741824
Narrow klass base: 0x0000000800000000, Narrow klass shift: 0, Narrow klass range: 0x40000000

GC Precious Log:
 CardTable entry size: 512
 CPUs: 4 total, 4 available
 Memory: 8025M
 Large Page Support: Disabled
 NUMA Support: Disabled
 Compressed Oops: Enabled (Zero based)
 Alignments: Space 512K, Generation 512K, Heap 2M
 Heap Min Capacity: 8M
 Heap Initial Capacity: 126M
 Heap Max Capacity: 4G
 Pre-touch: Disabled
 Parallel Workers: 4

Heap:
 PSYoungGen      total 1001984K, used 122069K [0x00000007aab00000, 0x00000007f1080000, 0x0000000800000000)
  eden space 851456K, 4% used [0x00000007aab00000,0x00000007acf28108,0x00000007dea80000)
  from space 150528K, 56% used [0x00000007e7d80000,0x00000007ed08d408,0x00000007f1080000)
  to   space 28160K, 0% used [0x00000007dea80000,0x00000007dea80000,0x00000007e0600000)
 ParOldGen       total 943616K, used 939637K [0x0000000700000000, 0x0000000739980000, 0x00000007aab00000)
  object space 943616K, 99% used [0x0000000700000000,0x000000073959d678,0x0000000739980000)
 Metaspace       used 292691K, committed 295680K, reserved 1310720K
  class space    used 35779K, committed 37376K, reserved 1048576K

Card table byte_map: [0x0000011fe22e0000,0x0000011fe2af0000] _byte_map_base: 0x0000011fdeae0000

Marking Bits: (ParMarkBitMap*) 0x00007ffbeaf03300
 Begin Bits: [0x0000011fe2af0000, 0x0000011fe6af0000)
 End Bits:   [0x0000011fe6af0000, 0x0000011feaaf0000)

Polling page: 0x0000011fce000000

Metaspace:

Usage:
  Non-class:    250.89 MB used.
      Class:     34.94 MB used.
       Both:    285.83 MB used.

Virtual space:
  Non-class space:      256.00 MB reserved,     252.25 MB ( 99%) committed,  4 nodes.
      Class space:        1.00 GB reserved,      36.50 MB (  4%) committed,  1 nodes.
             Both:        1.25 GB reserved,     288.75 MB ( 23%) committed. 

Chunk freelists:
   Non-Class:  3.80 MB
       Class:  11.47 MB
        Both:  15.27 MB

MaxMetaspaceSize: unlimited
CompressedClassSpaceSize: 1.00 GB
Initial GC threshold: 21.00 MB
Current GC threshold: 473.88 MB
CDS: off
 - commit_granule_bytes: 65536.
 - commit_granule_words: 8192.
 - virtual_space_node_default_size: 8388608.
 - enlarge_chunks_in_place: 1.
 - use_allocation_guard: 0.


Internal statistics:

num_allocs_failed_limit: 12.
num_arena_births: 6140.
num_arena_deaths: 72.
num_vsnodes_births: 5.
num_vsnodes_deaths: 0.
num_space_committed: 4631.
num_space_uncommitted: 9.
num_chunks_returned_to_freelist: 173.
num_chunks_taken_from_freelist: 19472.
num_chunk_merges: 40.
num_chunk_splits: 12761.
num_chunks_enlarged: 8046.
num_inconsistent_stats: 0.

CodeHeap 'non-profiled nmethods': size=120000Kb used=21657Kb max_used=31653Kb free=98342Kb
 bounds [0x0000011fdadb0000, 0x0000011fdccc0000, 0x0000011fe22e0000]
CodeHeap 'profiled nmethods': size=120000Kb used=49755Kb max_used=75454Kb free=70245Kb
 bounds [0x0000011fd32e0000, 0x0000011fd7ca0000, 0x0000011fda810000]
CodeHeap 'non-nmethods': size=5760Kb used=2208Kb max_used=2296Kb free=3551Kb
 bounds [0x0000011fda810000, 0x0000011fdaa80000, 0x0000011fdadb0000]
 total_blobs=20455 nmethods=19112 adapters=1244
 compilation: enabled
              stopped_count=0, restarted_count=0
 full_count=0

Compilation events (20 events):
Event: 385.933 Thread 0x0000011feb4e6080 nmethod 48465 0x0000011fd4574790 code [0x0000011fd45749e0, 0x0000011fd45752b8]
Event: 385.933 Thread 0x0000011feb4e6080 48467       3       org.jetbrains.kotlin.analysis.low.level.api.fir.file.structure.KtToFirMapping$Companion::getFir (626 bytes)
Event: 385.939 Thread 0x0000011ffc81e450 48470       4       org.jetbrains.kotlin.psi.KtBlockExpression::getParent (18 bytes)
Event: 385.944 Thread 0x0000011feb4e6080 nmethod 48467 0x0000011fd5a48290 code [0x0000011fd5a49580, 0x0000011fd5a56a38]
Event: 385.944 Thread 0x0000011feb4e6080 48466       3       org.jetbrains.kotlin.analysis.low.level.api.fir.file.structure.FileStructure::getStructureKtElement (109 bytes)
Event: 385.945 Thread 0x0000011feb4e6080 nmethod 48466 0x0000011fd5b25290 code [0x0000011fd5b25580, 0x0000011fd5b269d0]
Event: 385.945 Thread 0x0000011feb4e6080 48469       3       org.jetbrains.kotlin.psi.KtPsiUtil::safeDeparenthesize (32 bytes)
Event: 385.946 Thread 0x0000011feb4e6080 nmethod 48469 0x0000011fd481a010 code [0x0000011fd481a200, 0x0000011fd481a550]
Event: 385.946 Thread 0x0000011feb4e6080 48468       3       org.jetbrains.kotlin.fir.symbols.impl.FirCallableSymbol::getResolvedReturnTypeRef (24 bytes)
Event: 385.946 Thread 0x0000011feb4e6080 nmethod 48468 0x0000011fd74b5290 code [0x0000011fd74b54e0, 0x0000011fd74b5d78]
Event: 385.952 Thread 0x0000011feb4e6080 48471       3       com.intellij.psi.search.PsiSearchScopeUtil::isInScope (152 bytes)
Event: 385.954 Thread 0x0000011feb4e6080 nmethod 48471 0x0000011fd48b0690 code [0x0000011fd48b0a40, 0x0000011fd48b1e20]
Event: 385.955 Thread 0x0000011feb4e6080 48472       3       kotlin.sequences.SequencesKt___SequencesKt::lastOrNull (52 bytes)
Event: 385.956 Thread 0x0000011feb4e6080 nmethod 48472 0x0000011fd5db6310 code [0x0000011fd5db65a0, 0x0000011fd5db7030]
Event: 385.957 Thread 0x0000011feb4e6080 48473       3       com.intellij.psi.search.PsiSearchScopeUtil::isInScope (45 bytes)
Event: 385.958 Thread 0x0000011feb4e6080 nmethod 48473 0x0000011fd56d7d90 code [0x0000011fd56d7f80, 0x0000011fd56d84d8]
Event: 385.958 Thread 0x0000011ffc81e450 nmethod 48470 0x0000011fdb442490 code [0x0000011fdb4427a0, 0x0000011fdb443338]
Event: 385.960 Thread 0x0000011feb4e6080 48474       3       kotlin.sequences.TransformingSequence$iterator$1::next (22 bytes)
Event: 385.961 Thread 0x0000011feb4e6080 nmethod 48474 0x0000011fd4bc2010 code [0x0000011fd4bc21e0, 0x0000011fd4bc24b8]
Event: 385.964 Thread 0x0000011feb4e6080 48475       3       org.jetbrains.kotlin.analysis.low.level.api.fir.transformers.LLFirImplicitTypesLazyResolver::phaseSpecificCheckIsResolved (58 bytes)

GC Heap History (20 events):
Event: 246.537 GC heap before
{Heap before GC invocations=69 (full 8):
 PSYoungGen      total 849408K, used 43505K [0x00000007aab00000, 0x00000007e7980000, 0x0000000800000000)
  eden space 695296K, 0% used [0x00000007aab00000,0x00000007aab00000,0x00000007d5200000)
  from space 154112K, 28% used [0x00000007d5200000,0x00000007d7c7c418,0x00000007de880000)
  to   space 146944K, 0% used [0x00000007dea00000,0x00000007dea00000,0x00000007e7980000)
 ParOldGen       total 645120K, used 644829K [0x0000000700000000, 0x0000000727600000, 0x00000007aab00000)
  object space 645120K, 99% used [0x0000000700000000,0x00000007275b76d8,0x0000000727600000)
 Metaspace       used 245689K, committed 248640K, reserved 1310720K
  class space    used 30171K, committed 31744K, reserved 1048576K
}
Event: 248.306 GC heap after
{Heap after GC invocations=69 (full 8):
 PSYoungGen      total 849408K, used 25459K [0x00000007aab00000, 0x00000007e7980000, 0x0000000800000000)
  eden space 695296K, 0% used [0x00000007aab00000,0x00000007aab00000,0x00000007d5200000)
  from space 154112K, 16% used [0x00000007d5200000,0x00000007d6adced8,0x00000007de880000)
  to   space 146944K, 0% used [0x00000007dea00000,0x00000007dea00000,0x00000007e7980000)
 ParOldGen       total 645120K, used 644902K [0x0000000700000000, 0x0000000727600000, 0x00000007aab00000)
  object space 645120K, 99% used [0x0000000700000000,0x00000007275c9b20,0x0000000727600000)
 Metaspace       used 245689K, committed 248640K, reserved 1310720K
  class space    used 30171K, committed 31744K, reserved 1048576K
}
Event: 266.227 GC heap before
{Heap before GC invocations=70 (full 8):
 PSYoungGen      total 849408K, used 720755K [0x00000007aab00000, 0x00000007e7980000, 0x0000000800000000)
  eden space 695296K, 100% used [0x00000007aab00000,0x00000007d5200000,0x00000007d5200000)
  from space 154112K, 16% used [0x00000007d5200000,0x00000007d6adced8,0x00000007de880000)
  to   space 146944K, 0% used [0x00000007dea00000,0x00000007dea00000,0x00000007e7980000)
 ParOldGen       total 645120K, used 644902K [0x0000000700000000, 0x0000000727600000, 0x00000007aab00000)
  object space 645120K, 99% used [0x0000000700000000,0x00000007275c9b20,0x0000000727600000)
 Metaspace       used 260663K, committed 263552K, reserved 1310720K
  class space    used 31963K, committed 33536K, reserved 1048576K
}
Event: 266.508 GC heap after
{Heap after GC invocations=70 (full 8):
 PSYoungGen      total 850432K, used 82766K [0x00000007aab00000, 0x00000007f0100000, 0x0000000800000000)
  eden space 703488K, 0% used [0x00000007aab00000,0x00000007aab00000,0x00000007d5a00000)
  from space 146944K, 56% used [0x00000007dea00000,0x00000007e3ad3ad8,0x00000007e7980000)
  to   space 147456K, 0% used [0x00000007d5a00000,0x00000007d5a00000,0x00000007dea00000)
 ParOldGen       total 665600K, used 665397K [0x0000000700000000, 0x0000000728a00000, 0x00000007aab00000)
  object space 665600K, 99% used [0x0000000700000000,0x00000007289cd578,0x0000000728a00000)
 Metaspace       used 260663K, committed 263552K, reserved 1310720K
  class space    used 31963K, committed 33536K, reserved 1048576K
}
Event: 278.053 GC heap before
{Heap before GC invocations=71 (full 8):
 PSYoungGen      total 850432K, used 786254K [0x00000007aab00000, 0x00000007f0100000, 0x0000000800000000)
  eden space 703488K, 100% used [0x00000007aab00000,0x00000007d5a00000,0x00000007d5a00000)
  from space 146944K, 56% used [0x00000007dea00000,0x00000007e3ad3ad8,0x00000007e7980000)
  to   space 147456K, 0% used [0x00000007d5a00000,0x00000007d5a00000,0x00000007dea00000)
 ParOldGen       total 665600K, used 665397K [0x0000000700000000, 0x0000000728a00000, 0x00000007aab00000)
  object space 665600K, 99% used [0x0000000700000000,0x00000007289cd578,0x0000000728a00000)
 Metaspace       used 269246K, committed 272192K, reserved 1310720K
  class space    used 32933K, committed 34496K, reserved 1048576K
}
Event: 278.378 GC heap after
{Heap after GC invocations=71 (full 8):
 PSYoungGen      total 850944K, used 100603K [0x00000007aab00000, 0x00000007f1780000, 0x0000000800000000)
  eden space 703488K, 0% used [0x00000007aab00000,0x00000007aab00000,0x00000007d5a00000)
  from space 147456K, 68% used [0x00000007d5a00000,0x00000007dbc3ecb8,0x00000007dea00000)
  to   space 154112K, 0% used [0x00000007e8100000,0x00000007e8100000,0x00000007f1780000)
 ParOldGen       total 734720K, used 734490K [0x0000000700000000, 0x000000072cd80000, 0x00000007aab00000)
  object space 734720K, 99% used [0x0000000700000000,0x000000072cd46b00,0x000000072cd80000)
 Metaspace       used 269246K, committed 272192K, reserved 1310720K
  class space    used 32933K, committed 34496K, reserved 1048576K
}
Event: 286.781 GC heap before
{Heap before GC invocations=72 (full 8):
 PSYoungGen      total 850944K, used 804091K [0x00000007aab00000, 0x00000007f1780000, 0x0000000800000000)
  eden space 703488K, 100% used [0x00000007aab00000,0x00000007d5a00000,0x00000007d5a00000)
  from space 147456K, 68% used [0x00000007d5a00000,0x00000007dbc3ecb8,0x00000007dea00000)
  to   space 154112K, 0% used [0x00000007e8100000,0x00000007e8100000,0x00000007f1780000)
 ParOldGen       total 734720K, used 734490K [0x0000000700000000, 0x000000072cd80000, 0x00000007aab00000)
  object space 734720K, 99% used [0x0000000700000000,0x000000072cd46b00,0x000000072cd80000)
 Metaspace       used 279209K, committed 282176K, reserved 1310720K
  class space    used 34202K, committed 35776K, reserved 1048576K
}
Event: 287.095 GC heap after
{Heap after GC invocations=72 (full 8):
 PSYoungGen      total 1002496K, used 83594K [0x00000007aab00000, 0x00000007f1480000, 0x0000000800000000)
  eden space 851456K, 0% used [0x00000007aab00000,0x00000007aab00000,0x00000007dea80000)
  from space 151040K, 55% used [0x00000007e8100000,0x00000007ed2a2b28,0x00000007f1480000)
  to   space 152576K, 0% used [0x00000007dea80000,0x00000007dea80000,0x00000007e7f80000)
 ParOldGen       total 823296K, used 823054K [0x0000000700000000, 0x0000000732400000, 0x00000007aab00000)
  object space 823296K, 99% used [0x0000000700000000,0x00000007323c38c0,0x0000000732400000)
 Metaspace       used 279209K, committed 282176K, reserved 1310720K
  class space    used 34202K, committed 35776K, reserved 1048576K
}
Event: 292.131 GC heap before
{Heap before GC invocations=73 (full 8):
 PSYoungGen      total 1002496K, used 319970K [0x00000007aab00000, 0x00000007f1480000, 0x0000000800000000)
  eden space 851456K, 27% used [0x00000007aab00000,0x00000007b91d5f40,0x00000007dea80000)
  from space 151040K, 55% used [0x00000007e8100000,0x00000007ed2a2b28,0x00000007f1480000)
  to   space 152576K, 0% used [0x00000007dea80000,0x00000007dea80000,0x00000007e7f80000)
 ParOldGen       total 823296K, used 823054K [0x0000000700000000, 0x0000000732400000, 0x00000007aab00000)
  object space 823296K, 99% used [0x0000000700000000,0x00000007323c38c0,0x0000000732400000)
 Metaspace       used 282088K, committed 284992K, reserved 1310720K
  class space    used 34611K, committed 36160K, reserved 1048576K
}
Event: 292.316 GC heap after
{Heap after GC invocations=73 (full 8):
 PSYoungGen      total 879616K, used 28090K [0x00000007aab00000, 0x00000007f1080000, 0x0000000800000000)
  eden space 851456K, 0% used [0x00000007aab00000,0x00000007aab00000,0x00000007dea80000)
  from space 28160K, 99% used [0x00000007dea80000,0x00000007e05eea70,0x00000007e0600000)
  to   space 150528K, 0% used [0x00000007e7d80000,0x00000007e7d80000,0x00000007f1080000)
 ParOldGen       total 898560K, used 898298K [0x0000000700000000, 0x0000000736d80000, 0x00000007aab00000)
  object space 898560K, 99% used [0x0000000700000000,0x0000000736d3e890,0x0000000736d80000)
 Metaspace       used 282088K, committed 284992K, reserved 1310720K
  class space    used 34611K, committed 36160K, reserved 1048576K
}
Event: 292.316 GC heap before
{Heap before GC invocations=74 (full 9):
 PSYoungGen      total 879616K, used 28090K [0x00000007aab00000, 0x00000007f1080000, 0x0000000800000000)
  eden space 851456K, 0% used [0x00000007aab00000,0x00000007aab00000,0x00000007dea80000)
  from space 28160K, 99% used [0x00000007dea80000,0x00000007e05eea70,0x00000007e0600000)
  to   space 150528K, 0% used [0x00000007e7d80000,0x00000007e7d80000,0x00000007f1080000)
 ParOldGen       total 898560K, used 898298K [0x0000000700000000, 0x0000000736d80000, 0x00000007aab00000)
  object space 898560K, 99% used [0x0000000700000000,0x0000000736d3e890,0x0000000736d80000)
 Metaspace       used 282088K, committed 284992K, reserved 1310720K
  class space    used 34611K, committed 36160K, reserved 1048576K
}
Event: 295.963 GC heap after
{Heap after GC invocations=74 (full 9):
 PSYoungGen      total 879616K, used 0K [0x00000007aab00000, 0x00000007f1080000, 0x0000000800000000)
  eden space 851456K, 0% used [0x00000007aab00000,0x00000007aab00000,0x00000007dea80000)
  from space 28160K, 0% used [0x00000007dea80000,0x00000007dea80000,0x00000007e0600000)
  to   space 150528K, 0% used [0x00000007e7d80000,0x00000007e7d80000,0x00000007f1080000)
 ParOldGen       total 898560K, used 893657K [0x0000000700000000, 0x0000000736d80000, 0x00000007aab00000)
  object space 898560K, 99% used [0x0000000700000000,0x00000007368b6678,0x0000000736d80000)
 Metaspace       used 282088K, committed 284992K, reserved 1310720K
  class space    used 34611K, committed 36160K, reserved 1048576K
}
Event: 337.481 GC heap before
{Heap before GC invocations=75 (full 9):
 PSYoungGen      total 879616K, used 851456K [0x00000007aab00000, 0x00000007f1080000, 0x0000000800000000)
  eden space 851456K, 100% used [0x00000007aab00000,0x00000007dea80000,0x00000007dea80000)
  from space 28160K, 0% used [0x00000007dea80000,0x00000007dea80000,0x00000007e0600000)
  to   space 150528K, 0% used [0x00000007e7d80000,0x00000007e7d80000,0x00000007f1080000)
 ParOldGen       total 898560K, used 893657K [0x0000000700000000, 0x0000000736d80000, 0x00000007aab00000)
  object space 898560K, 99% used [0x0000000700000000,0x00000007368b6678,0x0000000736d80000)
 Metaspace       used 287982K, committed 290944K, reserved 1310720K
  class space    used 35255K, committed 36864K, reserved 1048576K
}
Event: 337.670 GC heap after
{Heap after GC invocations=75 (full 9):
 PSYoungGen      total 1001984K, used 74342K [0x00000007aab00000, 0x00000007f1080000, 0x0000000800000000)
  eden space 851456K, 0% used [0x00000007aab00000,0x00000007aab00000,0x00000007dea80000)
  from space 150528K, 49% used [0x00000007e7d80000,0x00000007ec619b70,0x00000007f1080000)
  to   space 28160K, 0% used [0x00000007dea80000,0x00000007dea80000,0x00000007e0600000)
 ParOldGen       total 898560K, used 893665K [0x0000000700000000, 0x0000000736d80000, 0x00000007aab00000)
  object space 898560K, 99% used [0x0000000700000000,0x00000007368b8678,0x0000000736d80000)
 Metaspace       used 287982K, committed 290944K, reserved 1310720K
  class space    used 35255K, committed 36864K, reserved 1048576K
}
Event: 340.147 GC heap before
{Heap before GC invocations=76 (full 9):
 PSYoungGen      total 1001984K, used 130203K [0x00000007aab00000, 0x00000007f1080000, 0x0000000800000000)
  eden space 851456K, 6% used [0x00000007aab00000,0x00000007ae18d2f0,0x00000007dea80000)
  from space 150528K, 49% used [0x00000007e7d80000,0x00000007ec619b70,0x00000007f1080000)
  to   space 28160K, 0% used [0x00000007dea80000,0x00000007dea80000,0x00000007e0600000)
 ParOldGen       total 898560K, used 893665K [0x0000000700000000, 0x0000000736d80000, 0x00000007aab00000)
  object space 898560K, 99% used [0x0000000700000000,0x00000007368b8678,0x0000000736d80000)
 Metaspace       used 288146K, committed 291136K, reserved 1310720K
  class space    used 35266K, committed 36864K, reserved 1048576K
}
Event: 340.221 GC heap after
{Heap after GC invocations=76 (full 9):
 PSYoungGen      total 879616K, used 4416K [0x00000007aab00000, 0x00000007f1080000, 0x0000000800000000)
  eden space 851456K, 0% used [0x00000007aab00000,0x00000007aab00000,0x00000007dea80000)
  from space 28160K, 15% used [0x00000007dea80000,0x00000007deed0000,0x00000007e0600000)
  to   space 150528K, 0% used [0x00000007e7d80000,0x00000007e7d80000,0x00000007f1080000)
 ParOldGen       total 943616K, used 943202K [0x0000000700000000, 0x0000000739980000, 0x00000007aab00000)
  object space 943616K, 99% used [0x0000000700000000,0x0000000739918b28,0x0000000739980000)
 Metaspace       used 288146K, committed 291136K, reserved 1310720K
  class space    used 35266K, committed 36864K, reserved 1048576K
}
Event: 340.221 GC heap before
{Heap before GC invocations=77 (full 10):
 PSYoungGen      total 879616K, used 4416K [0x00000007aab00000, 0x00000007f1080000, 0x0000000800000000)
  eden space 851456K, 0% used [0x00000007aab00000,0x00000007aab00000,0x00000007dea80000)
  from space 28160K, 15% used [0x00000007dea80000,0x00000007deed0000,0x00000007e0600000)
  to   space 150528K, 0% used [0x00000007e7d80000,0x00000007e7d80000,0x00000007f1080000)
 ParOldGen       total 943616K, used 943202K [0x0000000700000000, 0x0000000739980000, 0x00000007aab00000)
  object space 943616K, 99% used [0x0000000700000000,0x0000000739918b28,0x0000000739980000)
 Metaspace       used 288146K, committed 291136K, reserved 1310720K
  class space    used 35266K, committed 36864K, reserved 1048576K
}
Event: 345.033 GC heap after
{Heap after GC invocations=77 (full 10):
 PSYoungGen      total 879616K, used 0K [0x00000007aab00000, 0x00000007f1080000, 0x0000000800000000)
  eden space 851456K, 0% used [0x00000007aab00000,0x00000007aab00000,0x00000007dea80000)
  from space 28160K, 0% used [0x00000007dea80000,0x00000007dea80000,0x00000007e0600000)
  to   space 150528K, 0% used [0x00000007e7d80000,0x00000007e7d80000,0x00000007f1080000)
 ParOldGen       total 943616K, used 939629K [0x0000000700000000, 0x0000000739980000, 0x00000007aab00000)
  object space 943616K, 99% used [0x0000000700000000,0x000000073959b678,0x0000000739980000)
 Metaspace       used 288118K, committed 291136K, reserved 1310720K
  class space    used 35259K, committed 36864K, reserved 1048576K
}
Event: 384.874 GC heap before
{Heap before GC invocations=78 (full 10):
 PSYoungGen      total 879616K, used 851456K [0x00000007aab00000, 0x00000007f1080000, 0x0000000800000000)
  eden space 851456K, 100% used [0x00000007aab00000,0x00000007dea80000,0x00000007dea80000)
  from space 28160K, 0% used [0x00000007dea80000,0x00000007dea80000,0x00000007e0600000)
  to   space 150528K, 0% used [0x00000007e7d80000,0x00000007e7d80000,0x00000007f1080000)
 ParOldGen       total 943616K, used 939629K [0x0000000700000000, 0x0000000739980000, 0x00000007aab00000)
  object space 943616K, 99% used [0x0000000700000000,0x000000073959b678,0x0000000739980000)
 Metaspace       used 292468K, committed 295424K, reserved 1310720K
  class space    used 35749K, committed 37312K, reserved 1048576K
}
Event: 385.117 GC heap after
{Heap after GC invocations=78 (full 10):
 PSYoungGen      total 1001984K, used 85045K [0x00000007aab00000, 0x00000007f1080000, 0x0000000800000000)
  eden space 851456K, 0% used [0x00000007aab00000,0x00000007aab00000,0x00000007dea80000)
  from space 150528K, 56% used [0x00000007e7d80000,0x00000007ed08d408,0x00000007f1080000)
  to   space 28160K, 0% used [0x00000007dea80000,0x00000007dea80000,0x00000007e0600000)
 ParOldGen       total 943616K, used 939637K [0x0000000700000000, 0x0000000739980000, 0x00000007aab00000)
  object space 943616K, 99% used [0x0000000700000000,0x000000073959d678,0x0000000739980000)
 Metaspace       used 292468K, committed 295424K, reserved 1310720K
  class space    used 35749K, committed 37312K, reserved 1048576K
}

Dll operation events (4 events):
Event: 0.031 Loaded shared library C:\Program Files\Android\Android Studio1\jbr\bin\java.dll
Event: 0.040 Loaded shared library C:\Program Files\Android\Android Studio1\jbr\bin\zip.dll
Event: 2.688 Loaded shared library C:\Program Files\Android\Android Studio1\jbr\bin\verify.dll
Event: 205.447 Unloaded dll "C:\Users\Mbongeni\AppData\Local\Temp\sqlite-3.41.2.2-4a7bf3db-848e-4676-aa05-692fc69f4adb-sqlitejdbc.dll" [0x00007ffbf92a0000]

Deoptimization events (20 events):
Event: 385.783 Thread 0x0000011ff6d9e520 Uncommon trap: trap_request=0xffffffde fr.pc=0x0000011fdba372cc relative=0x0000000000001b0c
Event: 385.783 Thread 0x0000011ff6d9e520 Uncommon trap: reason=class_check action=maybe_recompile pc=0x0000011fdba372cc method=com.android.tools.r8.graph.K3.a(Lcom/android/tools/r8/graph/C3$i;Lcom/android/tools/r8/graph/H3$a;)Lcom/android/tools/r8/graph/M3$a; @ 60 c2
Event: 385.783 Thread 0x0000011ff6d9e520 DEOPT PACKING pc=0x0000011fdba372cc sp=0x00000001075fdc10
Event: 385.783 Thread 0x0000011ff6d9e520 DEOPT UNPACKING pc=0x0000011fda863aa2 sp=0x00000001075fdae8 mode 2
Event: 385.798 Thread 0x0000011ff4a3b810 Uncommon trap: trap_request=0xffffff45 fr.pc=0x0000011fdba87710 relative=0x0000000000001f10
Event: 385.798 Thread 0x0000011ff4a3b810 Uncommon trap: reason=unstable_if action=reinterpret pc=0x0000011fdba87710 method=com.intellij.openapi.util.text.StringUtil.isJavaIdentifier(Ljava/lang/String;)Z @ 31 c2
Event: 385.799 Thread 0x0000011ff4a3b810 DEOPT PACKING pc=0x0000011fdba87710 sp=0x00000001078fadf0
Event: 385.799 Thread 0x0000011ff4a3b810 DEOPT UNPACKING pc=0x0000011fda863aa2 sp=0x00000001078faba0 mode 2
Event: 385.848 Thread 0x0000011ff4a3b810 Uncommon trap: trap_request=0xffffffbe fr.pc=0x0000011fdbb28254 relative=0x0000000000002b94
Event: 385.848 Thread 0x0000011ff4a3b810 Uncommon trap: reason=profile_predicate action=maybe_recompile pc=0x0000011fdbb28254 method=org.jetbrains.kotlin.fir.declarations.FirTowerDataContext.addNonLocalTowerDataElements(Ljava/util/List;)Lorg/jetbrains/kotlin/fir/declarations/FirTowerDataContext;
Event: 385.848 Thread 0x0000011ff4a3b810 DEOPT PACKING pc=0x0000011fdbb28254 sp=0x00000001078fb8f0
Event: 385.848 Thread 0x0000011ff4a3b810 DEOPT UNPACKING pc=0x0000011fda863aa2 sp=0x00000001078fb830 mode 2
Event: 385.882 Thread 0x0000011ff4a3b810 Uncommon trap: trap_request=0xffffffbe fr.pc=0x0000011fdbb28254 relative=0x0000000000002b94
Event: 385.882 Thread 0x0000011ff4a3b810 Uncommon trap: reason=profile_predicate action=maybe_recompile pc=0x0000011fdbb28254 method=org.jetbrains.kotlin.fir.declarations.FirTowerDataContext.addNonLocalTowerDataElements(Ljava/util/List;)Lorg/jetbrains/kotlin/fir/declarations/FirTowerDataContext;
Event: 385.882 Thread 0x0000011ff4a3b810 DEOPT PACKING pc=0x0000011fdbb28254 sp=0x00000001078fb8d0
Event: 385.882 Thread 0x0000011ff4a3b810 DEOPT UNPACKING pc=0x0000011fda863aa2 sp=0x00000001078fb810 mode 2
Event: 385.898 Thread 0x0000011ff4a3b810 Uncommon trap: trap_request=0xffffffc6 fr.pc=0x0000011fdbd22a9c relative=0x00000000000000bc
Event: 385.898 Thread 0x0000011ff4a3b810 Uncommon trap: reason=bimorphic_or_optimized_type_check action=maybe_recompile pc=0x0000011fdbd22a9c method=org.jetbrains.kotlin.fir.resolve.substitution.ConeSubstitutorByMap$Companion.create(Ljava/util/Map;Lorg/jetbrains/kotlin/fir/FirSession;Z)Lorg/jetb
Event: 385.898 Thread 0x0000011ff4a3b810 DEOPT PACKING pc=0x0000011fdbd22a9c sp=0x00000001078fc510
Event: 385.898 Thread 0x0000011ff4a3b810 DEOPT UNPACKING pc=0x0000011fda863aa2 sp=0x00000001078fc3a0 mode 2

Classes loaded (20 events):
Event: 232.070 Loading class org/xml/sax/ext/LexicalHandler done
Event: 232.070 Loading class org/xml/sax/ext/DeclHandler
Event: 232.070 Loading class org/xml/sax/ext/DeclHandler done
Event: 232.070 Loading class org/xml/sax/ext/DefaultHandler2 done
Event: 232.086 Loading class com/sun/org/apache/xerces/internal/dom/ParentNode$UserDataRecord
Event: 232.087 Loading class com/sun/org/apache/xerces/internal/dom/ParentNode$UserDataRecord done
Event: 232.088 Loading class com/sun/org/apache/xerces/internal/util/EntityResolver2Wrapper
Event: 232.089 Loading class com/sun/org/apache/xerces/internal/util/EntityResolver2Wrapper done
Event: 240.770 Loading class java/util/EnumMap$Values
Event: 240.770 Loading class java/util/EnumMap$Values done
Event: 240.770 Loading class java/util/EnumMap$ValueIterator
Event: 240.771 Loading class java/util/EnumMap$ValueIterator done
Event: 240.820 Loading class java/nio/file/ProviderNotFoundException
Event: 240.820 Loading class java/nio/file/ProviderNotFoundException done
Event: 279.690 Loading class java/util/AbstractList$RandomAccessSpliterator
Event: 279.691 Loading class java/util/AbstractList$RandomAccessSpliterator done
Event: 377.408 Loading class java/util/IdentityHashMap$EntryIterator
Event: 377.423 Loading class java/util/IdentityHashMap$EntryIterator done
Event: 377.589 Loading class java/util/IdentityHashMap$EntryIterator$Entry
Event: 377.594 Loading class java/util/IdentityHashMap$EntryIterator$Entry done

Classes unloaded (20 events):
Event: 203.216 Thread 0x0000011feb48f5f0 Unloading class 0x000000080155c540 'androidx/room/compiler/processing/XProcessingStep'
Event: 203.216 Thread 0x0000011feb48f5f0 Unloading class 0x000000080155c2a0 'androidx/room/RoomKspProcessor'
Event: 203.216 Thread 0x0000011feb48f5f0 Unloading class 0x000000080155c000 'androidx/room/compiler/processing/ksp/KspBasicAnnotationProcessor'
Event: 203.216 Thread 0x0000011feb48f5f0 Unloading class 0x000000080105cc60 'androidx/room/compiler/processing/XBasicAnnotationProcessor'
Event: 203.216 Thread 0x0000011feb48f5f0 Unloading class 0x000000080105ca30 'com/bumptech/glide/annotation/ksp/GlideSymbolProcessorProvider'
Event: 203.216 Thread 0x0000011feb48f5f0 Unloading class 0x000000080105c800 'androidx/room/RoomKspProcessor$Provider'
Event: 341.207 Thread 0x0000011feb48f5f0 Unloading class 0x00000008023d8800 'java/lang/invoke/LambdaForm$MH+0x00000008023d8800'
Event: 341.207 Thread 0x0000011feb48f5f0 Unloading class 0x00000008023d8400 'java/lang/invoke/LambdaForm$MH+0x00000008023d8400'
Event: 341.207 Thread 0x0000011feb48f5f0 Unloading class 0x00000008023d7c00 'java/lang/invoke/LambdaForm$MH+0x00000008023d7c00'
Event: 341.207 Thread 0x0000011feb48f5f0 Unloading class 0x00000008023d7800 'java/lang/invoke/LambdaForm$MH+0x00000008023d7800'
Event: 341.207 Thread 0x0000011feb48f5f0 Unloading class 0x00000008023d7400 'java/lang/invoke/LambdaForm$MH+0x00000008023d7400'
Event: 341.207 Thread 0x0000011feb48f5f0 Unloading class 0x00000008023d7000 'java/lang/invoke/LambdaForm$MH+0x00000008023d7000'
Event: 341.207 Thread 0x0000011feb48f5f0 Unloading class 0x00000008023d6c00 'java/lang/invoke/LambdaForm$MH+0x00000008023d6c00'
Event: 341.207 Thread 0x0000011feb48f5f0 Unloading class 0x00000008023d6000 'java/lang/invoke/LambdaForm$MH+0x00000008023d6000'
Event: 341.207 Thread 0x0000011feb48f5f0 Unloading class 0x00000008023d5c00 'java/lang/invoke/LambdaForm$MH+0x00000008023d5c00'
Event: 341.207 Thread 0x0000011feb48f5f0 Unloading class 0x00000008023d5800 'java/lang/invoke/LambdaForm$MH+0x00000008023d5800'
Event: 341.207 Thread 0x0000011feb48f5f0 Unloading class 0x00000008023d5000 'java/lang/invoke/LambdaForm$MH+0x00000008023d5000'
Event: 341.207 Thread 0x0000011feb48f5f0 Unloading class 0x00000008023d4800 'java/lang/invoke/LambdaForm$MH+0x00000008023d4800'
Event: 341.207 Thread 0x0000011feb48f5f0 Unloading class 0x00000008023d4400 'java/lang/invoke/LambdaForm$MH+0x00000008023d4400'
Event: 341.207 Thread 0x0000011feb48f5f0 Unloading class 0x00000008023cc000 'java/lang/invoke/LambdaForm$DMH+0x00000008023cc000'

Classes redefined (0 events):
No events

Internal exceptions (20 events):
Event: 319.479 Thread 0x0000011ff6d9e520 Exception <a 'java/lang/NoSuchMethodError'{0x00000007c4e8e7c8}: 'void java.lang.invoke.DirectMethodHandle$Holder.invokeInterface(java.lang.Object, java.lang.Object, java.lang.Object, int)'> (0x00000007c4e8e7c8) 
thrown [s\src\hotspot\share\interpreter\linkResolver.cpp, line 784]
Event: 319.483 Thread 0x0000011ff6d9e520 Exception <a 'java/lang/NoSuchMethodError'{0x00000007c4e9ca10}: 'void java.lang.invoke.DirectMethodHandle$Holder.invokeStatic(java.lang.Object, java.lang.Object, java.lang.Object, int, java.lang.Object)'> (0x00000007c4e9ca10) 
thrown [s\src\hotspot\share\interpreter\linkResolver.cpp, line 784]
Event: 323.307 Thread 0x0000011ff4a3b810 Exception <a 'java/lang/NoSuchMethodError'{0x00000007c5c43dc8}: 'java.lang.Object java.lang.invoke.DirectMethodHandle$Holder.newInvokeSpecial(java.lang.Object, java.lang.Object, java.lang.Object, java.lang.Object, int, int)'> (0x00000007c5c43dc8) 
thrown [s\src\hotspot\share\interpreter\linkResolver.cpp, line 784]
Event: 323.310 Thread 0x0000011ffe3fdc20 Exception <a 'java/lang/IncompatibleClassChangeError'{0x00000007b474dbb0}: Found class java.lang.Object, but interface was expected> (0x00000007b474dbb0) 
thrown [s\src\hotspot\share\interpreter\linkResolver.cpp, line 851]
Event: 323.310 Thread 0x0000011ffe4010a0 Exception <a 'java/lang/IncompatibleClassChangeError'{0x00000007c5e6a990}: Found class java.lang.Object, but interface was expected> (0x00000007c5e6a990) 
thrown [s\src\hotspot\share\interpreter\linkResolver.cpp, line 851]
Event: 323.310 Thread 0x0000011ffe3fd590 Exception <a 'java/lang/IncompatibleClassChangeError'{0x00000007c5a85f20}: Found class java.lang.Object, but interface was expected> (0x00000007c5a85f20) 
thrown [s\src\hotspot\share\interpreter\linkResolver.cpp, line 851]
Event: 323.728 Thread 0x0000011ffe4010a0 Exception <a 'java/lang/IncompatibleClassChangeError'{0x00000007c5e92488}: Found class java.lang.Object, but interface was expected> (0x00000007c5e92488) 
thrown [s\src\hotspot\share\interpreter\linkResolver.cpp, line 851]
Event: 323.824 Thread 0x0000011ffe3fd590 Exception <a 'java/lang/NoSuchMethodError'{0x00000007c5b1dd50}: 'void java.lang.invoke.DirectMethodHandle$Holder.invokeSpecialIFC(java.lang.Object, java.lang.Object, java.lang.Object, java.lang.Object)'> (0x00000007c5b1dd50) 
thrown [s\src\hotspot\share\interpreter\linkResolver.cpp, line 784]
Event: 324.111 Thread 0x0000011ffe403e90 Exception <a 'java/lang/NoSuchMethodError'{0x00000007c58f10a8}: 'void java.lang.invoke.DirectMethodHandle$Holder.invokeSpecial(java.lang.Object, java.lang.Object, java.lang.Object, java.lang.Object, java.lang.Object, java.lang.Object, java.lang.Object, java.lang.Object, java.lang.Object)'> (0x00000007c58f10a8) 
thrown [s\src\hotspot\share\interpreter\linkResolver.cpp, line 784]
Event: 326.121 Thread 0x0000011ff3c31510 Implicit null exception at 0x0000011fdb7a1614 to 0x0000011fdb7a1ef4
Event: 326.653 Thread 0x0000011ff4a3b810 Implicit null exception at 0x0000011fdc0b8f0f to 0x0000011fdc0b8fe6
Event: 337.074 Thread 0x0000011ff4a3b810 Implicit null exception at 0x0000011fdc7a6344 to 0x0000011fdc7a70bc
Event: 354.694 Thread 0x0000011ff4a3b810 Exception <a 'java/lang/NoSuchMethodError'{0x00000007c2b4cc58}: 'java.lang.Object java.lang.invoke.DirectMethodHandle$Holder.invokeStatic(java.lang.Object, int, java.lang.Object, java.lang.Object, java.lang.Object, java.lang.Object, java.lang.Object)'> (0x00000007c2b4cc58) 
thrown [s\src\hotspot\share\interpreter\linkResolver.cpp, line 784]
Event: 368.720 Thread 0x0000011ff6d9e520 Implicit null exception at 0x0000011fdb0f78a8 to 0x0000011fdb0f8774
Event: 375.504 Thread 0x0000011ff6d9e520 Exception <a 'java/lang/ClassCastException'{0x00000007d5e96a00}: class kotlin.reflect.jvm.internal.ReflectionFactoryImpl cannot be cast to class com.android.tools.r8.internal.Uf0 (kotlin.reflect.jvm.internal.ReflectionFactoryImpl is in unnamed module of loader org.gradle.internal.classloader.VisitableURLClassLoader @86be70a; com.android.tools.r8.internal.Uf0 is in unnamed module of loader org.gradle.internal.classloader.VisitableURLClassLoader$InstrumentingVisitableURLClassLoader @49b5ae70)> (0x00000007d5e
Event: 381.118 Thread 0x0000011ff4a3b810 Implicit null exception at 0x0000011fdafcf984 to 0x0000011fdafcfc10
Event: 383.054 Thread 0x0000011ff6d9e520 Exception <a 'java/lang/IncompatibleClassChangeError'{0x00000007da2c2140}: Found class java.lang.Object, but interface was expected> (0x00000007da2c2140) 
thrown [s\src\hotspot\share\interpreter\linkResolver.cpp, line 851]
Event: 384.508 Thread 0x0000011ff4a3b810 Implicit null exception at 0x0000011fdc7eede0 to 0x0000011fdc7eee4c
Event: 384.540 Thread 0x0000011ff4a3b810 Implicit null exception at 0x0000011fdbade0cf to 0x0000011fdbadeb74
Event: 384.552 Thread 0x0000011ff6d9e520 Exception <a 'java/lang/IncompatibleClassChangeError'{0x00000007dcb9fa40}: Found class java.lang.Object, but interface was expected> (0x00000007dcb9fa40) 
thrown [s\src\hotspot\share\interpreter\linkResolver.cpp, line 851]

ZGC Phase Switch (0 events):
No events

VM Operations (20 events):
Event: 380.071 Executing VM operation: Cleanup
Event: 380.084 Executing VM operation: Cleanup done
Event: 380.369 Executing VM operation: HandshakeAllThreads (Deoptimize)
Event: 380.369 Executing VM operation: HandshakeAllThreads (Deoptimize) done
Event: 381.372 Executing VM operation: Cleanup
Event: 381.391 Executing VM operation: Cleanup done
Event: 382.270 Executing VM operation: HandshakeAllThreads (Deoptimize)
Event: 382.746 Executing VM operation: HandshakeAllThreads (Deoptimize) done
Event: 382.746 Executing VM operation: Cleanup
Event: 382.746 Executing VM operation: Cleanup done
Event: 383.750 Executing VM operation: Cleanup
Event: 383.835 Executing VM operation: Cleanup done
Event: 384.650 Executing VM operation: HandshakeAllThreads (Deoptimize)
Event: 384.650 Executing VM operation: HandshakeAllThreads (Deoptimize) done
Event: 384.739 Executing VM operation: HandshakeAllThreads (Deoptimize)
Event: 384.740 Executing VM operation: HandshakeAllThreads (Deoptimize) done
Event: 384.874 Executing VM operation: ParallelGCFailedAllocation (Allocation Failure)
Event: 385.117 Executing VM operation: ParallelGCFailedAllocation (Allocation Failure) done
Event: 385.753 Executing VM operation: ICBufferFull
Event: 385.753 Executing VM operation: ICBufferFull done

Memory protections (0 events):
No events

Nmethod flushes (20 events):
Event: 342.047 Thread 0x0000011feb48f5f0 flushing  nmethod 0x0000011fd7693690
Event: 342.047 Thread 0x0000011feb48f5f0 flushing  nmethod 0x0000011fd76aeb90
Event: 342.047 Thread 0x0000011feb48f5f0 flushing  nmethod 0x0000011fd76be310
Event: 342.047 Thread 0x0000011feb48f5f0 flushing  nmethod 0x0000011fd76bf310
Event: 342.047 Thread 0x0000011feb48f5f0 flushing  nmethod 0x0000011fd76c5c10
Event: 342.047 Thread 0x0000011feb48f5f0 flushing  nmethod 0x0000011fd76cc990
Event: 342.047 Thread 0x0000011feb48f5f0 flushing  nmethod 0x0000011fd76ce110
Event: 342.047 Thread 0x0000011feb48f5f0 flushing  nmethod 0x0000011fd76e6010
Event: 342.047 Thread 0x0000011feb48f5f0 flushing  nmethod 0x0000011fd76f5e10
Event: 342.047 Thread 0x0000011feb48f5f0 flushing  nmethod 0x0000011fd76fc290
Event: 342.047 Thread 0x0000011feb48f5f0 flushing  nmethod 0x0000011fd7712790
Event: 342.047 Thread 0x0000011feb48f5f0 flushing  nmethod 0x0000011fd771db90
Event: 342.047 Thread 0x0000011feb48f5f0 flushing  nmethod 0x0000011fd7723110
Event: 342.047 Thread 0x0000011feb48f5f0 flushing  nmethod 0x0000011fd7734990
Event: 342.047 Thread 0x0000011feb48f5f0 flushing  nmethod 0x0000011fd7735710
Event: 342.047 Thread 0x0000011feb48f5f0 flushing  nmethod 0x0000011fd7749d90
Event: 342.047 Thread 0x0000011feb48f5f0 flushing  nmethod 0x0000011fd774fc10
Event: 342.047 Thread 0x0000011feb48f5f0 flushing  nmethod 0x0000011fd7751a10
Event: 342.047 Thread 0x0000011feb48f5f0 flushing  nmethod 0x0000011fd7751d90
Event: 342.047 Thread 0x0000011feb48f5f0 flushing  nmethod 0x0000011fd775da10

Events (20 events):
Event: 340.110 Thread 0x0000011ffda34850 Thread exited: 0x0000011ffda34850
Event: 350.450 Thread 0x0000011feb4e6080 Thread added: 0x0000011ffda33ab0
Event: 350.902 Thread 0x0000011ffda33ab0 Thread exited: 0x0000011ffda33ab0
Event: 351.285 Thread 0x0000011feb4e6080 Thread added: 0x0000011ffda33ab0
Event: 351.644 Thread 0x0000011ffda33ab0 Thread exited: 0x0000011ffda33ab0
Event: 357.717 Thread 0x0000011feb4e6080 Thread added: 0x0000011ffda355f0
Event: 358.131 Thread 0x0000011ffda355f0 Thread exited: 0x0000011ffda355f0
Event: 359.351 Thread 0x0000011feb4e6080 Thread added: 0x0000011ffda355f0
Event: 359.988 Thread 0x0000011ffda355f0 Thread exited: 0x0000011ffda355f0
Event: 371.792 Thread 0x0000011feb4e2940 Thread added: 0x0000011ffda355f0
Event: 371.911 Thread 0x0000011ffda355f0 Thread exited: 0x0000011ffda355f0
Event: 375.794 Thread 0x0000011feb4e6080 Thread added: 0x0000011ffda355f0
Event: 377.572 Thread 0x0000011ffda355f0 Thread exited: 0x0000011ffda355f0
Event: 378.824 Thread 0x0000011feb4e2940 Thread added: 0x0000011ffc81e450
Event: 379.075 Thread 0x0000011ffc81e450 Thread exited: 0x0000011ffc81e450
Event: 380.556 Thread 0x0000011feb4e6080 Thread added: 0x0000011ffc81e450
Event: 380.966 Thread 0x0000011ffc81e450 Thread exited: 0x0000011ffc81e450
Event: 383.496 Thread 0x0000011feb4e2940 Thread added: 0x0000011ffc81e450
Event: 384.330 Thread 0x0000011ffc81e450 Thread exited: 0x0000011ffc81e450
Event: 385.122 Thread 0x0000011feb4e2940 Thread added: 0x0000011ffc81e450


Dynamic libraries:
0x00007ff6e3aa0000 - 0x00007ff6e3aaa000 	C:\Program Files\Android\Android Studio1\jbr\bin\java.exe
0x00007ffc90920000 - 0x00007ffc90b89000 	C:\WINDOWS\SYSTEM32\ntdll.dll
0x00007ffc8f010000 - 0x00007ffc8f0d9000 	C:\WINDOWS\System32\KERNEL32.DLL
0x00007ffc8e050000 - 0x00007ffc8e443000 	C:\WINDOWS\System32\KERNELBASE.dll
0x00007ffc8df00000 - 0x00007ffc8e04b000 	C:\WINDOWS\System32\ucrtbase.dll
0x00007ffc87d10000 - 0x00007ffc87d28000 	C:\Program Files\Android\Android Studio1\jbr\bin\jli.dll
0x00007ffc8fe60000 - 0x00007ffc90024000 	C:\WINDOWS\System32\USER32.dll
0x00007ffc8dc90000 - 0x00007ffc8dcb7000 	C:\WINDOWS\System32\win32u.dll
0x00007ffc8f6e0000 - 0x00007ffc8f70b000 	C:\WINDOWS\System32\GDI32.dll
0x00007ffc8db60000 - 0x00007ffc8dc8d000 	C:\WINDOWS\System32\gdi32full.dll
0x00007ffc8dab0000 - 0x00007ffc8db53000 	C:\WINDOWS\System32\msvcp_win.dll
0x00007ffc80c30000 - 0x00007ffc80c4b000 	C:\Program Files\Android\Android Studio1\jbr\bin\VCRUNTIME140.dll
0x00007ffc72230000 - 0x00007ffc724c3000 	C:\WINDOWS\WinSxS\amd64_microsoft.windows.common-controls_6595b64144ccf1df_6.0.26100.5074_none_3e0d6f78e32fd63f\COMCTL32.dll
0x00007ffc8ed20000 - 0x00007ffc8edc9000 	C:\WINDOWS\System32\msvcrt.dll
0x00007ffc8ee50000 - 0x00007ffc8ee7f000 	C:\WINDOWS\System32\IMM32.DLL
0x00007ffc888b0000 - 0x00007ffc888bc000 	C:\Program Files\Android\Android Studio1\jbr\bin\vcruntime140_1.dll
0x00007ffc27ea0000 - 0x00007ffc27f2d000 	C:\Program Files\Android\Android Studio1\jbr\bin\msvcp140.dll
0x00007ffbea350000 - 0x00007ffbeafdb000 	C:\Program Files\Android\Android Studio1\jbr\bin\server\jvm.dll
0x00007ffc8e8d0000 - 0x00007ffc8e984000 	C:\WINDOWS\System32\ADVAPI32.dll
0x00007ffc8e990000 - 0x00007ffc8ea36000 	C:\WINDOWS\System32\sechost.dll
0x00007ffc8f280000 - 0x00007ffc8f398000 	C:\WINDOWS\System32\RPCRT4.dll
0x00007ffc8ee90000 - 0x00007ffc8ef04000 	C:\WINDOWS\System32\WS2_32.dll
0x00007ffc8d930000 - 0x00007ffc8d98e000 	C:\WINDOWS\SYSTEM32\POWRPROF.dll
0x00007ffc8ac30000 - 0x00007ffc8ac65000 	C:\WINDOWS\SYSTEM32\WINMM.dll
0x00007ffc7fad0000 - 0x00007ffc7fadb000 	C:\WINDOWS\SYSTEM32\VERSION.dll
0x00007ffc8d910000 - 0x00007ffc8d924000 	C:\WINDOWS\SYSTEM32\UMPDC.dll
0x00007ffc8c870000 - 0x00007ffc8c88b000 	C:\WINDOWS\SYSTEM32\kernel.appcore.dll
0x00007ffc885e0000 - 0x00007ffc885ea000 	C:\Program Files\Android\Android Studio1\jbr\bin\jimage.dll
0x00007ffc8a6d0000 - 0x00007ffc8a912000 	C:\WINDOWS\SYSTEM32\DBGHELP.DLL
0x00007ffc90560000 - 0x00007ffc908db000 	C:\WINDOWS\System32\combase.dll
0x00007ffc8f3d0000 - 0x00007ffc8f4a7000 	C:\WINDOWS\System32\OLEAUT32.dll
0x00007ffc72100000 - 0x00007ffc7213d000 	C:\WINDOWS\SYSTEM32\dbgcore.DLL
0x00007ffc8e4e0000 - 0x00007ffc8e579000 	C:\WINDOWS\System32\bcryptPrimitives.dll
0x00007ffc8a440000 - 0x00007ffc8a44e000 	C:\Program Files\Android\Android Studio1\jbr\bin\instrument.dll
0x00007ffc80bc0000 - 0x00007ffc80be0000 	C:\Program Files\Android\Android Studio1\jbr\bin\java.dll
0x00007ffc7d450000 - 0x00007ffc7d468000 	C:\Program Files\Android\Android Studio1\jbr\bin\zip.dll
0x00007ffc8f710000 - 0x00007ffc8fe5d000 	C:\WINDOWS\System32\SHELL32.dll
0x00007ffc8e580000 - 0x00007ffc8e6ec000 	C:\WINDOWS\System32\wintypes.dll
0x00007ffc8b6f0000 - 0x00007ffc8bf49000 	C:\WINDOWS\SYSTEM32\windows.storage.dll
0x00007ffc8f4b0000 - 0x00007ffc8f5a0000 	C:\WINDOWS\System32\SHCORE.dll
0x00007ffc8f5b0000 - 0x00007ffc8f612000 	C:\WINDOWS\System32\shlwapi.dll
0x00007ffc8d9d0000 - 0x00007ffc8d9f9000 	C:\WINDOWS\SYSTEM32\profapi.dll
0x00007ffc87ce0000 - 0x00007ffc87cf0000 	C:\Program Files\Android\Android Studio1\jbr\bin\net.dll
0x00007ffc7f9a0000 - 0x00007ffc7fabf000 	C:\WINDOWS\SYSTEM32\WINHTTP.dll
0x00007ffc8ce10000 - 0x00007ffc8ce7b000 	C:\WINDOWS\system32\mswsock.dll
0x00007ffc7d410000 - 0x00007ffc7d426000 	C:\Program Files\Android\Android Studio1\jbr\bin\nio.dll
0x00007ffc87c10000 - 0x00007ffc87c20000 	C:\Program Files\Android\Android Studio1\jbr\bin\verify.dll
0x00007ffc7d240000 - 0x00007ffc7d267000 	C:\Users\Mbongeni\.gradle\native\1def1411415f61bf3af743bc5b6707747c0891f09f0c88961ee8f79bc544acac\windows-amd64\native-platform.dll
0x00007ffbfdc80000 - 0x00007ffbfdcf8000 	C:\Users\Mbongeni\.gradle\native\0.2.7\x86_64-windows-gnu\gradle-fileevents.dll
0x00007ffc87ad0000 - 0x00007ffc87ad9000 	C:\Program Files\Android\Android Studio1\jbr\bin\management.dll
0x00007ffc87990000 - 0x00007ffc8799b000 	C:\Program Files\Android\Android Studio1\jbr\bin\management_ext.dll
0x00007ffc90040000 - 0x00007ffc90048000 	C:\WINDOWS\System32\PSAPI.DLL
0x00007ffc8c310000 - 0x00007ffc8c344000 	C:\WINDOWS\SYSTEM32\IPHLPAPI.DLL
0x00007ffc8f3a0000 - 0x00007ffc8f3aa000 	C:\WINDOWS\System32\NSI.dll
0x00007ffc87b80000 - 0x00007ffc87b89000 	C:\Program Files\Android\Android Studio1\jbr\bin\extnet.dll
0x00007ffc8d0b0000 - 0x00007ffc8d0cb000 	C:\WINDOWS\SYSTEM32\CRYPTSP.dll
0x00007ffc8c7d0000 - 0x00007ffc8c80b000 	C:\WINDOWS\system32\rsaenh.dll
0x00007ffc8ceb0000 - 0x00007ffc8cedb000 	C:\WINDOWS\SYSTEM32\USERENV.dll
0x00007ffc8d9a0000 - 0x00007ffc8d9c6000 	C:\WINDOWS\SYSTEM32\bcrypt.dll
0x00007ffc8d0d0000 - 0x00007ffc8d0dc000 	C:\WINDOWS\SYSTEM32\CRYPTBASE.dll
0x00007ffc78560000 - 0x00007ffc78568000 	C:\WINDOWS\system32\wshunix.dll
0x00007ffc5df60000 - 0x00007ffc5df78000 	C:\WINDOWS\system32\napinsp.dll
0x00007ffc8c350000 - 0x00007ffc8c476000 	C:\WINDOWS\SYSTEM32\DNSAPI.dll
0x00007ffc5df40000 - 0x00007ffc5df52000 	C:\WINDOWS\System32\winrnr.dll
0x00007ffc5df10000 - 0x00007ffc5df38000 	C:\WINDOWS\system32\nlansp_c.dll
0x00007ffc80760000 - 0x00007ffc80776000 	C:\WINDOWS\system32\wshbth.dll
0x00007ffc809d0000 - 0x00007ffc809db000 	C:\Windows\System32\rasadhlp.dll
0x00007ffc7ec10000 - 0x00007ffc7ec96000 	C:\WINDOWS\System32\fwpuclnt.dll
0x00007ffc51af0000 - 0x00007ffc51b39000 	C:\Users\Mbongeni\AppData\Local\Temp\jna-1116049261\jna2617760732923862239.dll
0x00007ffc8f0e0000 - 0x00007ffc8f278000 	C:\WINDOWS\System32\Ole32.dll
0x00007ffc8ea40000 - 0x00007ffc8eaf1000 	C:\WINDOWS\System32\clbcatq.dll
0x00007ffc5ee60000 - 0x00007ffc5ee7d000 	C:\WINDOWS\SYSTEM32\amsi.dll
0x00007ffc5eb30000 - 0x00007ffc5ebd0000 	C:\ProgramData\Microsoft\Windows Defender\Platform\4.18.25070.5-0\MpOav.dll
0x00007ffc5f960000 - 0x00007ffc5f9b6000 	C:\WINDOWS\SYSTEM32\Pdh.dll
0x00007ffc80a60000 - 0x00007ffc80a71000 	C:\WINDOWS\System32\perfdisk.dll
0x00007ffc85590000 - 0x00007ffc855a3000 	C:\WINDOWS\System32\WMICLNT.dll
0x00007ffc8adf0000 - 0x00007ffc8ae98000 	C:\WINDOWS\system32\uxtheme.dll
0x00007ffbf97e0000 - 0x00007ffbf983e000 	C:\Program Files\Huawei\PCManager\plugins\PerfWndMonModule.dll
0x00007ffc8d640000 - 0x00007ffc8d697000 	C:\WINDOWS\SYSTEM32\cfgmgr32.dll
0x00007ffc59120000 - 0x00007ffc59132000 	C:\WINDOWS\System32\perfproc.dll
0x00007ffc8a920000 - 0x00007ffc8a94a000 	C:\WINDOWS\SYSTEM32\Wtsapi32.dll
0x00007ffc8dcc0000 - 0x00007ffc8de37000 	C:\WINDOWS\System32\CRYPT32.dll
0x00007ffc8cb30000 - 0x00007ffc8cb79000 	C:\WINDOWS\SYSTEM32\SspiCli.dll
0x00007ffc8d860000 - 0x00007ffc8d8c3000 	C:\WINDOWS\SYSTEM32\WINSTA.dll
0x00007ffc8c9b0000 - 0x00007ffc8c9e6000 	C:\WINDOWS\SYSTEM32\ntmarta.dll
0x00007ffc01810000 - 0x00007ffc019a8000 	C:\Program Files\Android\Android Studio1\jbr\bin\awt.dll
0x00007ffc8b070000 - 0x00007ffc8b09b000 	C:\WINDOWS\SYSTEM32\dwmapi.dll
0x00007ffc78510000 - 0x00007ffc78554000 	C:\Program Files\Android\Android Studio1\jbr\bin\nvdaControllerClient64.dll
0x00007ffc8a610000 - 0x00007ffc8a6ae000 	C:\WINDOWS\SYSTEM32\apphelp.dll
0x00007ffc8ebc0000 - 0x00007ffc8ed18000 	C:\WINDOWS\System32\MSCTF.dll
0x00007ffc679d0000 - 0x00007ffc679e2000 	C:\WINDOWS\system32\wbem\wbemprox.dll
0x00007ffc67950000 - 0x00007ffc679ca000 	C:\WINDOWS\SYSTEM32\wbemcomn.dll
0x00007ffc5eb00000 - 0x00007ffc5eb15000 	C:\WINDOWS\system32\wbem\wbemsvc.dll
0x00007ffc5f540000 - 0x00007ffc5f630000 	C:\WINDOWS\system32\wbem\fastprox.dll
0x00007ffc8a5c0000 - 0x00007ffc8a5c7000 	C:\Program Files\Android\Android Studio1\jbr\bin\rmi.dll

dbghelp: loaded successfully - version: 4.0.5 - missing functions: none
symbol engine: initialized successfully - sym options: 0x614 - pdb path: .;C:\Program Files\Android\Android Studio1\jbr\bin;C:\WINDOWS\SYSTEM32;C:\WINDOWS\WinSxS\amd64_microsoft.windows.common-controls_6595b64144ccf1df_6.0.26100.5074_none_3e0d6f78e32fd63f;C:\Program Files\Android\Android Studio1\jbr\bin\server;C:\Users\Mbongeni\.gradle\native\1def1411415f61bf3af743bc5b6707747c0891f09f0c88961ee8f79bc544acac\windows-amd64;C:\Users\Mbongeni\.gradle\native\0.2.7\x86_64-windows-gnu;C:\Users\Mbongeni\AppData\Local\Temp\jna-1116049261;C:\ProgramData\Microsoft\Windows Defender\Platform\4.18.25070.5-0;C:\Program Files\Huawei\PCManager\plugins;C:\WINDOWS\system32\wbem;C:\Users\Mbongeni\AppData\Local\Temp

VM Arguments:
jvm_args: --add-opens=java.base/java.lang=ALL-UNNAMED --add-opens=java.base/java.lang.invoke=ALL-UNNAMED --add-opens=java.base/java.util=ALL-UNNAMED --add-opens=java.prefs/java.util.prefs=ALL-UNNAMED --add-exports=jdk.compiler/com.sun.tools.javac.api=ALL-UNNAMED --add-exports=jdk.compiler/com.sun.tools.javac.util=ALL-UNNAMED --add-opens=java.base/java.util=ALL-UNNAMED --add-opens=java.prefs/java.util.prefs=ALL-UNNAMED --add-opens=java.base/java.nio.charset=ALL-UNNAMED --add-opens=java.base/java.net=ALL-UNNAMED --add-opens=java.base/java.util.concurrent.atomic=ALL-UNNAMED --add-opens=java.xml/javax.xml.namespace=ALL-UNNAMED -XX:+UseParallelGC -Xmx4g -Dfile.encoding=UTF-8 -Duser.country=CN -Duser.language=zh -Duser.variant -javaagent:C:\Users\Mbongeni\.gradle\wrapper\dists\gradle-8.14.2-bin\2pb3mgt1p815evrl3weanttgr\gradle-8.14.2\lib\agents\gradle-instrumentation-agent-8.14.2.jar 
java_command: org.gradle.launcher.daemon.bootstrap.GradleDaemon 8.14.2
java_class_path (initial): C:\Users\Mbongeni\.gradle\wrapper\dists\gradle-8.14.2-bin\2pb3mgt1p815evrl3weanttgr\gradle-8.14.2\lib\gradle-daemon-main-8.14.2.jar
Launcher Type: SUN_STANDARD

[Global flags]
     intx CICompilerCount                          = 3                                         {product} {ergonomic}
   size_t InitialHeapSize                          = 132120576                                 {product} {ergonomic}
   size_t MaxHeapSize                              = 4294967296                                {product} {command line}
   size_t MaxNewSize                               = 1431306240                                {product} {ergonomic}
   size_t MinHeapDeltaBytes                        = 524288                                    {product} {ergonomic}
   size_t MinHeapSize                              = 8388608                                   {product} {ergonomic}
   size_t NewSize                                  = 44040192                                  {product} {ergonomic}
    uintx NonNMethodCodeHeapSize                   = 5832780                                {pd product} {ergonomic}
    uintx NonProfiledCodeHeapSize                  = 122912730                              {pd product} {ergonomic}
   size_t OldSize                                  = 88080384                                  {product} {ergonomic}
    uintx ProfiledCodeHeapSize                     = 122912730                              {pd product} {ergonomic}
    uintx ReservedCodeCacheSize                    = 251658240                              {pd product} {ergonomic}
     bool SegmentedCodeCache                       = true                                      {product} {ergonomic}
   size_t SoftMaxHeapSize                          = 4294967296                             {manageable} {ergonomic}
     bool UseCompressedOops                        = true                           {product lp64_product} {ergonomic}
     bool UseLargePagesIndividualAllocation        = false                                  {pd product} {ergonomic}
     bool UseParallelGC                            = true                                      {product} {command line}

Logging:
Log output configuration:
 #0: stdout all=warning uptime,level,tags foldmultilines=false
 #1: stderr all=off uptime,level,tags foldmultilines=false

Environment Variables:
PATH=C:\Program Files\Common Files\Oracle\Java\javapath;C:\Windows\System32\HWAudioDriverLibs;C:\Windows\system32;C:\Windows;C:\Windows\System32\Wbem;C:\Windows\System32\WindowsPowerShell\v1.0\;C:\Windows\System32\OpenSSH\;C:\Windows\system32\config\systemprofile\AppData\Local\Microsoft\WindowsApps;C:\WINDOWS\system32;C:\WINDOWS;C:\WINDOWS\System32\Wbem;C:\WINDOWS\System32\WindowsPowerShell\v1.0\;C:\WINDOWS\System32\OpenSSH\;C:\Program Files\nodejs\;C:\Program Files\apache-maven-3.9.9\bin;C:\Program Files\Microsoft SQL Server\150\Tools\Binn\;C:\Users\Mbongeni\Downloads\ffmpeg-2025-04-14-git-3b2a9410ef-full_build\ffmpeg-2025-04-14-git-3b2a9410ef-full_build\bin;C:\platform-tools;C:\xampp\php;C:\ProgramData\ComposerSetup\bin;C:\dev\flutter\bin;C:\Program Files\Git\cmd;C:\ProgramData\chocolatey\bin;C:\Users\Mbongeni\AppData\Local\Microsoft\WindowsApps;C:\Users\Mbongeni\AppData\Local\Programs\Microsoft VS Code\bin;C:\Users\Mbongeni\AppData\Roaming\npm;C:\Users\Mbongeni\AppData\Local\GitHubDesktop\bin;C:\Users\Mbongeni\.dotnet\tools;C:\msys64\ucrt64\bin;C:\Users\Mbongeni\AppData\Roaming\Composer\vendor\bin;C:\Users\Mbongeni\AppData\Local\Android\Sdk\cmdline-tools\latest\bin;C:\Users\Mbongeni\AppData\Local\Android\Sdk\platform-tools;C:\Users\Mbongeni\AppData\Local\Android\Sdk\cmake\4.1.0\bin;C:\Users\Mbongeni\AppData\Local\Android\Sdk\ndk\29.0.13846066;;C:\tools\dart-sdk\bin;C:\Users\Mbongeni\AppData\Local\Pub\Cache\bin
USERNAME=Mbongeni
OS=Windows_NT
PROCESSOR_IDENTIFIER=Intel64 Family 6 Model 142 Stepping 12, GenuineIntel
TMP=C:\Users\Mbongeni\AppData\Local\Temp
TEMP=C:\Users\Mbongeni\AppData\Local\Temp




Periodic native trim disabled

JNI global refs:
JNI global refs: 42, weak refs: 46

JNI global refs memory usage: 835, weak refs: 833

Process memory usage:
Resident Set Size: 2155660K (26% of 8218416K total physical memory with 806172K free physical memory)

OOME stack traces (most recent first):
Classloader memory used:
Loader java.net.URLClassLoader                                                         : 139M
Loader org.gradle.internal.classloader.VisitableURLClassLoader$InstrumentingVisitableURLClassLoader: 57463K
Loader org.gradle.internal.classloader.VisitableURLClassLoader                         : 40503K
Loader bootstrap                                                                       : 39946K
Loader org.gradle.initialization.MixInLegacyTypesClassLoader                           : 8272K
Loader jdk.internal.reflect.DelegatingClassLoader                                      : 1921K
Loader jdk.internal.loader.ClassLoaders$PlatformClassLoader                            : 924K
Loader com.intellij.util.lang.UrlClassLoader                                           : 419K
Loader jdk.internal.jrtfs.JrtFileSystemProvider$JrtFsLoader                            : 320K
Loader jdk.internal.loader.ClassLoaders$AppClassLoader                                 : 241K
Loader org.gradle.internal.classloader.VisitableURLClassLoader                         : 6848B
Loader sun.reflect.misc.MethodUtil                                                     : 2952B

Classes loaded by more than one classloader:
Class com.google.common.base.PairwiseEquivalence                                      : loaded 3 times (x 79B)
Class com.google.common.base.Equivalence$Identity                                     : loaded 3 times (x 78B)
Class kotlin.ranges.IntProgression                                                    : loaded 3 times (x 77B)
Class com.google.common.base.Splitter$Strategy                                        : loaded 3 times (x 66B)
Class com.google.common.collect.RegularImmutableSet                                   : loaded 3 times (x 145B)
Class com.google.common.collect.RegularImmutableMap$KeySet                            : loaded 3 times (x 148B)
Class kotlin.coroutines.jvm.internal.CompletedContinuation                            : loaded 3 times (x 71B)
Class kotlin.coroutines.CoroutineContext                                              : loaded 3 times (x 66B)
Class kotlin.io.TextStreamsKt                                                         : loaded 3 times (x 67B)
Class kotlin.sequences.DropTakeSequence                                               : loaded 3 times (x 66B)
Class kotlin.coroutines.jvm.internal.DebugProbesKt                                    : loaded 3 times (x 67B)
Class kotlin.ranges.IntProgressionIterator                                            : loaded 3 times (x 78B)
Class org.objectweb.asm.Context                                                       : loaded 3 times (x 68B)
Class kotlin.sequences.FlatteningSequence                                             : loaded 3 times (x 71B)
Class com.google.common.collect.Iterators$MergingIterator                             : loaded 3 times (x 77B)
Class kotlin.text.StringsKt__StringsKt                                                : loaded 3 times (x 67B)
Class kotlin.NotImplementedError                                                      : loaded 3 times (x 78B)
Class com.google.common.collect.MapMakerInternalMap$1                                 : loaded 3 times (x 79B)
Class kotlin.collections.CollectionsKt                                                : loaded 3 times (x 67B)
Class [Lcom.google.common.collect.MapMakerInternalMap$Segment;                        : loaded 3 times (x 65B)
Class com.google.common.collect.SortedSetMultimap                                     : loaded 3 times (x 66B)
Class kotlin.reflect.KMutableProperty2                                                : loaded 3 times (x 66B)
Class com.google.common.io.ByteSource                                                 : loaded 3 times (x 80B)
Class kotlin.coroutines.jvm.internal.CoroutineStackFrame                              : loaded 3 times (x 66B)
Class kotlin.coroutines.intrinsics.IntrinsicsKt__IntrinsicsJvmKt                      : loaded 3 times (x 67B)
Class kotlin.reflect.KMutableProperty1                                                : loaded 3 times (x 66B)
Class com.google.common.collect.ImmutableList$SubList                                 : loaded 3 times (x 205B)
Class kotlin.jvm.internal.Ref$BooleanRef                                              : loaded 3 times (x 67B)
Class kotlin.jvm.internal.CollectionToArray                                           : loaded 3 times (x 67B)
Class kotlin.io.FilesKt__FileTreeWalkKt                                               : loaded 3 times (x 67B)
Class kotlin.sequences.FilteringSequence$iterator$1                                   : loaded 3 times (x 75B)
Class kotlin.collections.CollectionsKt__ReversedViewsKt                               : loaded 3 times (x 67B)
Class kotlin.sequences.SequencesKt__SequenceBuilderKt                                 : loaded 3 times (x 67B)
Class [Lcom.google.common.base.AbstractIterator$State;                                : loaded 3 times (x 65B)
Class com.google.common.base.CharMatcher$IsEither                                     : loaded 3 times (x 107B)
Class kotlin.jvm.internal.StringCompanionObject                                       : loaded 3 times (x 67B)
Class com.google.common.collect.ImmutableSet$SetBuilderImpl                           : loaded 3 times (x 72B)
Class kotlin.coroutines.jvm.internal.SuspendFunction                                  : loaded 3 times (x 66B)
Class com.google.common.collect.AbstractMapBasedMultimap$WrappedCollection            : loaded 3 times (x 120B)
Class kotlin.reflect.KClassifier                                                      : loaded 3 times (x 66B)
Class com.google.common.collect.ImmutableList$1                                       : loaded 3 times (x 93B)
Class kotlin.reflect.KMutableProperty0                                                : loaded 3 times (x 66B)
Class com.google.common.collect.ImmutableList                                         : loaded 3 times (x 202B)
Class kotlin.jvm.internal.PropertyReference1Impl                                      : loaded 3 times (x 123B)
Class kotlin.SafePublicationLazyImpl$Companion                                        : loaded 3 times (x 67B)
Class kotlin.jvm.internal.MutablePropertyReference1                                   : loaded 3 times (x 133B)
Class org.objectweb.asm.ClassReader                                                   : loaded 3 times (x 90B)
Class com.google.common.collect.ImmutableSet$EmptySetBuilderImpl                      : loaded 3 times (x 72B)
Class com.google.common.collect.ImmutableEnumSet                                      : loaded 3 times (x 142B)
Class kotlin.jvm.internal.markers.KMappedMarker                                       : loaded 3 times (x 66B)
Class [Lkotlin.reflect.KProperty;                                                     : loaded 3 times (x 65B)
Class kotlin.sequences.ConstrainedOnceSequence                                        : loaded 3 times (x 71B)
Class com.google.common.collect.RegularImmutableMap                                   : loaded 3 times (x 117B)
Class com.google.common.collect.ImmutableMap$MapViewOfValuesAsSingletonSets           : loaded 3 times (x 122B)
Class com.google.common.base.CharMatcher$InRange                                      : loaded 3 times (x 107B)
Class com.google.common.collect.ImmutableSet$Builder                                  : loaded 3 times (x 81B)
Class kotlin.collections.builders.MapBuilder                                          : loaded 3 times (x 108B)
Class kotlin.ranges.IntProgression$Companion                                          : loaded 3 times (x 67B)
Class com.google.common.collect.SetMultimap                                           : loaded 3 times (x 66B)
Class com.google.common.collect.Maps$BiMapConverter                                   : loaded 3 times (x 86B)
Class kotlin.NoWhenBranchMatchedException                                             : loaded 3 times (x 78B)
Class com.google.common.collect.UnmodifiableListIterator                              : loaded 3 times (x 91B)
Class org.objectweb.asm.ClassVisitor                                                  : loaded 3 times (x 84B)
Class kotlin.Lazy                                                                     : loaded 3 times (x 66B)
Class kotlin.jvm.functions.Function19                                                 : loaded 3 times (x 66B)
Class kotlin.reflect.KMutableProperty$Setter                                          : loaded 3 times (x 66B)
Class com.google.common.collect.ImmutableMapEntrySet$RegularEntrySet                  : loaded 3 times (x 148B)
Class kotlin.sequences.TransformingSequence                                           : loaded 3 times (x 71B)
Class com.google.common.collect.CollectCollectors                                     : loaded 3 times (x 67B)
Class com.google.common.collect.Multimaps                                             : loaded 3 times (x 67B)
Class kotlin.text.StringsKt__StringBuilderKt                                          : loaded 3 times (x 67B)
Class kotlin.jvm.internal.CallableReference$NoReceiver                                : loaded 3 times (x 67B)
Class kotlin.jvm.functions.Function18                                                 : loaded 3 times (x 66B)
Class com.google.common.collect.RangeSet                                              : loaded 3 times (x 66B)
Class com.google.common.collect.MapMakerInternalMap$Strength                          : loaded 3 times (x 76B)
Class com.google.common.base.CharMatcher$NamedFastMatcher                             : loaded 3 times (x 108B)
Class com.google.common.base.CharMatcher$1                                            : loaded 3 times (x 109B)
Class kotlin.collections.ArraysKt__ArraysJVMKt                                        : loaded 3 times (x 67B)
Class [Lkotlin.reflect.KClass;                                                        : loaded 3 times (x 65B)
Class kotlin.io.LinesSequence                                                         : loaded 3 times (x 71B)
Class kotlin.jvm.functions.Function17                                                 : loaded 3 times (x 66B)
Class org.objectweb.asm.MethodVisitor                                                 : loaded 3 times (x 101B)
Class com.google.common.collect.RangeGwtSerializationDependencies                     : loaded 3 times (x 67B)
Class com.google.common.base.Joiner$2                                                 : loaded 3 times (x 75B)
Class com.google.common.base.Platform$JdkPatternCompiler                              : loaded 3 times (x 71B)
Class com.google.common.collect.Maps$IteratorBasedAbstractMap                         : loaded 3 times (x 121B)
Class com.google.common.collect.Table                                                 : loaded 3 times (x 66B)
Class com.google.common.collect.MapMakerInternalMap$InternalEntryHelper               : loaded 3 times (x 66B)
Class kotlin.InitializedLazyImpl                                                      : loaded 3 times (x 72B)
Class com.google.common.base.CharMatcher                                              : loaded 3 times (x 107B)
Class kotlin.collections.SetsKt__SetsKt                                               : loaded 3 times (x 67B)
Class kotlin.LazyKt                                                                   : loaded 3 times (x 67B)
Class kotlin.coroutines.EmptyCoroutineContext                                         : loaded 3 times (x 73B)
Class kotlin.KotlinVersion$Companion                                                  : loaded 3 times (x 67B)
Class kotlin.jvm.functions.Function16                                                 : loaded 3 times (x 66B)
Class org.objectweb.asm.Label                                                         : loaded 3 times (x 69B)
Class com.google.common.base.Joiner$1                                                 : loaded 3 times (x 76B)
Class kotlin.sequences.SequencesKt___SequencesKt                                      : loaded 3 times (x 67B)
Class com.google.common.collect.PeekingIterator                                       : loaded 3 times (x 66B)
Class com.google.common.base.CharMatcher$None                                         : loaded 3 times (x 108B)
Class kotlin.collections.AbstractList$Companion                                       : loaded 3 times (x 67B)
Class com.google.common.base.Preconditions                                            : loaded 3 times (x 67B)
Class kotlin.collections.ArraysKt                                                     : loaded 3 times (x 67B)
Class kotlin.text.CharsKt__CharKt                                                     : loaded 3 times (x 67B)
Class com.google.common.base.PatternCompiler                                          : loaded 3 times (x 66B)
Class [Lcom.google.common.collect.ImmutableMapEntry;                                  : loaded 3 times (x 65B)
Class com.google.common.collect.Hashing                                               : loaded 3 times (x 67B)
Class kotlin.jvm.functions.Function15                                                 : loaded 3 times (x 66B)
Class com.google.common.base.Equivalence$Equals                                       : loaded 3 times (x 78B)
Class com.google.common.base.CharMatcher$Is                                           : loaded 3 times (x 107B)
Class kotlin.sequences.SequencesKt___SequencesKt$flatMap$2                            : loaded 3 times (x 121B)
Class com.google.common.base.CharMatcher$Negated                                      : loaded 3 times (x 109B)
Class kotlin.ranges.RangesKt___RangesKt                                               : loaded 3 times (x 67B)
Class com.google.common.collect.ListMultimap                                          : loaded 3 times (x 66B)
Class com.google.common.collect.ImmutableRangeSet                                     : loaded 3 times (x 111B)
Class kotlin.jvm.functions.Function14                                                 : loaded 3 times (x 66B)
Class kotlin.coroutines.ContinuationInterceptor                                       : loaded 3 times (x 66B)
Class kotlin.text.StringsKt__AppendableKt                                             : loaded 3 times (x 67B)
Class com.google.common.collect.ImmutableEnumMap                                      : loaded 3 times (x 122B)
Class com.google.common.collect.RegularImmutableBiMap                                 : loaded 3 times (x 145B)
Class kotlin.KotlinNullPointerException                                               : loaded 3 times (x 79B)
Class com.google.common.collect.Iterators$EmptyModifiableIterator                     : loaded 3 times (x 82B)
Class kotlin.text.Charsets                                                            : loaded 3 times (x 67B)
Class kotlin.ranges.OpenEndRange                                                      : loaded 3 times (x 66B)
Class kotlin.jvm.functions.Function13                                                 : loaded 3 times (x 66B)
Class kotlin.jvm.internal.AdaptedFunctionReference                                    : loaded 3 times (x 73B)
Class kotlin.sequences.SequenceBuilderIterator                                        : loaded 3 times (x 81B)
Class com.google.common.collect.AbstractMapBasedMultimap$RandomAccessWrappedList      : loaded 3 times (x 201B)
Class kotlin.reflect.KProperty$Accessor                                               : loaded 3 times (x 66B)
Class [Lkotlin.reflect.KCallable;                                                     : loaded 3 times (x 65B)
Class kotlin.collections.CollectionsKt__IterablesKt                                   : loaded 3 times (x 67B)
Class kotlin.collections.MapsKt                                                       : loaded 3 times (x 67B)
Class kotlin.jvm.internal.ArrayIteratorKt                                             : loaded 3 times (x 67B)
Class com.google.common.base.Splitter                                                 : loaded 3 times (x 68B)
Class com.google.common.collect.Sets$1                                                : loaded 3 times (x 135B)
Class kotlin.coroutines.intrinsics.CoroutineSingletons                                : loaded 3 times (x 75B)
Class kotlin.jvm.functions.Function12                                                 : loaded 3 times (x 66B)
Class com.google.common.collect.RegularImmutableMap$BucketOverflowException           : loaded 3 times (x 78B)
Class org.objectweb.asm.MethodWriter                                                  : loaded 3 times (x 102B)
Class com.google.common.collect.MapMakerInternalMap$Strength$1                        : loaded 3 times (x 76B)
Class kotlin.sequences.TakeWhileSequence                                              : loaded 3 times (x 71B)
Class kotlin.sequences.SequenceScope                                                  : loaded 3 times (x 69B)
Class kotlin.jvm.internal.Intrinsics                                                  : loaded 3 times (x 67B)
Class kotlin.reflect.KAnnotatedElement                                                : loaded 3 times (x 66B)
Class kotlin.collections.EmptyMap                                                     : loaded 3 times (x 105B)
Class kotlin.ranges.IntRange$Companion                                                : loaded 3 times (x 67B)
Class kotlin.coroutines.intrinsics.IntrinsicsKt                                       : loaded 3 times (x 67B)
Class kotlin.jvm.internal.markers.KMutableCollection                                  : loaded 3 times (x 66B)
Class kotlin.sequences.Sequence                                                       : loaded 3 times (x 66B)
Class kotlin.text.StringsKt__StringNumberConversionsJVMKt                             : loaded 3 times (x 67B)
Class com.google.common.collect.Sets$2                                                : loaded 3 times (x 135B)
Class kotlin.jvm.functions.Function11                                                 : loaded 3 times (x 66B)
Class kotlin.jvm.internal.PropertyReference0Impl                                      : loaded 3 times (x 123B)
Class com.google.common.collect.ImmutableSet$RegularSetBuilderImpl                    : loaded 3 times (x 73B)
Class [Lkotlin.LazyThreadSafetyMode;                                                  : loaded 3 times (x 65B)
Class com.google.common.collect.MapMakerInternalMap$Strength$2                        : loaded 3 times (x 76B)
Class [Lkotlin.reflect.KClassifier;                                                   : loaded 3 times (x 65B)
Class kotlin.jvm.functions.Function20                                                 : loaded 3 times (x 66B)
Class kotlin.jvm.functions.Function9                                                  : loaded 3 times (x 66B)
Class kotlin.jvm.functions.Function10                                                 : loaded 3 times (x 66B)
Class com.google.common.collect.ImmutableRangeSet$ComplementRanges                    : loaded 3 times (x 203B)
Class kotlin.annotation.MustBeDocumented                                              : loaded 3 times (x 66B)
Class com.google.common.collect.ImmutableMapKeySet                                    : loaded 3 times (x 148B)
Class kotlin.collections.CollectionsKt___CollectionsKt$asSequence$$inlined$Sequence$1 : loaded 3 times (x 71B)
Class com.google.common.base.AbstractIterator$State                                   : loaded 3 times (x 75B)
Class com.google.common.collect.Sets$3                                                : loaded 3 times (x 135B)
Class kotlin.enums.EnumEntriesKt                                                      : loaded 3 times (x 67B)
Class kotlin.text.StringsKt___StringsKt                                               : loaded 3 times (x 67B)
Class kotlin.collections.CollectionsKt__MutableCollectionsJVMKt                       : loaded 3 times (x 67B)
Class kotlin.collections.builders.MapBuilder$Companion                                : loaded 3 times (x 67B)
Class com.google.common.collect.MapMakerInternalMap$StrongValueEntry                  : loaded 3 times (x 66B)
Class kotlin.jvm.functions.Function21                                                 : loaded 3 times (x 66B)
Class kotlin.jvm.functions.Function8                                                  : loaded 3 times (x 66B)
Class [Lkotlin.annotation.AnnotationRetention;                                        : loaded 3 times (x 65B)
Class com.google.common.collect.Sets$4                                                : loaded 3 times (x 135B)
Class kotlin.collections.MapsKt__MapWithDefaultKt                                     : loaded 3 times (x 67B)
Class kotlin.jvm.functions.Function7                                                  : loaded 3 times (x 66B)
Class com.google.common.io.Files                                                      : loaded 3 times (x 67B)
Class kotlin.annotation.AnnotationRetention                                           : loaded 3 times (x 75B)
Class com.google.common.collect.SortedMapDifference                                   : loaded 3 times (x 66B)
Class kotlin.collections.ArraysKt___ArraysKt                                          : loaded 3 times (x 67B)
Class kotlin.collections.MapWithDefault                                               : loaded 3 times (x 66B)
Class kotlin.jvm.functions.Function22                                                 : loaded 3 times (x 66B)
Class kotlin.collections.MapsKt___MapsKt                                              : loaded 3 times (x 67B)
Class kotlin.io.FilesKt                                                               : loaded 3 times (x 67B)
Class kotlin.coroutines.jvm.internal.SuspendLambda                                    : loaded 3 times (x 87B)
Class kotlin.coroutines.jvm.internal.ContinuationImpl                                 : loaded 3 times (x 83B)
Class kotlin.jvm.functions.Function6                                                  : loaded 3 times (x 66B)
Class [Lcom.google.common.collect.MapMakerInternalMap$Strength;                       : loaded 3 times (x 65B)
Class kotlin.text.StringsKt___StringsJvmKt                                            : loaded 3 times (x 67B)
Class com.google.common.collect.TransformedIterator                                   : loaded 3 times (x 76B)
Class kotlin.reflect.KDeclarationContainer                                            : loaded 3 times (x 66B)
Class com.google.common.collect.CollectPreconditions                                  : loaded 3 times (x 67B)
Class kotlin.jvm.functions.Function5                                                  : loaded 3 times (x 66B)
Class kotlin.reflect.KTypeParameter                                                   : loaded 3 times (x 66B)
Class kotlin.annotation.Retention                                                     : loaded 3 times (x 66B)
Class kotlin.collections.CollectionsKt___CollectionsKt                                : loaded 3 times (x 67B)
Class kotlin.collections.EmptySet                                                     : loaded 3 times (x 118B)
Class kotlin.jvm.functions.Function4                                                  : loaded 3 times (x 66B)
Class kotlin.annotation.Target                                                        : loaded 3 times (x 66B)
Class kotlin.collections.CollectionsKt__CollectionsKt                                 : loaded 3 times (x 67B)
Class kotlin.collections.ArraysKt___ArraysJvmKt                                       : loaded 3 times (x 67B)
Class com.google.common.base.Splitter$1                                               : loaded 3 times (x 73B)
Class kotlin.text.StringsKt__RegexExtensionsJVMKt                                     : loaded 3 times (x 67B)
Class com.google.common.collect.MapDifference                                         : loaded 3 times (x 66B)
Class com.google.common.collect.ImmutableEntry                                        : loaded 3 times (x 78B)
Class [Lcom.google.common.collect.AbstractMapEntry;                                   : loaded 3 times (x 65B)
Class com.google.common.collect.ArrayListMultimap                                     : loaded 3 times (x 168B)
Class com.google.common.base.CharMatcher$NegatedFastMatcher                           : loaded 3 times (x 109B)
Class kotlin.collections.MapsKt___MapsJvmKt                                           : loaded 3 times (x 67B)
Class kotlin.jvm.functions.Function3                                                  : loaded 3 times (x 66B)
Class kotlin._Assertions                                                              : loaded 3 times (x 67B)
Class kotlin.text.Regex$Companion                                                     : loaded 3 times (x 67B)
Class com.google.common.collect.AbstractRangeSet                                      : loaded 3 times (x 110B)
Class com.google.common.collect.MapMakerInternalMap$WeakValueReference                : loaded 3 times (x 66B)
Class kotlin.KotlinNothingValueException                                              : loaded 3 times (x 78B)
Class kotlin.jvm.functions.Function2                                                  : loaded 3 times (x 66B)
Class com.google.common.collect.ImmutableMap                                          : loaded 3 times (x 116B)
Class com.google.common.base.Predicate                                                : loaded 3 times (x 66B)
Class kotlin.jvm.internal.markers.KMutableIterator                                    : loaded 3 times (x 66B)
Class [Lkotlin.annotation.AnnotationTarget;                                           : loaded 3 times (x 65B)
Class com.google.common.collect.Sets                                                  : loaded 3 times (x 67B)
Class com.google.common.collect.Iterators$ArrayItr                                    : loaded 3 times (x 93B)
Class com.google.common.collect.ImmutableRangeSet$AsSet                               : loaded 3 times (x 296B)
Class com.google.common.collect.ImmutableCollection$Builder                           : loaded 3 times (x 72B)
Class com.google.common.base.CharMatcher$FastMatcher                                  : loaded 3 times (x 107B)
Class [Lkotlin.coroutines.intrinsics.CoroutineSingletons;                             : loaded 3 times (x 65B)
Class kotlin.jvm.functions.Function1                                                  : loaded 3 times (x 66B)
Class com.google.common.base.Strings                                                  : loaded 3 times (x 67B)
Class com.google.common.collect.MapMakerInternalMap                                   : loaded 3 times (x 157B)
Class kotlin.jvm.internal.FunctionReference                                           : loaded 3 times (x 118B)
Class kotlin.jvm.internal.FunctionBase                                                : loaded 3 times (x 66B)
Class kotlin.enums.EnumEntriesList                                                    : loaded 3 times (x 219B)
Class kotlin.properties.ReadWriteProperty                                             : loaded 3 times (x 66B)
Class kotlin.sequences.FlatteningSequence$iterator$1                                  : loaded 3 times (x 75B)
Class kotlin.jvm.functions.Function0                                                  : loaded 3 times (x 66B)
Class kotlin.collections.ArraysUtilJVM                                                : loaded 3 times (x 67B)
Class kotlin.sequences.GeneratorSequence                                              : loaded 3 times (x 71B)
Class [Lkotlin.DeprecationLevel;                                                      : loaded 3 times (x 65B)
Class com.google.common.base.MoreObjects                                              : loaded 3 times (x 67B)
Class com.google.common.base.Joiner                                                   : loaded 3 times (x 75B)
Class kotlin.ranges.RangesKt                                                          : loaded 3 times (x 67B)
Class org.objectweb.asm.Attribute                                                     : loaded 3 times (x 73B)
Class com.google.common.base.Supplier                                                 : loaded 3 times (x 66B)
Class com.google.common.base.CharMatcher$Or                                           : loaded 3 times (x 108B)
Class kotlin.sequences.SequencesKt___SequencesJvmKt                                   : loaded 3 times (x 67B)
Class kotlin.collections.CollectionsKt__IteratorsJVMKt                                : loaded 3 times (x 67B)
Class kotlin.comparisons.ComparisonsKt___ComparisonsJvmKt                             : loaded 3 times (x 67B)
Class com.google.common.io.Closer$Suppressor                                          : loaded 3 times (x 66B)
Class kotlin.Unit                                                                     : loaded 3 times (x 67B)
Class kotlin.TuplesKt                                                                 : loaded 3 times (x 67B)
Class kotlin.jvm.internal.markers.KMutableIterable                                    : loaded 3 times (x 66B)
Class com.google.common.io.LineProcessor                                              : loaded 3 times (x 66B)
Class com.google.common.collect.Platform                                              : loaded 3 times (x 67B)
Class [Lorg.objectweb.asm.Type;                                                       : loaded 3 times (x 65B)
Class [Lorg.objectweb.asm.Attribute;                                                  : loaded 3 times (x 65B)
Class kotlin.reflect.KProperty0                                                       : loaded 3 times (x 66B)
Class kotlin.Result                                                                   : loaded 3 times (x 68B)
Class kotlin.jdk7.AutoCloseableKt                                                     : loaded 3 times (x 67B)
Class kotlin.jvm.internal.FunctionReferenceImpl                                       : loaded 3 times (x 118B)
Class kotlin.collections.CollectionsKt___CollectionsJvmKt                             : loaded 3 times (x 67B)
Class kotlin.text.DelimitedRangesSequence                                             : loaded 3 times (x 71B)
Class com.google.common.collect.UnmodifiableIterator                                  : loaded 3 times (x 76B)
Class com.google.common.collect.ImmutableSet                                          : loaded 3 times (x 141B)
Class com.google.common.collect.SingletonImmutableBiMap                               : loaded 3 times (x 139B)
Class com.google.common.collect.Iterators$SingletonIterator                           : loaded 3 times (x 77B)
Class com.google.common.base.CharMatcher$BitSetMatcher                                : loaded 3 times (x 108B)
Class com.google.common.collect.AbstractMapEntry                                      : loaded 3 times (x 77B)
Class kotlin.reflect.KClass                                                           : loaded 3 times (x 66B)
Class kotlin.reflect.KProperty1                                                       : loaded 3 times (x 66B)
Class kotlin.Pair                                                                     : loaded 3 times (x 68B)
Class com.google.common.io.Closer                                                     : loaded 3 times (x 74B)
Class kotlin.sequences.TransformingSequence$iterator$1                                : loaded 3 times (x 75B)
Class kotlin.reflect.KType                                                            : loaded 3 times (x 66B)
Class com.google.common.collect.RegularImmutableMap$Values                            : loaded 3 times (x 203B)
Class com.google.common.base.AbstractIterator                                         : loaded 3 times (x 76B)
Class kotlin.comparisons.ComparisonsKt___ComparisonsKt                                : loaded 3 times (x 67B)
Class com.google.common.collect.AbstractMultimap                                      : loaded 3 times (x 119B)
Class kotlin.comparisons.ComparisonsKt                                                : loaded 3 times (x 67B)
Class com.google.common.collect.ImmutableList$Builder                                 : loaded 3 times (x 73B)
Class kotlin.sequences.GeneratorSequence$iterator$1                                   : loaded 3 times (x 75B)
Class kotlin.reflect.KProperty2                                                       : loaded 3 times (x 66B)
Class kotlin.text.CharsKt__CharJVMKt                                                  : loaded 3 times (x 67B)
Class kotlin.io.CloseableKt                                                           : loaded 3 times (x 67B)
Class kotlin.sequences.FilteringSequence                                              : loaded 3 times (x 71B)
Class kotlin.collections.CollectionsKt__MutableCollectionsKt                          : loaded 3 times (x 67B)
Class kotlin.coroutines.jvm.internal.BaseContinuationImpl                             : loaded 3 times (x 83B)
Class kotlin.Result$Companion                                                         : loaded 3 times (x 67B)
Class kotlin.comparisons.ComparisonsKt__ComparisonsKt                                 : loaded 3 times (x 67B)
Class kotlin.sequences.SequencesKt__SequencesKt                                       : loaded 3 times (x 67B)
Class kotlin.collections.SetsKt___SetsKt                                              : loaded 3 times (x 67B)
Class kotlin.ranges.RangesKt__RangesKt                                                : loaded 3 times (x 67B)
Class com.google.common.math.IntMath$1                                                : loaded 3 times (x 67B)
Class kotlin.coroutines.Continuation                                                  : loaded 3 times (x 66B)
Class kotlin.jvm.internal.ClassBasedDeclarationContainer                              : loaded 3 times (x 66B)
Class com.google.common.io.Files$FileByteSink                                         : loaded 3 times (x 73B)
Class com.google.common.collect.ImmutableRangeSet$1                                   : loaded 3 times (x 206B)
Class kotlin.UNINITIALIZED_VALUE                                                      : loaded 3 times (x 67B)
Class kotlin.jvm.internal.Ref$ObjectRef                                               : loaded 3 times (x 68B)
Class kotlin.jvm.internal.ReflectionFactory                                           : loaded 3 times (x 87B)
Class com.google.common.graph.SuccessorsFunction                                      : loaded 3 times (x 66B)
Class org.objectweb.asm.Type                                                          : loaded 3 times (x 68B)
Class kotlin.coroutines.CoroutineContext$Element                                      : loaded 3 times (x 66B)
Class com.google.common.collect.RegularImmutableAsList                                : loaded 3 times (x 213B)
Class kotlin.io.FilesKt__FilePathComponentsKt                                         : loaded 3 times (x 67B)
Class kotlin.reflect.KCallable                                                        : loaded 3 times (x 66B)
Class com.google.common.collect.Sets$SetView                                          : loaded 3 times (x 134B)
Class kotlin.collections.AbstractIterator                                             : loaded 3 times (x 79B)
Class com.google.common.collect.Iterators                                             : loaded 3 times (x 67B)
Class kotlin.text.StringsKt__StringBuilderJVMKt                                       : loaded 3 times (x 67B)
Class com.google.common.collect.Range                                                 : loaded 3 times (x 83B)
Class kotlin.text.Regex                                                               : loaded 3 times (x 68B)
Class kotlin.io.LinesSequence$iterator$1                                              : loaded 3 times (x 75B)
Class kotlin.LazyKt__LazyKt                                                           : loaded 3 times (x 67B)
Class kotlin.text.CharsKt                                                             : loaded 3 times (x 67B)
Class kotlin.collections.ArrayAsCollection                                            : loaded 3 times (x 101B)
Class kotlin.sequences.SequencesKt__SequenceBuilderKt$sequence$$inlined$Sequence$1    : loaded 3 times (x 71B)
Class kotlin.Triple                                                                   : loaded 3 times (x 68B)
Class com.google.common.collect.ImmutableRangeSet$Builder                             : loaded 3 times (x 73B)
Class [Lcom.google.common.collect.Iterators$EmptyModifiableIterator;                  : loaded 3 times (x 65B)
Class kotlin.collections.AbstractCollection                                           : loaded 3 times (x 113B)
Class kotlin.collections.AbstractList                                                 : loaded 3 times (x 193B)
Class com.google.common.collect.Maps$8                                                : loaded 3 times (x 78B)
Class kotlin.coroutines.ContinuationInterceptor$Key                                   : loaded 3 times (x 67B)
Class kotlin.text.DelimitedRangesSequence$iterator$1                                  : loaded 3 times (x 75B)
Class kotlin.sequences.SequencesKt__SequencesJVMKt                                    : loaded 3 times (x 67B)
Class kotlin.coroutines.jvm.internal.RestrictedSuspendLambda                          : loaded 3 times (x 87B)
Class com.google.common.collect.Lists$StringAsImmutableList                           : loaded 3 times (x 203B)
Class com.google.common.collect.AbstractMapBasedMultimap$WrappedList                  : loaded 3 times (x 201B)
Class kotlin.text.StringsKt__RegexExtensionsKt                                        : loaded 3 times (x 67B)
Class kotlin.SynchronizedLazyImpl                                                     : loaded 3 times (x 72B)
Class kotlin.collections.EmptyIterator                                                : loaded 3 times (x 85B)
Class com.google.common.base.Platform                                                 : loaded 3 times (x 67B)
Class kotlin.jvm.internal.Ref$IntRef                                                  : loaded 3 times (x 67B)
Class kotlin.jvm.internal.SpreadBuilder                                               : loaded 3 times (x 72B)
Class kotlin.jvm.internal.ArrayIterator                                               : loaded 3 times (x 75B)
Class kotlin.LazyThreadSafetyMode                                                     : loaded 3 times (x 75B)
Class kotlin.DeprecationLevel                                                         : loaded 3 times (x 75B)
Class kotlin.LazyKt__LazyJVMKt$WhenMappings                                           : loaded 3 times (x 67B)
Class kotlin.jvm.JvmStatic                                                            : loaded 3 times (x 66B)
Class kotlin.UnsafeLazyImpl                                                           : loaded 3 times (x 72B)
Class kotlin.jvm.internal.MutablePropertyReference                                    : loaded 3 times (x 115B)
Class [Lcom.google.common.collect.ImmutableEntry;                                     : loaded 3 times (x 65B)
Class com.google.common.collect.MapMaker                                              : loaded 3 times (x 68B)
Class com.google.common.collect.Maps                                                  : loaded 3 times (x 67B)
Class kotlin.jvm.internal.PropertyReference1                                          : loaded 3 times (x 123B)
Class kotlin.jvm.internal.DefaultConstructorMarker                                    : loaded 3 times (x 67B)
Class kotlin.collections.MapsKt__MapsJVMKt                                            : loaded 3 times (x 67B)
Class kotlin.collections.EmptyList                                                    : loaded 3 times (x 170B)
Class kotlin.sequences.DistinctSequence                                               : loaded 3 times (x 71B)
Class kotlin.collections.ArraysKt___ArraysKt$asSequence$$inlined$Sequence$1           : loaded 3 times (x 71B)
Class kotlin.sequences.EmptySequence                                                  : loaded 3 times (x 74B)
Class com.google.common.base.CharMatcher$And                                          : loaded 3 times (x 108B)
Class kotlin.jvm.internal.PropertyReference0                                          : loaded 3 times (x 123B)
Class com.google.common.collect.RegularImmutableList                                  : loaded 3 times (x 209B)
Class com.google.common.collect.IndexedImmutableSet$1                                 : loaded 3 times (x 209B)
Class kotlin.enums.EnumEntries                                                        : loaded 3 times (x 66B)
Class com.google.common.base.Function                                                 : loaded 3 times (x 66B)
Class com.google.common.base.Objects                                                  : loaded 3 times (x 67B)
Class com.google.common.collect.AbstractMapBasedMultimap$Itr                          : loaded 3 times (x 79B)
Class com.google.common.collect.IndexedImmutableSet                                   : loaded 3 times (x 148B)
Class com.google.common.collect.ImmutableMap$1                                        : loaded 3 times (x 77B)
Class com.google.common.collect.ImmutableMapEntry$NonTerminalImmutableMapEntry        : loaded 3 times (x 81B)
Class com.google.common.base.Equivalence                                              : loaded 3 times (x 78B)
Class kotlin.ranges.IntRange                                                          : loaded 3 times (x 89B)
Class kotlin.collections.builders.ListBuilderKt                                       : loaded 3 times (x 67B)
Class kotlin.jvm.internal.markers.KMutableMap                                         : loaded 3 times (x 66B)
Class kotlin.properties.ReadOnlyProperty                                              : loaded 3 times (x 66B)
Class com.google.common.collect.BiMap                                                 : loaded 3 times (x 66B)
Class com.google.common.collect.ImmutableMapEntry                                     : loaded 3 times (x 81B)
Class com.google.common.collect.MapMakerInternalMap$InternalEntry                     : loaded 3 times (x 66B)
Class kotlin.jvm.internal.CallableReference                                           : loaded 3 times (x 102B)
Class com.google.common.math.IntMath                                                  : loaded 3 times (x 67B)
Class kotlin.collections.AbstractList$IteratorImpl                                    : loaded 3 times (x 78B)
Class com.google.common.collect.RegularImmutableSortedSet                             : loaded 3 times (x 296B)
Class com.google.common.collect.AbstractIterator                                      : loaded 3 times (x 78B)
Class com.google.common.base.CommonPattern                                            : loaded 3 times (x 70B)
Class kotlin.ResultKt                                                                 : loaded 3 times (x 67B)
Class com.google.common.primitives.Ints                                               : loaded 3 times (x 67B)
Class com.google.common.base.CharMatcher$IsNot                                        : loaded 3 times (x 107B)
Class [Lkotlin.sequences.Sequence;                                                    : loaded 3 times (x 65B)
Class kotlin.jvm.internal.MutablePropertyReference1Impl                               : loaded 3 times (x 133B)
Class com.google.common.collect.ImmutableSortedSet                                    : loaded 3 times (x 296B)
Class kotlin.collections.IndexingIterable                                             : loaded 3 times (x 75B)
Class com.google.common.collect.Multiset                                              : loaded 3 times (x 66B)
Class com.google.common.collect.ArrayListMultimapGwtSerializationDependencies         : loaded 3 times (x 168B)
Class com.google.common.collect.ObjectArrays                                          : loaded 3 times (x 67B)
Class kotlin.jvm.KotlinReflectionNotSupportedError                                    : loaded 3 times (x 78B)
Class com.google.common.collect.AbstractIndexedListIterator                           : loaded 3 times (x 92B)
Class kotlin.Result$Failure                                                           : loaded 3 times (x 68B)
Class com.google.common.collect.Maps$EntryTransformer                                 : loaded 3 times (x 66B)
Class com.google.common.math.MathPreconditions                                        : loaded 3 times (x 67B)
Class kotlin.collections.ArraysKt__ArraysKt                                           : loaded 3 times (x 67B)
Class kotlin.text.StringsKt__StringNumberConversionsKt                                : loaded 3 times (x 67B)
Class kotlin.io.FilesKt__FileReadWriteKt                                              : loaded 3 times (x 67B)
Class [Lkotlin.Pair;                                                                  : loaded 3 times (x 65B)
Class com.google.common.collect.ImmutableMapEntrySet                                  : loaded 3 times (x 148B)
Class kotlin.LazyKt__LazyJVMKt                                                        : loaded 3 times (x 67B)
Class kotlin.coroutines.CoroutineContext$Key                                          : loaded 3 times (x 66B)
Class kotlin.coroutines.jvm.internal.RestrictedContinuationImpl                       : loaded 3 times (x 83B)
Class kotlin.text.StringsKt                                                           : loaded 3 times (x 67B)
Class com.google.common.collect.ImmutableAsList                                       : loaded 3 times (x 205B)
Class kotlin.jvm.internal.markers.KMutableSet                                         : loaded 3 times (x 66B)
Class com.google.common.collect.AbstractMapBasedMultimap                              : loaded 3 times (x 135B)
Class kotlin.collections.SetsKt__SetsJVMKt                                            : loaded 3 times (x 67B)
Class com.google.common.collect.Iterators$9                                           : loaded 3 times (x 77B)
Class kotlin.Function                                                                 : loaded 3 times (x 66B)
Class com.google.common.base.FunctionalEquivalence                                    : loaded 3 times (x 79B)
Class com.google.common.collect.Lists                                                 : loaded 3 times (x 67B)
Class kotlin.KotlinVersion                                                            : loaded 3 times (x 70B)
Class com.google.common.base.Converter                                                : loaded 3 times (x 86B)
Class kotlin.sequences.SequencesKt                                                    : loaded 3 times (x 67B)
Class kotlin.collections.CollectionsKt__IteratorsKt                                   : loaded 3 times (x 67B)
Class com.google.common.collect.ImmutableSet$CachingAsList                            : loaded 3 times (x 144B)
Class kotlin.KotlinVersionCurrentValue                                                : loaded 3 times (x 67B)
Class kotlin.collections.builders.MapBuilder$Itr                                      : loaded 3 times (x 68B)
Class kotlin.reflect.KMutableProperty                                                 : loaded 3 times (x 66B)
Class kotlin.collections.IndexedValue                                                 : loaded 3 times (x 68B)
Class kotlin.internal.ProgressionUtilKt                                               : loaded 3 times (x 67B)
Class com.google.common.collect.ImmutableCollection                                   : loaded 3 times (x 121B)
Class com.google.common.base.CharMatcher$AnyOf                                        : loaded 3 times (x 108B)
Class kotlin.collections.CollectionsKt__CollectionsJVMKt                              : loaded 3 times (x 67B)
Class kotlin.sequences.DistinctIterator                                               : loaded 3 times (x 79B)
Class kotlin.io.FilesKt__UtilsKt                                                      : loaded 3 times (x 67B)
Class com.google.common.base.CharMatcher$ForPredicate                                 : loaded 3 times (x 108B)
Class kotlin.jvm.internal.PropertyReference                                           : loaded 3 times (x 111B)
Class kotlin.coroutines.intrinsics.IntrinsicsKt__IntrinsicsKt                         : loaded 3 times (x 67B)
Class com.google.common.base.Splitter$SplittingIterator                               : loaded 3 times (x 80B)
Class com.google.common.collect.ImmutableSet$JdkBackedSetBuilderImpl                  : loaded 3 times (x 72B)
Class com.google.common.collect.Iterators$5                                           : loaded 3 times (x 78B)
Class kotlin.SafePublicationLazyImpl                                                  : loaded 3 times (x 72B)
Class com.google.common.collect.ImmutableBiMap                                        : loaded 3 times (x 139B)
Class com.google.common.collect.SortedIterable                                        : loaded 3 times (x 66B)
Class com.google.common.collect.AbstractListMultimap                                  : loaded 3 times (x 168B)
Class com.google.common.collect.Iterators$4                                           : loaded 3 times (x 78B)
Class kotlin.reflect.KProperty$Getter                                                 : loaded 3 times (x 66B)
Class kotlin.collections.IndexingIterator                                             : loaded 3 times (x 75B)
Class kotlin.UninitializedPropertyAccessException                                     : loaded 3 times (x 78B)
Class com.google.common.collect.ImmutableMap$Builder                                  : loaded 3 times (x 78B)
Class com.google.common.collect.ImmutableMap$IteratorBasedImmutableMap                : loaded 3 times (x 122B)
Class com.google.common.collect.SingletonImmutableSet                                 : loaded 3 times (x 142B)
Class kotlin.collections.AbstractMutableSet                                           : loaded 3 times (x 138B)
Class kotlin.Metadata                                                                 : loaded 3 times (x 66B)
Class kotlin.properties.Delegates                                                     : loaded 3 times (x 67B)
Class com.google.common.collect.Iterators$1                                           : loaded 3 times (x 77B)
Class com.google.common.base.NullnessCasts                                            : loaded 3 times (x 67B)
Class kotlin.jvm.internal.Lambda                                                      : loaded 3 times (x 71B)
Class kotlin.collections.MapsKt__MapsKt                                               : loaded 3 times (x 67B)
Class [Lkotlin.reflect.KDeclarationContainer;                                         : loaded 3 times (x 65B)
Class com.google.common.collect.AbstractMapBasedMultimap$WrappedCollection$WrappedIterator: loaded 3 times (x 80B)
Class com.google.common.base.JdkPattern                                               : loaded 3 times (x 71B)
Class kotlin.reflect.KFunction                                                        : loaded 3 times (x 66B)
Class com.google.common.io.Files$FileByteSource                                       : loaded 3 times (x 81B)
Class com.google.common.collect.ImmutableList$ReverseImmutableList                    : loaded 3 times (x 205B)
Class [Lkotlin.reflect.KAnnotatedElement;                                             : loaded 3 times (x 65B)
Class kotlin.sequences.TakeWhileSequence$iterator$1                                   : loaded 3 times (x 75B)
Class kotlin.text.StringsKt__IndentKt                                                 : loaded 3 times (x 67B)
Class kotlin.collections.SetsKt                                                       : loaded 3 times (x 67B)
Class com.google.common.io.ByteSink                                                   : loaded 3 times (x 72B)
Class com.google.common.collect.SingletonImmutableList                                : loaded 3 times (x 203B)
Class kotlin.annotation.AnnotationTarget                                              : loaded 3 times (x 75B)
Class kotlin.jvm.JvmClassMappingKt                                                    : loaded 3 times (x 67B)
Class kotlin.text.StringsKt__StringsJVMKt                                             : loaded 3 times (x 67B)
Class kotlin.jvm.internal.TypeIntrinsics                                              : loaded 3 times (x 67B)
Class kotlin.jvm.internal.Reflection                                                  : loaded 3 times (x 67B)
Class kotlin.reflect.KProperty                                                        : loaded 3 times (x 66B)
Class kotlin.collections.IntIterator                                                  : loaded 3 times (x 78B)
Class com.google.common.primitives.IntsMethodsForWeb                                  : loaded 3 times (x 67B)
Class com.google.common.collect.Multimap                                              : loaded 3 times (x 66B)
Class kotlin.ranges.ClosedRange                                                       : loaded 3 times (x 66B)
Class com.google.common.collect.NullnessCasts                                         : loaded 3 times (x 67B)
Class com.google.common.base.ExtraObjectsMethodsForWeb                                : loaded 3 times (x 67B)
Class com.google.common.collect.MapMakerInternalMap$Segment                           : loaded 3 times (x 138B)
Class com.android.tools.lint.model.PathVariables$Companion$PATH_COMPARATOR$1          : loaded 2 times (x 74B)
Class com.google.common.reflect.Invokable$ConstructorInvokable                        : loaded 2 times (x 103B)
Class com.google.common.collect.ImmutableMultimap$Keys                                : loaded 2 times (x 162B)
Class org.gradle.api.internal.ClassPathRegistry                                       : loaded 2 times (x 66B)
Class org.gradle.internal.classpath.DefaultClassPath$ImmutableUniqueList              : loaded 2 times (x 195B)
Class com.android.prefs.PathLocator$singlePathOf$values$1                             : loaded 2 times (x 75B)
Class com.google.common.collect.Table$Cell                                            : loaded 2 times (x 66B)
Class com.android.tools.lint.model.LintModelLintOptions                               : loaded 2 times (x 66B)
Class com.android.sdklib.AndroidApiLevel                                              : loaded 2 times (x 70B)
Class com.android.ide.common.resources.configuration.NetworkCodeQualifier             : loaded 2 times (x 84B)
Class org.jetbrains.kotlin.cli.common.messages.MessageCollector                       : loaded 2 times (x 66B)
Class kotlin.reflect.jvm.internal.impl.resolve.jvm.JvmPrimitiveType                   : loaded 2 times (x 75B)
Class kotlin.reflect.jvm.internal.KClassImpl$Data$$Lambda$5                           : loaded 2 times (x 72B)
Class kotlin.reflect.jvm.internal.ComputableClassValue                                : loaded 2 times (x 76B)
Class kotlinx.coroutines.DispatchedTaskKt                                             : loaded 2 times (x 67B)
Class kotlinx.coroutines.internal.SystemPropsKt__SystemProps_commonKt                 : loaded 2 times (x 67B)
Class kotlinx.coroutines.ThreadContextElement                                         : loaded 2 times (x 66B)
Class it.unimi.dsi.fastutil.ints.Int2ObjectOpenHashMap                                : loaded 2 times (x 218B)
Class kotlin.reflect.jvm.internal.KPropertyImpl                                       : loaded 2 times (x 111B)
Class com.android.prefs.PathLocator$singlePathOf$values$2                             : loaded 2 times (x 74B)
Class com.android.tools.lint.model.PathVariables$Companion$PATH_COMPARATOR$2          : loaded 2 times (x 74B)
Class kotlin.reflect.jvm.internal.KClassImpl$Data$$Lambda$4                           : loaded 2 times (x 72B)
Class jdk.internal.jimage.decompressor.ResourceDecompressor                           : loaded 2 times (x 66B)
Class com.google.common.reflect.TypeToken                                             : loaded 2 times (x 69B)
Class org.apache.commons.io.IOUtils                                                   : loaded 2 times (x 67B)
Class kotlin.time.DurationUnit                                                        : loaded 2 times (x 75B)
Class com.android.resources.UiMode                                                    : loaded 2 times (x 83B)
Class kotlin.jvm.internal.ShortCompanionObject                                        : loaded 2 times (x 67B)
Class org.gradle.api.internal.DefaultClassPathRegistry                                : loaded 2 times (x 72B)
Class kotlin.reflect.jvm.internal.KClassImpl$Data$$Lambda$6                           : loaded 2 times (x 72B)
Class com.google.common.cache.RemovalListener                                         : loaded 2 times (x 66B)
Class com.android.tools.lint.model.PathVariables$Companion$PATH_COMPARATOR$3          : loaded 2 times (x 74B)
Class com.google.common.collect.ImmutableMap$IteratorBasedImmutableMap$1EntrySetImpl  : loaded 2 times (x 150B)
Class com.google.common.cache.CacheBuilder                                            : loaded 2 times (x 68B)
Class org.gradle.internal.classpath.ClassPath                                         : loaded 2 times (x 66B)
Class org.gradle.api.UncheckedIOException                                             : loaded 2 times (x 78B)
Class com.google.common.base.Present                                                  : loaded 2 times (x 77B)
Class kotlin.reflect.jvm.internal.ReflectProperties$LazySoftVal                       : loaded 2 times (x 74B)
Class kotlin.collections.ArrayDeque                                                   : loaded 2 times (x 203B)
Class kotlin.reflect.jvm.internal.KPackageImpl                                        : loaded 2 times (x 81B)
Class kotlin.reflect.jvm.internal.KClassImpl$Data$$Lambda$3                           : loaded 2 times (x 72B)
Class [Lkotlin.reflect.jvm.internal.impl.name.FqName;                                 : loaded 2 times (x 65B)
Class kotlin.reflect.jvm.internal.KClassImpl$Data$$Lambda$7                           : loaded 2 times (x 72B)
Class kotlin.reflect.jvm.internal.impl.builtins.StandardNames                         : loaded 2 times (x 67B)
Class com.android.tools.lint.model.PathVariables$Companion$PATH_COMPARATOR$4          : loaded 2 times (x 74B)
Class [Lkotlin.reflect.jvm.internal.impl.builtins.PrimitiveType;                      : loaded 2 times (x 65B)
Class com.google.common.collect.Interners$InternerBuilder                             : loaded 2 times (x 72B)
Class kotlin.time.DurationUnitKt__DurationUnitKt                                      : loaded 2 times (x 67B)
Class com.android.ide.common.rendering.api.ResourceNamespace$Resolver                 : loaded 2 times (x 66B)
Class com.android.ide.common.resources.configuration.VersionQualifier                 : loaded 2 times (x 85B)
Class kotlin.reflect.jvm.internal.KClassImpl$Data$$Lambda$8                           : loaded 2 times (x 72B)
Class com.google.common.util.concurrent.AbstractFuture$Cancellation                   : loaded 2 times (x 68B)
Class [Lkotlinx.coroutines.CoroutineStart;                                            : loaded 2 times (x 65B)
Class kotlinx.coroutines.CoroutineDispatcher$Key                                      : loaded 2 times (x 68B)
Class it.unimi.dsi.fastutil.objects.ObjectIterable                                    : loaded 2 times (x 66B)
Class com.android.tools.lint.model.DefaultLintModelAndroidLibrary                     : loaded 2 times (x 107B)
Class org.apache.commons.io.filefilter.IOFileFilter                                   : loaded 2 times (x 66B)
Class com.android.sdklib.AndroidApiLevel$Companion                                    : loaded 2 times (x 67B)
Class com.android.prefs.AndroidLocationsProvider                                      : loaded 2 times (x 66B)
Class com.google.common.collect.AbstractMultimap$Entries                              : loaded 2 times (x 116B)
Class org.objectweb.asm.SymbolTable$Entry                                             : loaded 2 times (x 70B)
Class kotlin.jvm.internal.markers.KMutableMap$Entry                                   : loaded 2 times (x 66B)
Class [Lcom.android.tools.lint.model.LintModelSerialization$TargetFile;               : loaded 2 times (x 65B)
Class com.android.ide.common.resources.configuration.UiModeQualifier                  : loaded 2 times (x 86B)
Class kotlin.reflect.jvm.internal.KClassImpl$Data$$Lambda$9                           : loaded 2 times (x 72B)
Class jdk.internal.jimage.ImageStringsReader                                          : loaded 2 times (x 76B)
Class com.google.common.base.Suppliers$SupplierOfInstance                             : loaded 2 times (x 75B)
Class com.android.tools.lint.model.LintModelAndroidArtifact                           : loaded 2 times (x 66B)
Class kotlin.coroutines.CombinedContext                                               : loaded 2 times (x 74B)
Class kotlin.reflect.jvm.internal.KClassImpl$Data$$Lambda$2                           : loaded 2 times (x 72B)
Class kotlinx.coroutines.ExecutorCoroutineDispatcher$Key$1                            : loaded 2 times (x 74B)
Class com.google.common.io.Files$2                                                    : loaded 2 times (x 72B)
Class kotlin.text.MatchResult$Destructured                                            : loaded 2 times (x 68B)
Class kotlin.reflect.jvm.internal.KPackageImpl$$Lambda$0                              : loaded 2 times (x 72B)
Class com.android.ide.common.rendering.api.ResourceNamespace$ResAutoNamespace         : loaded 2 times (x 76B)
Class com.google.devtools.ksp.processing.KSPJvmConfig                                 : loaded 2 times (x 68B)
Class com.google.common.reflect.TypeToken$1                                           : loaded 2 times (x 106B)
Class com.google.common.cache.LocalCache$ComputingValueReference                      : loaded 2 times (x 92B)
Class com.android.ide.common.resources.configuration.Configurable                     : loaded 2 times (x 66B)
Class com.google.common.cache.Cache                                                   : loaded 2 times (x 66B)
Class jdk.internal.jimage.ImageReader                                                 : loaded 2 times (x 71B)
Class com.google.common.reflect.TypeToken$2                                           : loaded 2 times (x 106B)
Class com.google.common.cache.LocalCache$Segment                                      : loaded 2 times (x 150B)
Class kotlin.time.DurationJvmKt                                                       : loaded 2 times (x 67B)
Class com.google.common.cache.LocalCache$Strength                                     : loaded 2 times (x 77B)
Class [Lcom.android.ide.common.resources.DataFile$FileType;                           : loaded 2 times (x 65B)
Class com.android.ide.common.resources.ResourceFile                                   : loaded 2 times (x 83B)
Class com.google.common.base.Stopwatch                                                : loaded 2 times (x 68B)
Class com.android.ide.common.resources.configuration.HighDynamicRangeQualifier        : loaded 2 times (x 87B)
Class com.android.ide.common.resources.configuration.WideGamutColorQualifier          : loaded 2 times (x 87B)
Class org.apache.commons.io.Charsets                                                  : loaded 2 times (x 67B)
Class jdk.internal.jimage.ImageHeader                                                 : loaded 2 times (x 67B)
Class kotlin.reflect.jvm.internal.ReflectProperties                                   : loaded 2 times (x 67B)
Class com.android.prefs.AbstractAndroidLocations$Companion                            : loaded 2 times (x 67B)
Class it.unimi.dsi.fastutil.objects.ObjectIterator                                    : loaded 2 times (x 66B)
Class com.android.tools.lint.model.LintModelSeverity$Companion                        : loaded 2 times (x 67B)
Class jdk.internal.jimage.ImageReader$SharedImageReader                               : loaded 2 times (x 91B)
Class [Lorg.objectweb.asm.SymbolTable$Entry;                                          : loaded 2 times (x 65B)
Class com.google.common.cache.CacheLoader                                             : loaded 2 times (x 70B)
Class org.gradle.internal.installation.GradleInstallation$1                           : loaded 2 times (x 71B)
Class org.gradle.api.internal.classpath.ModuleRegistry                                : loaded 2 times (x 66B)
Class kotlin.jvm.internal.DoubleCompanionObject                                       : loaded 2 times (x 67B)
Class com.android.prefs.VariableValue                                                 : loaded 2 times (x 80B)
Class com.android.resources.ResourceType$Kind                                         : loaded 2 times (x 75B)
Class org.jetbrains.kotlin.config.ApiVersion                                          : loaded 2 times (x 82B)
Class com.android.ide.common.repository.AgpVersion$PreviewKind$Companion              : loaded 2 times (x 67B)
Class com.android.ProgressManagerAdapter                                              : loaded 2 times (x 69B)
Class kotlinx.coroutines.internal.LockFreeTaskQueueCore                               : loaded 2 times (x 68B)
Class jdk.internal.jimage.decompressor.ResourceDecompressorFactory                    : loaded 2 times (x 70B)
Class com.google.devtools.ksp.processing.KSPLogger                                    : loaded 2 times (x 66B)
Class org.apache.commons.io.output.NullWriter                                         : loaded 2 times (x 95B)
Class com.google.common.util.concurrent.internal.InternalFutureFailureAccess          : loaded 2 times (x 68B)
Class kotlin.time.Duration$Companion                                                  : loaded 2 times (x 67B)
Class com.google.common.collect.HashBiMap$Inverse                                     : loaded 2 times (x 138B)
Class kotlin.reflect.jvm.internal.KDeclarationContainerImpl                           : loaded 2 times (x 80B)
Class kotlinx.coroutines.JobCancellingNode                                            : loaded 2 times (x 86B)
Class kotlinx.coroutines.Job$Key                                                      : loaded 2 times (x 67B)
Class kotlinx.coroutines.DefaultExecutor                                              : loaded 2 times (x 116B)
Class kotlin.text.RegexKt                                                             : loaded 2 times (x 67B)
Class kotlin.reflect.jvm.internal.KClassImpl$Data$$Lambda$1                           : loaded 2 times (x 72B)
Class com.google.common.collect.ImmutableMultimap$Values                              : loaded 2 times (x 122B)
Class com.google.common.cache.LocalCache$LocalManualCache$1                           : loaded 2 times (x 71B)
Class com.google.common.collect.Multimaps$CustomListMultimap                          : loaded 2 times (x 170B)
Class com.android.resources.HighDynamicRange                                          : loaded 2 times (x 82B)
Class com.android.ide.common.resources.configuration.NavigationStateQualifier         : loaded 2 times (x 86B)
Class com.android.ide.common.resources.configuration.TouchScreenQualifier             : loaded 2 times (x 86B)
Class org.gradle.api.internal.classpath.UnknownModuleException                        : loaded 2 times (x 78B)
Class [Lcom.android.prefs.Global;                                                     : loaded 2 times (x 65B)
Class com.google.common.cache.Weigher                                                 : loaded 2 times (x 66B)
Class kotlin.io.FileAlreadyExistsException                                            : loaded 2 times (x 78B)
Class jdk.internal.jimage.ImageReader$Node                                            : loaded 2 times (x 80B)
Class com.google.common.collect.Multimaps$CustomSetMultimap                           : loaded 2 times (x 174B)
Class org.gradle.api.internal.classpath.DefaultModuleRegistry                         : loaded 2 times (x 82B)
Class kotlinx.coroutines.internal.DispatchedContinuationKt                            : loaded 2 times (x 67B)
Class kotlin.collections.AbstractMutableMap                                           : loaded 2 times (x 124B)
Class kotlin.reflect.jvm.internal.KClassifierImpl                                     : loaded 2 times (x 66B)
Class kotlin.reflect.jvm.internal.KClassImpl$Data$$Lambda$0                           : loaded 2 times (x 72B)
Class [Lcom.android.resources.Keyboard;                                               : loaded 2 times (x 65B)
Class com.android.resources.ScreenRatio                                               : loaded 2 times (x 82B)
Class [Lcom.android.ide.common.resources.configuration.ResourceQualifier;             : loaded 2 times (x 65B)
Class kotlin.reflect.jvm.internal.impl.name.SpecialNames                              : loaded 2 times (x 67B)
Class kotlin.reflect.jvm.internal.impl.builtins.functions.FunctionTypeKind$KFunction  : loaded 2 times (x 68B)
Class kotlinx.coroutines.EventLoop                                                    : loaded 2 times (x 101B)
Class kotlin.collections.AbstractSet                                                  : loaded 2 times (x 131B)
Class it.unimi.dsi.fastutil.ints.IntOpenHashSet                                       : loaded 2 times (x 235B)
Class com.android.ide.common.resources.configuration.VersionQualifier$Companion       : loaded 2 times (x 67B)
Class [Lcom.android.resources.GrammaticalGender;                                      : loaded 2 times (x 65B)
Class com.google.common.collect.AbstractMultimap$Values                               : loaded 2 times (x 114B)
Class org.gradle.api.internal.classpath.Module                                        : loaded 2 times (x 66B)
Class jdk.internal.jimage.BasicImageReader$1                                          : loaded 2 times (x 73B)
Class com.google.common.util.concurrent.ListenableFuture                              : loaded 2 times (x 66B)
Class com.google.common.cache.ReferenceEntry                                          : loaded 2 times (x 66B)
Class kotlin.properties.NotNullVar                                                    : loaded 2 times (x 75B)
Class org.apache.commons.io.output.NullOutputStream                                   : loaded 2 times (x 81B)
Class com.android.tools.lint.model.LintModelMavenName$Companion                       : loaded 2 times (x 67B)
Class com.android.tools.lint.model.DefaultLintModelVariant$artifact$2                 : loaded 2 times (x 75B)
Class [Lcom.android.resources.ResourceFolderType;                                     : loaded 2 times (x 65B)
Class it.unimi.dsi.fastutil.ints.Int2ObjectMap$FastEntrySet                           : loaded 2 times (x 66B)
Class kotlinx.coroutines.Job                                                          : loaded 2 times (x 66B)
Class com.android.tools.lint.model.LintModelSerialization                             : loaded 2 times (x 72B)
Class kotlin.reflect.jvm.internal.KotlinReflectionInternalError                       : loaded 2 times (x 78B)
Class com.google.common.collect.ImmutableMapValues                                    : loaded 2 times (x 122B)
Class com.google.common.util.concurrent.AbstractFuture                                : loaded 2 times (x 102B)
Class kotlin.reflect.jvm.internal.impl.builtins.jvm.JavaToKotlinClassMap              : loaded 2 times (x 67B)
Class it.unimi.dsi.fastutil.objects.ObjectBidirectionalIterator                       : loaded 2 times (x 66B)
Class it.unimi.dsi.fastutil.ints.IntArrays$ForkJoinQuickSort2                         : loaded 2 times (x 92B)
Class com.google.common.collect.ImmutableMultiset                                     : loaded 2 times (x 159B)
Class org.objectweb.asm.RecordComponentVisitor                                        : loaded 2 times (x 73B)
Class com.google.common.cache.CacheLoader$SupplierToCacheLoader                       : loaded 2 times (x 71B)
Class com.android.ide.common.rendering.api.StyleableResourceValue                     : loaded 2 times (x 66B)
Class kotlin.jvm.internal.markers.KMutableList                                        : loaded 2 times (x 66B)
Class org.jetbrains.kotlin.cli.common.CompilerSystemProperties$value$1                : loaded 2 times (x 121B)
Class kotlinx.coroutines.ChildJob                                                     : loaded 2 times (x 66B)
Class kotlinx.coroutines.scheduling.TasksKt                                           : loaded 2 times (x 67B)
Class kotlinx.coroutines.internal.SystemPropsKt__SystemPropsKt                        : loaded 2 times (x 67B)
Class com.android.ide.common.rendering.api.AttrResourceValueImpl                      : loaded 2 times (x 118B)
Class com.android.resources.KeyboardState                                             : loaded 2 times (x 82B)
Class kotlin.text.MatchNamedGroupCollection                                           : loaded 2 times (x 66B)
Class com.google.common.collect.FluentIterable$3                                      : loaded 2 times (x 77B)
Class kotlinx.coroutines.ExecutorCoroutineDispatcher                                  : loaded 2 times (x 103B)
Class jdk.internal.jimage.decompressor.Decompressor                                   : loaded 2 times (x 68B)
Class jdk.internal.jimage.ImageReader$Resource                                        : loaded 2 times (x 80B)
Class com.android.utils.SdkUtils                                                      : loaded 2 times (x 67B)
Class com.google.common.collect.StandardTable                                         : loaded 2 times (x 120B)
Class com.google.common.base.CharMatcher$JavaLetter                                   : loaded 2 times (x 107B)
Class [Lcom.android.resources.ResourceEnum;                                           : loaded 2 times (x 65B)
Class com.google.common.collect.FluentIterable$2                                      : loaded 2 times (x 77B)
Class com.google.common.base.Absent                                                   : loaded 2 times (x 76B)
Class kotlinx.coroutines.ChildHandleNode                                              : loaded 2 times (x 90B)
Class kotlinx.coroutines.scheduling.SchedulerCoroutineDispatcher                      : loaded 2 times (x 108B)
Class org.jetbrains.kotlin.cli.common.CompilerSystemProperties$value$2                : loaded 2 times (x 121B)
Class com.android.ide.common.repository.AgpVersion                                    : loaded 2 times (x 71B)
Class com.android.tools.lint.model.LintModelBuildFeatures                             : loaded 2 times (x 66B)
Class jdk.internal.jrtfs.JrtFileAttributes                                            : loaded 2 times (x 79B)
Class [Lcom.google.common.cache.LocalCache$EntryFactory;                              : loaded 2 times (x 65B)
Class org.gradle.internal.classloader.ClassLoaderFactory                              : loaded 2 times (x 66B)
Class kotlin.jvm.internal.EnumCompanionObject                                         : loaded 2 times (x 67B)
Class kotlin.reflect.jvm.internal.impl.builtins.PrimitiveType                         : loaded 2 times (x 75B)
Class kotlinx.coroutines.CompletionHandlerBase                                        : loaded 2 times (x 76B)
Class com.android.tools.lint.model.DefaultLintModelDependencies                       : loaded 2 times (x 75B)
Class kotlin.reflect.jvm.internal.ClassValueCache                                     : loaded 2 times (x 70B)
Class org.apache.commons.io.CloseableURLConnection                                    : loaded 2 times (x 112B)
Class com.google.common.cache.LocalCache$LocalManualCache                             : loaded 2 times (x 95B)
Class org.gradle.internal.service.CachingServiceLocator                               : loaded 2 times (x 78B)
Class kotlin.collections.AbstractMap                                                  : loaded 2 times (x 118B)
Class com.android.ide.common.resources.configuration.ScreenDimensionQualifier         : loaded 2 times (x 85B)
Class com.google.common.collect.MapMakerInternalMap$WeakKeyStrongValueEntry           : loaded 2 times (x 86B)
Class it.unimi.dsi.fastutil.ints.IntListIterator                                      : loaded 2 times (x 66B)
Class it.unimi.dsi.fastutil.objects.AbstractObjectCollection                          : loaded 2 times (x 139B)
Class androidx.navigation.lint.BaseWrongStartDestinationTypeDetectorKt                : loaded 2 times (x 67B)
Class org.gradle.api.internal.classpath.DefaultModuleRegistry$DefaultModule           : loaded 2 times (x 82B)
Class kotlin.collections.AbstractList$SubList                                         : loaded 2 times (x 194B)
Class com.google.common.collect.FluentIterable$1                                      : loaded 2 times (x 77B)
Class com.google.common.collect.AbstractMapBasedMultimap$KeySet                       : loaded 2 times (x 133B)
Class org.objectweb.asm.FieldVisitor                                                  : loaded 2 times (x 73B)
Class [Lcom.google.common.collect.HashBiMap$BiEntry;                                  : loaded 2 times (x 65B)
Class jdk.internal.jimage.ImageBufferCache$2                                          : loaded 2 times (x 87B)
Class com.android.tools.lint.model.LintModelDependencyGraph                           : loaded 2 times (x 66B)
Class kotlin.reflect.jvm.internal.impl.descriptors.runtime.structure.ReflectClassUtilKt: loaded 2 times (x 67B)
Class kotlinx.coroutines.JobSupport                                                   : loaded 2 times (x 128B)
Class kotlinx.coroutines.BlockingEventLoop                                            : loaded 2 times (x 113B)
Class kotlin.coroutines.AbstractCoroutineContextElement                               : loaded 2 times (x 85B)
Class kotlinx.coroutines.ThreadLocalEventLoop                                         : loaded 2 times (x 67B)
Class kotlin.coroutines.ContinuationKt                                                : loaded 2 times (x 67B)
Class kotlin.sequences.DropWhileSequence                                              : loaded 2 times (x 71B)
Class it.unimi.dsi.fastutil.objects.ObjectOpenHashSet                                 : loaded 2 times (x 183B)
Class kotlin.reflect.jvm.internal.impl.builtins.StandardNames$FqNames                 : loaded 2 times (x 67B)
Class kotlinx.coroutines.CompletionStateKt                                            : loaded 2 times (x 67B)
Class com.android.prefs.LocationValue                                                 : loaded 2 times (x 66B)
Class org.gradle.internal.classloader.ClasspathUtil$1                                 : loaded 2 times (x 72B)
Class com.google.common.cache.CacheLoader$UnsupportedLoadingOperationException        : loaded 2 times (x 78B)
Class com.google.common.collect.ImmutableMultimap                                     : loaded 2 times (x 143B)
Class com.google.common.collect.AbstractMapBasedMultimap$KeySet$1                     : loaded 2 times (x 78B)
Class com.android.ide.common.rendering.api.ArrayResourceValueImpl                     : loaded 2 times (x 119B)
Class org.objectweb.asm.ClassWriter                                                   : loaded 2 times (x 102B)
Class kotlin.jvm.internal.markers.KMutableListIterator                                : loaded 2 times (x 66B)
Class kotlinx.coroutines.CoroutineDispatcher$Key$1                                    : loaded 2 times (x 74B)
Class kotlinx.coroutines.CoroutineDispatcher                                          : loaded 2 times (x 95B)
Class [Lorg.jetbrains.kotlin.cli.common.CompilerSystemProperties;                     : loaded 2 times (x 65B)
Class com.google.gson.JsonParseException                                              : loaded 2 times (x 78B)
Class com.android.tools.lint.model.DefaultLintModelJavaLibrary                        : loaded 2 times (x 99B)
Class com.android.prefs.PathLocator                                                   : loaded 2 times (x 69B)
Class org.apache.commons.io.output.AbstractByteArrayOutputStream                      : loaded 2 times (x 98B)
Class com.google.common.cache.CacheBuilder$OneWeigher                                 : loaded 2 times (x 78B)
Class [Lcom.android.resources.ScreenSize;                                             : loaded 2 times (x 65B)
Class com.android.ide.common.resources.configuration.KeyboardStateQualifier           : loaded 2 times (x 86B)
Class com.android.ide.common.resources.configuration.ScreenRoundQualifier             : loaded 2 times (x 87B)
Class com.android.builder.model.MavenCoordinates                                      : loaded 2 times (x 66B)
Class kotlin.reflect.jvm.internal.KDeclarationContainerImpl$Companion                 : loaded 2 times (x 67B)
Class com.android.Version                                                             : loaded 2 times (x 67B)
Class com.android.sdklib.AndroidVersion                                               : loaded 2 times (x 71B)
Class com.android.tools.lint.model.LintModelLibraryResolver                           : loaded 2 times (x 66B)
Class kotlin.text.MatchResult$DefaultImpls                                            : loaded 2 times (x 67B)
Class com.android.tools.lint.model.LintModelSerialization$LintModelSerializationAdapter: loaded 2 times (x 66B)
Class jdk.internal.jimage.ImageBufferCache                                            : loaded 2 times (x 67B)
Class jdk.internal.jrtfs.JrtPath                                                      : loaded 2 times (x 114B)
Class org.gradle.internal.classloader.ClasspathUtil                                   : loaded 2 times (x 67B)
Class [Lcom.android.resources.Navigation;                                             : loaded 2 times (x 65B)
Class jdk.internal.jimage.ImageBufferCache$1                                          : loaded 2 times (x 79B)
Class kotlin.collections.builders.SetBuilder                                          : loaded 2 times (x 139B)
Class kotlinx.coroutines.NonDisposableHandle                                          : loaded 2 times (x 74B)
Class it.unimi.dsi.fastutil.Hash                                                      : loaded 2 times (x 66B)
Class com.android.tools.lint.model.PathVariables$Companion                            : loaded 2 times (x 67B)
Class kotlin.io.FileSystemException                                                   : loaded 2 times (x 78B)
Class com.google.common.util.concurrent.Uninterruptibles                              : loaded 2 times (x 67B)
Class [Lcom.android.prefs.VariableValue;                                              : loaded 2 times (x 65B)
Class com.google.common.collect.HashBasedTable$Factory                                : loaded 2 times (x 75B)
Class kotlin.reflect.jvm.internal.impl.builtins.functions.FunctionTypeKind$KSuspendFunction: loaded 2 times (x 68B)
Class kotlin.reflect.jvm.internal.KClassImpl$$Lambda$0                                : loaded 2 times (x 72B)
Class com.android.tools.lint.model.LintModelSourceProvider                            : loaded 2 times (x 66B)
Class kotlin.reflect.full.IllegalCallableAccessException                              : loaded 2 times (x 78B)
Class com.android.ide.common.gradle.Separator                                         : loaded 2 times (x 75B)
Class it.unimi.dsi.fastutil.ints.IntList                                              : loaded 2 times (x 66B)
Class com.android.tools.lint.model.LintModelNamespacingMode                           : loaded 2 times (x 75B)
Class it.unimi.dsi.fastutil.ints.Int2ObjectFunction                                   : loaded 2 times (x 66B)
Class com.google.common.collect.AbstractMapBasedMultimap$WrappedSet                   : loaded 2 times (x 138B)
Class com.google.common.util.concurrent.LazyLogger                                    : loaded 2 times (x 68B)
Class org.gradle.api.specs.Spec                                                       : loaded 2 times (x 66B)
Class kotlin.collections.builders.SetBuilder$Companion                                : loaded 2 times (x 67B)
Class com.android.ide.common.rendering.api.StyleResourceValueImpl                     : loaded 2 times (x 115B)
Class com.android.ide.common.resources.configuration.GrammaticalGenderQualifier       : loaded 2 times (x 87B)
Class kotlin.reflect.jvm.internal.ReflectionFactoryImpl                               : loaded 2 times (x 87B)
Class kotlin.reflect.jvm.internal.CachesKt$$Lambda$0                                  : loaded 2 times (x 71B)
Class it.unimi.dsi.fastutil.ints.IntArraySet                                          : loaded 2 times (x 231B)
Class kotlin.jvm.internal.PropertyReference2                                          : loaded 2 times (x 123B)
Class com.android.resources.ScreenRound                                               : loaded 2 times (x 82B)
Class kotlin.time.DurationUnitKt__DurationUnitJvmKt                                   : loaded 2 times (x 67B)
Class com.android.tools.lint.model.LintModelExternalLibrary                           : loaded 2 times (x 66B)
Class jdk.internal.jimage.ImageReader$SharedImageReader$LocationVisitor               : loaded 2 times (x 66B)
Class org.apache.commons.io.file.PathFilter                                           : loaded 2 times (x 66B)
Class com.android.resources.Keyboard                                                  : loaded 2 times (x 82B)
Class com.android.ide.common.resources.configuration.ScreenWidthQualifier             : loaded 2 times (x 84B)
Class [Lkotlin.reflect.jvm.internal.impl.builtins.jvm.JavaToKotlinClassMap$PlatformMutabilityMapping;: loaded 2 times (x 65B)
Class kotlin.reflect.jvm.internal.CachesKt$$Lambda$1                                  : loaded 2 times (x 71B)
Class kotlin.reflect.full.IllegalPropertyDelegateAccessException                      : loaded 2 times (x 78B)
Class com.google.common.collect.ImmutableBiMap$Builder                                : loaded 2 times (x 78B)
Class kotlinx.coroutines.CoroutineContextKt                                           : loaded 2 times (x 67B)
Class it.unimi.dsi.fastutil.HashCommon                                                : loaded 2 times (x 67B)
Class com.android.tools.lint.model.LintModelVariant                                   : loaded 2 times (x 66B)
Class org.gradle.internal.InternalTransformer                                         : loaded 2 times (x 66B)
Class com.google.common.cache.LocalCache$LoadingValueReference                        : loaded 2 times (x 92B)
Class com.android.tools.lint.model.LintModelModuleLoader                              : loaded 2 times (x 66B)
Class com.android.resources.WideGamutColor                                            : loaded 2 times (x 82B)
Class com.android.ide.common.resources.configuration.ScreenSizeQualifier              : loaded 2 times (x 88B)
Class kotlin.reflect.jvm.internal.CachesKt$$Lambda$2                                  : loaded 2 times (x 71B)
Class kotlinx.coroutines.internal.DispatchedContinuation                              : loaded 2 times (x 86B)
Class kotlinx.coroutines.internal.Symbol                                              : loaded 2 times (x 68B)
Class kotlin.collections.builders.MapBuilder$EntriesItr                               : loaded 2 times (x 77B)
Class com.google.common.util.concurrent.UncheckedExecutionException                   : loaded 2 times (x 78B)
Class com.google.common.io.ByteSink$AsCharSink                                        : loaded 2 times (x 76B)
Class [Lcom.android.tools.lint.model.LintModelArtifactType;                           : loaded 2 times (x 65B)
Class com.android.tools.lint.model.LintModelMavenName                                 : loaded 2 times (x 66B)
Class jdk.internal.jrtfs.JrtDirectoryStream$1                                         : loaded 2 times (x 79B)
Class jdk.internal.jimage.decompressor.ResourceDecompressorRepository                 : loaded 2 times (x 67B)
Class com.google.common.reflect.Invokable$MethodInvokable                             : loaded 2 times (x 103B)
Class com.google.common.collect.Multimaps$Entries                                     : loaded 2 times (x 114B)
Class com.google.common.collect.MapMakerInternalMap$StrongKeyDummyValueEntry          : loaded 2 times (x 78B)
Class androidx.navigation.lint.BaseWrongStartDestinationTypeDetector                  : loaded 2 times (x 168B)
Class kotlin.jvm.internal.CharCompanionObject                                         : loaded 2 times (x 67B)
Class kotlin.collections.AbstractList$ListIteratorImpl                                : loaded 2 times (x 95B)
Class jdk.internal.jimage.ImageLocation                                               : loaded 2 times (x 86B)
Class kotlin.reflect.jvm.internal.KMutableProperty1Impl$$Lambda$0                     : loaded 2 times (x 72B)
Class com.android.tools.lint.model.DefaultLintModelLibraryResolver                    : loaded 2 times (x 72B)
Class kotlin.reflect.jvm.internal.CachesKt$$Lambda$3                                  : loaded 2 times (x 71B)
Class com.android.tools.lint.model.LintModelLibrary                                   : loaded 2 times (x 66B)
Class it.unimi.dsi.fastutil.Function                                                  : loaded 2 times (x 66B)
Class kotlin.reflect.jvm.internal.impl.builtins.functions.FunctionTypeKind$SuspendFunction: loaded 2 times (x 68B)
Class kotlin.reflect.jvm.internal.KMutableProperty1Impl                               : loaded 2 times (x 131B)
Class com.android.resources.Density                                                   : loaded 2 times (x 88B)
Class jdk.internal.jimage.ImageReader$Directory                                       : loaded 2 times (x 80B)
Class kotlin.io.FilePathComponents                                                    : loaded 2 times (x 68B)
Class com.google.devtools.ksp.processing.KspGradleLogger$Companion                    : loaded 2 times (x 67B)
Class [Lorg.objectweb.asm.AnnotationWriter;                                           : loaded 2 times (x 65B)
Class kotlin.collections.MutableMapWithDefaultImpl                                    : loaded 2 times (x 140B)
Class kotlin.collections.MutableMapWithDefault                                        : loaded 2 times (x 66B)
Class [Lcom.android.resources.KeyboardState;                                          : loaded 2 times (x 65B)
Class kotlin.jvm.internal.IntCompanionObject                                          : loaded 2 times (x 67B)
Class com.google.common.util.concurrent.AbstractFuture$Trusted                        : loaded 2 times (x 66B)
Class com.google.common.base.Optional                                                 : loaded 2 times (x 76B)
Class kotlin.reflect.jvm.internal.CachesKt$$Lambda$4                                  : loaded 2 times (x 71B)
Class kotlinx.coroutines.EventLoopKt                                                  : loaded 2 times (x 67B)
Class com.android.io.CancellableFileIo                                                : loaded 2 times (x 67B)
Class com.android.tools.lint.model.LintModelSeverity                                  : loaded 2 times (x 75B)
Class org.jetbrains.kotlin.cli.common.messages.MessageCollector$Companion             : loaded 2 times (x 67B)
Class com.android.utils.EnvironmentProvider                                           : loaded 2 times (x 66B)
Class [Lcom.android.resources.ScreenRatio;                                            : loaded 2 times (x 65B)
Class kotlin.io.TerminateException                                                    : loaded 2 times (x 78B)
Class com.google.common.cache.LocalCache$StrongValueReference                         : loaded 2 times (x 86B)
Class com.google.common.collect.RegularImmutableBiMap$Inverse                         : loaded 2 times (x 139B)
Class kotlinx.coroutines.internal.LimitedDispatcherKt                                 : loaded 2 times (x 67B)
Class it.unimi.dsi.fastutil.ints.AbstractIntSet                                       : loaded 2 times (x 229B)
Class kotlin.reflect.jvm.internal.CacheByClass                                        : loaded 2 times (x 69B)
Class kotlin.reflect.jvm.internal.impl.utils.CollectionsKt                            : loaded 2 times (x 67B)
Class it.unimi.dsi.fastutil.ints.IntSpliterator                                       : loaded 2 times (x 66B)
Class [Lcom.android.resources.ResourceType$Kind;                                      : loaded 2 times (x 65B)
Class org.gradle.internal.classloader.VisitableURLClassLoader$InstrumentingVisitableURLClassLoader: loaded 2 times (x 119B)
Class kotlin.collections.ReversedListReadOnly$listIterator$1                          : loaded 2 times (x 86B)
Class com.google.common.collect.MapMakerInternalMap$AbstractWeakKeyEntry              : loaded 2 times (x 83B)
Class com.android.ide.common.rendering.api.TextResourceValueImpl                      : loaded 2 times (x 105B)
Class [Lcom.android.resources.Density;                                                : loaded 2 times (x 65B)
Class [Lkotlin.reflect.jvm.internal.impl.resolve.jvm.JvmPrimitiveType;                : loaded 2 times (x 65B)
Class com.android.ide.common.resources.DataItem                                       : loaded 2 times (x 86B)
Class kotlinx.coroutines.Job$DefaultImpls                                             : loaded 2 times (x 67B)
Class kotlin.coroutines.CoroutineContext$Element$DefaultImpls                         : loaded 2 times (x 67B)
Class com.android.ide.common.rendering.api.PluralsResourceValue                       : loaded 2 times (x 66B)
Class com.android.resources.Navigation                                                : loaded 2 times (x 82B)
Class com.google.common.collect.Tables$1                                              : loaded 2 times (x 80B)
Class com.android.tools.lint.model.LintModelArtifactType                              : loaded 2 times (x 75B)
Class com.google.common.cache.LocalCache$2                                            : loaded 2 times (x 138B)
Class com.google.common.collect.AbstractSetMultimap                                   : loaded 2 times (x 170B)
Class com.google.common.collect.Sets$ImprovedAbstractSet                              : loaded 2 times (x 131B)
Class org.objectweb.asm.ByteVector                                                    : loaded 2 times (x 75B)
Class com.google.common.collect.MapMakerInternalMap$StrongKeyDummyValueEntry$Helper   : loaded 2 times (x 75B)
Class org.apache.commons.io.FileUtils                                                 : loaded 2 times (x 67B)
Class [Lcom.google.common.cache.CacheBuilder$NullListener;                            : loaded 2 times (x 65B)
Class org.gradle.internal.classloader.VisitableURLClassLoader$Spec                    : loaded 2 times (x 70B)
Class org.gradle.internal.classpath.DefaultClassPath                                  : loaded 2 times (x 86B)
Class it.unimi.dsi.fastutil.ints.IntArrays                                            : loaded 2 times (x 67B)
Class com.google.common.collect.MapMakerInternalMap$AbstractStrongKeyEntry            : loaded 2 times (x 76B)
Class com.google.common.reflect.TypeToken$SimpleTypeToken                             : loaded 2 times (x 69B)
Class it.unimi.dsi.fastutil.Hash$Strategy                                             : loaded 2 times (x 66B)
Class kotlin.text.MatchGroup                                                          : loaded 2 times (x 68B)
Class com.android.tools.lint.model.LintModelDependency                                : loaded 2 times (x 66B)
Class com.android.tools.lint.model.LintModelDependencies                              : loaded 2 times (x 66B)
Class kotlinx.coroutines.scheduling.GlobalQueue                                       : loaded 2 times (x 68B)
Class com.android.ide.common.rendering.api.StyleItemResourceValue                     : loaded 2 times (x 66B)
Class com.google.common.cache.LocalCache$1                                            : loaded 2 times (x 85B)
Class org.apache.commons.io.FileExistsException                                       : loaded 2 times (x 78B)
Class jdk.internal.jimage.decompressor.ZipDecompressorFactory                         : loaded 2 times (x 70B)
Class com.google.devtools.ksp.processing.KspGradleLogger                              : loaded 2 times (x 75B)
Class org.objectweb.asm.Symbol                                                        : loaded 2 times (x 69B)
Class jdk.internal.jrtfs.JrtFileSystemProvider                                        : loaded 2 times (x 97B)
Class [Lkotlin.Function;                                                              : loaded 2 times (x 65B)
Class org.jetbrains.kotlin.config.ApiVersion$Companion                                : loaded 2 times (x 67B)
Class com.android.tools.lint.model.LintModelModuleType                                : loaded 2 times (x 75B)
Class com.google.common.collect.HashBiMap$BiEntry                                     : loaded 2 times (x 79B)
Class org.gradle.internal.service.ServiceLocator                                      : loaded 2 times (x 66B)
Class org.gradle.internal.classloader.ClassLoaderSpec                                 : loaded 2 times (x 67B)
Class kotlin.jvm.internal.LongCompanionObject                                         : loaded 2 times (x 67B)
Class com.google.common.collect.AbstractMapBasedMultimap$1                            : loaded 2 times (x 80B)
Class com.android.ide.common.rendering.api.ResourceNamespace                          : loaded 2 times (x 76B)
Class com.google.common.collect.CollectCollectors$EnumSetAccumulator                  : loaded 2 times (x 68B)
Class kotlin.collections.ReversedListReadOnly                                         : loaded 2 times (x 194B)
Class it.unimi.dsi.fastutil.ints.IntArrays$ForkJoinQuickSortComp                      : loaded 2 times (x 92B)
Class kotlin.reflect.jvm.internal.ReflectProperties$Val$1                             : loaded 2 times (x 67B)
Class com.google.common.base.Splitter$5                                               : loaded 2 times (x 76B)
Class com.android.tools.lint.model.LintModelSerialization$LintModelSerializationFileAdapter: loaded 2 times (x 85B)
Class it.unimi.dsi.fastutil.ints.IntCollection                                        : loaded 2 times (x 66B)
Class com.android.prefs.VariableType                                                  : loaded 2 times (x 75B)
Class kotlinx.coroutines.BuildersKt__BuildersKt                                       : loaded 2 times (x 67B)
Class org.objectweb.asm.AnnotationWriter                                              : loaded 2 times (x 75B)
Class com.google.common.cache.CacheStats                                              : loaded 2 times (x 67B)
Class com.google.common.collect.MapMakerInternalMap$WeakKeyStrongValueEntry$LinkedWeakKeyStrongValueEntry: loaded 2 times (x 86B)
Class kotlin.time.DurationKt                                                          : loaded 2 times (x 67B)
Class kotlinx.coroutines.scheduling.NanoTimeSource                                    : loaded 2 times (x 68B)
Class com.android.resources.ResourceType                                              : loaded 2 times (x 75B)
Class kotlin.jvm.internal.BooleanCompanionObject                                      : loaded 2 times (x 67B)
Class kotlinx.coroutines.scheduling.CoroutineScheduler$Worker                         : loaded 2 times (x 106B)
Class org.apache.commons.io.output.ByteArrayOutputStream                              : loaded 2 times (x 98B)
Class kotlinx.coroutines.CoroutineStart$WhenMappings                                  : loaded 2 times (x 67B)
Class com.google.common.collect.BaseImmutableMultimap                                 : loaded 2 times (x 119B)
Class com.google.common.collect.EmptyImmutableListMultimap                            : loaded 2 times (x 172B)
Class jdk.internal.jrtfs.SystemImage$2                                                : loaded 2 times (x 72B)
Class kotlinx.coroutines.scheduling.CoroutineScheduler$Companion                      : loaded 2 times (x 67B)
Class com.android.tools.lint.model.PathVariables                                      : loaded 2 times (x 68B)
Class kotlin.reflect.jvm.internal.impl.name.StandardClassIdsKt                        : loaded 2 times (x 67B)
Class com.google.common.collect.AbstractMapBasedMultimap$2                            : loaded 2 times (x 81B)
Class com.google.common.collect.ImmutableMultisetGwtSerializationDependencies         : loaded 2 times (x 121B)
Class org.objectweb.asm.RecordComponentWriter                                         : loaded 2 times (x 74B)
Class com.google.common.collect.Interners                                             : loaded 2 times (x 67B)
Class com.google.common.util.concurrent.AbstractFuture$Listener                       : loaded 2 times (x 68B)
Class com.google.common.collect.StandardTable$CellIterator                            : loaded 2 times (x 79B)
Class kotlin.reflect.jvm.internal.impl.name.FqNamesUtilKt                             : loaded 2 times (x 67B)
Class [Lorg.objectweb.asm.Label;                                                      : loaded 2 times (x 65B)
Class kotlin.collections.builders.ListBuilder                                         : loaded 2 times (x 203B)
Class kotlin.collections.AbstractSet$Companion                                        : loaded 2 times (x 67B)
Class com.android.ide.common.gradle.Version$Companion$ParseState                      : loaded 2 times (x 66B)
Class kotlin.collections.builders.ListBuilder$Companion                               : loaded 2 times (x 67B)
Class org.gradle.internal.classloader.VisitableURLClassLoader                         : loaded 2 times (x 113B)
Class com.google.common.collect.ImmutableMapEntry$NonTerminalImmutableBiMapEntry      : loaded 2 times (x 81B)
Class [Lcom.android.resources.ScreenRound;                                            : loaded 2 times (x 65B)
Class kotlin.collections.builders.AbstractMapBuilderEntrySet                          : loaded 2 times (x 140B)
Class kotlin.reflect.jvm.internal.KClassImpl                                          : loaded 2 times (x 111B)
Class com.google.common.cache.CacheLoader$FunctionToCacheLoader                       : loaded 2 times (x 71B)
Class org.apache.commons.io.output.UnsynchronizedByteArrayOutputStream                : loaded 2 times (x 98B)
Class com.android.ide.common.repository.AgpVersion$Companion                          : loaded 2 times (x 67B)
Class com.google.common.collect.ImmutableListMultimap                                 : loaded 2 times (x 172B)
Class com.android.prefs.AbstractAndroidLocations                                      : loaded 2 times (x 78B)
Class com.google.common.collect.ImmutableList$SerializedForm                          : loaded 2 times (x 69B)
Class org.gradle.internal.Cast                                                        : loaded 2 times (x 67B)
Class org.gradle.api.Action                                                           : loaded 2 times (x 66B)
Class jdk.internal.jrtfs.SystemImage$1                                                : loaded 2 times (x 74B)
Class com.android.tools.lint.model.DefaultLintModelArtifact                           : loaded 2 times (x 80B)
Class com.google.common.collect.HashBiMap                                             : loaded 2 times (x 139B)
Class com.android.ide.common.resources.configuration.ResourceQualifier                : loaded 2 times (x 84B)
Class it.unimi.dsi.fastutil.ints.IntArrays$ArrayHashStrategy                          : loaded 2 times (x 71B)
Class kotlin.collections.AbstractMutableList                                          : loaded 2 times (x 202B)
Class kotlin.reflect.jvm.internal.impl.name.ClassId$Companion                         : loaded 2 times (x 67B)
Class kotlinx.coroutines.CompletedExceptionally                                       : loaded 2 times (x 68B)
Class kotlin.coroutines.AbstractCoroutineContextKey                                   : loaded 2 times (x 68B)
Class org.jetbrains.kotlin.cli.common.messages.GradleStyleMessageRenderer             : loaded 2 times (x 74B)
Class com.android.ide.common.gradle.Version$Companion                                 : loaded 2 times (x 67B)
Class it.unimi.dsi.fastutil.objects.ReferenceCollection                               : loaded 2 times (x 66B)
Class com.android.tools.lint.model.DefaultLintModelMavenName                          : loaded 2 times (x 83B)
Class kotlinx.coroutines.DisposableHandle                                             : loaded 2 times (x 66B)
Class kotlin.reflect.jvm.internal.impl.name.StandardClassIds                          : loaded 2 times (x 67B)
Class com.google.common.collect.Tables$AbstractCell                                   : loaded 2 times (x 77B)
Class jdk.internal.jimage.decompressor.ZipDecompressor                                : loaded 2 times (x 71B)
Class org.objectweb.asm.Handler                                                       : loaded 2 times (x 68B)
Class com.google.common.base.Ticker                                                   : loaded 2 times (x 68B)
Class org.gradle.internal.classloader.InstrumentingClassLoader                        : loaded 2 times (x 66B)
Class kotlin.reflect.jvm.internal.KClassImpl$Data$$Lambda$10                          : loaded 2 times (x 72B)
Class kotlin.reflect.jvm.internal.KDeclarationContainerImpl$Data$$Lambda$0            : loaded 2 times (x 72B)
Class com.android.SdkConstants                                                        : loaded 2 times (x 67B)
Class org.gradle.internal.classpath.TransformedClassPath                              : loaded 2 times (x 92B)
Class com.google.common.cache.CacheBuilder$NullListener                               : loaded 2 times (x 78B)
Class com.google.common.collect.MapMaker$Dummy                                        : loaded 2 times (x 75B)
Class org.objectweb.asm.FieldWriter                                                   : loaded 2 times (x 74B)
Class com.google.devtools.ksp.processing.KSPConfig                                    : loaded 2 times (x 68B)
Class [Lcom.google.common.cache.LocalCache$Segment;                                   : loaded 2 times (x 65B)
Class [Lcom.google.common.cache.LocalCache$Strength;                                  : loaded 2 times (x 65B)
Class com.google.common.cache.CacheBuilder$1                                          : loaded 2 times (x 81B)
Class org.gradle.internal.classpath.DefaultClassPath$ImmutableUniqueList$Builder      : loaded 2 times (x 71B)
Class com.google.common.reflect.Invokable                                             : loaded 2 times (x 99B)
Class com.google.common.collect.RowSortedTable                                        : loaded 2 times (x 66B)
Class com.android.resources.GrammaticalGender                                         : loaded 2 times (x 82B)
Class com.android.ide.common.resources.configuration.DensityQualifier                 : loaded 2 times (x 85B)
Class com.android.utils.Pair                                                          : loaded 2 times (x 68B)
Class kotlin.reflect.jvm.internal.KClassImpl$Data$$Lambda$11                          : loaded 2 times (x 72B)
Class kotlin.reflect.jvm.internal.KDeclarationContainerImpl$Data                      : loaded 2 times (x 68B)
Class kotlin.reflect.jvm.internal.impl.builtins.functions.FunctionTypeKind            : loaded 2 times (x 68B)
Class kotlinx.coroutines.CoroutineStart                                               : loaded 2 times (x 75B)
Class kotlinx.coroutines.scheduling.UnlimitedIoScheduler                              : loaded 2 times (x 98B)
Class com.android.ide.common.resources.configuration.CountryCodeQualifier             : loaded 2 times (x 84B)
Class [Lcom.android.prefs.LocationValue;                                              : loaded 2 times (x 65B)
Class com.google.common.collect.MapMakerInternalMap$WeakKeyStrongValueEntry$Helper    : loaded 2 times (x 75B)
Class kotlin.io.FileTreeWalk$WalkState                                                : loaded 2 times (x 69B)
Class com.google.common.cache.LocalCache                                              : loaded 2 times (x 183B)
Class com.google.common.cache.CacheBuilder$2                                          : loaded 2 times (x 75B)
Class com.google.common.cache.LocalCache$Strength$3                                   : loaded 2 times (x 77B)
Class com.google.common.collect.Interner                                              : loaded 2 times (x 66B)
Class com.google.common.collect.Interners$InternerImpl                                : loaded 2 times (x 71B)
Class com.android.tools.lint.model.LintModelSerialization$TargetFile                  : loaded 2 times (x 75B)
Class kotlin.reflect.jvm.internal.impl.builtins.PrimitiveType$Companion               : loaded 2 times (x 67B)
Class [Lcom.android.tools.lint.model.LintModelNamespacingMode;                        : loaded 2 times (x 65B)
Class kotlin.reflect.jvm.internal.KClassImpl$Data$$Lambda$12                          : loaded 2 times (x 72B)
Class kotlin.reflect.jvm.internal.KClassImpl$Data                                     : loaded 2 times (x 68B)
Class kotlinx.coroutines.CoroutineId                                                  : loaded 2 times (x 89B)
Class kotlinx.coroutines.EventLoopImplBase                                            : loaded 2 times (x 113B)
Class com.android.tools.lint.model.LintModelModuleLibrary                             : loaded 2 times (x 66B)
Class kotlinx.coroutines.scheduling.DefaultIoScheduler                                : loaded 2 times (x 109B)
Class com.google.common.cache.CacheBuilder$3                                          : loaded 2 times (x 68B)
Class org.gradle.api.GradleException                                                  : loaded 2 times (x 78B)
Class kotlin.collections.AbstractMap$Companion                                        : loaded 2 times (x 67B)
Class com.google.common.collect.HashBasedTable                                        : loaded 2 times (x 120B)
Class [Lcom.android.resources.LayoutDirection;                                        : loaded 2 times (x 65B)
Class com.android.ide.common.resources.ResourceMergerItem$1                           : loaded 2 times (x 119B)
Class com.android.ide.common.resources.configuration.FolderConfiguration              : loaded 2 times (x 71B)
Class kotlinx.coroutines.DispatchedTask                                               : loaded 2 times (x 77B)
Class it.unimi.dsi.fastutil.ints.IntIterator                                          : loaded 2 times (x 66B)
Class kotlin.reflect.jvm.internal.KClassImpl$Data$$Lambda$13                          : loaded 2 times (x 72B)
Class org.objectweb.asm.Handle                                                        : loaded 2 times (x 68B)
Class com.android.ide.common.gradle.Version                                           : loaded 2 times (x 71B)
Class [Lcom.android.resources.TouchScreen;                                            : loaded 2 times (x 65B)
Class com.google.common.cache.LocalCache$Strength$2                                   : loaded 2 times (x 77B)
Class jdk.internal.jimage.ImageStrings                                                : loaded 2 times (x 66B)
Class com.google.common.base.Suppliers$MemoizingSupplier                              : loaded 2 times (x 75B)
Class com.google.common.collect.ForwardingMap                                         : loaded 2 times (x 128B)
Class org.apache.commons.io.StandardLineSeparator                                     : loaded 2 times (x 75B)
Class com.google.common.util.concurrent.SettableFuture                                : loaded 2 times (x 110B)
Class com.google.common.collect.AbstractTable$CellSet                                 : loaded 2 times (x 132B)
Class com.android.ide.common.resources.ResourceMergerItem$2                           : loaded 2 times (x 113B)
Class com.android.ide.common.resources.ResourceItem                                   : loaded 2 times (x 66B)
Class com.android.resources.FolderTypeRelationship                                    : loaded 2 times (x 67B)
Class org.apache.commons.io.output.QueueOutputStream                                  : loaded 2 times (x 83B)
Class kotlin.reflect.jvm.internal.KClassImpl$Data$$Lambda$14                          : loaded 2 times (x 72B)
Class kotlin.reflect.jvm.internal.KTypeParameterOwnerImpl                             : loaded 2 times (x 66B)
Class kotlinx.coroutines.DefaultExecutorKt                                            : loaded 2 times (x 67B)
Class kotlinx.coroutines.Unconfined                                                   : loaded 2 times (x 95B)
Class kotlinx.coroutines.GlobalScope                                                  : loaded 2 times (x 70B)
Class kotlinx.coroutines.internal.SystemPropsKt                                       : loaded 2 times (x 67B)
Class it.unimi.dsi.fastutil.objects.ObjectSpliterator                                 : loaded 2 times (x 66B)
Class [Lcom.android.resources.ResourceType;                                           : loaded 2 times (x 65B)
Class [Lcom.android.resources.WideGamutColor;                                         : loaded 2 times (x 65B)
Class [Lcom.google.common.io.FileWriteMode;                                           : loaded 2 times (x 65B)
Class kotlin.collections.builders.MapBuilder$KeysItr                                  : loaded 2 times (x 77B)
Class [Lkotlin.time.DurationUnit;                                                     : loaded 2 times (x 65B)
Class com.android.resources.NightMode                                                 : loaded 2 times (x 82B)
Class [Lcom.android.resources.UiMode;                                                 : loaded 2 times (x 65B)
Class kotlin.collections.builders.MapBuilderEntries                                   : loaded 2 times (x 141B)
Class com.google.common.cache.LocalCache$Strength$1                                   : loaded 2 times (x 77B)
Class kotlin.reflect.jvm.internal.impl.name.Name                                      : loaded 2 times (x 71B)
Class kotlin.reflect.jvm.internal.KClassImpl$Data$$Lambda$15                          : loaded 2 times (x 72B)
Class kotlin.reflect.jvm.internal.KPropertyImpl$Companion                             : loaded 2 times (x 67B)
Class kotlinx.coroutines.AbstractCoroutine                                            : loaded 2 times (x 139B)
Class it.unimi.dsi.fastutil.objects.ObjectSet                                         : loaded 2 times (x 66B)
Class com.android.tools.lint.model.DefaultLintModelSourceProvider                     : loaded 2 times (x 80B)
Class org.objectweb.asm.ModuleVisitor                                                 : loaded 2 times (x 77B)
Class [Lcom.android.prefs.VariableType;                                               : loaded 2 times (x 65B)
Class com.google.common.collect.MapMakerInternalMap$StrongKeyDummyValueSegment        : loaded 2 times (x 138B)
Class com.google.common.cache.LocalCache$EntryFactory                                 : loaded 2 times (x 79B)
Class kotlinx.coroutines.IncompleteStateBox                                           : loaded 2 times (x 68B)
Class it.unimi.dsi.fastutil.ints.IntArrays$ForkJoinQuickSortIndirect                  : loaded 2 times (x 92B)
Class kotlin.reflect.jvm.internal.impl.name.ClassId                                   : loaded 2 times (x 68B)
Class kotlin.reflect.jvm.internal.impl.name.FqNameUnsafe                              : loaded 2 times (x 68B)
Class kotlin.reflect.jvm.internal.KClassImpl$Data$$Lambda$16                          : loaded 2 times (x 72B)
Class org.gradle.internal.service.UnknownServiceException                             : loaded 2 times (x 79B)
Class [Lcom.android.ide.common.gradle.Separator;                                      : loaded 2 times (x 65B)
Class com.android.prefs.QueryResult                                                   : loaded 2 times (x 80B)
Class com.google.common.cache.LocalCache$LocalLoadingCache                            : loaded 2 times (x 130B)
Class com.google.common.base.CharMatcher$Whitespace                                   : loaded 2 times (x 108B)
Class com.google.common.base.Splitter$1$1                                             : loaded 2 times (x 82B)
Class [Lorg.objectweb.asm.AnnotationVisitor;                                          : loaded 2 times (x 65B)
Class jdk.internal.jrtfs.SystemImage                                                  : loaded 2 times (x 70B)
Class com.google.common.reflect.TypeParameter                                         : loaded 2 times (x 68B)
Class [Lcom.google.common.collect.MapMaker$Dummy;                                     : loaded 2 times (x 65B)
Class com.google.common.cache.LocalCache$AbstractReferenceEntry                       : loaded 2 times (x 103B)
Class org.gradle.internal.IoActions                                                   : loaded 2 times (x 67B)
Class org.jetbrains.kotlin.cli.common.CompilerSystemProperties                        : loaded 2 times (x 76B)
Class kotlinx.coroutines.Delay                                                        : loaded 2 times (x 66B)
Class kotlinx.coroutines.ParentJob                                                    : loaded 2 times (x 66B)
Class com.android.ide.common.resources.configuration.LocaleQualifier                  : loaded 2 times (x 85B)
Class [Lkotlin.reflect.jvm.internal.impl.name.ClassId;                                : loaded 2 times (x 65B)
Class kotlinx.coroutines.JobNode                                                      : loaded 2 times (x 86B)
Class kotlin.reflect.jvm.internal.KProperty1Impl$$Lambda$1                            : loaded 2 times (x 72B)
Class kotlin.reflect.jvm.internal.KClassImpl$Data$$Lambda$17                          : loaded 2 times (x 72B)
Class kotlin.reflect.jvm.internal.KCallableImpl$$Lambda$0                             : loaded 2 times (x 72B)
Class com.android.ide.common.resources.configuration.SmallestScreenWidthQualifier     : loaded 2 times (x 84B)
Class kotlin.reflect.jvm.internal.EmptyContainerForLocal                              : loaded 2 times (x 80B)
Class org.gradle.api.internal.ClassPathProvider                                       : loaded 2 times (x 66B)
Class kotlinx.coroutines.scheduling.TaskContext                                       : loaded 2 times (x 66B)
Class it.unimi.dsi.fastutil.objects.AbstractObjectSet                                 : loaded 2 times (x 175B)
Class [Lorg.gradle.api.internal.ClassPathProvider;                                    : loaded 2 times (x 65B)
Class org.objectweb.asm.SymbolTable                                                   : loaded 2 times (x 68B)
Class com.google.common.cache.CacheLoader$InvalidCacheLoadException                   : loaded 2 times (x 78B)
Class org.gradle.internal.classloader.SystemClassLoaderSpec                           : loaded 2 times (x 67B)
Class [Lcom.android.resources.HighDynamicRange;                                       : loaded 2 times (x 65B)
Class com.android.ide.common.rendering.api.StyleableResourceValueImpl                 : loaded 2 times (x 107B)
Class com.google.common.collect.Maps$ViewCachingAbstractMap                           : loaded 2 times (x 121B)
Class org.apache.commons.io.FilenameUtils                                             : loaded 2 times (x 67B)
Class kotlin.reflect.jvm.internal.KCallableImpl$$Lambda$1                             : loaded 2 times (x 72B)
Class kotlinx.coroutines.internal.LockFreeLinkedListNode                              : loaded 2 times (x 71B)
Class kotlin.text.MatchResult                                                         : loaded 2 times (x 66B)
Class it.unimi.dsi.fastutil.ints.IntIterable                                          : loaded 2 times (x 66B)
Class kotlin.coroutines.CoroutineContext$DefaultImpls                                 : loaded 2 times (x 67B)
Class it.unimi.dsi.fastutil.ints.IntSet                                               : loaded 2 times (x 66B)
Class kotlin.coroutines.ContinuationInterceptor$DefaultImpls                          : loaded 2 times (x 67B)
Class kotlin.text.MatcherMatchResult$groups$1                                         : loaded 2 times (x 147B)
Class kotlin.reflect.jvm.internal.KProperty1Impl$$Lambda$0                            : loaded 2 times (x 72B)
Class kotlin.reflect.jvm.internal.impl.builtins.jvm.JavaToKotlinClassMap$PlatformMutabilityMapping: loaded 2 times (x 68B)
Class com.google.common.collect.FluentIterable                                        : loaded 2 times (x 77B)
Class com.google.common.cache.LocalCache$StrongEntry                                  : loaded 2 times (x 104B)
Class com.google.common.util.concurrent.AbstractFuture$TrustedFuture                  : loaded 2 times (x 110B)
Class com.google.common.cache.LoadingCache                                            : loaded 2 times (x 66B)
Class com.android.ide.common.resources.configuration.EnumBasedResourceQualifier       : loaded 2 times (x 85B)
Class kotlin.collections.builders.MapBuilder$EntryRef                                 : loaded 2 times (x 77B)
Class org.gradle.api.internal.DefaultClassPathProvider                                : loaded 2 times (x 72B)
Class it.unimi.dsi.fastutil.BidirectionalIterator                                     : loaded 2 times (x 66B)
Class com.google.common.collect.ImmutableSet$SerializedForm                           : loaded 2 times (x 69B)
Class kotlin.reflect.jvm.internal.KCallableImpl$$Lambda$2                             : loaded 2 times (x 72B)
Class org.objectweb.asm.AnnotationVisitor                                             : loaded 2 times (x 74B)
Class it.unimi.dsi.fastutil.objects.ObjectCollection                                  : loaded 2 times (x 66B)
Class com.android.ide.common.gradle.Numeric                                           : loaded 2 times (x 73B)
Class com.android.tools.lint.model.DefaultLintModelModule                             : loaded 2 times (x 94B)
Class kotlinx.coroutines.EventLoop_commonKt                                           : loaded 2 times (x 67B)
Class jdk.internal.jrtfs.JrtFileSystem                                                : loaded 2 times (x 98B)
Class com.google.common.base.Suppliers$NonSerializableMemoizingSupplier               : loaded 2 times (x 75B)
Class [Lcom.google.common.cache.Weigher;                                              : loaded 2 times (x 65B)
Class kotlin.reflect.jvm.internal.KCallableImpl                                       : loaded 2 times (x 101B)
Class com.android.ide.common.resources.configuration.ScreenRatioQualifier             : loaded 2 times (x 87B)
Class kotlin.reflect.jvm.internal.impl.builtins.functions.FunctionTypeKind$Function   : loaded 2 times (x 68B)
Class com.android.ide.common.resources.configuration.NavigationMethodQualifier        : loaded 2 times (x 86B)
Class kotlin.reflect.jvm.internal.KCallableImpl$$Lambda$3                             : loaded 2 times (x 72B)
Class kotlinx.coroutines.internal.LockFreeTaskQueueCore$Companion                     : loaded 2 times (x 67B)
Class org.jetbrains.kotlin.cli.common.CompilerSystemProperties$Companion              : loaded 2 times (x 67B)
Class com.android.ide.common.gradle.Version$Companion$ParseState$EMPTY                : loaded 2 times (x 70B)
Class com.android.ide.common.rendering.api.PluralsResourceValueImpl                   : loaded 2 times (x 113B)
Class com.android.ide.common.rendering.api.TextResourceValue                          : loaded 2 times (x 66B)
Class org.apache.commons.io.output.StringBuilderWriter                                : loaded 2 times (x 96B)
Class jdk.internal.jimage.decompressor.CompressedResourceHeader                       : loaded 2 times (x 67B)
Class com.google.common.collect.ImmutableMultimap$1                                   : loaded 2 times (x 78B)
Class [Lorg.apache.commons.io.StandardLineSeparator;                                  : loaded 2 times (x 65B)
Class kotlinx.coroutines.DebugKt                                                      : loaded 2 times (x 67B)
Class kotlin.reflect.jvm.internal.KCallableImpl$$Lambda$4                             : loaded 2 times (x 72B)
Class org.gradle.api.internal.classpath.EffectiveClassPath                            : loaded 2 times (x 86B)
Class com.android.ide.common.repository.AgpVersion$Companion$WhenMappings             : loaded 2 times (x 67B)
Class kotlin.io.FileTreeWalk$FileTreeWalkIterator                                     : loaded 2 times (x 79B)
Class [Lcom.android.ide.common.repository.AgpVersion$PreviewKind;                     : loaded 2 times (x 65B)
Class com.google.common.collect.ImmutableMultimap$2                                   : loaded 2 times (x 77B)
Class com.google.common.collect.AbstractIterator$State                                : loaded 2 times (x 75B)
Class com.google.common.cache.LocalCache$ValueReference                               : loaded 2 times (x 66B)
Class com.android.sdklib.SdkVersionInfo                                               : loaded 2 times (x 67B)
Class kotlin.collections.ArrayDeque$Companion                                         : loaded 2 times (x 67B)
Class it.unimi.dsi.fastutil.ints.IntArrays$Segment                                    : loaded 2 times (x 67B)
Class it.unimi.dsi.fastutil.ints.IntBidirectionalIterator                             : loaded 2 times (x 66B)
Class it.unimi.dsi.fastutil.ints.Int2ObjectMap                                        : loaded 2 times (x 66B)
Class kotlin.reflect.jvm.internal.KCallableImpl$$Lambda$5                             : loaded 2 times (x 72B)
Class kotlin.coroutines.jvm.internal.Boxing                                           : loaded 2 times (x 67B)
Class it.unimi.dsi.fastutil.ints.AbstractInt2ObjectMap                                : loaded 2 times (x 211B)
Class kotlin.reflect.jvm.internal.KProperty1Impl                                      : loaded 2 times (x 124B)
Class com.android.ide.common.rendering.api.ResourceNamespace$AaptNamespace            : loaded 2 times (x 76B)
Class com.android.tools.lint.model.LintModelAndroidLibrary                            : loaded 2 times (x 66B)
Class com.android.ide.common.resources.configuration.ScreenHeightQualifier            : loaded 2 times (x 84B)
Class org.gradle.internal.classloader.ClassLoaderVisitor                              : loaded 2 times (x 72B)
Class [Lcom.google.common.collect.AbstractIterator$State;                             : loaded 2 times (x 65B)
Class com.google.common.util.concurrent.AbstractFuture$Failure                        : loaded 2 times (x 68B)
Class com.android.utils.EnvironmentProvider$DirectEnvironmentProvider                 : loaded 2 times (x 76B)
Class [Lcom.android.resources.NightMode;                                              : loaded 2 times (x 65B)
Class com.android.ide.common.resources.DataFile                                       : loaded 2 times (x 79B)
Class com.android.ide.common.rendering.api.ResourceValueImpl                          : loaded 2 times (x 94B)
Class kotlin.text.MatcherMatchResult$groupValues$1                                    : loaded 2 times (x 194B)
Class kotlinx.coroutines.CopyableThreadContextElement                                 : loaded 2 times (x 66B)
Class kotlin.reflect.jvm.internal.KProperty0Impl                                      : loaded 2 times (x 124B)
Class kotlin.reflect.jvm.internal.KPropertyImpl$$Lambda$1                             : loaded 2 times (x 72B)
Class kotlin.reflect.jvm.internal.CacheByClassKt                                      : loaded 2 times (x 67B)
Class kotlin.sequences.SequencesKt___SequencesKt$flatMap$1                            : loaded 2 times (x 121B)
Class kotlin.jvm.internal.FloatCompanionObject                                        : loaded 2 times (x 67B)
Class org.gradle.internal.classloader.DefaultClassLoaderFactory                       : loaded 2 times (x 78B)
Class com.google.common.base.Suppliers                                                : loaded 2 times (x 67B)
Class org.objectweb.asm.CurrentFrame                                                  : loaded 2 times (x 69B)
Class org.objectweb.asm.ClassTooLargeException                                        : loaded 2 times (x 79B)
Class com.google.common.collect.ImmutableSetMultimap                                  : loaded 2 times (x 176B)
Class com.google.common.io.CharSink                                                   : loaded 2 times (x 75B)
Class [Lcom.google.common.cache.CacheBuilder$OneWeigher;                              : loaded 2 times (x 65B)
Class com.google.common.collect.MapMakerInternalMap$StrongKeyDummyValueEntry$LinkedStrongKeyDummyValueEntry: loaded 2 times (x 78B)
Class org.objectweb.asm.MethodTooLargeException                                       : loaded 2 times (x 79B)
Class com.android.tools.lint.model.LintModelModule                                    : loaded 2 times (x 66B)
Class com.google.gson.JsonSyntaxException                                             : loaded 2 times (x 78B)
Class kotlinx.coroutines.EventLoopImplPlatform                                        : loaded 2 times (x 103B)
Class com.android.resources.ResourceFolderType                                        : loaded 2 times (x 75B)
Class kotlinx.coroutines.scheduling.SchedulerTimeSource                               : loaded 2 times (x 68B)
Class org.jetbrains.kotlin.cli.common.messages.MessageCollector$Companion$NONE$1      : loaded 2 times (x 72B)
Class kotlinx.coroutines.scheduling.CoroutineScheduler                                : loaded 2 times (x 77B)
Class com.android.ide.common.gradle.Version$Companion$ParseState$NUMERIC              : loaded 2 times (x 70B)
Class com.android.ide.common.repository.AgpVersion$PreviewKind                        : loaded 2 times (x 75B)
Class [Lcom.android.tools.lint.model.LintModelModuleType;                             : loaded 2 times (x 65B)
Class com.android.tools.lint.model.LintModelSerialization$LintModelSerializationFileAdapter$WhenMappings: loaded 2 times (x 67B)
Class kotlin.reflect.jvm.internal.KPropertyImpl$$Lambda$0                             : loaded 2 times (x 72B)
Class kotlin.reflect.jvm.internal.impl.name.FqName                                    : loaded 2 times (x 68B)
Class com.android.ide.common.resources.configuration.LayoutDirectionQualifier         : loaded 2 times (x 87B)
Class org.objectweb.asm.Frame                                                         : loaded 2 times (x 69B)
Class com.google.common.cache.LocalCache$EntryFactory$1                               : loaded 2 times (x 79B)
Class [Lcom.google.common.cache.RemovalListener;                                      : loaded 2 times (x 65B)
Class androidx.navigation.lint.BaseTypeSafeDestinationMissingAnnotationDetectorKt     : loaded 2 times (x 67B)
Class com.google.common.collect.RegularImmutableBiMap$Inverse$InverseEntrySet         : loaded 2 times (x 148B)
Class [Lcom.android.resources.NavigationState;                                        : loaded 2 times (x 65B)
Class com.google.common.collect.TransformedListIterator                               : loaded 2 times (x 89B)
Class [Lorg.objectweb.asm.Symbol;                                                     : loaded 2 times (x 65B)
Class kotlin.reflect.jvm.internal.CachesKt                                            : loaded 2 times (x 67B)
Class kotlinx.coroutines.scheduling.TaskContextImpl                                   : loaded 2 times (x 71B)
Class com.google.common.reflect.TypeCapture                                           : loaded 2 times (x 67B)
Class jdk.internal.jimage.decompressor.StringSharingDecompressorFactory               : loaded 2 times (x 70B)
Class com.google.common.cache.LocalCache$EntryFactory$2                               : loaded 2 times (x 79B)
Class org.gradle.api.internal.classpath.GlobalCacheRootsProvider                      : loaded 2 times (x 66B)
Class com.android.utils.ILogger                                                       : loaded 2 times (x 66B)
Class com.android.ide.common.rendering.api.AttrResourceValue                          : loaded 2 times (x 66B)
Class com.android.utils.NullLogger                                                    : loaded 2 times (x 81B)
Class it.unimi.dsi.fastutil.objects.ReferenceSet                                      : loaded 2 times (x 66B)
Class kotlinx.coroutines.CoroutineScope                                               : loaded 2 times (x 66B)
Class it.unimi.dsi.fastutil.ints.IntArrays$ForkJoinQuickSort                          : loaded 2 times (x 92B)
Class kotlinx.coroutines.ChildHandle                                                  : loaded 2 times (x 66B)
Class kotlin.collections.builders.ListBuilder$Itr                                     : loaded 2 times (x 90B)
Class com.android.prefs.Global                                                        : loaded 2 times (x 76B)
Class com.android.utils.FileUtils                                                     : loaded 2 times (x 67B)
Class com.google.common.collect.Tables$ImmutableCell                                  : loaded 2 times (x 78B)
Class org.objectweb.asm.ModuleWriter                                                  : loaded 2 times (x 78B)
Class com.google.common.cache.LocalCache$EntryFactory$3                               : loaded 2 times (x 79B)
Class com.google.common.base.Ticker$1                                                 : loaded 2 times (x 68B)
Class com.android.tools.lint.model.DefaultLintModelAndroidArtifact                    : loaded 2 times (x 89B)
Class com.android.resources.TouchScreen                                               : loaded 2 times (x 82B)
Class com.android.ide.common.rendering.api.ResourceValue                              : loaded 2 times (x 66B)
Class kotlin.jvm.internal.MutablePropertyReference2                                   : loaded 2 times (x 133B)
Class kotlinx.coroutines.Incomplete                                                   : loaded 2 times (x 66B)
Class org.jetbrains.kotlin.cli.common.messages.MessageRenderer                        : loaded 2 times (x 66B)
Class [Lkotlin.jvm.functions.Function1;                                               : loaded 2 times (x 65B)
Class kotlin.reflect.jvm.internal.ReflectProperties$Val                               : loaded 2 times (x 70B)
Class com.google.common.cache.LocalCache$EntryFactory$4                               : loaded 2 times (x 79B)
Class kotlin.concurrent.LocksKt                                                       : loaded 2 times (x 67B)
Class com.android.resources.ScreenOrientation                                         : loaded 2 times (x 82B)
Class com.android.ide.common.rendering.api.ArrayResourceValue                         : loaded 2 times (x 66B)
Class com.android.ide.common.resources.configuration.NightModeQualifier               : loaded 2 times (x 86B)
Class androidx.navigation.lint.BaseTypeSafeDestinationMissingAnnotationDetector       : loaded 2 times (x 169B)
Class kotlinx.coroutines.AbstractTimeSourceKt                                         : loaded 2 times (x 67B)
Class it.unimi.dsi.fastutil.ints.AbstractInt2ObjectFunction                           : loaded 2 times (x 117B)
Class com.google.common.cache.LocalCache$EntryFactory$5                               : loaded 2 times (x 79B)
Class kotlin.jvm.internal.ByteCompanionObject                                         : loaded 2 times (x 67B)
Class com.google.common.collect.MapMakerInternalMap$WeakKeyStrongValueSegment         : loaded 2 times (x 138B)
Class kotlin.time.Duration                                                            : loaded 2 times (x 70B)
Class com.google.common.collect.Tables                                                : loaded 2 times (x 67B)
Class com.android.resources.LayoutDirection                                           : loaded 2 times (x 82B)
Class org.gradle.api.internal.classpath.ManifestUtil                                  : loaded 2 times (x 67B)
Class com.google.common.util.concurrent.ExecutionError                                : loaded 2 times (x 78B)
Class org.apache.commons.io.output.AppendableWriter                                   : loaded 2 times (x 96B)
Class com.google.common.cache.LocalCache$EntryFactory$6                               : loaded 2 times (x 79B)
Class org.gradle.internal.installation.CurrentGradleInstallationLocator               : loaded 2 times (x 67B)
Class com.android.tools.lint.model.DefaultLintModelVariant$mainArtifact$2             : loaded 2 times (x 75B)
Class [Lcom.android.resources.ScreenOrientation;                                      : loaded 2 times (x 65B)
Class com.android.sdklib.IAndroidTarget                                               : loaded 2 times (x 66B)
Class kotlinx.coroutines.internal.OpDescriptor                                        : loaded 2 times (x 69B)
Class kotlinx.coroutines.Empty                                                        : loaded 2 times (x 71B)
Class com.android.tools.lint.model.DefaultLintModelDependencyGraph                    : loaded 2 times (x 74B)
Class com.android.tools.lint.model.DefaultLintModelLintOptions                        : loaded 2 times (x 99B)
Class kotlin.reflect.jvm.internal.KProperty0Impl$$Lambda$1                            : loaded 2 times (x 72B)
Class [Lkotlin.io.FileWalkDirection;                                                  : loaded 2 times (x 65B)
Class com.google.common.collect.ImmutableMultimap$Builder                             : loaded 2 times (x 82B)
Class org.apache.commons.io.output.ThresholdingOutputStream                           : loaded 2 times (x 91B)
Class com.google.common.collect.Maps$KeySet                                           : loaded 2 times (x 133B)
Class com.google.common.cache.LocalCache$EntryFactory$7                               : loaded 2 times (x 79B)
Class org.gradle.internal.service.DefaultServiceLocator                               : loaded 2 times (x 79B)
Class com.android.resources.ScreenSize                                                : loaded 2 times (x 82B)
Class org.jetbrains.kotlin.util.capitalizeDecapitalize.CapitalizeDecapitalizeKt       : loaded 2 times (x 67B)
Class com.android.ide.common.blame.SourcePosition                                     : loaded 2 times (x 67B)
Class com.android.ide.common.resources.configuration.ScreenOrientationQualifier       : loaded 2 times (x 86B)
Class org.gradle.internal.classloader.ClassLoaderHierarchy                            : loaded 2 times (x 66B)
Class com.google.common.io.FileWriteMode                                              : loaded 2 times (x 75B)
Class jdk.internal.jrtfs.JrtDirectoryStream                                           : loaded 2 times (x 85B)
Class kotlin.io.FileTreeWalk                                                          : loaded 2 times (x 71B)
Class com.google.common.collect.ImmutableMultimap$EntryCollection                     : loaded 2 times (x 124B)
Class com.google.common.collect.Maps$EntrySet                                         : loaded 2 times (x 132B)
Class com.google.common.cache.LocalCache$EntryFactory$8                               : loaded 2 times (x 79B)
Class org.gradle.internal.installation.CurrentGradleInstallation                      : loaded 2 times (x 69B)
Class jdk.internal.jimage.BasicImageReader                                            : loaded 2 times (x 91B)
Class kotlinx.coroutines.BuildersKt                                                   : loaded 2 times (x 67B)
Class com.android.ide.common.resources.ResourceMergerItem                             : loaded 2 times (x 132B)
Class kotlinx.coroutines.CoroutineContextKt$hasCopyableElements$1                     : loaded 2 times (x 74B)
Class kotlinx.coroutines.internal.ThreadContextKt                                     : loaded 2 times (x 67B)
Class kotlinx.coroutines.scheduling.Task                                              : loaded 2 times (x 72B)
Class kotlin.jvm.internal.MutablePropertyReference0                                   : loaded 2 times (x 133B)
Class kotlinx.coroutines.BlockingCoroutine                                            : loaded 2 times (x 140B)
Class kotlin.reflect.jvm.internal.impl.builtins.CompanionObjectMapping                : loaded 2 times (x 67B)
Class com.android.tools.lint.model.DefaultLintModelVariant                            : loaded 2 times (x 97B)
Class com.android.tools.lint.model.LintModelArtifact                                  : loaded 2 times (x 66B)
Class com.google.common.collect.ForwardingObject                                      : loaded 2 times (x 68B)
Class com.google.common.cache.CacheLoader$1                                           : loaded 2 times (x 71B)
Class org.gradle.util.internal.GUtil                                                  : loaded 2 times (x 67B)
Class com.android.resources.ResourceEnum                                              : loaded 2 times (x 66B)
Class com.android.ide.common.resources.configuration.TextInputMethodQualifier         : loaded 2 times (x 86B)
Class it.unimi.dsi.fastutil.ints.AbstractIntCollection                                : loaded 2 times (x 181B)
Class it.unimi.dsi.fastutil.Stack                                                     : loaded 2 times (x 66B)
Class kotlin.reflect.jvm.internal.KProperty0Impl$$Lambda$0                            : loaded 2 times (x 72B)
Class kotlinx.coroutines.internal.LockFreeTaskQueue                                   : loaded 2 times (x 68B)
Class kotlinx.coroutines.scheduling.DefaultScheduler                                  : loaded 2 times (x 108B)
Class kotlinx.coroutines.Dispatchers                                                  : loaded 2 times (x 67B)
Class [Lcom.android.tools.lint.model.LintModelSeverity;                               : loaded 2 times (x 65B)
Class kotlin.sequences.DropWhileSequence$iterator$1                                   : loaded 2 times (x 75B)
Class com.android.prefs.PathLocator$WhenMappings                                      : loaded 2 times (x 67B)
Class kotlin.io.NoSuchFileException                                                   : loaded 2 times (x 78B)
Class com.google.common.cache.AbstractCache$StatsCounter                              : loaded 2 times (x 66B)
Class org.gradle.internal.classloader.FilteringClassLoader                            : loaded 2 times (x 101B)
Class kotlin.time.DurationUnitKt                                                      : loaded 2 times (x 67B)
Class com.google.common.collect.AbstractTable                                         : loaded 2 times (x 116B)
Class com.android.prefs.AndroidPathLocator                                            : loaded 2 times (x 69B)
Class kotlin.text.MatcherMatchResult                                                  : loaded 2 times (x 76B)
Class kotlin.text.MatchGroupCollection                                                : loaded 2 times (x 66B)
Class kotlin.reflect.jvm.internal.RuntimeTypeMapper                                   : loaded 2 times (x 67B)
Class com.android.tools.lint.model.LintModelJavaLibrary                               : loaded 2 times (x 66B)
Class kotlinx.coroutines.intrinsics.CancellableKt                                     : loaded 2 times (x 67B)
Class kotlinx.coroutines.internal.ResizableAtomicArray                                : loaded 2 times (x 68B)
Class com.android.ide.common.rendering.api.ResourceNamespace$ToolsNamespace           : loaded 2 times (x 76B)
Class com.android.tools.lint.model.DefaultLintModelDependency                         : loaded 2 times (x 82B)
Class com.android.tools.lint.model.DefaultLintModelLibrary                            : loaded 2 times (x 82B)
Class com.android.tools.lint.model.DefaultLintModelBuildFeatures                      : loaded 2 times (x 73B)
Class org.gradle.internal.installation.GradleInstallation                             : loaded 2 times (x 71B)
Class kotlin.collections.ReversedList                                                 : loaded 2 times (x 203B)
Class kotlin.reflect.jvm.internal.impl.builtins.PrimitiveType$$Lambda$0               : loaded 2 times (x 72B)
Class com.android.prefs.AndroidLocationsException                                     : loaded 2 times (x 78B)
Class com.android.ide.common.resources.DataFile$FileType                              : loaded 2 times (x 75B)
Class jdk.internal.jimage.decompressor.ResourceDecompressor$StringsProvider           : loaded 2 times (x 66B)
Class com.google.common.collect.Iterables                                             : loaded 2 times (x 67B)
Class com.android.ide.common.rendering.api.StyleResourceValue                         : loaded 2 times (x 66B)
Class kotlin.collections.ReversedList$listIterator$1                                  : loaded 2 times (x 90B)
Class kotlin.reflect.jvm.internal.impl.builtins.PrimitiveType$$Lambda$1               : loaded 2 times (x 72B)
Class kotlinx.coroutines.JobSupportKt                                                 : loaded 2 times (x 67B)
Class kotlinx.coroutines.ExecutorCoroutineDispatcher$Key                              : loaded 2 times (x 68B)
Class com.android.ide.common.gradle.Part                                              : loaded 2 times (x 73B)
Class com.android.utils.XmlUtils                                                      : loaded 2 times (x 67B)
Class com.android.resources.NavigationState                                           : loaded 2 times (x 82B)
Class org.gradle.internal.service.ServiceLookupException                              : loaded 2 times (x 78B)
Class kotlin.io.FileWalkDirection                                                     : loaded 2 times (x 75B)

---------------  S Y S T E M  ---------------

OS:
 Windows 11 , 64 bit Build 26100 (10.0.26100.5074)
OS uptime: 0 days 21:27 hours
Hyper-V role detected

CPU: total 4 (initial active 4) (2 cores per cpu, 2 threads per core) family 6 model 142 stepping 12 microcode 0xde, cx8, cmov, fxsr, ht, mmx, 3dnowpref, sse, sse2, sse3, ssse3, sse4.1, sse4.2, popcnt, lzcnt, tsc, tscinvbit, avx, avx2, aes, erms, clmul, bmi1, bmi2, adx, fma, vzeroupper, clflush, clflushopt, hv, rdtscp, f16c
Processor Information for the first 4 processors :
  Max Mhz: 2592, Current Mhz: 2592, Mhz Limit: 2073

Memory: 4k page, system-wide physical 8025M (802M free)
TotalPageFile size 13983M (AvailPageFile size 9M)
current process WorkingSet (physical memory assigned to process): 2117M, peak: 2397M
current process commit charge ("private bytes"): 2864M, peak: 3027M

vm_info: OpenJDK 64-Bit Server VM (21.0.6+-13391695-b895.109) for windows-amd64 JRE (21.0.6+-13391695-b895.109), built on 2025-04-22T21:19:17Z by "builder" with MS VC++ 16.10 / 16.11 (VS2019)

END.
