#
# There is insufficient memory for the Java Runtime Environment to continue.
# Native memory allocation (malloc) failed to allocate 2097152 bytes. Error detail: AllocateHeap
# Possible reasons:
#   The system is out of physical RAM or swap space
#   This process is running with CompressedOops enabled, and the Java Heap may be blocking the growth of the native heap
# Possible solutions:
#   Reduce memory load on the system
#   Increase physical memory or swap space
#   Check if swap backing store is full
#   Decrease Java heap size (-Xmx/-Xms)
#   Decrease number of Java threads
#   Decrease Java thread stack sizes (-Xss)
#   Set larger code cache with -XX:ReservedCodeCacheSize=
#   JVM is running with Unscaled Compressed Oops mode in which the Java heap is
#     placed in the first 4GB address space. The Java Heap base address is the
#     maximum limit for the native heap growth. Please use -XX:HeapBaseMinAddress
#     to set the Java Heap base and to place the Java Heap above 4GB virtual address.
# This output file may be truncated or incomplete.
#
#  Out of Memory Error (allocation.cpp:44), pid=18152, tid=18684
#
# JRE version: Java(TM) SE Runtime Environment (23.0.2+7) (build 23.0.2+7-58)
# Java VM: Java HotSpot(TM) 64-Bit Server VM (23.0.2+7-58, mixed mode, sharing, tiered, compressed oops, compressed class ptrs, g1 gc, windows-amd64)
# No core dump will be written. Minidumps are not enabled by default on client versions of Windows
#

---------------  S U M M A R Y ------------

Command Line: -DkotlinLanguageServer.version=1.3.13 org.javacs.kt.MainKt

Host: Intel(R) Core(TM) i3-10110U CPU @ 2.10GHz, 4 cores, 7G,  Windows 11 , 64 bit Build 26100 (10.0.26100.4768)
Time: Mon Aug 25 20:22:53 2025 South Africa Standard Time elapsed time: 3393.180571 seconds (0d 0h 56m 33s)

---------------  T H R E A D  ---------------

Current thread (0x0000018e802a3c20):  VMThread "VM Thread"          [id=18684, stack(0x0000004136a00000,0x0000004136b00000) (1024K)]

Stack: [0x0000004136a00000,0x0000004136b00000]
Native frames: (J=compiled Java code, j=interpreted, Vv=VM code, C=native code)
V  [jvm.dll+0x6e0b99]  (no source info available)
V  [jvm.dll+0x87e2b3]  (no source info available)
V  [jvm.dll+0x88073e]  (no source info available)
V  [jvm.dll+0x880e13]  (no source info available)
V  [jvm.dll+0x27b006]  (no source info available)
V  [jvm.dll+0xb6a17]  (no source info available)
V  [jvm.dll+0x345642]  (no source info available)
V  [jvm.dll+0x340339]  (no source info available)
V  [jvm.dll+0x328602]  (no source info available)
V  [jvm.dll+0x32bab3]  (no source info available)
V  [jvm.dll+0x32b8dd]  (no source info available)
V  [jvm.dll+0x372c7c]  (no source info available)
V  [jvm.dll+0x886d50]  (no source info available)
V  [jvm.dll+0x888077]  (no source info available)
V  [jvm.dll+0x8885a8]  (no source info available)
V  [jvm.dll+0x888843]  (no source info available)
V  [jvm.dll+0x8254cb]  (no source info available)
V  [jvm.dll+0x6df345]  (no source info available)
C  [ucrtbase.dll+0x37b0]  (no source info available)
C  [KERNEL32.DLL+0x2e8d7]  (no source info available)
C  [ntdll.dll+0x3c34c]  (no source info available)

VM_Operation (0x00000041378fe640): G1CollectForAllocation, mode: safepoint, requested by thread 0x0000018ec74a3150


---------------  P R O C E S S  ---------------

Threads class SMR info:
_java_thread_list=0x0000018ed1260430, length=18, elements={
0x0000018e802c0c80, 0x0000018e802c2400, 0x0000018e802c8420, 0x0000018e802c8e80,
0x0000018e802cb170, 0x0000018e802cbbd0, 0x0000018e802cd970, 0x0000018e802d2680,
0x0000018e80431890, 0x0000018e80436f40, 0x0000018ec74a3150, 0x0000018ee3ecd860,
0x0000018ed059e390, 0x0000018ec7349eb0, 0x0000018ed01b7430, 0x0000018ed01b4640,
0x0000018ed10fcae0, 0x0000018ed273e300
}

Java Threads: ( => current thread )
  0x0000018e802c0c80 JavaThread "Reference Handler"          daemon [_thread_blocked, id=4300, stack(0x0000004136b00000,0x0000004136c00000) (1024K)]
  0x0000018e802c2400 JavaThread "Finalizer"                  daemon [_thread_blocked, id=16804, stack(0x0000004136c00000,0x0000004136d00000) (1024K)]
  0x0000018e802c8420 JavaThread "Signal Dispatcher"          daemon [_thread_blocked, id=17180, stack(0x0000004136d00000,0x0000004136e00000) (1024K)]
  0x0000018e802c8e80 JavaThread "Attach Listener"            daemon [_thread_blocked, id=19068, stack(0x0000004136e00000,0x0000004136f00000) (1024K)]
  0x0000018e802cb170 JavaThread "Service Thread"             daemon [_thread_blocked, id=1352, stack(0x0000004136f00000,0x0000004137000000) (1024K)]
  0x0000018e802cbbd0 JavaThread "Monitor Deflation Thread"   daemon [_thread_blocked, id=7996, stack(0x0000004137000000,0x0000004137100000) (1024K)]
  0x0000018e802cd970 JavaThread "C2 CompilerThread0"         daemon [_thread_blocked, id=14712, stack(0x0000004137100000,0x0000004137200000) (1024K)]
  0x0000018e802d2680 JavaThread "C1 CompilerThread0"         daemon [_thread_blocked, id=5876, stack(0x0000004137200000,0x0000004137300000) (1024K)]
  0x0000018e80431890 JavaThread "Notification Thread"        daemon [_thread_blocked, id=17676, stack(0x0000004137300000,0x0000004137400000) (1024K)]
  0x0000018e80436f40 JavaThread "Common-Cleaner"             daemon [_thread_blocked, id=9396, stack(0x0000004137400000,0x0000004137500000) (1024K)]
  0x0000018ec74a3150 JavaThread "client"                            [_thread_blocked, id=13984, stack(0x0000004137800000,0x0000004137900000) (1024K)]
  0x0000018ee3ecd860 JavaThread "DestroyJavaVM"                     [_thread_blocked, id=16060, stack(0x0000004136300000,0x0000004136400000) (1024K)]
  0x0000018ed059e390 JavaThread "async0"                            [_thread_blocked, id=10820, stack(0x0000004137900000,0x0000004137a00000) (1024K)]
  0x0000018ec7349eb0 JavaThread "async1"                            [_thread_blocked, id=10064, stack(0x0000004137a00000,0x0000004137b00000) (1024K)]
  0x0000018ed01b7430 JavaThread "debounce0"                         [_thread_blocked, id=1700, stack(0x0000004136100000,0x0000004136200000) (1024K)]
  0x0000018ed01b4640 JavaThread "async2"                            [_thread_blocked, id=16044, stack(0x0000004136200000,0x0000004136300000) (1024K)]
  0x0000018ed10fcae0 JavaThread "debounce1"                         [_thread_blocked, id=17264, stack(0x0000004137c00000,0x0000004137d00000) (1024K)]
  0x0000018ed273e300 JavaThread "async3"                            [_thread_blocked, id=17644, stack(0x0000004137b00000,0x0000004137c00000) (1024K)]
Total: 18

Other Threads:
=>0x0000018e802a3c20 VMThread "VM Thread"                           [id=18684, stack(0x0000004136a00000,0x0000004136b00000) (1024K)]
  0x0000018e80290f10 WatcherThread "VM Periodic Task Thread"        [id=7484, stack(0x0000004136900000,0x0000004136a00000) (1024K)]
  0x0000018ee3f21480 WorkerThread "GC Thread#0"                     [id=18520, stack(0x0000004136400000,0x0000004136500000) (1024K)]
  0x0000018ec63844c0 WorkerThread "GC Thread#1"                     [id=17784, stack(0x0000004137500000,0x0000004137600000) (1024K)]
  0x0000018ec6384870 WorkerThread "GC Thread#2"                     [id=18188, stack(0x0000004137600000,0x0000004137700000) (1024K)]
  0x0000018ec6396f60 WorkerThread "GC Thread#3"                     [id=4616, stack(0x0000004137700000,0x0000004137800000) (1024K)]
  0x0000018ee3f35e90 ConcurrentGCThread "G1 Main Marker"            [id=19288, stack(0x0000004136500000,0x0000004136600000) (1024K)]
  0x0000018ee3f378c0 WorkerThread "G1 Conc#0"                       [id=18524, stack(0x0000004136600000,0x0000004136700000) (1024K)]
  0x0000018e8015f160 ConcurrentGCThread "G1 Refine#0"               [id=14828, stack(0x0000004136700000,0x0000004136800000) (1024K)]
  0x0000018e801608b0 ConcurrentGCThread "G1 Service"                [id=7872, stack(0x0000004136800000,0x0000004136900000) (1024K)]
Total: 10

Threads with active compile tasks:
Total: 0

VM state: at safepoint (normal execution)

VM Mutex/Monitor currently owned by a thread:  ([mutex/lock_event])
[0x00007ffe6eb84888] Threads_lock - owner thread: 0x0000018e802a3c20
[0x00007ffe6eb84988] Heap_lock - owner thread: 0x0000018ec74a3150

OutOfMemory and StackOverflow Exception counts:
OutOfMemoryError java_heap_errors=4
LinkageErrors=438

Heap address: 0x0000000082800000, size: 2008 MB, Compressed Oops mode: 32-bit

CDS archive(s) mapped at: [0x0000018e81000000-0x0000018e81d70000-0x0000018e81d70000), size 14090240, SharedBaseAddress: 0x0000018e81000000, ArchiveRelocationMode: 1.
Compressed class space mapped at: 0x0000018e82000000-0x0000018ec2000000, reserved size: 1073741824
Narrow klass base: 0x0000018e81000000, Narrow klass shift: 0, Narrow klass range: 0x41000000

GC Precious Log:
 CardTable entry size: 512
 Card Set container configuration: InlinePtr #cards 5 size 8 Array Of Cards #cards 10 size 36 Howl #buckets 4 coarsen threshold 1843 Howl Bitmap #cards 512 size 80 coarsen threshold 460 Card regions per heap region 1 cards per card region 2048
 CPUs: 4 total, 4 available
 Memory: 8025M
 Large Page Support: Disabled
 NUMA Support: Disabled
 Compressed Oops: Enabled (32-bit)
 Heap Region Size: 1M
 Heap Min Capacity: 8M
 Heap Initial Capacity: 126M
 Heap Max Capacity: 2008M
 Pre-touch: Disabled
 Parallel Workers: 4
 Concurrent Workers: 1
 Concurrent Refinement Workers: 4
 Periodic GC: Disabled

Heap:
 garbage-first heap   total reserved 2056192K, committed 2056192K, used 2054759K [0x0000000082800000, 0x0000000100000000)
  region size 1024K, 0 young (0K), 0 survivors (0K)
 Metaspace       used 87951K, committed 89728K, reserved 1179648K
  class space    used 9606K, committed 10496K, reserved 1048576K

Heap Regions: E=young(eden), S=young(survivor), O=old, HS=humongous(starts), HC=humongous(continues), CS=collection set, F=free, TAMS=top-at-mark-start, PB=parsable bottom
|   0|0x0000000082800000, 0x0000000082900000, 0x0000000082900000|100%|HS|  |TAMS 0x0000000082800000| PB 0x0000000082800000| Untracked |  0
|   1|0x0000000082900000, 0x0000000082a00000, 0x0000000082a00000|100%|HC|  |TAMS 0x0000000082900000| PB 0x0000000082900000| Untracked |  0
|   2|0x0000000082a00000, 0x0000000082b00000, 0x0000000082b00000|100%|HC|  |TAMS 0x0000000082a00000| PB 0x0000000082a00000| Untracked |  0
|   3|0x0000000082b00000, 0x0000000082c00000, 0x0000000082c00000|100%|HC|  |TAMS 0x0000000082b00000| PB 0x0000000082b00000| Untracked |  0
|   4|0x0000000082c00000, 0x0000000082cfff18, 0x0000000082d00000| 99%| O|  |TAMS 0x0000000082c00000| PB 0x0000000082c00000| Untracked |  0
|   5|0x0000000082d00000, 0x0000000082dffff8, 0x0000000082e00000| 99%| O|  |TAMS 0x0000000082d00000| PB 0x0000000082d00000| Untracked |  0
|   6|0x0000000082e00000, 0x0000000082effff0, 0x0000000082f00000| 99%| O|  |TAMS 0x0000000082e00000| PB 0x0000000082e00000| Untracked |  0
|   7|0x0000000082f00000, 0x0000000082ffffd0, 0x0000000083000000| 99%| O|  |TAMS 0x0000000082f00000| PB 0x0000000082f00000| Untracked |  0
|   8|0x0000000083000000, 0x00000000830fffd0, 0x0000000083100000| 99%| O|  |TAMS 0x0000000083000000| PB 0x0000000083000000| Untracked |  0
|   9|0x0000000083100000, 0x0000000083200000, 0x0000000083200000|100%| O|  |TAMS 0x0000000083100000| PB 0x0000000083100000| Untracked |  0
|  10|0x0000000083200000, 0x00000000832ff1c8, 0x0000000083300000| 99%| O|  |TAMS 0x0000000083200000| PB 0x0000000083200000| Untracked |  0
|  11|0x0000000083300000, 0x00000000833ffff0, 0x0000000083400000| 99%| O|  |TAMS 0x0000000083300000| PB 0x0000000083300000| Untracked |  0
|  12|0x0000000083400000, 0x00000000834fe348, 0x0000000083500000| 99%| O|  |TAMS 0x0000000083400000| PB 0x0000000083400000| Untracked |  0
|  13|0x0000000083500000, 0x00000000835ffc70, 0x0000000083600000| 99%| O|  |TAMS 0x0000000083500000| PB 0x0000000083500000| Untracked |  0
|  14|0x0000000083600000, 0x00000000836ffff0, 0x0000000083700000| 99%| O|  |TAMS 0x0000000083600000| PB 0x0000000083600000| Untracked |  0
|  15|0x0000000083700000, 0x0000000083800000, 0x0000000083800000|100%| O|  |TAMS 0x0000000083700000| PB 0x0000000083700000| Untracked |  0
|  16|0x0000000083800000, 0x00000000838fffe0, 0x0000000083900000| 99%| O|  |TAMS 0x0000000083800000| PB 0x0000000083800000| Untracked |  0
|  17|0x0000000083900000, 0x00000000839ffff8, 0x0000000083a00000| 99%| O|  |TAMS 0x0000000083900000| PB 0x0000000083900000| Untracked |  0
|  18|0x0000000083a00000, 0x0000000083afffe8, 0x0000000083b00000| 99%| O|  |TAMS 0x0000000083a00000| PB 0x0000000083a00000| Untracked |  0
|  19|0x0000000083b00000, 0x0000000083c00000, 0x0000000083c00000|100%| O|  |TAMS 0x0000000083b00000| PB 0x0000000083b00000| Untracked |  0
|  20|0x0000000083c00000, 0x0000000083cfffc0, 0x0000000083d00000| 99%| O|  |TAMS 0x0000000083c00000| PB 0x0000000083c00000| Untracked |  0
|  21|0x0000000083d00000, 0x0000000083dffff8, 0x0000000083e00000| 99%| O|  |TAMS 0x0000000083d00000| PB 0x0000000083d00000| Untracked |  0
|  22|0x0000000083e00000, 0x0000000083effff8, 0x0000000083f00000| 99%| O|  |TAMS 0x0000000083e00000| PB 0x0000000083e00000| Untracked |  0
|  23|0x0000000083f00000, 0x0000000084000000, 0x0000000084000000|100%| O|  |TAMS 0x0000000083f00000| PB 0x0000000083f00000| Untracked |  0
|  24|0x0000000084000000, 0x00000000840ffff8, 0x0000000084100000| 99%| O|  |TAMS 0x0000000084000000| PB 0x0000000084000000| Untracked |  0
|  25|0x0000000084100000, 0x00000000841fffe0, 0x0000000084200000| 99%| O|  |TAMS 0x0000000084100000| PB 0x0000000084100000| Untracked |  0
|  26|0x0000000084200000, 0x00000000842fffe8, 0x0000000084300000| 99%| O|  |TAMS 0x0000000084200000| PB 0x0000000084200000| Untracked |  0
|  27|0x0000000084300000, 0x00000000843fffc0, 0x0000000084400000| 99%| O|  |TAMS 0x0000000084300000| PB 0x0000000084300000| Untracked |  0
|  28|0x0000000084400000, 0x00000000844fffd8, 0x0000000084500000| 99%| O|  |TAMS 0x0000000084400000| PB 0x0000000084400000| Untracked |  0
|  29|0x0000000084500000, 0x00000000845ffff0, 0x0000000084600000| 99%| O|  |TAMS 0x0000000084500000| PB 0x0000000084500000| Untracked |  0
|  30|0x0000000084600000, 0x0000000084700000, 0x0000000084700000|100%| O|  |TAMS 0x0000000084600000| PB 0x0000000084600000| Untracked |  0
|  31|0x0000000084700000, 0x00000000847fffe8, 0x0000000084800000| 99%| O|  |TAMS 0x0000000084700000| PB 0x0000000084700000| Untracked |  0
|  32|0x0000000084800000, 0x0000000084900000, 0x0000000084900000|100%| O|  |TAMS 0x0000000084800000| PB 0x0000000084800000| Untracked |  0
|  33|0x0000000084900000, 0x0000000084a00000, 0x0000000084a00000|100%| O|  |TAMS 0x0000000084900000| PB 0x0000000084900000| Untracked |  0
|  34|0x0000000084a00000, 0x0000000084aff518, 0x0000000084b00000| 99%| O|  |TAMS 0x0000000084a00000| PB 0x0000000084a00000| Untracked |  0
|  35|0x0000000084b00000, 0x0000000084bfffe8, 0x0000000084c00000| 99%| O|  |TAMS 0x0000000084b00000| PB 0x0000000084b00000| Untracked |  0
|  36|0x0000000084c00000, 0x0000000084cff340, 0x0000000084d00000| 99%| O|  |TAMS 0x0000000084c00000| PB 0x0000000084c00000| Untracked |  0
|  37|0x0000000084d00000, 0x0000000084dffea8, 0x0000000084e00000| 99%| O|  |TAMS 0x0000000084d00000| PB 0x0000000084d00000| Untracked |  0
|  38|0x0000000084e00000, 0x0000000084efffe8, 0x0000000084f00000| 99%| O|  |TAMS 0x0000000084e00000| PB 0x0000000084e00000| Untracked |  0
|  39|0x0000000084f00000, 0x0000000084fff5c0, 0x0000000085000000| 99%| O|  |TAMS 0x0000000084f00000| PB 0x0000000084f00000| Untracked |  0
|  40|0x0000000085000000, 0x00000000850fef08, 0x0000000085100000| 99%| O|  |TAMS 0x0000000085000000| PB 0x0000000085000000| Untracked |  0
|  41|0x0000000085100000, 0x0000000085200000, 0x0000000085200000|100%| O|  |TAMS 0x0000000085100000| PB 0x0000000085100000| Untracked |  0
|  42|0x0000000085200000, 0x00000000852ffff8, 0x0000000085300000| 99%| O|  |TAMS 0x0000000085200000| PB 0x0000000085200000| Untracked |  0
|  43|0x0000000085300000, 0x0000000085400000, 0x0000000085400000|100%|HS|  |TAMS 0x0000000085300000| PB 0x0000000085300000| Untracked |  0
|  44|0x0000000085400000, 0x0000000085500000, 0x0000000085500000|100%|HC|  |TAMS 0x0000000085400000| PB 0x0000000085400000| Untracked |  0
|  45|0x0000000085500000, 0x00000000855ffff8, 0x0000000085600000| 99%| O|  |TAMS 0x0000000085500000| PB 0x0000000085500000| Untracked |  0
|  46|0x0000000085600000, 0x00000000856ffff8, 0x0000000085700000| 99%| O|  |TAMS 0x0000000085600000| PB 0x0000000085600000| Untracked |  0
|  47|0x0000000085700000, 0x00000000857ffff0, 0x0000000085800000| 99%| O|  |TAMS 0x0000000085700000| PB 0x0000000085700000| Untracked |  0
|  48|0x0000000085800000, 0x00000000858ffff8, 0x0000000085900000| 99%| O|  |TAMS 0x0000000085800000| PB 0x0000000085800000| Untracked |  0
|  49|0x0000000085900000, 0x00000000859ffff8, 0x0000000085a00000| 99%| O|  |TAMS 0x0000000085900000| PB 0x0000000085900000| Untracked |  0
|  50|0x0000000085a00000, 0x0000000085b00000, 0x0000000085b00000|100%| O|  |TAMS 0x0000000085a00000| PB 0x0000000085a00000| Untracked |  0
|  51|0x0000000085b00000, 0x0000000085bffff0, 0x0000000085c00000| 99%| O|  |TAMS 0x0000000085b00000| PB 0x0000000085b00000| Untracked |  0
|  52|0x0000000085c00000, 0x0000000085cffff0, 0x0000000085d00000| 99%| O|  |TAMS 0x0000000085c00000| PB 0x0000000085c00000| Untracked |  0
|  53|0x0000000085d00000, 0x0000000085e00000, 0x0000000085e00000|100%| O|  |TAMS 0x0000000085d00000| PB 0x0000000085d00000| Untracked |  0
|  54|0x0000000085e00000, 0x0000000085efffc0, 0x0000000085f00000| 99%| O|  |TAMS 0x0000000085e00000| PB 0x0000000085e00000| Untracked |  0
|  55|0x0000000085f00000, 0x0000000085ffffd8, 0x0000000086000000| 99%| O|  |TAMS 0x0000000085f00000| PB 0x0000000085f00000| Untracked |  0
|  56|0x0000000086000000, 0x00000000860ffff0, 0x0000000086100000| 99%| O|  |TAMS 0x0000000086000000| PB 0x0000000086000000| Untracked |  0
|  57|0x0000000086100000, 0x00000000861fffd0, 0x0000000086200000| 99%| O|  |TAMS 0x0000000086100000| PB 0x0000000086100000| Untracked |  0
|  58|0x0000000086200000, 0x0000000086300000, 0x0000000086300000|100%| O|  |TAMS 0x0000000086200000| PB 0x0000000086200000| Untracked |  0
|  59|0x0000000086300000, 0x00000000863fffe8, 0x0000000086400000| 99%| O|  |TAMS 0x0000000086300000| PB 0x0000000086300000| Untracked |  0
|  60|0x0000000086400000, 0x00000000864ffff0, 0x0000000086500000| 99%| O|  |TAMS 0x0000000086400000| PB 0x0000000086400000| Untracked |  0
|  61|0x0000000086500000, 0x00000000865fffc0, 0x0000000086600000| 99%| O|  |TAMS 0x0000000086500000| PB 0x0000000086500000| Untracked |  0
|  62|0x0000000086600000, 0x00000000866ffff0, 0x0000000086700000| 99%| O|  |TAMS 0x0000000086600000| PB 0x0000000086600000| Untracked |  0
|  63|0x0000000086700000, 0x0000000086800000, 0x0000000086800000|100%| O|  |TAMS 0x0000000086700000| PB 0x0000000086700000| Untracked |  0
|  64|0x0000000086800000, 0x00000000868ffff8, 0x0000000086900000| 99%| O|  |TAMS 0x0000000086800000| PB 0x0000000086800000| Untracked |  0
|  65|0x0000000086900000, 0x00000000869ffff0, 0x0000000086a00000| 99%| O|  |TAMS 0x0000000086900000| PB 0x0000000086900000| Untracked |  0
|  66|0x0000000086a00000, 0x0000000086afffc8, 0x0000000086b00000| 99%| O|  |TAMS 0x0000000086a00000| PB 0x0000000086a00000| Untracked |  0
|  67|0x0000000086b00000, 0x0000000086c00000, 0x0000000086c00000|100%| O|  |TAMS 0x0000000086b00000| PB 0x0000000086b00000| Untracked |  0
|  68|0x0000000086c00000, 0x0000000086cffff0, 0x0000000086d00000| 99%| O|  |TAMS 0x0000000086c00000| PB 0x0000000086c00000| Untracked |  0
|  69|0x0000000086d00000, 0x0000000086e00000, 0x0000000086e00000|100%| O|  |TAMS 0x0000000086d00000| PB 0x0000000086d00000| Untracked |  0
|  70|0x0000000086e00000, 0x0000000086effff8, 0x0000000086f00000| 99%| O|  |TAMS 0x0000000086e00000| PB 0x0000000086e00000| Untracked |  0
|  71|0x0000000086f00000, 0x0000000086ffffc0, 0x0000000087000000| 99%| O|  |TAMS 0x0000000086f00000| PB 0x0000000086f00000| Untracked |  0
|  72|0x0000000087000000, 0x0000000087100000, 0x0000000087100000|100%| O|  |TAMS 0x0000000087000000| PB 0x0000000087000000| Untracked |  0
|  73|0x0000000087100000, 0x00000000871fffe0, 0x0000000087200000| 99%| O|  |TAMS 0x0000000087100000| PB 0x0000000087100000| Untracked |  0
|  74|0x0000000087200000, 0x00000000872fffe0, 0x0000000087300000| 99%| O|  |TAMS 0x0000000087200000| PB 0x0000000087200000| Untracked |  0
|  75|0x0000000087300000, 0x0000000087400000, 0x0000000087400000|100%| O|  |TAMS 0x0000000087300000| PB 0x0000000087300000| Untracked |  0
|  76|0x0000000087400000, 0x00000000874ffff8, 0x0000000087500000| 99%| O|  |TAMS 0x0000000087400000| PB 0x0000000087400000| Untracked |  0
|  77|0x0000000087500000, 0x00000000875ffff0, 0x0000000087600000| 99%| O|  |TAMS 0x0000000087500000| PB 0x0000000087500000| Untracked |  0
|  78|0x0000000087600000, 0x00000000876fffc8, 0x0000000087700000| 99%| O|  |TAMS 0x0000000087600000| PB 0x0000000087600000| Untracked |  0
|  79|0x0000000087700000, 0x00000000877ffff8, 0x0000000087800000| 99%| O|  |TAMS 0x0000000087700000| PB 0x0000000087700000| Untracked |  0
|  80|0x0000000087800000, 0x0000000087900000, 0x0000000087900000|100%| O|  |TAMS 0x0000000087800000| PB 0x0000000087800000| Untracked |  0
|  81|0x0000000087900000, 0x0000000087a00000, 0x0000000087a00000|100%| O|  |TAMS 0x0000000087900000| PB 0x0000000087900000| Untracked |  0
|  82|0x0000000087a00000, 0x0000000087afff90, 0x0000000087b00000| 99%| O|  |TAMS 0x0000000087a00000| PB 0x0000000087a00000| Untracked |  0
|  83|0x0000000087b00000, 0x0000000087bffff8, 0x0000000087c00000| 99%| O|  |TAMS 0x0000000087b00000| PB 0x0000000087b00000| Untracked |  0
|  84|0x0000000087c00000, 0x0000000087cff050, 0x0000000087d00000| 99%| O|  |TAMS 0x0000000087c00000| PB 0x0000000087c00000| Untracked |  0
|  85|0x0000000087d00000, 0x0000000087dfffe8, 0x0000000087e00000| 99%| O|  |TAMS 0x0000000087d00000| PB 0x0000000087d00000| Untracked |  0
|  86|0x0000000087e00000, 0x0000000087effff0, 0x0000000087f00000| 99%| O|  |TAMS 0x0000000087e00000| PB 0x0000000087e00000| Untracked |  0
|  87|0x0000000087f00000, 0x0000000087fffff8, 0x0000000088000000| 99%| O|  |TAMS 0x0000000087f00000| PB 0x0000000087f00000| Untracked |  0
|  88|0x0000000088000000, 0x00000000880ffff8, 0x0000000088100000| 99%| O|  |TAMS 0x0000000088000000| PB 0x0000000088000000| Untracked |  0
|  89|0x0000000088100000, 0x00000000881ffa28, 0x0000000088200000| 99%| O|  |TAMS 0x0000000088100000| PB 0x0000000088100000| Untracked |  0
|  90|0x0000000088200000, 0x00000000882ffff8, 0x0000000088300000| 99%| O|  |TAMS 0x0000000088200000| PB 0x0000000088200000| Untracked |  0
|  91|0x0000000088300000, 0x0000000088400000, 0x0000000088400000|100%| O|  |TAMS 0x0000000088300000| PB 0x0000000088300000| Untracked |  0
|  92|0x0000000088400000, 0x00000000884fffd0, 0x0000000088500000| 99%| O|  |TAMS 0x0000000088400000| PB 0x0000000088400000| Untracked |  0
|  93|0x0000000088500000, 0x00000000885ffff0, 0x0000000088600000| 99%| O|  |TAMS 0x0000000088500000| PB 0x0000000088500000| Untracked |  0
|  94|0x0000000088600000, 0x00000000886fffd8, 0x0000000088700000| 99%| O|  |TAMS 0x0000000088600000| PB 0x0000000088600000| Untracked |  0
|  95|0x0000000088700000, 0x00000000887ffff8, 0x0000000088800000| 99%| O|  |TAMS 0x0000000088700000| PB 0x0000000088700000| Untracked |  0
|  96|0x0000000088800000, 0x00000000888ffec0, 0x0000000088900000| 99%| O|  |TAMS 0x0000000088800000| PB 0x0000000088800000| Untracked |  0
|  97|0x0000000088900000, 0x00000000889fffe0, 0x0000000088a00000| 99%| O|  |TAMS 0x0000000088900000| PB 0x0000000088900000| Untracked |  0
|  98|0x0000000088a00000, 0x0000000088afffe8, 0x0000000088b00000| 99%| O|  |TAMS 0x0000000088a00000| PB 0x0000000088a00000| Untracked |  0
|  99|0x0000000088b00000, 0x0000000088bffff0, 0x0000000088c00000| 99%| O|  |TAMS 0x0000000088b00000| PB 0x0000000088b00000| Untracked |  0
| 100|0x0000000088c00000, 0x0000000088d00000, 0x0000000088d00000|100%| O|  |TAMS 0x0000000088c00000| PB 0x0000000088c00000| Untracked |  0
| 101|0x0000000088d00000, 0x0000000088e00000, 0x0000000088e00000|100%| O|  |TAMS 0x0000000088d00000| PB 0x0000000088d00000| Untracked |  0
| 102|0x0000000088e00000, 0x0000000088efffd0, 0x0000000088f00000| 99%| O|  |TAMS 0x0000000088e00000| PB 0x0000000088e00000| Untracked |  0
| 103|0x0000000088f00000, 0x0000000088ffffe0, 0x0000000089000000| 99%| O|  |TAMS 0x0000000088f00000| PB 0x0000000088f00000| Untracked |  0
| 104|0x0000000089000000, 0x00000000890fffb8, 0x0000000089100000| 99%| O|  |TAMS 0x0000000089000000| PB 0x0000000089000000| Untracked |  0
| 105|0x0000000089100000, 0x00000000891ffff8, 0x0000000089200000| 99%| O|  |TAMS 0x0000000089100000| PB 0x0000000089100000| Untracked |  0
| 106|0x0000000089200000, 0x00000000892ffff8, 0x0000000089300000| 99%| O|  |TAMS 0x0000000089200000| PB 0x0000000089200000| Untracked |  0
| 107|0x0000000089300000, 0x00000000893fffe0, 0x0000000089400000| 99%| O|  |TAMS 0x0000000089300000| PB 0x0000000089300000| Untracked |  0
| 108|0x0000000089400000, 0x00000000894ffff8, 0x0000000089500000| 99%| O|  |TAMS 0x0000000089400000| PB 0x0000000089400000| Untracked |  0
| 109|0x0000000089500000, 0x00000000895fffe8, 0x0000000089600000| 99%| O|  |TAMS 0x0000000089500000| PB 0x0000000089500000| Untracked |  0
| 110|0x0000000089600000, 0x00000000896ffff8, 0x0000000089700000| 99%| O|  |TAMS 0x0000000089600000| PB 0x0000000089600000| Untracked |  0
| 111|0x0000000089700000, 0x00000000897ffff0, 0x0000000089800000| 99%| O|  |TAMS 0x0000000089700000| PB 0x0000000089700000| Untracked |  0
| 112|0x0000000089800000, 0x00000000898fffd0, 0x0000000089900000| 99%| O|  |TAMS 0x0000000089800000| PB 0x0000000089800000| Untracked |  0
| 113|0x0000000089900000, 0x00000000899ffff0, 0x0000000089a00000| 99%| O|  |TAMS 0x0000000089900000| PB 0x0000000089900000| Untracked |  0
| 114|0x0000000089a00000, 0x0000000089affff8, 0x0000000089b00000| 99%| O|  |TAMS 0x0000000089a00000| PB 0x0000000089a00000| Untracked |  0
| 115|0x0000000089b00000, 0x0000000089c00000, 0x0000000089c00000|100%| O|  |TAMS 0x0000000089b00000| PB 0x0000000089b00000| Untracked |  0
| 116|0x0000000089c00000, 0x0000000089cfffe0, 0x0000000089d00000| 99%| O|  |TAMS 0x0000000089c00000| PB 0x0000000089c00000| Untracked |  0
| 117|0x0000000089d00000, 0x0000000089dfffe0, 0x0000000089e00000| 99%| O|  |TAMS 0x0000000089d00000| PB 0x0000000089d00000| Untracked |  0
| 118|0x0000000089e00000, 0x0000000089efffe8, 0x0000000089f00000| 99%| O|  |TAMS 0x0000000089e00000| PB 0x0000000089e00000| Untracked |  0
| 119|0x0000000089f00000, 0x0000000089fffff8, 0x000000008a000000| 99%| O|  |TAMS 0x0000000089f00000| PB 0x0000000089f00000| Untracked |  0
| 120|0x000000008a000000, 0x000000008a0ffff8, 0x000000008a100000| 99%| O|  |TAMS 0x000000008a000000| PB 0x000000008a000000| Untracked |  0
| 121|0x000000008a100000, 0x000000008a1ffff8, 0x000000008a200000| 99%| O|  |TAMS 0x000000008a100000| PB 0x000000008a100000| Untracked |  0
| 122|0x000000008a200000, 0x000000008a2fa980, 0x000000008a300000| 97%| O|  |TAMS 0x000000008a200000| PB 0x000000008a200000| Untracked |  0
| 123|0x000000008a300000, 0x000000008a3ffff0, 0x000000008a400000| 99%| O|  |TAMS 0x000000008a300000| PB 0x000000008a300000| Untracked |  0
| 124|0x000000008a400000, 0x000000008a500000, 0x000000008a500000|100%| O|  |TAMS 0x000000008a400000| PB 0x000000008a400000| Untracked |  0
| 125|0x000000008a500000, 0x000000008a5ffff0, 0x000000008a600000| 99%| O|  |TAMS 0x000000008a500000| PB 0x000000008a500000| Untracked |  0
| 126|0x000000008a600000, 0x000000008a6ffff8, 0x000000008a700000| 99%| O|  |TAMS 0x000000008a600000| PB 0x000000008a600000| Untracked |  0
| 127|0x000000008a700000, 0x000000008a7ffff0, 0x000000008a800000| 99%| O|  |TAMS 0x000000008a700000| PB 0x000000008a700000| Untracked |  0
| 128|0x000000008a800000, 0x000000008a8ffff8, 0x000000008a900000| 99%| O|  |TAMS 0x000000008a800000| PB 0x000000008a800000| Untracked |  0
| 129|0x000000008a900000, 0x000000008aa00000, 0x000000008aa00000|100%| O|  |TAMS 0x000000008a900000| PB 0x000000008a900000| Untracked |  0
| 130|0x000000008aa00000, 0x000000008aaf5d98, 0x000000008ab00000| 96%| O|  |TAMS 0x000000008aa00000| PB 0x000000008aa00000| Untracked |  0
| 131|0x000000008ab00000, 0x000000008abffff8, 0x000000008ac00000| 99%| O|  |TAMS 0x000000008ab00000| PB 0x000000008ab00000| Untracked |  0
| 132|0x000000008ac00000, 0x000000008ad00000, 0x000000008ad00000|100%| O|  |TAMS 0x000000008ac00000| PB 0x000000008ac00000| Untracked |  0
| 133|0x000000008ad00000, 0x000000008adffff0, 0x000000008ae00000| 99%| O|  |TAMS 0x000000008ad00000| PB 0x000000008ad00000| Untracked |  0
| 134|0x000000008ae00000, 0x000000008af00000, 0x000000008af00000|100%| O|  |TAMS 0x000000008ae00000| PB 0x000000008ae00000| Untracked |  0
| 135|0x000000008af00000, 0x000000008b000000, 0x000000008b000000|100%| O|  |TAMS 0x000000008af00000| PB 0x000000008af00000| Untracked |  0
| 136|0x000000008b000000, 0x000000008b0ffff8, 0x000000008b100000| 99%| O|  |TAMS 0x000000008b000000| PB 0x000000008b000000| Untracked |  0
| 137|0x000000008b100000, 0x000000008b1ffff8, 0x000000008b200000| 99%| O|  |TAMS 0x000000008b100000| PB 0x000000008b100000| Untracked |  0
| 138|0x000000008b200000, 0x000000008b2fd030, 0x000000008b300000| 98%| O|  |TAMS 0x000000008b200000| PB 0x000000008b200000| Untracked |  0
| 139|0x000000008b300000, 0x000000008b3ffff8, 0x000000008b400000| 99%| O|  |TAMS 0x000000008b300000| PB 0x000000008b300000| Untracked |  0
| 140|0x000000008b400000, 0x000000008b4fffe8, 0x000000008b500000| 99%| O|  |TAMS 0x000000008b400000| PB 0x000000008b400000| Untracked |  0
| 141|0x000000008b500000, 0x000000008b5fffe0, 0x000000008b600000| 99%| O|  |TAMS 0x000000008b500000| PB 0x000000008b500000| Untracked |  0
| 142|0x000000008b600000, 0x000000008b6ffff8, 0x000000008b700000| 99%| O|  |TAMS 0x000000008b600000| PB 0x000000008b600000| Untracked |  0
| 143|0x000000008b700000, 0x000000008b800000, 0x000000008b800000|100%| O|  |TAMS 0x000000008b700000| PB 0x000000008b700000| Untracked |  0
| 144|0x000000008b800000, 0x000000008b8ffff0, 0x000000008b900000| 99%| O|  |TAMS 0x000000008b800000| PB 0x000000008b800000| Untracked |  0
| 145|0x000000008b900000, 0x000000008b9ffff0, 0x000000008ba00000| 99%| O|  |TAMS 0x000000008b900000| PB 0x000000008b900000| Untracked |  0
| 146|0x000000008ba00000, 0x000000008bafff68, 0x000000008bb00000| 99%| O|  |TAMS 0x000000008ba00000| PB 0x000000008ba00000| Untracked |  0
| 147|0x000000008bb00000, 0x000000008bbfffb8, 0x000000008bc00000| 99%| O|  |TAMS 0x000000008bb00000| PB 0x000000008bb00000| Untracked |  0
| 148|0x000000008bc00000, 0x000000008bcfffe0, 0x000000008bd00000| 99%| O|  |TAMS 0x000000008bc00000| PB 0x000000008bc00000| Untracked |  0
| 149|0x000000008bd00000, 0x000000008bdfffe8, 0x000000008be00000| 99%| O|  |TAMS 0x000000008bd00000| PB 0x000000008bd00000| Untracked |  0
| 150|0x000000008be00000, 0x000000008bf00000, 0x000000008bf00000|100%| O|  |TAMS 0x000000008be00000| PB 0x000000008be00000| Untracked |  0
| 151|0x000000008bf00000, 0x000000008bfffff8, 0x000000008c000000| 99%| O|  |TAMS 0x000000008bf00000| PB 0x000000008bf00000| Untracked |  0
| 152|0x000000008c000000, 0x000000008c0ffff8, 0x000000008c100000| 99%| O|  |TAMS 0x000000008c000000| PB 0x000000008c000000| Untracked |  0
| 153|0x000000008c100000, 0x000000008c1fdbb0, 0x000000008c200000| 99%| O|  |TAMS 0x000000008c100000| PB 0x000000008c100000| Untracked |  0
| 154|0x000000008c200000, 0x000000008c2fffd8, 0x000000008c300000| 99%| O|  |TAMS 0x000000008c200000| PB 0x000000008c200000| Untracked |  0
| 155|0x000000008c300000, 0x000000008c3fffd8, 0x000000008c400000| 99%| O|  |TAMS 0x000000008c300000| PB 0x000000008c300000| Untracked |  0
| 156|0x000000008c400000, 0x000000008c4ffff8, 0x000000008c500000| 99%| O|  |TAMS 0x000000008c400000| PB 0x000000008c400000| Untracked |  0
| 157|0x000000008c500000, 0x000000008c600000, 0x000000008c600000|100%| O|  |TAMS 0x000000008c500000| PB 0x000000008c500000| Untracked |  0
| 158|0x000000008c600000, 0x000000008c700000, 0x000000008c700000|100%| O|  |TAMS 0x000000008c600000| PB 0x000000008c600000| Untracked |  0
| 159|0x000000008c700000, 0x000000008c7fffc8, 0x000000008c800000| 99%| O|  |TAMS 0x000000008c700000| PB 0x000000008c700000| Untracked |  0
| 160|0x000000008c800000, 0x000000008c8fffc8, 0x000000008c900000| 99%| O|  |TAMS 0x000000008c800000| PB 0x000000008c800000| Untracked |  0
| 161|0x000000008c900000, 0x000000008c9fffd8, 0x000000008ca00000| 99%| O|  |TAMS 0x000000008c900000| PB 0x000000008c900000| Untracked |  0
| 162|0x000000008ca00000, 0x000000008caffff8, 0x000000008cb00000| 99%| O|  |TAMS 0x000000008ca00000| PB 0x000000008ca00000| Untracked |  0
| 163|0x000000008cb00000, 0x000000008cbfffc8, 0x000000008cc00000| 99%| O|  |TAMS 0x000000008cb00000| PB 0x000000008cb00000| Untracked |  0
| 164|0x000000008cc00000, 0x000000008ccffff8, 0x000000008cd00000| 99%| O|  |TAMS 0x000000008cc00000| PB 0x000000008cc00000| Untracked |  0
| 165|0x000000008cd00000, 0x000000008cdfffc8, 0x000000008ce00000| 99%| O|  |TAMS 0x000000008cd00000| PB 0x000000008cd00000| Untracked |  0
| 166|0x000000008ce00000, 0x000000008ceffff8, 0x000000008cf00000| 99%| O|  |TAMS 0x000000008ce00000| PB 0x000000008ce00000| Untracked |  0
| 167|0x000000008cf00000, 0x000000008cfffff0, 0x000000008d000000| 99%| O|  |TAMS 0x000000008cf00000| PB 0x000000008cf00000| Untracked |  0
| 168|0x000000008d000000, 0x000000008d0fffc8, 0x000000008d100000| 99%| O|  |TAMS 0x000000008d000000| PB 0x000000008d000000| Untracked |  0
| 169|0x000000008d100000, 0x000000008d1fffd0, 0x000000008d200000| 99%| O|  |TAMS 0x000000008d100000| PB 0x000000008d100000| Untracked |  0
| 170|0x000000008d200000, 0x000000008d2ffff8, 0x000000008d300000| 99%| O|  |TAMS 0x000000008d200000| PB 0x000000008d200000| Untracked |  0
| 171|0x000000008d300000, 0x000000008d400000, 0x000000008d400000|100%| O|  |TAMS 0x000000008d300000| PB 0x000000008d300000| Untracked |  0
| 172|0x000000008d400000, 0x000000008d4fffe0, 0x000000008d500000| 99%| O|  |TAMS 0x000000008d400000| PB 0x000000008d400000| Untracked |  0
| 173|0x000000008d500000, 0x000000008d5fffd8, 0x000000008d600000| 99%| O|  |TAMS 0x000000008d500000| PB 0x000000008d500000| Untracked |  0
| 174|0x000000008d600000, 0x000000008d6fffd0, 0x000000008d700000| 99%| O|  |TAMS 0x000000008d600000| PB 0x000000008d600000| Untracked |  0
| 175|0x000000008d700000, 0x000000008d800000, 0x000000008d800000|100%| O|  |TAMS 0x000000008d700000| PB 0x000000008d700000| Untracked |  0
| 176|0x000000008d800000, 0x000000008d8ffff0, 0x000000008d900000| 99%| O|  |TAMS 0x000000008d800000| PB 0x000000008d800000| Untracked |  0
| 177|0x000000008d900000, 0x000000008da00000, 0x000000008da00000|100%| O|  |TAMS 0x000000008d900000| PB 0x000000008d900000| Untracked |  0
| 178|0x000000008da00000, 0x000000008daffff8, 0x000000008db00000| 99%| O|  |TAMS 0x000000008da00000| PB 0x000000008da00000| Untracked |  0
| 179|0x000000008db00000, 0x000000008dbffff8, 0x000000008dc00000| 99%| O|  |TAMS 0x000000008db00000| PB 0x000000008db00000| Untracked |  0
| 180|0x000000008dc00000, 0x000000008dcfffe8, 0x000000008dd00000| 99%| O|  |TAMS 0x000000008dc00000| PB 0x000000008dc00000| Untracked |  0
| 181|0x000000008dd00000, 0x000000008ddff540, 0x000000008de00000| 99%| O|  |TAMS 0x000000008dd00000| PB 0x000000008dd00000| Untracked |  0
| 182|0x000000008de00000, 0x000000008deffff0, 0x000000008df00000| 99%| O|  |TAMS 0x000000008de00000| PB 0x000000008de00000| Untracked |  0
| 183|0x000000008df00000, 0x000000008dfffff8, 0x000000008e000000| 99%| O|  |TAMS 0x000000008df00000| PB 0x000000008df00000| Untracked |  0
| 184|0x000000008e000000, 0x000000008e0ffff8, 0x000000008e100000| 99%| O|  |TAMS 0x000000008e000000| PB 0x000000008e000000| Untracked |  0
| 185|0x000000008e100000, 0x000000008e1fffd8, 0x000000008e200000| 99%| O|  |TAMS 0x000000008e100000| PB 0x000000008e100000| Untracked |  0
| 186|0x000000008e200000, 0x000000008e2ffff8, 0x000000008e300000| 99%| O|  |TAMS 0x000000008e200000| PB 0x000000008e200000| Untracked |  0
| 187|0x000000008e300000, 0x000000008e3fffb8, 0x000000008e400000| 99%| O|  |TAMS 0x000000008e300000| PB 0x000000008e300000| Untracked |  0
| 188|0x000000008e400000, 0x000000008e4fff38, 0x000000008e500000| 99%| O|  |TAMS 0x000000008e400000| PB 0x000000008e400000| Untracked |  0
| 189|0x000000008e500000, 0x000000008e600000, 0x000000008e600000|100%| O|  |TAMS 0x000000008e500000| PB 0x000000008e500000| Untracked |  0
| 190|0x000000008e600000, 0x000000008e6ffff8, 0x000000008e700000| 99%| O|  |TAMS 0x000000008e600000| PB 0x000000008e600000| Untracked |  0
| 191|0x000000008e700000, 0x000000008e7ffff8, 0x000000008e800000| 99%| O|  |TAMS 0x000000008e700000| PB 0x000000008e700000| Untracked |  0
| 192|0x000000008e800000, 0x000000008e8ffff0, 0x000000008e900000| 99%| O|  |TAMS 0x000000008e800000| PB 0x000000008e800000| Untracked |  0
| 193|0x000000008e900000, 0x000000008e9ffff0, 0x000000008ea00000| 99%| O|  |TAMS 0x000000008e900000| PB 0x000000008e900000| Untracked |  0
| 194|0x000000008ea00000, 0x000000008eafffe0, 0x000000008eb00000| 99%| O|  |TAMS 0x000000008ea00000| PB 0x000000008ea00000| Untracked |  0
| 195|0x000000008eb00000, 0x000000008ebffff0, 0x000000008ec00000| 99%| O|  |TAMS 0x000000008eb00000| PB 0x000000008eb00000| Untracked |  0
| 196|0x000000008ec00000, 0x000000008ecffff8, 0x000000008ed00000| 99%| O|  |TAMS 0x000000008ec00000| PB 0x000000008ec00000| Untracked |  0
| 197|0x000000008ed00000, 0x000000008edffff0, 0x000000008ee00000| 99%| O|  |TAMS 0x000000008ed00000| PB 0x000000008ed00000| Untracked |  0
| 198|0x000000008ee00000, 0x000000008eeffff0, 0x000000008ef00000| 99%| O|  |TAMS 0x000000008ee00000| PB 0x000000008ee00000| Untracked |  0
| 199|0x000000008ef00000, 0x000000008effffe8, 0x000000008f000000| 99%| O|  |TAMS 0x000000008ef00000| PB 0x000000008ef00000| Untracked |  0
| 200|0x000000008f000000, 0x000000008f0fffd8, 0x000000008f100000| 99%| O|  |TAMS 0x000000008f000000| PB 0x000000008f000000| Untracked |  0
| 201|0x000000008f100000, 0x000000008f200000, 0x000000008f200000|100%| O|  |TAMS 0x000000008f100000| PB 0x000000008f100000| Untracked |  0
| 202|0x000000008f200000, 0x000000008f300000, 0x000000008f300000|100%| O|  |TAMS 0x000000008f200000| PB 0x000000008f200000| Untracked |  0
| 203|0x000000008f300000, 0x000000008f400000, 0x000000008f400000|100%| O|  |TAMS 0x000000008f300000| PB 0x000000008f300000| Untracked |  0
| 204|0x000000008f400000, 0x000000008f4fffc8, 0x000000008f500000| 99%| O|  |TAMS 0x000000008f400000| PB 0x000000008f400000| Untracked |  0
| 205|0x000000008f500000, 0x000000008f5ffff0, 0x000000008f600000| 99%| O|  |TAMS 0x000000008f500000| PB 0x000000008f500000| Untracked |  0
| 206|0x000000008f600000, 0x000000008f6fffe8, 0x000000008f700000| 99%| O|  |TAMS 0x000000008f600000| PB 0x000000008f600000| Untracked |  0
| 207|0x000000008f700000, 0x000000008f7ffff8, 0x000000008f800000| 99%| O|  |TAMS 0x000000008f700000| PB 0x000000008f700000| Untracked |  0
| 208|0x000000008f800000, 0x000000008f8fffd8, 0x000000008f900000| 99%| O|  |TAMS 0x000000008f800000| PB 0x000000008f800000| Untracked |  0
| 209|0x000000008f900000, 0x000000008f9ffff8, 0x000000008fa00000| 99%| O|  |TAMS 0x000000008f900000| PB 0x000000008f900000| Untracked |  0
| 210|0x000000008fa00000, 0x000000008fafffe8, 0x000000008fb00000| 99%| O|  |TAMS 0x000000008fa00000| PB 0x000000008fa00000| Untracked |  0
| 211|0x000000008fb00000, 0x000000008fbffff8, 0x000000008fc00000| 99%| O|  |TAMS 0x000000008fb00000| PB 0x000000008fb00000| Untracked |  0
| 212|0x000000008fc00000, 0x000000008fcfff78, 0x000000008fd00000| 99%| O|  |TAMS 0x000000008fc00000| PB 0x000000008fc00000| Untracked |  0
| 213|0x000000008fd00000, 0x000000008fe00000, 0x000000008fe00000|100%| O|  |TAMS 0x000000008fd00000| PB 0x000000008fd00000| Untracked |  0
| 214|0x000000008fe00000, 0x000000008fefffe0, 0x000000008ff00000| 99%| O|  |TAMS 0x000000008fe00000| PB 0x000000008fe00000| Untracked |  0
| 215|0x000000008ff00000, 0x000000008fffffe0, 0x0000000090000000| 99%| O|  |TAMS 0x000000008ff00000| PB 0x000000008ff00000| Untracked |  0
| 216|0x0000000090000000, 0x00000000900fffd0, 0x0000000090100000| 99%| O|  |TAMS 0x0000000090000000| PB 0x0000000090000000| Untracked |  0
| 217|0x0000000090100000, 0x00000000901ffff8, 0x0000000090200000| 99%| O|  |TAMS 0x0000000090100000| PB 0x0000000090100000| Untracked |  0
| 218|0x0000000090200000, 0x00000000902ffff8, 0x0000000090300000| 99%| O|  |TAMS 0x0000000090200000| PB 0x0000000090200000| Untracked |  0
| 219|0x0000000090300000, 0x0000000090400000, 0x0000000090400000|100%| O|  |TAMS 0x0000000090300000| PB 0x0000000090300000| Untracked |  0
| 220|0x0000000090400000, 0x00000000904fffd8, 0x0000000090500000| 99%| O|  |TAMS 0x0000000090400000| PB 0x0000000090400000| Untracked |  0
| 221|0x0000000090500000, 0x00000000905ffff8, 0x0000000090600000| 99%| O|  |TAMS 0x0000000090500000| PB 0x0000000090500000| Untracked |  0
| 222|0x0000000090600000, 0x00000000906fffe8, 0x0000000090700000| 99%| O|  |TAMS 0x0000000090600000| PB 0x0000000090600000| Untracked |  0
| 223|0x0000000090700000, 0x0000000090800000, 0x0000000090800000|100%| O|  |TAMS 0x0000000090700000| PB 0x0000000090700000| Untracked |  0
| 224|0x0000000090800000, 0x00000000908ffff0, 0x0000000090900000| 99%| O|  |TAMS 0x0000000090800000| PB 0x0000000090800000| Untracked |  0
| 225|0x0000000090900000, 0x0000000090a00000, 0x0000000090a00000|100%| O|  |TAMS 0x0000000090900000| PB 0x0000000090900000| Untracked |  0
| 226|0x0000000090a00000, 0x0000000090afffc8, 0x0000000090b00000| 99%| O|  |TAMS 0x0000000090a00000| PB 0x0000000090a00000| Untracked |  0
| 227|0x0000000090b00000, 0x0000000090bffff8, 0x0000000090c00000| 99%| O|  |TAMS 0x0000000090b00000| PB 0x0000000090b00000| Untracked |  0
| 228|0x0000000090c00000, 0x0000000090d00000, 0x0000000090d00000|100%| O|  |TAMS 0x0000000090c00000| PB 0x0000000090c00000| Untracked |  0
| 229|0x0000000090d00000, 0x0000000090dffff8, 0x0000000090e00000| 99%| O|  |TAMS 0x0000000090d00000| PB 0x0000000090d00000| Untracked |  0
| 230|0x0000000090e00000, 0x0000000090effff0, 0x0000000090f00000| 99%| O|  |TAMS 0x0000000090e00000| PB 0x0000000090e00000| Untracked |  0
| 231|0x0000000090f00000, 0x0000000090fffff0, 0x0000000091000000| 99%| O|  |TAMS 0x0000000090f00000| PB 0x0000000090f00000| Untracked |  0
| 232|0x0000000091000000, 0x00000000910fffe0, 0x0000000091100000| 99%| O|  |TAMS 0x0000000091000000| PB 0x0000000091000000| Untracked |  0
| 233|0x0000000091100000, 0x00000000911fffe8, 0x0000000091200000| 99%| O|  |TAMS 0x0000000091100000| PB 0x0000000091100000| Untracked |  0
| 234|0x0000000091200000, 0x00000000912ffff8, 0x0000000091300000| 99%| O|  |TAMS 0x0000000091200000| PB 0x0000000091200000| Untracked |  0
| 235|0x0000000091300000, 0x00000000913fffe8, 0x0000000091400000| 99%| O|  |TAMS 0x0000000091300000| PB 0x0000000091300000| Untracked |  0
| 236|0x0000000091400000, 0x0000000091500000, 0x0000000091500000|100%| O|  |TAMS 0x0000000091400000| PB 0x0000000091400000| Untracked |  0
| 237|0x0000000091500000, 0x00000000915ffff0, 0x0000000091600000| 99%| O|  |TAMS 0x0000000091500000| PB 0x0000000091500000| Untracked |  0
| 238|0x0000000091600000, 0x00000000916ffff8, 0x0000000091700000| 99%| O|  |TAMS 0x0000000091600000| PB 0x0000000091600000| Untracked |  0
| 239|0x0000000091700000, 0x00000000917fffd8, 0x0000000091800000| 99%| O|  |TAMS 0x0000000091700000| PB 0x0000000091700000| Untracked |  0
| 240|0x0000000091800000, 0x00000000918ffff0, 0x0000000091900000| 99%| O|  |TAMS 0x0000000091800000| PB 0x0000000091800000| Untracked |  0
| 241|0x0000000091900000, 0x0000000091a00000, 0x0000000091a00000|100%| O|  |TAMS 0x0000000091900000| PB 0x0000000091900000| Untracked |  0
| 242|0x0000000091a00000, 0x0000000091b00000, 0x0000000091b00000|100%| O|  |TAMS 0x0000000091a00000| PB 0x0000000091a00000| Untracked |  0
| 243|0x0000000091b00000, 0x0000000091bffff0, 0x0000000091c00000| 99%| O|  |TAMS 0x0000000091b00000| PB 0x0000000091b00000| Untracked |  0
| 244|0x0000000091c00000, 0x0000000091cffff0, 0x0000000091d00000| 99%| O|  |TAMS 0x0000000091c00000| PB 0x0000000091c00000| Untracked |  0
| 245|0x0000000091d00000, 0x0000000091dfffa8, 0x0000000091e00000| 99%| O|  |TAMS 0x0000000091d00000| PB 0x0000000091d00000| Untracked |  0
| 246|0x0000000091e00000, 0x0000000091effff8, 0x0000000091f00000| 99%| O|  |TAMS 0x0000000091e00000| PB 0x0000000091e00000| Untracked |  0
| 247|0x0000000091f00000, 0x0000000091ffffe8, 0x0000000092000000| 99%| O|  |TAMS 0x0000000091f00000| PB 0x0000000091f00000| Untracked |  0
| 248|0x0000000092000000, 0x00000000920ffc18, 0x0000000092100000| 99%| O|  |TAMS 0x0000000092000000| PB 0x0000000092000000| Untracked |  0
| 249|0x0000000092100000, 0x00000000921fffe0, 0x0000000092200000| 99%| O|  |TAMS 0x0000000092100000| PB 0x0000000092100000| Untracked |  0
| 250|0x0000000092200000, 0x00000000922fffe8, 0x0000000092300000| 99%| O|  |TAMS 0x0000000092200000| PB 0x0000000092200000| Untracked |  0
| 251|0x0000000092300000, 0x0000000092400000, 0x0000000092400000|100%| O|  |TAMS 0x0000000092300000| PB 0x0000000092300000| Untracked |  0
| 252|0x0000000092400000, 0x0000000092500000, 0x0000000092500000|100%| O|  |TAMS 0x0000000092400000| PB 0x0000000092400000| Untracked |  0
| 253|0x0000000092500000, 0x00000000925fffe8, 0x0000000092600000| 99%| O|  |TAMS 0x0000000092500000| PB 0x0000000092500000| Untracked |  0
| 254|0x0000000092600000, 0x00000000926ffff8, 0x0000000092700000| 99%| O|  |TAMS 0x0000000092600000| PB 0x0000000092600000| Untracked |  0
| 255|0x0000000092700000, 0x00000000927ffff0, 0x0000000092800000| 99%| O|  |TAMS 0x0000000092700000| PB 0x0000000092700000| Untracked |  0
| 256|0x0000000092800000, 0x00000000928fffe8, 0x0000000092900000| 99%| O|  |TAMS 0x0000000092800000| PB 0x0000000092800000| Untracked |  0
| 257|0x0000000092900000, 0x00000000929ffb50, 0x0000000092a00000| 99%| O|  |TAMS 0x0000000092900000| PB 0x0000000092900000| Untracked |  0
| 258|0x0000000092a00000, 0x0000000092affff0, 0x0000000092b00000| 99%| O|  |TAMS 0x0000000092a00000| PB 0x0000000092a00000| Untracked |  0
| 259|0x0000000092b00000, 0x0000000092c00000, 0x0000000092c00000|100%| O|  |TAMS 0x0000000092b00000| PB 0x0000000092b00000| Untracked |  0
| 260|0x0000000092c00000, 0x0000000092cfffd8, 0x0000000092d00000| 99%| O|  |TAMS 0x0000000092c00000| PB 0x0000000092c00000| Untracked |  0
| 261|0x0000000092d00000, 0x0000000092e00000, 0x0000000092e00000|100%| O|  |TAMS 0x0000000092d00000| PB 0x0000000092d00000| Untracked |  0
| 262|0x0000000092e00000, 0x0000000092f00000, 0x0000000092f00000|100%| O|  |TAMS 0x0000000092e00000| PB 0x0000000092e00000| Untracked |  0
| 263|0x0000000092f00000, 0x0000000092fffff8, 0x0000000093000000| 99%| O|  |TAMS 0x0000000092f00000| PB 0x0000000092f00000| Untracked |  0
| 264|0x0000000093000000, 0x00000000930ffff0, 0x0000000093100000| 99%| O|  |TAMS 0x0000000093000000| PB 0x0000000093000000| Untracked |  0
| 265|0x0000000093100000, 0x0000000093200000, 0x0000000093200000|100%| O|  |TAMS 0x0000000093100000| PB 0x0000000093100000| Untracked |  0
| 266|0x0000000093200000, 0x00000000932fffe8, 0x0000000093300000| 99%| O|  |TAMS 0x0000000093200000| PB 0x0000000093200000| Untracked |  0
| 267|0x0000000093300000, 0x0000000093400000, 0x0000000093400000|100%| O|  |TAMS 0x0000000093300000| PB 0x0000000093300000| Untracked |  0
| 268|0x0000000093400000, 0x00000000934ffff0, 0x0000000093500000| 99%| O|  |TAMS 0x0000000093400000| PB 0x0000000093400000| Untracked |  0
| 269|0x0000000093500000, 0x00000000935ffff8, 0x0000000093600000| 99%| O|  |TAMS 0x0000000093500000| PB 0x0000000093500000| Untracked |  0
| 270|0x0000000093600000, 0x0000000093700000, 0x0000000093700000|100%| O|  |TAMS 0x0000000093600000| PB 0x0000000093600000| Untracked |  0
| 271|0x0000000093700000, 0x00000000937ffff0, 0x0000000093800000| 99%| O|  |TAMS 0x0000000093700000| PB 0x0000000093700000| Untracked |  0
| 272|0x0000000093800000, 0x00000000938fffe8, 0x0000000093900000| 99%| O|  |TAMS 0x0000000093800000| PB 0x0000000093800000| Untracked |  0
| 273|0x0000000093900000, 0x00000000939ffff0, 0x0000000093a00000| 99%| O|  |TAMS 0x0000000093900000| PB 0x0000000093900000| Untracked |  0
| 274|0x0000000093a00000, 0x0000000093affff0, 0x0000000093b00000| 99%| O|  |TAMS 0x0000000093a00000| PB 0x0000000093a00000| Untracked |  0
| 275|0x0000000093b00000, 0x0000000093bfffe8, 0x0000000093c00000| 99%| O|  |TAMS 0x0000000093b00000| PB 0x0000000093b00000| Untracked |  0
| 276|0x0000000093c00000, 0x0000000093d00000, 0x0000000093d00000|100%| O|  |TAMS 0x0000000093c00000| PB 0x0000000093c00000| Untracked |  0
| 277|0x0000000093d00000, 0x0000000093e00000, 0x0000000093e00000|100%| O|  |TAMS 0x0000000093d00000| PB 0x0000000093d00000| Untracked |  0
| 278|0x0000000093e00000, 0x0000000093f00000, 0x0000000093f00000|100%| O|  |TAMS 0x0000000093e00000| PB 0x0000000093e00000| Untracked |  0
| 279|0x0000000093f00000, 0x0000000093ffffd8, 0x0000000094000000| 99%| O|  |TAMS 0x0000000093f00000| PB 0x0000000093f00000| Untracked |  0
| 280|0x0000000094000000, 0x00000000940fffe0, 0x0000000094100000| 99%| O|  |TAMS 0x0000000094000000| PB 0x0000000094000000| Untracked |  0
| 281|0x0000000094100000, 0x0000000094200000, 0x0000000094200000|100%| O|  |TAMS 0x0000000094100000| PB 0x0000000094100000| Untracked |  0
| 282|0x0000000094200000, 0x00000000942ffff8, 0x0000000094300000| 99%| O|  |TAMS 0x0000000094200000| PB 0x0000000094200000| Untracked |  0
| 283|0x0000000094300000, 0x00000000943ffff0, 0x0000000094400000| 99%| O|  |TAMS 0x0000000094300000| PB 0x0000000094300000| Untracked |  0
| 284|0x0000000094400000, 0x0000000094500000, 0x0000000094500000|100%| O|  |TAMS 0x0000000094400000| PB 0x0000000094400000| Untracked |  0
| 285|0x0000000094500000, 0x0000000094600000, 0x0000000094600000|100%| O|  |TAMS 0x0000000094500000| PB 0x0000000094500000| Untracked |  0
| 286|0x0000000094600000, 0x00000000946ffff0, 0x0000000094700000| 99%| O|  |TAMS 0x0000000094600000| PB 0x0000000094600000| Untracked |  0
| 287|0x0000000094700000, 0x00000000947fffe8, 0x0000000094800000| 99%| O|  |TAMS 0x0000000094700000| PB 0x0000000094700000| Untracked |  0
| 288|0x0000000094800000, 0x00000000948fffa8, 0x0000000094900000| 99%| O|  |TAMS 0x0000000094800000| PB 0x0000000094800000| Untracked |  0
| 289|0x0000000094900000, 0x00000000949fffe0, 0x0000000094a00000| 99%| O|  |TAMS 0x0000000094900000| PB 0x0000000094900000| Untracked |  0
| 290|0x0000000094a00000, 0x0000000094afffe8, 0x0000000094b00000| 99%| O|  |TAMS 0x0000000094a00000| PB 0x0000000094a00000| Untracked |  0
| 291|0x0000000094b00000, 0x0000000094bffff8, 0x0000000094c00000| 99%| O|  |TAMS 0x0000000094b00000| PB 0x0000000094b00000| Untracked |  0
| 292|0x0000000094c00000, 0x0000000094cffff8, 0x0000000094d00000| 99%| O|  |TAMS 0x0000000094c00000| PB 0x0000000094c00000| Untracked |  0
| 293|0x0000000094d00000, 0x0000000094dffff8, 0x0000000094e00000| 99%| O|  |TAMS 0x0000000094d00000| PB 0x0000000094d00000| Untracked |  0
| 294|0x0000000094e00000, 0x0000000094efff18, 0x0000000094f00000| 99%| O|  |TAMS 0x0000000094e00000| PB 0x0000000094e00000| Untracked |  0
| 295|0x0000000094f00000, 0x0000000095000000, 0x0000000095000000|100%| O|  |TAMS 0x0000000094f00000| PB 0x0000000094f00000| Untracked |  0
| 296|0x0000000095000000, 0x00000000950ffff0, 0x0000000095100000| 99%| O|  |TAMS 0x0000000095000000| PB 0x0000000095000000| Untracked |  0
| 297|0x0000000095100000, 0x00000000951fffe0, 0x0000000095200000| 99%| O|  |TAMS 0x0000000095100000| PB 0x0000000095100000| Untracked |  0
| 298|0x0000000095200000, 0x00000000952fff80, 0x0000000095300000| 99%| O|  |TAMS 0x0000000095200000| PB 0x0000000095200000| Untracked |  0
| 299|0x0000000095300000, 0x00000000953ffff8, 0x0000000095400000| 99%| O|  |TAMS 0x0000000095300000| PB 0x0000000095300000| Untracked |  0
| 300|0x0000000095400000, 0x00000000954ffff8, 0x0000000095500000| 99%| O|  |TAMS 0x0000000095400000| PB 0x0000000095400000| Untracked |  0
| 301|0x0000000095500000, 0x00000000955ffff0, 0x0000000095600000| 99%| O|  |TAMS 0x0000000095500000| PB 0x0000000095500000| Untracked |  0
| 302|0x0000000095600000, 0x0000000095700000, 0x0000000095700000|100%| O|  |TAMS 0x0000000095600000| PB 0x0000000095600000| Untracked |  0
| 303|0x0000000095700000, 0x00000000957fffd0, 0x0000000095800000| 99%| O|  |TAMS 0x0000000095700000| PB 0x0000000095700000| Untracked |  0
| 304|0x0000000095800000, 0x00000000958ffff0, 0x0000000095900000| 99%| O|  |TAMS 0x0000000095800000| PB 0x0000000095800000| Untracked |  0
| 305|0x0000000095900000, 0x00000000959ffff0, 0x0000000095a00000| 99%| O|  |TAMS 0x0000000095900000| PB 0x0000000095900000| Untracked |  0
| 306|0x0000000095a00000, 0x0000000095b00000, 0x0000000095b00000|100%| O|  |TAMS 0x0000000095a00000| PB 0x0000000095a00000| Untracked |  0
| 307|0x0000000095b00000, 0x0000000095c00000, 0x0000000095c00000|100%| O|  |TAMS 0x0000000095b00000| PB 0x0000000095b00000| Untracked |  0
| 308|0x0000000095c00000, 0x0000000095cfffe0, 0x0000000095d00000| 99%| O|  |TAMS 0x0000000095c00000| PB 0x0000000095c00000| Untracked |  0
| 309|0x0000000095d00000, 0x0000000095e00000, 0x0000000095e00000|100%| O|  |TAMS 0x0000000095d00000| PB 0x0000000095d00000| Untracked |  0
| 310|0x0000000095e00000, 0x0000000095effff0, 0x0000000095f00000| 99%| O|  |TAMS 0x0000000095e00000| PB 0x0000000095e00000| Untracked |  0
| 311|0x0000000095f00000, 0x0000000095fffff0, 0x0000000096000000| 99%| O|  |TAMS 0x0000000095f00000| PB 0x0000000095f00000| Untracked |  0
| 312|0x0000000096000000, 0x00000000960fffc8, 0x0000000096100000| 99%| O|  |TAMS 0x0000000096000000| PB 0x0000000096000000| Untracked |  0
| 313|0x0000000096100000, 0x00000000961fd310, 0x0000000096200000| 98%| O|  |TAMS 0x0000000096100000| PB 0x0000000096100000| Untracked |  0
| 314|0x0000000096200000, 0x00000000962ffff0, 0x0000000096300000| 99%| O|  |TAMS 0x0000000096200000| PB 0x0000000096200000| Untracked |  0
| 315|0x0000000096300000, 0x00000000963ffff0, 0x0000000096400000| 99%| O|  |TAMS 0x0000000096300000| PB 0x0000000096300000| Untracked |  0
| 316|0x0000000096400000, 0x00000000964ffff8, 0x0000000096500000| 99%| O|  |TAMS 0x0000000096400000| PB 0x0000000096400000| Untracked |  0
| 317|0x0000000096500000, 0x0000000096600000, 0x0000000096600000|100%| O|  |TAMS 0x0000000096500000| PB 0x0000000096500000| Untracked |  0
| 318|0x0000000096600000, 0x0000000096700000, 0x0000000096700000|100%| O|  |TAMS 0x0000000096600000| PB 0x0000000096600000| Untracked |  0
| 319|0x0000000096700000, 0x0000000096800000, 0x0000000096800000|100%| O|  |TAMS 0x0000000096700000| PB 0x0000000096700000| Untracked |  0
| 320|0x0000000096800000, 0x00000000968fffc8, 0x0000000096900000| 99%| O|  |TAMS 0x0000000096800000| PB 0x0000000096800000| Untracked |  0
| 321|0x0000000096900000, 0x00000000969ffff0, 0x0000000096a00000| 99%| O|  |TAMS 0x0000000096900000| PB 0x0000000096900000| Untracked |  0
| 322|0x0000000096a00000, 0x0000000096b00000, 0x0000000096b00000|100%| O|  |TAMS 0x0000000096a00000| PB 0x0000000096a00000| Untracked |  0
| 323|0x0000000096b00000, 0x0000000096bffff8, 0x0000000096c00000| 99%| O|  |TAMS 0x0000000096b00000| PB 0x0000000096b00000| Untracked |  0
| 324|0x0000000096c00000, 0x0000000096cfff68, 0x0000000096d00000| 99%| O|  |TAMS 0x0000000096c00000| PB 0x0000000096c00000| Untracked |  0
| 325|0x0000000096d00000, 0x0000000096e00000, 0x0000000096e00000|100%| O|  |TAMS 0x0000000096d00000| PB 0x0000000096d00000| Untracked |  0
| 326|0x0000000096e00000, 0x0000000096efffe0, 0x0000000096f00000| 99%| O|  |TAMS 0x0000000096e00000| PB 0x0000000096e00000| Untracked |  0
| 327|0x0000000096f00000, 0x0000000096ffffe0, 0x0000000097000000| 99%| O|  |TAMS 0x0000000096f00000| PB 0x0000000096f00000| Untracked |  0
| 328|0x0000000097000000, 0x00000000970ffff8, 0x0000000097100000| 99%| O|  |TAMS 0x0000000097000000| PB 0x0000000097000000| Untracked |  0
| 329|0x0000000097100000, 0x00000000971fffe8, 0x0000000097200000| 99%| O|  |TAMS 0x0000000097100000| PB 0x0000000097100000| Untracked |  0
| 330|0x0000000097200000, 0x00000000972ffff0, 0x0000000097300000| 99%| O|  |TAMS 0x0000000097200000| PB 0x0000000097200000| Untracked |  0
| 331|0x0000000097300000, 0x0000000097400000, 0x0000000097400000|100%| O|  |TAMS 0x0000000097300000| PB 0x0000000097300000| Untracked |  0
| 332|0x0000000097400000, 0x00000000974ffff0, 0x0000000097500000| 99%| O|  |TAMS 0x0000000097400000| PB 0x0000000097400000| Untracked |  0
| 333|0x0000000097500000, 0x0000000097600000, 0x0000000097600000|100%| O|  |TAMS 0x0000000097500000| PB 0x0000000097500000| Untracked |  0
| 334|0x0000000097600000, 0x00000000976ffff0, 0x0000000097700000| 99%| O|  |TAMS 0x0000000097600000| PB 0x0000000097600000| Untracked |  0
| 335|0x0000000097700000, 0x00000000977ffff8, 0x0000000097800000| 99%| O|  |TAMS 0x0000000097700000| PB 0x0000000097700000| Untracked |  0
| 336|0x0000000097800000, 0x00000000978fffe8, 0x0000000097900000| 99%| O|  |TAMS 0x0000000097800000| PB 0x0000000097800000| Untracked |  0
| 337|0x0000000097900000, 0x00000000979ffff8, 0x0000000097a00000| 99%| O|  |TAMS 0x0000000097900000| PB 0x0000000097900000| Untracked |  0
| 338|0x0000000097a00000, 0x0000000097afffd8, 0x0000000097b00000| 99%| O|  |TAMS 0x0000000097a00000| PB 0x0000000097a00000| Untracked |  0
| 339|0x0000000097b00000, 0x0000000097bfffe8, 0x0000000097c00000| 99%| O|  |TAMS 0x0000000097b00000| PB 0x0000000097b00000| Untracked |  0
| 340|0x0000000097c00000, 0x0000000097cffff8, 0x0000000097d00000| 99%| O|  |TAMS 0x0000000097c00000| PB 0x0000000097c00000| Untracked |  0
| 341|0x0000000097d00000, 0x0000000097e00000, 0x0000000097e00000|100%| O|  |TAMS 0x0000000097d00000| PB 0x0000000097d00000| Untracked |  0
| 342|0x0000000097e00000, 0x0000000097efffe8, 0x0000000097f00000| 99%| O|  |TAMS 0x0000000097e00000| PB 0x0000000097e00000| Untracked |  0
| 343|0x0000000097f00000, 0x0000000098000000, 0x0000000098000000|100%| O|  |TAMS 0x0000000097f00000| PB 0x0000000097f00000| Untracked |  0
| 344|0x0000000098000000, 0x00000000980ffff0, 0x0000000098100000| 99%| O|  |TAMS 0x0000000098000000| PB 0x0000000098000000| Untracked |  0
| 345|0x0000000098100000, 0x00000000981fffe8, 0x0000000098200000| 99%| O|  |TAMS 0x0000000098100000| PB 0x0000000098100000| Untracked |  0
| 346|0x0000000098200000, 0x00000000982ffff0, 0x0000000098300000| 99%| O|  |TAMS 0x0000000098200000| PB 0x0000000098200000| Untracked |  0
| 347|0x0000000098300000, 0x00000000983ffff0, 0x0000000098400000| 99%| O|  |TAMS 0x0000000098300000| PB 0x0000000098300000| Untracked |  0
| 348|0x0000000098400000, 0x0000000098500000, 0x0000000098500000|100%| O|  |TAMS 0x0000000098400000| PB 0x0000000098400000| Untracked |  0
| 349|0x0000000098500000, 0x00000000985fffd0, 0x0000000098600000| 99%| O|  |TAMS 0x0000000098500000| PB 0x0000000098500000| Untracked |  0
| 350|0x0000000098600000, 0x00000000986fffe0, 0x0000000098700000| 99%| O|  |TAMS 0x0000000098600000| PB 0x0000000098600000| Untracked |  0
| 351|0x0000000098700000, 0x00000000987ffff0, 0x0000000098800000| 99%| O|  |TAMS 0x0000000098700000| PB 0x0000000098700000| Untracked |  0
| 352|0x0000000098800000, 0x00000000988fffd8, 0x0000000098900000| 99%| O|  |TAMS 0x0000000098800000| PB 0x0000000098800000| Untracked |  0
| 353|0x0000000098900000, 0x00000000989fffe8, 0x0000000098a00000| 99%| O|  |TAMS 0x0000000098900000| PB 0x0000000098900000| Untracked |  0
| 354|0x0000000098a00000, 0x0000000098affff0, 0x0000000098b00000| 99%| O|  |TAMS 0x0000000098a00000| PB 0x0000000098a00000| Untracked |  0
| 355|0x0000000098b00000, 0x0000000098bffff0, 0x0000000098c00000| 99%| O|  |TAMS 0x0000000098b00000| PB 0x0000000098b00000| Untracked |  0
| 356|0x0000000098c00000, 0x0000000098cffff0, 0x0000000098d00000| 99%| O|  |TAMS 0x0000000098c00000| PB 0x0000000098c00000| Untracked |  0
| 357|0x0000000098d00000, 0x0000000098e00000, 0x0000000098e00000|100%| O|  |TAMS 0x0000000098d00000| PB 0x0000000098d00000| Untracked |  0
| 358|0x0000000098e00000, 0x0000000098effff0, 0x0000000098f00000| 99%| O|  |TAMS 0x0000000098e00000| PB 0x0000000098e00000| Untracked |  0
| 359|0x0000000098f00000, 0x0000000098fffff8, 0x0000000099000000| 99%| O|  |TAMS 0x0000000098f00000| PB 0x0000000098f00000| Untracked |  0
| 360|0x0000000099000000, 0x00000000990ffff0, 0x0000000099100000| 99%| O|  |TAMS 0x0000000099000000| PB 0x0000000099000000| Untracked |  0
| 361|0x0000000099100000, 0x00000000991fcef8, 0x0000000099200000| 98%| O|  |TAMS 0x0000000099100000| PB 0x0000000099100000| Untracked |  0
| 362|0x0000000099200000, 0x00000000992fffc8, 0x0000000099300000| 99%| O|  |TAMS 0x0000000099200000| PB 0x0000000099200000| Untracked |  0
| 363|0x0000000099300000, 0x00000000993ffff0, 0x0000000099400000| 99%| O|  |TAMS 0x0000000099300000| PB 0x0000000099300000| Untracked |  0
| 364|0x0000000099400000, 0x00000000994ffff0, 0x0000000099500000| 99%| O|  |TAMS 0x0000000099400000| PB 0x0000000099400000| Untracked |  0
| 365|0x0000000099500000, 0x0000000099600000, 0x0000000099600000|100%| O|  |TAMS 0x0000000099500000| PB 0x0000000099500000| Untracked |  0
| 366|0x0000000099600000, 0x00000000996fffd0, 0x0000000099700000| 99%| O|  |TAMS 0x0000000099600000| PB 0x0000000099600000| Untracked |  0
| 367|0x0000000099700000, 0x00000000997fffe0, 0x0000000099800000| 99%| O|  |TAMS 0x0000000099700000| PB 0x0000000099700000| Untracked |  0
| 368|0x0000000099800000, 0x00000000998fffe8, 0x0000000099900000| 99%| O|  |TAMS 0x0000000099800000| PB 0x0000000099800000| Untracked |  0
| 369|0x0000000099900000, 0x00000000999ffff0, 0x0000000099a00000| 99%| O|  |TAMS 0x0000000099900000| PB 0x0000000099900000| Untracked |  0
| 370|0x0000000099a00000, 0x0000000099affff0, 0x0000000099b00000| 99%| O|  |TAMS 0x0000000099a00000| PB 0x0000000099a00000| Untracked |  0
| 371|0x0000000099b00000, 0x0000000099bfffe0, 0x0000000099c00000| 99%| O|  |TAMS 0x0000000099b00000| PB 0x0000000099b00000| Untracked |  0
| 372|0x0000000099c00000, 0x0000000099cffff8, 0x0000000099d00000| 99%| O|  |TAMS 0x0000000099c00000| PB 0x0000000099c00000| Untracked |  0
| 373|0x0000000099d00000, 0x0000000099dffff8, 0x0000000099e00000| 99%| O|  |TAMS 0x0000000099d00000| PB 0x0000000099d00000| Untracked |  0
| 374|0x0000000099e00000, 0x0000000099efffc0, 0x0000000099f00000| 99%| O|  |TAMS 0x0000000099e00000| PB 0x0000000099e00000| Untracked |  0
| 375|0x0000000099f00000, 0x0000000099fffff8, 0x000000009a000000| 99%| O|  |TAMS 0x0000000099f00000| PB 0x0000000099f00000| Untracked |  0
| 376|0x000000009a000000, 0x000000009a100000, 0x000000009a100000|100%| O|  |TAMS 0x000000009a000000| PB 0x000000009a000000| Untracked |  0
| 377|0x000000009a100000, 0x000000009a200000, 0x000000009a200000|100%| O|  |TAMS 0x000000009a100000| PB 0x000000009a100000| Untracked |  0
| 378|0x000000009a200000, 0x000000009a2ffff0, 0x000000009a300000| 99%| O|  |TAMS 0x000000009a200000| PB 0x000000009a200000| Untracked |  0
| 379|0x000000009a300000, 0x000000009a3ffff8, 0x000000009a400000| 99%| O|  |TAMS 0x000000009a300000| PB 0x000000009a300000| Untracked |  0
| 380|0x000000009a400000, 0x000000009a4ffec0, 0x000000009a500000| 99%| O|  |TAMS 0x000000009a400000| PB 0x000000009a400000| Untracked |  0
| 381|0x000000009a500000, 0x000000009a5ffff0, 0x000000009a600000| 99%| O|  |TAMS 0x000000009a500000| PB 0x000000009a500000| Untracked |  0
| 382|0x000000009a600000, 0x000000009a6ffff0, 0x000000009a700000| 99%| O|  |TAMS 0x000000009a600000| PB 0x000000009a600000| Untracked |  0
| 383|0x000000009a700000, 0x000000009a7ffff8, 0x000000009a800000| 99%| O|  |TAMS 0x000000009a700000| PB 0x000000009a700000| Untracked |  0
| 384|0x000000009a800000, 0x000000009a8fffc0, 0x000000009a900000| 99%| O|  |TAMS 0x000000009a800000| PB 0x000000009a800000| Untracked |  0
| 385|0x000000009a900000, 0x000000009a9ffff0, 0x000000009aa00000| 99%| O|  |TAMS 0x000000009a900000| PB 0x000000009a900000| Untracked |  0
| 386|0x000000009aa00000, 0x000000009ab00000, 0x000000009ab00000|100%| O|  |TAMS 0x000000009aa00000| PB 0x000000009aa00000| Untracked |  0
| 387|0x000000009ab00000, 0x000000009abfffe0, 0x000000009ac00000| 99%| O|  |TAMS 0x000000009ab00000| PB 0x000000009ab00000| Untracked |  0
| 388|0x000000009ac00000, 0x000000009ad00000, 0x000000009ad00000|100%| O|  |TAMS 0x000000009ac00000| PB 0x000000009ac00000| Untracked |  0
| 389|0x000000009ad00000, 0x000000009adffff8, 0x000000009ae00000| 99%| O|  |TAMS 0x000000009ad00000| PB 0x000000009ad00000| Untracked |  0
| 390|0x000000009ae00000, 0x000000009aefffe8, 0x000000009af00000| 99%| O|  |TAMS 0x000000009ae00000| PB 0x000000009ae00000| Untracked |  0
| 391|0x000000009af00000, 0x000000009affffd8, 0x000000009b000000| 99%| O|  |TAMS 0x000000009af00000| PB 0x000000009af00000| Untracked |  0
| 392|0x000000009b000000, 0x000000009b0fffe0, 0x000000009b100000| 99%| O|  |TAMS 0x000000009b000000| PB 0x000000009b000000| Untracked |  0
| 393|0x000000009b100000, 0x000000009b1ff9d0, 0x000000009b200000| 99%| O|  |TAMS 0x000000009b100000| PB 0x000000009b100000| Untracked |  0
| 394|0x000000009b200000, 0x000000009b2ffff0, 0x000000009b300000| 99%| O|  |TAMS 0x000000009b200000| PB 0x000000009b200000| Untracked |  0
| 395|0x000000009b300000, 0x000000009b3ffff0, 0x000000009b400000| 99%| O|  |TAMS 0x000000009b300000| PB 0x000000009b300000| Untracked |  0
| 396|0x000000009b400000, 0x000000009b4fff40, 0x000000009b500000| 99%| O|  |TAMS 0x000000009b400000| PB 0x000000009b400000| Untracked |  0
| 397|0x000000009b500000, 0x000000009b5ffff0, 0x000000009b600000| 99%| O|  |TAMS 0x000000009b500000| PB 0x000000009b500000| Untracked |  0
| 398|0x000000009b600000, 0x000000009b6ffff8, 0x000000009b700000| 99%| O|  |TAMS 0x000000009b600000| PB 0x000000009b600000| Untracked |  0
| 399|0x000000009b700000, 0x000000009b7fffe8, 0x000000009b800000| 99%| O|  |TAMS 0x000000009b700000| PB 0x000000009b700000| Untracked |  0
| 400|0x000000009b800000, 0x000000009b8ffff0, 0x000000009b900000| 99%| O|  |TAMS 0x000000009b800000| PB 0x000000009b800000| Untracked |  0
| 401|0x000000009b900000, 0x000000009b9fffe8, 0x000000009ba00000| 99%| O|  |TAMS 0x000000009b900000| PB 0x000000009b900000| Untracked |  0
| 402|0x000000009ba00000, 0x000000009bb00000, 0x000000009bb00000|100%| O|  |TAMS 0x000000009ba00000| PB 0x000000009ba00000| Untracked |  0
| 403|0x000000009bb00000, 0x000000009bbfee20, 0x000000009bc00000| 99%| O|  |TAMS 0x000000009bb00000| PB 0x000000009bb00000| Untracked |  0
| 404|0x000000009bc00000, 0x000000009bcffff8, 0x000000009bd00000| 99%| O|  |TAMS 0x000000009bc00000| PB 0x000000009bc00000| Untracked |  0
| 405|0x000000009bd00000, 0x000000009bdfffe8, 0x000000009be00000| 99%| O|  |TAMS 0x000000009bd00000| PB 0x000000009bd00000| Untracked |  0
| 406|0x000000009be00000, 0x000000009bf00000, 0x000000009bf00000|100%| O|  |TAMS 0x000000009be00000| PB 0x000000009be00000| Untracked |  0
| 407|0x000000009bf00000, 0x000000009c000000, 0x000000009c000000|100%| O|  |TAMS 0x000000009bf00000| PB 0x000000009bf00000| Untracked |  0
| 408|0x000000009c000000, 0x000000009c0ffff0, 0x000000009c100000| 99%| O|  |TAMS 0x000000009c000000| PB 0x000000009c000000| Untracked |  0
| 409|0x000000009c100000, 0x000000009c1fffe8, 0x000000009c200000| 99%| O|  |TAMS 0x000000009c100000| PB 0x000000009c100000| Untracked |  0
| 410|0x000000009c200000, 0x000000009c2fffe0, 0x000000009c300000| 99%| O|  |TAMS 0x000000009c200000| PB 0x000000009c200000| Untracked |  0
| 411|0x000000009c300000, 0x000000009c3fc780, 0x000000009c400000| 98%| O|  |TAMS 0x000000009c300000| PB 0x000000009c300000| Untracked |  0
| 412|0x000000009c400000, 0x000000009c4ffff8, 0x000000009c500000| 99%| O|  |TAMS 0x000000009c400000| PB 0x000000009c400000| Untracked |  0
| 413|0x000000009c500000, 0x000000009c5ffff8, 0x000000009c600000| 99%| O|  |TAMS 0x000000009c500000| PB 0x000000009c500000| Untracked |  0
| 414|0x000000009c600000, 0x000000009c6ffff8, 0x000000009c700000| 99%| O|  |TAMS 0x000000009c600000| PB 0x000000009c600000| Untracked |  0
| 415|0x000000009c700000, 0x000000009c7fffd8, 0x000000009c800000| 99%| O|  |TAMS 0x000000009c700000| PB 0x000000009c700000| Untracked |  0
| 416|0x000000009c800000, 0x000000009c900000, 0x000000009c900000|100%| O|  |TAMS 0x000000009c800000| PB 0x000000009c800000| Untracked |  0
| 417|0x000000009c900000, 0x000000009c9ff7b0, 0x000000009ca00000| 99%| O|  |TAMS 0x000000009c900000| PB 0x000000009c900000| Untracked |  0
| 418|0x000000009ca00000, 0x000000009cb00000, 0x000000009cb00000|100%| O|  |TAMS 0x000000009ca00000| PB 0x000000009ca00000| Untracked |  0
| 419|0x000000009cb00000, 0x000000009cc00000, 0x000000009cc00000|100%| O|  |TAMS 0x000000009cb00000| PB 0x000000009cb00000| Untracked |  0
| 420|0x000000009cc00000, 0x000000009ccfffe0, 0x000000009cd00000| 99%| O|  |TAMS 0x000000009cc00000| PB 0x000000009cc00000| Untracked |  0
| 421|0x000000009cd00000, 0x000000009cdffff8, 0x000000009ce00000| 99%| O|  |TAMS 0x000000009cd00000| PB 0x000000009cd00000| Untracked |  0
| 422|0x000000009ce00000, 0x000000009cefd300, 0x000000009cf00000| 98%| O|  |TAMS 0x000000009ce00000| PB 0x000000009ce00000| Untracked |  0
| 423|0x000000009cf00000, 0x000000009cfffff8, 0x000000009d000000| 99%| O|  |TAMS 0x000000009cf00000| PB 0x000000009cf00000| Untracked |  0
| 424|0x000000009d000000, 0x000000009d0fffe0, 0x000000009d100000| 99%| O|  |TAMS 0x000000009d000000| PB 0x000000009d000000| Untracked |  0
| 425|0x000000009d100000, 0x000000009d200000, 0x000000009d200000|100%| O|  |TAMS 0x000000009d100000| PB 0x000000009d100000| Untracked |  0
| 426|0x000000009d200000, 0x000000009d2ffff8, 0x000000009d300000| 99%| O|  |TAMS 0x000000009d200000| PB 0x000000009d200000| Untracked |  0
| 427|0x000000009d300000, 0x000000009d3ffff8, 0x000000009d400000| 99%| O|  |TAMS 0x000000009d300000| PB 0x000000009d300000| Untracked |  0
| 428|0x000000009d400000, 0x000000009d4fffd0, 0x000000009d500000| 99%| O|  |TAMS 0x000000009d400000| PB 0x000000009d400000| Untracked |  0
| 429|0x000000009d500000, 0x000000009d5ffff8, 0x000000009d600000| 99%| O|  |TAMS 0x000000009d500000| PB 0x000000009d500000| Untracked |  0
| 430|0x000000009d600000, 0x000000009d6ffff8, 0x000000009d700000| 99%| O|  |TAMS 0x000000009d600000| PB 0x000000009d600000| Untracked |  0
| 431|0x000000009d700000, 0x000000009d7ffe30, 0x000000009d800000| 99%| O|  |TAMS 0x000000009d700000| PB 0x000000009d700000| Untracked |  0
| 432|0x000000009d800000, 0x000000009d8fffe0, 0x000000009d900000| 99%| O|  |TAMS 0x000000009d800000| PB 0x000000009d800000| Untracked |  0
| 433|0x000000009d900000, 0x000000009d9ffff8, 0x000000009da00000| 99%| O|  |TAMS 0x000000009d900000| PB 0x000000009d900000| Untracked |  0
| 434|0x000000009da00000, 0x000000009daffff8, 0x000000009db00000| 99%| O|  |TAMS 0x000000009da00000| PB 0x000000009da00000| Untracked |  0
| 435|0x000000009db00000, 0x000000009dc00000, 0x000000009dc00000|100%| O|  |TAMS 0x000000009db00000| PB 0x000000009db00000| Untracked |  0
| 436|0x000000009dc00000, 0x000000009dcfffc8, 0x000000009dd00000| 99%| O|  |TAMS 0x000000009dc00000| PB 0x000000009dc00000| Untracked |  0
| 437|0x000000009dd00000, 0x000000009ddff870, 0x000000009de00000| 99%| O|  |TAMS 0x000000009dd00000| PB 0x000000009dd00000| Untracked |  0
| 438|0x000000009de00000, 0x000000009defffe0, 0x000000009df00000| 99%| O|  |TAMS 0x000000009de00000| PB 0x000000009de00000| Untracked |  0
| 439|0x000000009df00000, 0x000000009e000000, 0x000000009e000000|100%| O|  |TAMS 0x000000009df00000| PB 0x000000009df00000| Untracked |  0
| 440|0x000000009e000000, 0x000000009e0ffd78, 0x000000009e100000| 99%| O|  |TAMS 0x000000009e000000| PB 0x000000009e000000| Untracked |  0
| 441|0x000000009e100000, 0x000000009e1ffff8, 0x000000009e200000| 99%| O|  |TAMS 0x000000009e100000| PB 0x000000009e100000| Untracked |  0
| 442|0x000000009e200000, 0x000000009e300000, 0x000000009e300000|100%| O|  |TAMS 0x000000009e200000| PB 0x000000009e200000| Untracked |  0
| 443|0x000000009e300000, 0x000000009e400000, 0x000000009e400000|100%| O|  |TAMS 0x000000009e300000| PB 0x000000009e300000| Untracked |  0
| 444|0x000000009e400000, 0x000000009e500000, 0x000000009e500000|100%| O|  |TAMS 0x000000009e400000| PB 0x000000009e400000| Untracked |  0
| 445|0x000000009e500000, 0x000000009e5fffe8, 0x000000009e600000| 99%| O|  |TAMS 0x000000009e500000| PB 0x000000009e500000| Untracked |  0
| 446|0x000000009e600000, 0x000000009e700000, 0x000000009e700000|100%| O|  |TAMS 0x000000009e600000| PB 0x000000009e600000| Untracked |  0
| 447|0x000000009e700000, 0x000000009e7ffff0, 0x000000009e800000| 99%| O|  |TAMS 0x000000009e700000| PB 0x000000009e700000| Untracked |  0
| 448|0x000000009e800000, 0x000000009e8ffff0, 0x000000009e900000| 99%| O|  |TAMS 0x000000009e800000| PB 0x000000009e800000| Untracked |  0
| 449|0x000000009e900000, 0x000000009ea00000, 0x000000009ea00000|100%| O|  |TAMS 0x000000009e900000| PB 0x000000009e900000| Untracked |  0
| 450|0x000000009ea00000, 0x000000009eaffff8, 0x000000009eb00000| 99%| O|  |TAMS 0x000000009ea00000| PB 0x000000009ea00000| Untracked |  0
| 451|0x000000009eb00000, 0x000000009ebfffd0, 0x000000009ec00000| 99%| O|  |TAMS 0x000000009eb00000| PB 0x000000009eb00000| Untracked |  0
| 452|0x000000009ec00000, 0x000000009ecffff8, 0x000000009ed00000| 99%| O|  |TAMS 0x000000009ec00000| PB 0x000000009ec00000| Untracked |  0
| 453|0x000000009ed00000, 0x000000009edffff0, 0x000000009ee00000| 99%| O|  |TAMS 0x000000009ed00000| PB 0x000000009ed00000| Untracked |  0
| 454|0x000000009ee00000, 0x000000009ef00000, 0x000000009ef00000|100%| O|  |TAMS 0x000000009ee00000| PB 0x000000009ee00000| Untracked |  0
| 455|0x000000009ef00000, 0x000000009efffff8, 0x000000009f000000| 99%| O|  |TAMS 0x000000009ef00000| PB 0x000000009ef00000| Untracked |  0
| 456|0x000000009f000000, 0x000000009f0ffff8, 0x000000009f100000| 99%| O|  |TAMS 0x000000009f000000| PB 0x000000009f000000| Untracked |  0
| 457|0x000000009f100000, 0x000000009f1fffc8, 0x000000009f200000| 99%| O|  |TAMS 0x000000009f100000| PB 0x000000009f100000| Untracked |  0
| 458|0x000000009f200000, 0x000000009f300000, 0x000000009f300000|100%| O|  |TAMS 0x000000009f200000| PB 0x000000009f200000| Untracked |  0
| 459|0x000000009f300000, 0x000000009f3fffc8, 0x000000009f400000| 99%| O|  |TAMS 0x000000009f300000| PB 0x000000009f300000| Untracked |  0
| 460|0x000000009f400000, 0x000000009f4fffe8, 0x000000009f500000| 99%| O|  |TAMS 0x000000009f400000| PB 0x000000009f400000| Untracked |  0
| 461|0x000000009f500000, 0x000000009f5ffff0, 0x000000009f600000| 99%| O|  |TAMS 0x000000009f500000| PB 0x000000009f500000| Untracked |  0
| 462|0x000000009f600000, 0x000000009f6ffff0, 0x000000009f700000| 99%| O|  |TAMS 0x000000009f600000| PB 0x000000009f600000| Untracked |  0
| 463|0x000000009f700000, 0x000000009f800000, 0x000000009f800000|100%| O|  |TAMS 0x000000009f700000| PB 0x000000009f700000| Untracked |  0
| 464|0x000000009f800000, 0x000000009f8ffff8, 0x000000009f900000| 99%| O|  |TAMS 0x000000009f800000| PB 0x000000009f800000| Untracked |  0
| 465|0x000000009f900000, 0x000000009fa00000, 0x000000009fa00000|100%| O|  |TAMS 0x000000009f900000| PB 0x000000009f900000| Untracked |  0
| 466|0x000000009fa00000, 0x000000009faff888, 0x000000009fb00000| 99%| O|  |TAMS 0x000000009fa00000| PB 0x000000009fa00000| Untracked |  0
| 467|0x000000009fb00000, 0x000000009fbfffe8, 0x000000009fc00000| 99%| O|  |TAMS 0x000000009fb00000| PB 0x000000009fb00000| Untracked |  0
| 468|0x000000009fc00000, 0x000000009fcfffc8, 0x000000009fd00000| 99%| O|  |TAMS 0x000000009fc00000| PB 0x000000009fc00000| Untracked |  0
| 469|0x000000009fd00000, 0x000000009fdffd60, 0x000000009fe00000| 99%| O|  |TAMS 0x000000009fd00000| PB 0x000000009fd00000| Untracked |  0
| 470|0x000000009fe00000, 0x000000009fefff98, 0x000000009ff00000| 99%| O|  |TAMS 0x000000009fe00000| PB 0x000000009fe00000| Untracked |  0
| 471|0x000000009ff00000, 0x000000009ffffff8, 0x00000000a0000000| 99%| O|  |TAMS 0x000000009ff00000| PB 0x000000009ff00000| Untracked |  0
| 472|0x00000000a0000000, 0x00000000a00ffed0, 0x00000000a0100000| 99%| O|  |TAMS 0x00000000a0000000| PB 0x00000000a0000000| Untracked |  0
| 473|0x00000000a0100000, 0x00000000a01fffe8, 0x00000000a0200000| 99%| O|  |TAMS 0x00000000a0100000| PB 0x00000000a0100000| Untracked |  0
| 474|0x00000000a0200000, 0x00000000a0300000, 0x00000000a0300000|100%| O|  |TAMS 0x00000000a0200000| PB 0x00000000a0200000| Untracked |  0
| 475|0x00000000a0300000, 0x00000000a0400000, 0x00000000a0400000|100%| O|  |TAMS 0x00000000a0300000| PB 0x00000000a0300000| Untracked |  0
| 476|0x00000000a0400000, 0x00000000a0500000, 0x00000000a0500000|100%| O|  |TAMS 0x00000000a0400000| PB 0x00000000a0400000| Untracked |  0
| 477|0x00000000a0500000, 0x00000000a05fffe8, 0x00000000a0600000| 99%| O|  |TAMS 0x00000000a0500000| PB 0x00000000a0500000| Untracked |  0
| 478|0x00000000a0600000, 0x00000000a06ffff8, 0x00000000a0700000| 99%| O|  |TAMS 0x00000000a0600000| PB 0x00000000a0600000| Untracked |  0
| 479|0x00000000a0700000, 0x00000000a07fffe8, 0x00000000a0800000| 99%| O|  |TAMS 0x00000000a0700000| PB 0x00000000a0700000| Untracked |  0
| 480|0x00000000a0800000, 0x00000000a08ffff8, 0x00000000a0900000| 99%| O|  |TAMS 0x00000000a0800000| PB 0x00000000a0800000| Untracked |  0
| 481|0x00000000a0900000, 0x00000000a0a00000, 0x00000000a0a00000|100%| O|  |TAMS 0x00000000a0900000| PB 0x00000000a0900000| Untracked |  0
| 482|0x00000000a0a00000, 0x00000000a0affff0, 0x00000000a0b00000| 99%| O|  |TAMS 0x00000000a0a00000| PB 0x00000000a0a00000| Untracked |  0
| 483|0x00000000a0b00000, 0x00000000a0bffff0, 0x00000000a0c00000| 99%| O|  |TAMS 0x00000000a0b00000| PB 0x00000000a0b00000| Untracked |  0
| 484|0x00000000a0c00000, 0x00000000a0d00000, 0x00000000a0d00000|100%| O|  |TAMS 0x00000000a0c00000| PB 0x00000000a0c00000| Untracked |  0
| 485|0x00000000a0d00000, 0x00000000a0dfffb8, 0x00000000a0e00000| 99%| O|  |TAMS 0x00000000a0d00000| PB 0x00000000a0d00000| Untracked |  0
| 486|0x00000000a0e00000, 0x00000000a0f00000, 0x00000000a0f00000|100%| O|  |TAMS 0x00000000a0e00000| PB 0x00000000a0e00000| Untracked |  0
| 487|0x00000000a0f00000, 0x00000000a0fffff8, 0x00000000a1000000| 99%| O|  |TAMS 0x00000000a0f00000| PB 0x00000000a0f00000| Untracked |  0
| 488|0x00000000a1000000, 0x00000000a10ffe40, 0x00000000a1100000| 99%| O|  |TAMS 0x00000000a1000000| PB 0x00000000a1000000| Untracked |  0
| 489|0x00000000a1100000, 0x00000000a11ffff8, 0x00000000a1200000| 99%| O|  |TAMS 0x00000000a1100000| PB 0x00000000a1100000| Untracked |  0
| 490|0x00000000a1200000, 0x00000000a12ffff0, 0x00000000a1300000| 99%| O|  |TAMS 0x00000000a1200000| PB 0x00000000a1200000| Untracked |  0
| 491|0x00000000a1300000, 0x00000000a13ffef0, 0x00000000a1400000| 99%| O|  |TAMS 0x00000000a1300000| PB 0x00000000a1300000| Untracked |  0
| 492|0x00000000a1400000, 0x00000000a14fffe8, 0x00000000a1500000| 99%| O|  |TAMS 0x00000000a1400000| PB 0x00000000a1400000| Untracked |  0
| 493|0x00000000a1500000, 0x00000000a15ffff0, 0x00000000a1600000| 99%| O|  |TAMS 0x00000000a1500000| PB 0x00000000a1500000| Untracked |  0
| 494|0x00000000a1600000, 0x00000000a16fffd0, 0x00000000a1700000| 99%| O|  |TAMS 0x00000000a1600000| PB 0x00000000a1600000| Untracked |  0
| 495|0x00000000a1700000, 0x00000000a17fffd8, 0x00000000a1800000| 99%| O|  |TAMS 0x00000000a1700000| PB 0x00000000a1700000| Untracked |  0
| 496|0x00000000a1800000, 0x00000000a18ffff8, 0x00000000a1900000| 99%| O|  |TAMS 0x00000000a1800000| PB 0x00000000a1800000| Untracked |  0
| 497|0x00000000a1900000, 0x00000000a19fffd8, 0x00000000a1a00000| 99%| O|  |TAMS 0x00000000a1900000| PB 0x00000000a1900000| Untracked |  0
| 498|0x00000000a1a00000, 0x00000000a1affff8, 0x00000000a1b00000| 99%| O|  |TAMS 0x00000000a1a00000| PB 0x00000000a1a00000| Untracked |  0
| 499|0x00000000a1b00000, 0x00000000a1c00000, 0x00000000a1c00000|100%| O|  |TAMS 0x00000000a1b00000| PB 0x00000000a1b00000| Untracked |  0
| 500|0x00000000a1c00000, 0x00000000a1d00000, 0x00000000a1d00000|100%| O|  |TAMS 0x00000000a1c00000| PB 0x00000000a1c00000| Untracked |  0
| 501|0x00000000a1d00000, 0x00000000a1dffff0, 0x00000000a1e00000| 99%| O|  |TAMS 0x00000000a1d00000| PB 0x00000000a1d00000| Untracked |  0
| 502|0x00000000a1e00000, 0x00000000a1f00000, 0x00000000a1f00000|100%| O|  |TAMS 0x00000000a1e00000| PB 0x00000000a1e00000| Untracked |  0
| 503|0x00000000a1f00000, 0x00000000a1fffff0, 0x00000000a2000000| 99%| O|  |TAMS 0x00000000a1f00000| PB 0x00000000a1f00000| Untracked |  0
| 504|0x00000000a2000000, 0x00000000a20ffff0, 0x00000000a2100000| 99%| O|  |TAMS 0x00000000a2000000| PB 0x00000000a2000000| Untracked |  0
| 505|0x00000000a2100000, 0x00000000a2200000, 0x00000000a2200000|100%| O|  |TAMS 0x00000000a2100000| PB 0x00000000a2100000| Untracked |  0
| 506|0x00000000a2200000, 0x00000000a22ffff0, 0x00000000a2300000| 99%| O|  |TAMS 0x00000000a2200000| PB 0x00000000a2200000| Untracked |  0
| 507|0x00000000a2300000, 0x00000000a23fffe8, 0x00000000a2400000| 99%| O|  |TAMS 0x00000000a2300000| PB 0x00000000a2300000| Untracked |  0
| 508|0x00000000a2400000, 0x00000000a24ffff8, 0x00000000a2500000| 99%| O|  |TAMS 0x00000000a2400000| PB 0x00000000a2400000| Untracked |  0
| 509|0x00000000a2500000, 0x00000000a25fffe8, 0x00000000a2600000| 99%| O|  |TAMS 0x00000000a2500000| PB 0x00000000a2500000| Untracked |  0
| 510|0x00000000a2600000, 0x00000000a2700000, 0x00000000a2700000|100%| O|  |TAMS 0x00000000a2600000| PB 0x00000000a2600000| Untracked |  0
| 511|0x00000000a2700000, 0x00000000a2800000, 0x00000000a2800000|100%| O|  |TAMS 0x00000000a2700000| PB 0x00000000a2700000| Untracked |  0
| 512|0x00000000a2800000, 0x00000000a2900000, 0x00000000a2900000|100%| O|  |TAMS 0x00000000a2800000| PB 0x00000000a2800000| Untracked |  0
| 513|0x00000000a2900000, 0x00000000a29ffff0, 0x00000000a2a00000| 99%| O|  |TAMS 0x00000000a2900000| PB 0x00000000a2900000| Untracked |  0
| 514|0x00000000a2a00000, 0x00000000a2afffe0, 0x00000000a2b00000| 99%| O|  |TAMS 0x00000000a2a00000| PB 0x00000000a2a00000| Untracked |  0
| 515|0x00000000a2b00000, 0x00000000a2bfffe8, 0x00000000a2c00000| 99%| O|  |TAMS 0x00000000a2b00000| PB 0x00000000a2b00000| Untracked |  0
| 516|0x00000000a2c00000, 0x00000000a2cffff0, 0x00000000a2d00000| 99%| O|  |TAMS 0x00000000a2c00000| PB 0x00000000a2c00000| Untracked |  0
| 517|0x00000000a2d00000, 0x00000000a2e00000, 0x00000000a2e00000|100%| O|  |TAMS 0x00000000a2d00000| PB 0x00000000a2d00000| Untracked |  0
| 518|0x00000000a2e00000, 0x00000000a2f00000, 0x00000000a2f00000|100%| O|  |TAMS 0x00000000a2e00000| PB 0x00000000a2e00000| Untracked |  0
| 519|0x00000000a2f00000, 0x00000000a2fffff8, 0x00000000a3000000| 99%| O|  |TAMS 0x00000000a2f00000| PB 0x00000000a2f00000| Untracked |  0
| 520|0x00000000a3000000, 0x00000000a30f88a0, 0x00000000a3100000| 97%| O|  |TAMS 0x00000000a3000000| PB 0x00000000a3000000| Untracked |  0
| 521|0x00000000a3100000, 0x00000000a31fff40, 0x00000000a3200000| 99%| O|  |TAMS 0x00000000a3100000| PB 0x00000000a3100000| Untracked |  0
| 522|0x00000000a3200000, 0x00000000a3300000, 0x00000000a3300000|100%| O|  |TAMS 0x00000000a3200000| PB 0x00000000a3200000| Untracked |  0
| 523|0x00000000a3300000, 0x00000000a3400000, 0x00000000a3400000|100%| O|  |TAMS 0x00000000a3300000| PB 0x00000000a3300000| Untracked |  0
| 524|0x00000000a3400000, 0x00000000a34fffd8, 0x00000000a3500000| 99%| O|  |TAMS 0x00000000a3400000| PB 0x00000000a3400000| Untracked |  0
| 525|0x00000000a3500000, 0x00000000a3600000, 0x00000000a3600000|100%| O|  |TAMS 0x00000000a3500000| PB 0x00000000a3500000| Untracked |  0
| 526|0x00000000a3600000, 0x00000000a36fffe0, 0x00000000a3700000| 99%| O|  |TAMS 0x00000000a3600000| PB 0x00000000a3600000| Untracked |  0
| 527|0x00000000a3700000, 0x00000000a37fffd0, 0x00000000a3800000| 99%| O|  |TAMS 0x00000000a3700000| PB 0x00000000a3700000| Untracked |  0
| 528|0x00000000a3800000, 0x00000000a38ffff0, 0x00000000a3900000| 99%| O|  |TAMS 0x00000000a3800000| PB 0x00000000a3800000| Untracked |  0
| 529|0x00000000a3900000, 0x00000000a39fffd8, 0x00000000a3a00000| 99%| O|  |TAMS 0x00000000a3900000| PB 0x00000000a3900000| Untracked |  0
| 530|0x00000000a3a00000, 0x00000000a3affff8, 0x00000000a3b00000| 99%| O|  |TAMS 0x00000000a3a00000| PB 0x00000000a3a00000| Untracked |  0
| 531|0x00000000a3b00000, 0x00000000a3bfffd8, 0x00000000a3c00000| 99%| O|  |TAMS 0x00000000a3b00000| PB 0x00000000a3b00000| Untracked |  0
| 532|0x00000000a3c00000, 0x00000000a3cffff0, 0x00000000a3d00000| 99%| O|  |TAMS 0x00000000a3c00000| PB 0x00000000a3c00000| Untracked |  0
| 533|0x00000000a3d00000, 0x00000000a3dfffd0, 0x00000000a3e00000| 99%| O|  |TAMS 0x00000000a3d00000| PB 0x00000000a3d00000| Untracked |  0
| 534|0x00000000a3e00000, 0x00000000a3effff8, 0x00000000a3f00000| 99%| O|  |TAMS 0x00000000a3e00000| PB 0x00000000a3e00000| Untracked |  0
| 535|0x00000000a3f00000, 0x00000000a3ffffe8, 0x00000000a4000000| 99%| O|  |TAMS 0x00000000a3f00000| PB 0x00000000a3f00000| Untracked |  0
| 536|0x00000000a4000000, 0x00000000a40fffe8, 0x00000000a4100000| 99%| O|  |TAMS 0x00000000a4000000| PB 0x00000000a4000000| Untracked |  0
| 537|0x00000000a4100000, 0x00000000a41ffff0, 0x00000000a4200000| 99%| O|  |TAMS 0x00000000a4100000| PB 0x00000000a4100000| Untracked |  0
| 538|0x00000000a4200000, 0x00000000a42ffff8, 0x00000000a4300000| 99%| O|  |TAMS 0x00000000a4200000| PB 0x00000000a4200000| Untracked |  0
| 539|0x00000000a4300000, 0x00000000a43ffff8, 0x00000000a4400000| 99%| O|  |TAMS 0x00000000a4300000| PB 0x00000000a4300000| Untracked |  0
| 540|0x00000000a4400000, 0x00000000a44fffe8, 0x00000000a4500000| 99%| O|  |TAMS 0x00000000a4400000| PB 0x00000000a4400000| Untracked |  0
| 541|0x00000000a4500000, 0x00000000a4600000, 0x00000000a4600000|100%| O|  |TAMS 0x00000000a4500000| PB 0x00000000a4500000| Untracked |  0
| 542|0x00000000a4600000, 0x00000000a46fffd8, 0x00000000a4700000| 99%| O|  |TAMS 0x00000000a4600000| PB 0x00000000a4600000| Untracked |  0
| 543|0x00000000a4700000, 0x00000000a47ffff0, 0x00000000a4800000| 99%| O|  |TAMS 0x00000000a4700000| PB 0x00000000a4700000| Untracked |  0
| 544|0x00000000a4800000, 0x00000000a48ffff0, 0x00000000a4900000| 99%| O|  |TAMS 0x00000000a4800000| PB 0x00000000a4800000| Untracked |  0
| 545|0x00000000a4900000, 0x00000000a4a00000, 0x00000000a4a00000|100%| O|  |TAMS 0x00000000a4900000| PB 0x00000000a4900000| Untracked |  0
| 546|0x00000000a4a00000, 0x00000000a4b00000, 0x00000000a4b00000|100%| O|  |TAMS 0x00000000a4a00000| PB 0x00000000a4a00000| Untracked |  0
| 547|0x00000000a4b00000, 0x00000000a4c00000, 0x00000000a4c00000|100%| O|  |TAMS 0x00000000a4b00000| PB 0x00000000a4b00000| Untracked |  0
| 548|0x00000000a4c00000, 0x00000000a4cffff8, 0x00000000a4d00000| 99%| O|  |TAMS 0x00000000a4c00000| PB 0x00000000a4c00000| Untracked |  0
| 549|0x00000000a4d00000, 0x00000000a4dffe30, 0x00000000a4e00000| 99%| O|  |TAMS 0x00000000a4d00000| PB 0x00000000a4d00000| Untracked |  0
| 550|0x00000000a4e00000, 0x00000000a4effff0, 0x00000000a4f00000| 99%| O|  |TAMS 0x00000000a4e00000| PB 0x00000000a4e00000| Untracked |  0
| 551|0x00000000a4f00000, 0x00000000a4fffff0, 0x00000000a5000000| 99%| O|  |TAMS 0x00000000a4f00000| PB 0x00000000a4f00000| Untracked |  0
| 552|0x00000000a5000000, 0x00000000a50ffbd0, 0x00000000a5100000| 99%| O|  |TAMS 0x00000000a5000000| PB 0x00000000a5000000| Untracked |  0
| 553|0x00000000a5100000, 0x00000000a51fffd8, 0x00000000a5200000| 99%| O|  |TAMS 0x00000000a5100000| PB 0x00000000a5100000| Untracked |  0
| 554|0x00000000a5200000, 0x00000000a52ffff8, 0x00000000a5300000| 99%| O|  |TAMS 0x00000000a5200000| PB 0x00000000a5200000| Untracked |  0
| 555|0x00000000a5300000, 0x00000000a53ffff0, 0x00000000a5400000| 99%| O|  |TAMS 0x00000000a5300000| PB 0x00000000a5300000| Untracked |  0
| 556|0x00000000a5400000, 0x00000000a54ffff8, 0x00000000a5500000| 99%| O|  |TAMS 0x00000000a5400000| PB 0x00000000a5400000| Untracked |  0
| 557|0x00000000a5500000, 0x00000000a5600000, 0x00000000a5600000|100%| O|  |TAMS 0x00000000a5500000| PB 0x00000000a5500000| Untracked |  0
| 558|0x00000000a5600000, 0x00000000a56fffe8, 0x00000000a5700000| 99%| O|  |TAMS 0x00000000a5600000| PB 0x00000000a5600000| Untracked |  0
| 559|0x00000000a5700000, 0x00000000a57fff68, 0x00000000a5800000| 99%| O|  |TAMS 0x00000000a5700000| PB 0x00000000a5700000| Untracked |  0
| 560|0x00000000a5800000, 0x00000000a58fffe0, 0x00000000a5900000| 99%| O|  |TAMS 0x00000000a5800000| PB 0x00000000a5800000| Untracked |  0
| 561|0x00000000a5900000, 0x00000000a59ffff8, 0x00000000a5a00000| 99%| O|  |TAMS 0x00000000a5900000| PB 0x00000000a5900000| Untracked |  0
| 562|0x00000000a5a00000, 0x00000000a5b00000, 0x00000000a5b00000|100%| O|  |TAMS 0x00000000a5a00000| PB 0x00000000a5a00000| Untracked |  0
| 563|0x00000000a5b00000, 0x00000000a5bffff8, 0x00000000a5c00000| 99%| O|  |TAMS 0x00000000a5b00000| PB 0x00000000a5b00000| Untracked |  0
| 564|0x00000000a5c00000, 0x00000000a5cfffb8, 0x00000000a5d00000| 99%| O|  |TAMS 0x00000000a5c00000| PB 0x00000000a5c00000| Untracked |  0
| 565|0x00000000a5d00000, 0x00000000a5e00000, 0x00000000a5e00000|100%| O|  |TAMS 0x00000000a5d00000| PB 0x00000000a5d00000| Untracked |  0
| 566|0x00000000a5e00000, 0x00000000a5effff0, 0x00000000a5f00000| 99%| O|  |TAMS 0x00000000a5e00000| PB 0x00000000a5e00000| Untracked |  0
| 567|0x00000000a5f00000, 0x00000000a5fffff8, 0x00000000a6000000| 99%| O|  |TAMS 0x00000000a5f00000| PB 0x00000000a5f00000| Untracked |  0
| 568|0x00000000a6000000, 0x00000000a60ffff0, 0x00000000a6100000| 99%| O|  |TAMS 0x00000000a6000000| PB 0x00000000a6000000| Untracked |  0
| 569|0x00000000a6100000, 0x00000000a61fffd8, 0x00000000a6200000| 99%| O|  |TAMS 0x00000000a6100000| PB 0x00000000a6100000| Untracked |  0
| 570|0x00000000a6200000, 0x00000000a62ffff8, 0x00000000a6300000| 99%| O|  |TAMS 0x00000000a6200000| PB 0x00000000a6200000| Untracked |  0
| 571|0x00000000a6300000, 0x00000000a63fffc8, 0x00000000a6400000| 99%| O|  |TAMS 0x00000000a6300000| PB 0x00000000a6300000| Untracked |  0
| 572|0x00000000a6400000, 0x00000000a64ffff8, 0x00000000a6500000| 99%| O|  |TAMS 0x00000000a6400000| PB 0x00000000a6400000| Untracked |  0
| 573|0x00000000a6500000, 0x00000000a65ffff8, 0x00000000a6600000| 99%| O|  |TAMS 0x00000000a6500000| PB 0x00000000a6500000| Untracked |  0
| 574|0x00000000a6600000, 0x00000000a6700000, 0x00000000a6700000|100%| O|  |TAMS 0x00000000a6600000| PB 0x00000000a6600000| Untracked |  0
| 575|0x00000000a6700000, 0x00000000a67f6510, 0x00000000a6800000| 96%| O|  |TAMS 0x00000000a6700000| PB 0x00000000a6700000| Untracked |  0
| 576|0x00000000a6800000, 0x00000000a68ffff8, 0x00000000a6900000| 99%| O|  |TAMS 0x00000000a6800000| PB 0x00000000a6800000| Untracked |  0
| 577|0x00000000a6900000, 0x00000000a6a00000, 0x00000000a6a00000|100%| O|  |TAMS 0x00000000a6900000| PB 0x00000000a6900000| Untracked |  0
| 578|0x00000000a6a00000, 0x00000000a6b00000, 0x00000000a6b00000|100%| O|  |TAMS 0x00000000a6a00000| PB 0x00000000a6a00000| Untracked |  0
| 579|0x00000000a6b00000, 0x00000000a6c00000, 0x00000000a6c00000|100%| O|  |TAMS 0x00000000a6b00000| PB 0x00000000a6b00000| Untracked |  0
| 580|0x00000000a6c00000, 0x00000000a6d00000, 0x00000000a6d00000|100%| O|  |TAMS 0x00000000a6c00000| PB 0x00000000a6c00000| Untracked |  0
| 581|0x00000000a6d00000, 0x00000000a6dfff08, 0x00000000a6e00000| 99%| O|  |TAMS 0x00000000a6d00000| PB 0x00000000a6d00000| Untracked |  0
| 582|0x00000000a6e00000, 0x00000000a6efffc8, 0x00000000a6f00000| 99%| O|  |TAMS 0x00000000a6e00000| PB 0x00000000a6e00000| Untracked |  0
| 583|0x00000000a6f00000, 0x00000000a6fffe80, 0x00000000a7000000| 99%| O|  |TAMS 0x00000000a6f00000| PB 0x00000000a6f00000| Untracked |  0
| 584|0x00000000a7000000, 0x00000000a7100000, 0x00000000a7100000|100%| O|  |TAMS 0x00000000a7000000| PB 0x00000000a7000000| Untracked |  0
| 585|0x00000000a7100000, 0x00000000a71ffff8, 0x00000000a7200000| 99%| O|  |TAMS 0x00000000a7100000| PB 0x00000000a7100000| Untracked |  0
| 586|0x00000000a7200000, 0x00000000a72fff68, 0x00000000a7300000| 99%| O|  |TAMS 0x00000000a7200000| PB 0x00000000a7200000| Untracked |  0
| 587|0x00000000a7300000, 0x00000000a73ffff0, 0x00000000a7400000| 99%| O|  |TAMS 0x00000000a7300000| PB 0x00000000a7300000| Untracked |  0
| 588|0x00000000a7400000, 0x00000000a74ffff0, 0x00000000a7500000| 99%| O|  |TAMS 0x00000000a7400000| PB 0x00000000a7400000| Untracked |  0
| 589|0x00000000a7500000, 0x00000000a75fffb8, 0x00000000a7600000| 99%| O|  |TAMS 0x00000000a7500000| PB 0x00000000a7500000| Untracked |  0
| 590|0x00000000a7600000, 0x00000000a7700000, 0x00000000a7700000|100%| O|  |TAMS 0x00000000a7600000| PB 0x00000000a7600000| Untracked |  0
| 591|0x00000000a7700000, 0x00000000a77ffc48, 0x00000000a7800000| 99%| O|  |TAMS 0x00000000a7700000| PB 0x00000000a7700000| Untracked |  0
| 592|0x00000000a7800000, 0x00000000a78f4620, 0x00000000a7900000| 95%| O|  |TAMS 0x00000000a7800000| PB 0x00000000a7800000| Untracked |  0
| 593|0x00000000a7900000, 0x00000000a79ffff0, 0x00000000a7a00000| 99%| O|  |TAMS 0x00000000a7900000| PB 0x00000000a7900000| Untracked |  0
| 594|0x00000000a7a00000, 0x00000000a7affff8, 0x00000000a7b00000| 99%| O|  |TAMS 0x00000000a7a00000| PB 0x00000000a7a00000| Untracked |  0
| 595|0x00000000a7b00000, 0x00000000a7bffff8, 0x00000000a7c00000| 99%| O|  |TAMS 0x00000000a7b00000| PB 0x00000000a7b00000| Untracked |  0
| 596|0x00000000a7c00000, 0x00000000a7cfffe8, 0x00000000a7d00000| 99%| O|  |TAMS 0x00000000a7c00000| PB 0x00000000a7c00000| Untracked |  0
| 597|0x00000000a7d00000, 0x00000000a7dfffb0, 0x00000000a7e00000| 99%| O|  |TAMS 0x00000000a7d00000| PB 0x00000000a7d00000| Untracked |  0
| 598|0x00000000a7e00000, 0x00000000a7effff0, 0x00000000a7f00000| 99%| O|  |TAMS 0x00000000a7e00000| PB 0x00000000a7e00000| Untracked |  0
| 599|0x00000000a7f00000, 0x00000000a7fffff0, 0x00000000a8000000| 99%| O|  |TAMS 0x00000000a7f00000| PB 0x00000000a7f00000| Untracked |  0
| 600|0x00000000a8000000, 0x00000000a80ffff0, 0x00000000a8100000| 99%| O|  |TAMS 0x00000000a8000000| PB 0x00000000a8000000| Untracked |  0
| 601|0x00000000a8100000, 0x00000000a81ffff8, 0x00000000a8200000| 99%| O|  |TAMS 0x00000000a8100000| PB 0x00000000a8100000| Untracked |  0
| 602|0x00000000a8200000, 0x00000000a82ffff0, 0x00000000a8300000| 99%| O|  |TAMS 0x00000000a8200000| PB 0x00000000a8200000| Untracked |  0
| 603|0x00000000a8300000, 0x00000000a83fffa8, 0x00000000a8400000| 99%| O|  |TAMS 0x00000000a8300000| PB 0x00000000a8300000| Untracked |  0
| 604|0x00000000a8400000, 0x00000000a84fffe0, 0x00000000a8500000| 99%| O|  |TAMS 0x00000000a8400000| PB 0x00000000a8400000| Untracked |  0
| 605|0x00000000a8500000, 0x00000000a85fffe0, 0x00000000a8600000| 99%| O|  |TAMS 0x00000000a8500000| PB 0x00000000a8500000| Untracked |  0
| 606|0x00000000a8600000, 0x00000000a86fffe0, 0x00000000a8700000| 99%| O|  |TAMS 0x00000000a8600000| PB 0x00000000a8600000| Untracked |  0
| 607|0x00000000a8700000, 0x00000000a87fffd0, 0x00000000a8800000| 99%| O|  |TAMS 0x00000000a8700000| PB 0x00000000a8700000| Untracked |  0
| 608|0x00000000a8800000, 0x00000000a8900000, 0x00000000a8900000|100%| O|  |TAMS 0x00000000a8800000| PB 0x00000000a8800000| Untracked |  0
| 609|0x00000000a8900000, 0x00000000a89ffff8, 0x00000000a8a00000| 99%| O|  |TAMS 0x00000000a8900000| PB 0x00000000a8900000| Untracked |  0
| 610|0x00000000a8a00000, 0x00000000a8affff8, 0x00000000a8b00000| 99%| O|  |TAMS 0x00000000a8a00000| PB 0x00000000a8a00000| Untracked |  0
| 611|0x00000000a8b00000, 0x00000000a8bfffd0, 0x00000000a8c00000| 99%| O|  |TAMS 0x00000000a8b00000| PB 0x00000000a8b00000| Untracked |  0
| 612|0x00000000a8c00000, 0x00000000a8cffff0, 0x00000000a8d00000| 99%| O|  |TAMS 0x00000000a8c00000| PB 0x00000000a8c00000| Untracked |  0
| 613|0x00000000a8d00000, 0x00000000a8e00000, 0x00000000a8e00000|100%| O|  |TAMS 0x00000000a8d00000| PB 0x00000000a8d00000| Untracked |  0
| 614|0x00000000a8e00000, 0x00000000a8f00000, 0x00000000a8f00000|100%| O|  |TAMS 0x00000000a8e00000| PB 0x00000000a8e00000| Untracked |  0
| 615|0x00000000a8f00000, 0x00000000a8ffda20, 0x00000000a9000000| 99%| O|  |TAMS 0x00000000a8f00000| PB 0x00000000a8f00000| Untracked |  0
| 616|0x00000000a9000000, 0x00000000a90ffff8, 0x00000000a9100000| 99%| O|  |TAMS 0x00000000a9000000| PB 0x00000000a9000000| Untracked |  0
| 617|0x00000000a9100000, 0x00000000a91ffff8, 0x00000000a9200000| 99%| O|  |TAMS 0x00000000a9100000| PB 0x00000000a9100000| Untracked |  0
| 618|0x00000000a9200000, 0x00000000a9300000, 0x00000000a9300000|100%| O|  |TAMS 0x00000000a9200000| PB 0x00000000a9200000| Untracked |  0
| 619|0x00000000a9300000, 0x00000000a93fffd8, 0x00000000a9400000| 99%| O|  |TAMS 0x00000000a9300000| PB 0x00000000a9300000| Untracked |  0
| 620|0x00000000a9400000, 0x00000000a94ffff8, 0x00000000a9500000| 99%| O|  |TAMS 0x00000000a9400000| PB 0x00000000a9400000| Untracked |  0
| 621|0x00000000a9500000, 0x00000000a95fcf68, 0x00000000a9600000| 98%| O|  |TAMS 0x00000000a9500000| PB 0x00000000a9500000| Untracked |  0
| 622|0x00000000a9600000, 0x00000000a9700000, 0x00000000a9700000|100%| O|  |TAMS 0x00000000a9600000| PB 0x00000000a9600000| Untracked |  0
| 623|0x00000000a9700000, 0x00000000a97ffff8, 0x00000000a9800000| 99%| O|  |TAMS 0x00000000a9700000| PB 0x00000000a9700000| Untracked |  0
| 624|0x00000000a9800000, 0x00000000a98fffe8, 0x00000000a9900000| 99%| O|  |TAMS 0x00000000a9800000| PB 0x00000000a9800000| Untracked |  0
| 625|0x00000000a9900000, 0x00000000a99fffe0, 0x00000000a9a00000| 99%| O|  |TAMS 0x00000000a9900000| PB 0x00000000a9900000| Untracked |  0
| 626|0x00000000a9a00000, 0x00000000a9afffd8, 0x00000000a9b00000| 99%| O|  |TAMS 0x00000000a9a00000| PB 0x00000000a9a00000| Untracked |  0
| 627|0x00000000a9b00000, 0x00000000a9bffff0, 0x00000000a9c00000| 99%| O|  |TAMS 0x00000000a9b00000| PB 0x00000000a9b00000| Untracked |  0
| 628|0x00000000a9c00000, 0x00000000a9cffff8, 0x00000000a9d00000| 99%| O|  |TAMS 0x00000000a9c00000| PB 0x00000000a9c00000| Untracked |  0
| 629|0x00000000a9d00000, 0x00000000a9dffff8, 0x00000000a9e00000| 99%| O|  |TAMS 0x00000000a9d00000| PB 0x00000000a9d00000| Untracked |  0
| 630|0x00000000a9e00000, 0x00000000a9f00000, 0x00000000a9f00000|100%| O|  |TAMS 0x00000000a9e00000| PB 0x00000000a9e00000| Untracked |  0
| 631|0x00000000a9f00000, 0x00000000a9fffff0, 0x00000000aa000000| 99%| O|  |TAMS 0x00000000a9f00000| PB 0x00000000a9f00000| Untracked |  0
| 632|0x00000000aa000000, 0x00000000aa0fff78, 0x00000000aa100000| 99%| O|  |TAMS 0x00000000aa000000| PB 0x00000000aa000000| Untracked |  0
| 633|0x00000000aa100000, 0x00000000aa1ffff0, 0x00000000aa200000| 99%| O|  |TAMS 0x00000000aa100000| PB 0x00000000aa100000| Untracked |  0
| 634|0x00000000aa200000, 0x00000000aa2fff40, 0x00000000aa300000| 99%| O|  |TAMS 0x00000000aa200000| PB 0x00000000aa200000| Untracked |  0
| 635|0x00000000aa300000, 0x00000000aa3fffd8, 0x00000000aa400000| 99%| O|  |TAMS 0x00000000aa300000| PB 0x00000000aa300000| Untracked |  0
| 636|0x00000000aa400000, 0x00000000aa4ffff0, 0x00000000aa500000| 99%| O|  |TAMS 0x00000000aa400000| PB 0x00000000aa400000| Untracked |  0
| 637|0x00000000aa500000, 0x00000000aa5fffe0, 0x00000000aa600000| 99%| O|  |TAMS 0x00000000aa500000| PB 0x00000000aa500000| Untracked |  0
| 638|0x00000000aa600000, 0x00000000aa6ff0c0, 0x00000000aa700000| 99%| O|  |TAMS 0x00000000aa600000| PB 0x00000000aa600000| Untracked |  0
| 639|0x00000000aa700000, 0x00000000aa7ffff8, 0x00000000aa800000| 99%| O|  |TAMS 0x00000000aa700000| PB 0x00000000aa700000| Untracked |  0
| 640|0x00000000aa800000, 0x00000000aa8fffe0, 0x00000000aa900000| 99%| O|  |TAMS 0x00000000aa800000| PB 0x00000000aa800000| Untracked |  0
| 641|0x00000000aa900000, 0x00000000aa9fffc0, 0x00000000aaa00000| 99%| O|  |TAMS 0x00000000aa900000| PB 0x00000000aa900000| Untracked |  0
| 642|0x00000000aaa00000, 0x00000000aaaffff8, 0x00000000aab00000| 99%| O|  |TAMS 0x00000000aaa00000| PB 0x00000000aaa00000| Untracked |  0
| 643|0x00000000aab00000, 0x00000000aabffff8, 0x00000000aac00000| 99%| O|  |TAMS 0x00000000aab00000| PB 0x00000000aab00000| Untracked |  0
| 644|0x00000000aac00000, 0x00000000aacffff8, 0x00000000aad00000| 99%| O|  |TAMS 0x00000000aac00000| PB 0x00000000aac00000| Untracked |  0
| 645|0x00000000aad00000, 0x00000000aadffff8, 0x00000000aae00000| 99%| O|  |TAMS 0x00000000aad00000| PB 0x00000000aad00000| Untracked |  0
| 646|0x00000000aae00000, 0x00000000aaeffff0, 0x00000000aaf00000| 99%| O|  |TAMS 0x00000000aae00000| PB 0x00000000aae00000| Untracked |  0
| 647|0x00000000aaf00000, 0x00000000aaffffd8, 0x00000000ab000000| 99%| O|  |TAMS 0x00000000aaf00000| PB 0x00000000aaf00000| Untracked |  0
| 648|0x00000000ab000000, 0x00000000ab0fffd8, 0x00000000ab100000| 99%| O|  |TAMS 0x00000000ab000000| PB 0x00000000ab000000| Untracked |  0
| 649|0x00000000ab100000, 0x00000000ab1fffe8, 0x00000000ab200000| 99%| O|  |TAMS 0x00000000ab100000| PB 0x00000000ab100000| Untracked |  0
| 650|0x00000000ab200000, 0x00000000ab2ffff8, 0x00000000ab300000| 99%| O|  |TAMS 0x00000000ab200000| PB 0x00000000ab200000| Untracked |  0
| 651|0x00000000ab300000, 0x00000000ab3ffff0, 0x00000000ab400000| 99%| O|  |TAMS 0x00000000ab300000| PB 0x00000000ab300000| Untracked |  0
| 652|0x00000000ab400000, 0x00000000ab4ffff8, 0x00000000ab500000| 99%| O|  |TAMS 0x00000000ab400000| PB 0x00000000ab400000| Untracked |  0
| 653|0x00000000ab500000, 0x00000000ab5fffc8, 0x00000000ab600000| 99%| O|  |TAMS 0x00000000ab500000| PB 0x00000000ab500000| Untracked |  0
| 654|0x00000000ab600000, 0x00000000ab6ffe40, 0x00000000ab700000| 99%| O|  |TAMS 0x00000000ab600000| PB 0x00000000ab600000| Untracked |  0
| 655|0x00000000ab700000, 0x00000000ab7fffd8, 0x00000000ab800000| 99%| O|  |TAMS 0x00000000ab700000| PB 0x00000000ab700000| Untracked |  0
| 656|0x00000000ab800000, 0x00000000ab8ffff0, 0x00000000ab900000| 99%| O|  |TAMS 0x00000000ab800000| PB 0x00000000ab800000| Untracked |  0
| 657|0x00000000ab900000, 0x00000000ab9ffff8, 0x00000000aba00000| 99%| O|  |TAMS 0x00000000ab900000| PB 0x00000000ab900000| Untracked |  0
| 658|0x00000000aba00000, 0x00000000abafffe0, 0x00000000abb00000| 99%| O|  |TAMS 0x00000000aba00000| PB 0x00000000aba00000| Untracked |  0
| 659|0x00000000abb00000, 0x00000000abbfff40, 0x00000000abc00000| 99%| O|  |TAMS 0x00000000abb00000| PB 0x00000000abb00000| Untracked |  0
| 660|0x00000000abc00000, 0x00000000abcffff8, 0x00000000abd00000| 99%| O|  |TAMS 0x00000000abc00000| PB 0x00000000abc00000| Untracked |  0
| 661|0x00000000abd00000, 0x00000000abe00000, 0x00000000abe00000|100%| O|  |TAMS 0x00000000abd00000| PB 0x00000000abd00000| Untracked |  0
| 662|0x00000000abe00000, 0x00000000abefffe0, 0x00000000abf00000| 99%| O|  |TAMS 0x00000000abe00000| PB 0x00000000abe00000| Untracked |  0
| 663|0x00000000abf00000, 0x00000000abfffff0, 0x00000000ac000000| 99%| O|  |TAMS 0x00000000abf00000| PB 0x00000000abf00000| Untracked |  0
| 664|0x00000000ac000000, 0x00000000ac0ffff8, 0x00000000ac100000| 99%| O|  |TAMS 0x00000000ac000000| PB 0x00000000ac000000| Untracked |  0
| 665|0x00000000ac100000, 0x00000000ac200000, 0x00000000ac200000|100%| O|  |TAMS 0x00000000ac100000| PB 0x00000000ac100000| Untracked |  0
| 666|0x00000000ac200000, 0x00000000ac2ffff0, 0x00000000ac300000| 99%| O|  |TAMS 0x00000000ac200000| PB 0x00000000ac200000| Untracked |  0
| 667|0x00000000ac300000, 0x00000000ac3ffff8, 0x00000000ac400000| 99%| O|  |TAMS 0x00000000ac300000| PB 0x00000000ac300000| Untracked |  0
| 668|0x00000000ac400000, 0x00000000ac4fffb0, 0x00000000ac500000| 99%| O|  |TAMS 0x00000000ac400000| PB 0x00000000ac400000| Untracked |  0
| 669|0x00000000ac500000, 0x00000000ac5ffff0, 0x00000000ac600000| 99%| O|  |TAMS 0x00000000ac500000| PB 0x00000000ac500000| Untracked |  0
| 670|0x00000000ac600000, 0x00000000ac6fffb8, 0x00000000ac700000| 99%| O|  |TAMS 0x00000000ac600000| PB 0x00000000ac600000| Untracked |  0
| 671|0x00000000ac700000, 0x00000000ac7ffff8, 0x00000000ac800000| 99%| O|  |TAMS 0x00000000ac700000| PB 0x00000000ac700000| Untracked |  0
| 672|0x00000000ac800000, 0x00000000ac900000, 0x00000000ac900000|100%| O|  |TAMS 0x00000000ac800000| PB 0x00000000ac800000| Untracked |  0
| 673|0x00000000ac900000, 0x00000000ac9fffd8, 0x00000000aca00000| 99%| O|  |TAMS 0x00000000ac900000| PB 0x00000000ac900000| Untracked |  0
| 674|0x00000000aca00000, 0x00000000acafffe0, 0x00000000acb00000| 99%| O|  |TAMS 0x00000000aca00000| PB 0x00000000aca00000| Untracked |  0
| 675|0x00000000acb00000, 0x00000000acbfef30, 0x00000000acc00000| 99%| O|  |TAMS 0x00000000acb00000| PB 0x00000000acb00000| Untracked |  0
| 676|0x00000000acc00000, 0x00000000acd00000, 0x00000000acd00000|100%| O|  |TAMS 0x00000000acc00000| PB 0x00000000acc00000| Untracked |  0
| 677|0x00000000acd00000, 0x00000000ace00000, 0x00000000ace00000|100%| O|  |TAMS 0x00000000acd00000| PB 0x00000000acd00000| Untracked |  0
| 678|0x00000000ace00000, 0x00000000acefffb0, 0x00000000acf00000| 99%| O|  |TAMS 0x00000000ace00000| PB 0x00000000ace00000| Untracked |  0
| 679|0x00000000acf00000, 0x00000000acffffd0, 0x00000000ad000000| 99%| O|  |TAMS 0x00000000acf00000| PB 0x00000000acf00000| Untracked |  0
| 680|0x00000000ad000000, 0x00000000ad0fffd8, 0x00000000ad100000| 99%| O|  |TAMS 0x00000000ad000000| PB 0x00000000ad000000| Untracked |  0
| 681|0x00000000ad100000, 0x00000000ad1ffff8, 0x00000000ad200000| 99%| O|  |TAMS 0x00000000ad100000| PB 0x00000000ad100000| Untracked |  0
| 682|0x00000000ad200000, 0x00000000ad2fffe8, 0x00000000ad300000| 99%| O|  |TAMS 0x00000000ad200000| PB 0x00000000ad200000| Untracked |  0
| 683|0x00000000ad300000, 0x00000000ad3fffe0, 0x00000000ad400000| 99%| O|  |TAMS 0x00000000ad300000| PB 0x00000000ad300000| Untracked |  0
| 684|0x00000000ad400000, 0x00000000ad4fffc8, 0x00000000ad500000| 99%| O|  |TAMS 0x00000000ad400000| PB 0x00000000ad400000| Untracked |  0
| 685|0x00000000ad500000, 0x00000000ad5ffff0, 0x00000000ad600000| 99%| O|  |TAMS 0x00000000ad500000| PB 0x00000000ad500000| Untracked |  0
| 686|0x00000000ad600000, 0x00000000ad6fffe0, 0x00000000ad700000| 99%| O|  |TAMS 0x00000000ad600000| PB 0x00000000ad600000| Untracked |  0
| 687|0x00000000ad700000, 0x00000000ad7ffff8, 0x00000000ad800000| 99%| O|  |TAMS 0x00000000ad700000| PB 0x00000000ad700000| Untracked |  0
| 688|0x00000000ad800000, 0x00000000ad8fffe8, 0x00000000ad900000| 99%| O|  |TAMS 0x00000000ad800000| PB 0x00000000ad800000| Untracked |  0
| 689|0x00000000ad900000, 0x00000000ad9fff90, 0x00000000ada00000| 99%| O|  |TAMS 0x00000000ad900000| PB 0x00000000ad900000| Untracked |  0
| 690|0x00000000ada00000, 0x00000000adafffe0, 0x00000000adb00000| 99%| O|  |TAMS 0x00000000ada00000| PB 0x00000000ada00000| Untracked |  0
| 691|0x00000000adb00000, 0x00000000adc00000, 0x00000000adc00000|100%| O|  |TAMS 0x00000000adb00000| PB 0x00000000adb00000| Untracked |  0
| 692|0x00000000adc00000, 0x00000000adcffff0, 0x00000000add00000| 99%| O|  |TAMS 0x00000000adc00000| PB 0x00000000adc00000| Untracked |  0
| 693|0x00000000add00000, 0x00000000addfffd0, 0x00000000ade00000| 99%| O|  |TAMS 0x00000000add00000| PB 0x00000000add00000| Untracked |  0
| 694|0x00000000ade00000, 0x00000000adefffe0, 0x00000000adf00000| 99%| O|  |TAMS 0x00000000ade00000| PB 0x00000000ade00000| Untracked |  0
| 695|0x00000000adf00000, 0x00000000adfffff8, 0x00000000ae000000| 99%| O|  |TAMS 0x00000000adf00000| PB 0x00000000adf00000| Untracked |  0
| 696|0x00000000ae000000, 0x00000000ae0ffff8, 0x00000000ae100000| 99%| O|  |TAMS 0x00000000ae000000| PB 0x00000000ae000000| Untracked |  0
| 697|0x00000000ae100000, 0x00000000ae1f40f0, 0x00000000ae200000| 95%| O|  |TAMS 0x00000000ae100000| PB 0x00000000ae100000| Untracked |  0
| 698|0x00000000ae200000, 0x00000000ae2ffe00, 0x00000000ae300000| 99%| O|  |TAMS 0x00000000ae200000| PB 0x00000000ae200000| Untracked |  0
| 699|0x00000000ae300000, 0x00000000ae3fff78, 0x00000000ae400000| 99%| O|  |TAMS 0x00000000ae300000| PB 0x00000000ae300000| Untracked |  0
| 700|0x00000000ae400000, 0x00000000ae500000, 0x00000000ae500000|100%| O|  |TAMS 0x00000000ae400000| PB 0x00000000ae400000| Untracked |  0
| 701|0x00000000ae500000, 0x00000000ae5ffff0, 0x00000000ae600000| 99%| O|  |TAMS 0x00000000ae500000| PB 0x00000000ae500000| Untracked |  0
| 702|0x00000000ae600000, 0x00000000ae700000, 0x00000000ae700000|100%| O|  |TAMS 0x00000000ae600000| PB 0x00000000ae600000| Untracked |  0
| 703|0x00000000ae700000, 0x00000000ae800000, 0x00000000ae800000|100%| O|  |TAMS 0x00000000ae700000| PB 0x00000000ae700000| Untracked |  0
| 704|0x00000000ae800000, 0x00000000ae8ffff0, 0x00000000ae900000| 99%| O|  |TAMS 0x00000000ae800000| PB 0x00000000ae800000| Untracked |  0
| 705|0x00000000ae900000, 0x00000000ae9ffff8, 0x00000000aea00000| 99%| O|  |TAMS 0x00000000ae900000| PB 0x00000000ae900000| Untracked |  0
| 706|0x00000000aea00000, 0x00000000aeb00000, 0x00000000aeb00000|100%| O|  |TAMS 0x00000000aea00000| PB 0x00000000aea00000| Untracked |  0
| 707|0x00000000aeb00000, 0x00000000aebffff8, 0x00000000aec00000| 99%| O|  |TAMS 0x00000000aeb00000| PB 0x00000000aeb00000| Untracked |  0
| 708|0x00000000aec00000, 0x00000000aecfffe8, 0x00000000aed00000| 99%| O|  |TAMS 0x00000000aec00000| PB 0x00000000aec00000| Untracked |  0
| 709|0x00000000aed00000, 0x00000000aedffff0, 0x00000000aee00000| 99%| O|  |TAMS 0x00000000aed00000| PB 0x00000000aed00000| Untracked |  0
| 710|0x00000000aee00000, 0x00000000aeefffe8, 0x00000000aef00000| 99%| O|  |TAMS 0x00000000aee00000| PB 0x00000000aee00000| Untracked |  0
| 711|0x00000000aef00000, 0x00000000af000000, 0x00000000af000000|100%| O|  |TAMS 0x00000000aef00000| PB 0x00000000aef00000| Untracked |  0
| 712|0x00000000af000000, 0x00000000af0ffff8, 0x00000000af100000| 99%| O|  |TAMS 0x00000000af000000| PB 0x00000000af000000| Untracked |  0
| 713|0x00000000af100000, 0x00000000af1fffd0, 0x00000000af200000| 99%| O|  |TAMS 0x00000000af100000| PB 0x00000000af100000| Untracked |  0
| 714|0x00000000af200000, 0x00000000af300000, 0x00000000af300000|100%| O|  |TAMS 0x00000000af200000| PB 0x00000000af200000| Untracked |  0
| 715|0x00000000af300000, 0x00000000af3ffff0, 0x00000000af400000| 99%| O|  |TAMS 0x00000000af300000| PB 0x00000000af300000| Untracked |  0
| 716|0x00000000af400000, 0x00000000af4fffd8, 0x00000000af500000| 99%| O|  |TAMS 0x00000000af400000| PB 0x00000000af400000| Untracked |  0
| 717|0x00000000af500000, 0x00000000af5ffff8, 0x00000000af600000| 99%| O|  |TAMS 0x00000000af500000| PB 0x00000000af500000| Untracked |  0
| 718|0x00000000af600000, 0x00000000af6fffd0, 0x00000000af700000| 99%| O|  |TAMS 0x00000000af600000| PB 0x00000000af600000| Untracked |  0
| 719|0x00000000af700000, 0x00000000af7ffff8, 0x00000000af800000| 99%| O|  |TAMS 0x00000000af700000| PB 0x00000000af700000| Untracked |  0
| 720|0x00000000af800000, 0x00000000af900000, 0x00000000af900000|100%| O|  |TAMS 0x00000000af800000| PB 0x00000000af800000| Untracked |  0
| 721|0x00000000af900000, 0x00000000af9ffff8, 0x00000000afa00000| 99%| O|  |TAMS 0x00000000af900000| PB 0x00000000af900000| Untracked |  0
| 722|0x00000000afa00000, 0x00000000afb00000, 0x00000000afb00000|100%| O|  |TAMS 0x00000000afa00000| PB 0x00000000afa00000| Untracked |  0
| 723|0x00000000afb00000, 0x00000000afbffff8, 0x00000000afc00000| 99%| O|  |TAMS 0x00000000afb00000| PB 0x00000000afb00000| Untracked |  0
| 724|0x00000000afc00000, 0x00000000afcfffe8, 0x00000000afd00000| 99%| O|  |TAMS 0x00000000afc00000| PB 0x00000000afc00000| Untracked |  0
| 725|0x00000000afd00000, 0x00000000afdffff8, 0x00000000afe00000| 99%| O|  |TAMS 0x00000000afd00000| PB 0x00000000afd00000| Untracked |  0
| 726|0x00000000afe00000, 0x00000000afeffff0, 0x00000000aff00000| 99%| O|  |TAMS 0x00000000afe00000| PB 0x00000000afe00000| Untracked |  0
| 727|0x00000000aff00000, 0x00000000b0000000, 0x00000000b0000000|100%| O|  |TAMS 0x00000000aff00000| PB 0x00000000aff00000| Untracked |  0
| 728|0x00000000b0000000, 0x00000000b0100000, 0x00000000b0100000|100%| O|  |TAMS 0x00000000b0000000| PB 0x00000000b0000000| Untracked |  0
| 729|0x00000000b0100000, 0x00000000b0200000, 0x00000000b0200000|100%| O|  |TAMS 0x00000000b0100000| PB 0x00000000b0100000| Untracked |  0
| 730|0x00000000b0200000, 0x00000000b02fff90, 0x00000000b0300000| 99%| O|  |TAMS 0x00000000b0200000| PB 0x00000000b0200000| Untracked |  0
| 731|0x00000000b0300000, 0x00000000b0400000, 0x00000000b0400000|100%| O|  |TAMS 0x00000000b0300000| PB 0x00000000b0300000| Untracked |  0
| 732|0x00000000b0400000, 0x00000000b04fffb8, 0x00000000b0500000| 99%| O|  |TAMS 0x00000000b0400000| PB 0x00000000b0400000| Untracked |  0
| 733|0x00000000b0500000, 0x00000000b05ffe18, 0x00000000b0600000| 99%| O|  |TAMS 0x00000000b0500000| PB 0x00000000b0500000| Untracked |  0
| 734|0x00000000b0600000, 0x00000000b06fffe0, 0x00000000b0700000| 99%| O|  |TAMS 0x00000000b0600000| PB 0x00000000b0600000| Untracked |  0
| 735|0x00000000b0700000, 0x00000000b0800000, 0x00000000b0800000|100%| O|  |TAMS 0x00000000b0700000| PB 0x00000000b0700000| Untracked |  0
| 736|0x00000000b0800000, 0x00000000b08ffff0, 0x00000000b0900000| 99%| O|  |TAMS 0x00000000b0800000| PB 0x00000000b0800000| Untracked |  0
| 737|0x00000000b0900000, 0x00000000b09ffe50, 0x00000000b0a00000| 99%| O|  |TAMS 0x00000000b0900000| PB 0x00000000b0900000| Untracked |  0
| 738|0x00000000b0a00000, 0x00000000b0afff98, 0x00000000b0b00000| 99%| O|  |TAMS 0x00000000b0a00000| PB 0x00000000b0a00000| Untracked |  0
| 739|0x00000000b0b00000, 0x00000000b0bfffe0, 0x00000000b0c00000| 99%| O|  |TAMS 0x00000000b0b00000| PB 0x00000000b0b00000| Untracked |  0
| 740|0x00000000b0c00000, 0x00000000b0cffff0, 0x00000000b0d00000| 99%| O|  |TAMS 0x00000000b0c00000| PB 0x00000000b0c00000| Untracked |  0
| 741|0x00000000b0d00000, 0x00000000b0e00000, 0x00000000b0e00000|100%| O|  |TAMS 0x00000000b0d00000| PB 0x00000000b0d00000| Untracked |  0
| 742|0x00000000b0e00000, 0x00000000b0efffd8, 0x00000000b0f00000| 99%| O|  |TAMS 0x00000000b0e00000| PB 0x00000000b0e00000| Untracked |  0
| 743|0x00000000b0f00000, 0x00000000b0fffff8, 0x00000000b1000000| 99%| O|  |TAMS 0x00000000b0f00000| PB 0x00000000b0f00000| Untracked |  0
| 744|0x00000000b1000000, 0x00000000b10ffff0, 0x00000000b1100000| 99%| O|  |TAMS 0x00000000b1000000| PB 0x00000000b1000000| Untracked |  0
| 745|0x00000000b1100000, 0x00000000b11ffff0, 0x00000000b1200000| 99%| O|  |TAMS 0x00000000b1100000| PB 0x00000000b1100000| Untracked |  0
| 746|0x00000000b1200000, 0x00000000b12fa348, 0x00000000b1300000| 97%| O|  |TAMS 0x00000000b1200000| PB 0x00000000b1200000| Untracked |  0
| 747|0x00000000b1300000, 0x00000000b13ffff8, 0x00000000b1400000| 99%| O|  |TAMS 0x00000000b1300000| PB 0x00000000b1300000| Untracked |  0
| 748|0x00000000b1400000, 0x00000000b14fffb8, 0x00000000b1500000| 99%| O|  |TAMS 0x00000000b1400000| PB 0x00000000b1400000| Untracked |  0
| 749|0x00000000b1500000, 0x00000000b15fffd0, 0x00000000b1600000| 99%| O|  |TAMS 0x00000000b1500000| PB 0x00000000b1500000| Untracked |  0
| 750|0x00000000b1600000, 0x00000000b16fffe8, 0x00000000b1700000| 99%| O|  |TAMS 0x00000000b1600000| PB 0x00000000b1600000| Untracked |  0
| 751|0x00000000b1700000, 0x00000000b17fffe8, 0x00000000b1800000| 99%| O|  |TAMS 0x00000000b1700000| PB 0x00000000b1700000| Untracked |  0
| 752|0x00000000b1800000, 0x00000000b1900000, 0x00000000b1900000|100%| O|  |TAMS 0x00000000b1800000| PB 0x00000000b1800000| Untracked |  0
| 753|0x00000000b1900000, 0x00000000b19fffe8, 0x00000000b1a00000| 99%| O|  |TAMS 0x00000000b1900000| PB 0x00000000b1900000| Untracked |  0
| 754|0x00000000b1a00000, 0x00000000b1afc858, 0x00000000b1b00000| 98%| O|  |TAMS 0x00000000b1a00000| PB 0x00000000b1a00000| Untracked |  0
| 755|0x00000000b1b00000, 0x00000000b1bffff0, 0x00000000b1c00000| 99%| O|  |TAMS 0x00000000b1b00000| PB 0x00000000b1b00000| Untracked |  0
| 756|0x00000000b1c00000, 0x00000000b1cffc90, 0x00000000b1d00000| 99%| O|  |TAMS 0x00000000b1c00000| PB 0x00000000b1c00000| Untracked |  0
| 757|0x00000000b1d00000, 0x00000000b1e00000, 0x00000000b1e00000|100%| O|  |TAMS 0x00000000b1d00000| PB 0x00000000b1d00000| Untracked |  0
| 758|0x00000000b1e00000, 0x00000000b1effff0, 0x00000000b1f00000| 99%| O|  |TAMS 0x00000000b1e00000| PB 0x00000000b1e00000| Untracked |  0
| 759|0x00000000b1f00000, 0x00000000b1fffff8, 0x00000000b2000000| 99%| O|  |TAMS 0x00000000b1f00000| PB 0x00000000b1f00000| Untracked |  0
| 760|0x00000000b2000000, 0x00000000b20fffe8, 0x00000000b2100000| 99%| O|  |TAMS 0x00000000b2000000| PB 0x00000000b2000000| Untracked |  0
| 761|0x00000000b2100000, 0x00000000b2200000, 0x00000000b2200000|100%| O|  |TAMS 0x00000000b2100000| PB 0x00000000b2100000| Untracked |  0
| 762|0x00000000b2200000, 0x00000000b2300000, 0x00000000b2300000|100%| O|  |TAMS 0x00000000b2200000| PB 0x00000000b2200000| Untracked |  0
| 763|0x00000000b2300000, 0x00000000b2400000, 0x00000000b2400000|100%| O|  |TAMS 0x00000000b2300000| PB 0x00000000b2300000| Untracked |  0
| 764|0x00000000b2400000, 0x00000000b2500000, 0x00000000b2500000|100%| O|  |TAMS 0x00000000b2400000| PB 0x00000000b2400000| Untracked |  0
| 765|0x00000000b2500000, 0x00000000b25fffd8, 0x00000000b2600000| 99%| O|  |TAMS 0x00000000b2500000| PB 0x00000000b2500000| Untracked |  0
| 766|0x00000000b2600000, 0x00000000b2700000, 0x00000000b2700000|100%| O|  |TAMS 0x00000000b2600000| PB 0x00000000b2600000| Untracked |  0
| 767|0x00000000b2700000, 0x00000000b27fffe8, 0x00000000b2800000| 99%| O|  |TAMS 0x00000000b2700000| PB 0x00000000b2700000| Untracked |  0
| 768|0x00000000b2800000, 0x00000000b28ffff0, 0x00000000b2900000| 99%| O|  |TAMS 0x00000000b2800000| PB 0x00000000b2800000| Untracked |  0
| 769|0x00000000b2900000, 0x00000000b29ffff8, 0x00000000b2a00000| 99%| O|  |TAMS 0x00000000b2900000| PB 0x00000000b2900000| Untracked |  0
| 770|0x00000000b2a00000, 0x00000000b2afffe0, 0x00000000b2b00000| 99%| O|  |TAMS 0x00000000b2a00000| PB 0x00000000b2a00000| Untracked |  0
| 771|0x00000000b2b00000, 0x00000000b2bfffe8, 0x00000000b2c00000| 99%| O|  |TAMS 0x00000000b2b00000| PB 0x00000000b2b00000| Untracked |  0
| 772|0x00000000b2c00000, 0x00000000b2cffff8, 0x00000000b2d00000| 99%| O|  |TAMS 0x00000000b2c00000| PB 0x00000000b2c00000| Untracked |  0
| 773|0x00000000b2d00000, 0x00000000b2dffff8, 0x00000000b2e00000| 99%| O|  |TAMS 0x00000000b2d00000| PB 0x00000000b2d00000| Untracked |  0
| 774|0x00000000b2e00000, 0x00000000b2f00000, 0x00000000b2f00000|100%| O|  |TAMS 0x00000000b2e00000| PB 0x00000000b2e00000| Untracked |  0
| 775|0x00000000b2f00000, 0x00000000b2ffffb0, 0x00000000b3000000| 99%| O|  |TAMS 0x00000000b2f00000| PB 0x00000000b2f00000| Untracked |  0
| 776|0x00000000b3000000, 0x00000000b30fffe8, 0x00000000b3100000| 99%| O|  |TAMS 0x00000000b3000000| PB 0x00000000b3000000| Untracked |  0
| 777|0x00000000b3100000, 0x00000000b31ffff0, 0x00000000b3200000| 99%| O|  |TAMS 0x00000000b3100000| PB 0x00000000b3100000| Untracked |  0
| 778|0x00000000b3200000, 0x00000000b32ffff0, 0x00000000b3300000| 99%| O|  |TAMS 0x00000000b3200000| PB 0x00000000b3200000| Untracked |  0
| 779|0x00000000b3300000, 0x00000000b33ffff8, 0x00000000b3400000| 99%| O|  |TAMS 0x00000000b3300000| PB 0x00000000b3300000| Untracked |  0
| 780|0x00000000b3400000, 0x00000000b34fffc8, 0x00000000b3500000| 99%| O|  |TAMS 0x00000000b3400000| PB 0x00000000b3400000| Untracked |  0
| 781|0x00000000b3500000, 0x00000000b3600000, 0x00000000b3600000|100%| O|  |TAMS 0x00000000b3500000| PB 0x00000000b3500000| Untracked |  0
| 782|0x00000000b3600000, 0x00000000b36fffd0, 0x00000000b3700000| 99%| O|  |TAMS 0x00000000b3600000| PB 0x00000000b3600000| Untracked |  0
| 783|0x00000000b3700000, 0x00000000b3800000, 0x00000000b3800000|100%| O|  |TAMS 0x00000000b3700000| PB 0x00000000b3700000| Untracked |  0
| 784|0x00000000b3800000, 0x00000000b38fffe0, 0x00000000b3900000| 99%| O|  |TAMS 0x00000000b3800000| PB 0x00000000b3800000| Untracked |  0
| 785|0x00000000b3900000, 0x00000000b39ffff8, 0x00000000b3a00000| 99%| O|  |TAMS 0x00000000b3900000| PB 0x00000000b3900000| Untracked |  0
| 786|0x00000000b3a00000, 0x00000000b3affff8, 0x00000000b3b00000| 99%| O|  |TAMS 0x00000000b3a00000| PB 0x00000000b3a00000| Untracked |  0
| 787|0x00000000b3b00000, 0x00000000b3bfffe8, 0x00000000b3c00000| 99%| O|  |TAMS 0x00000000b3b00000| PB 0x00000000b3b00000| Untracked |  0
| 788|0x00000000b3c00000, 0x00000000b3cffff0, 0x00000000b3d00000| 99%| O|  |TAMS 0x00000000b3c00000| PB 0x00000000b3c00000| Untracked |  0
| 789|0x00000000b3d00000, 0x00000000b3dfffe0, 0x00000000b3e00000| 99%| O|  |TAMS 0x00000000b3d00000| PB 0x00000000b3d00000| Untracked |  0
| 790|0x00000000b3e00000, 0x00000000b3effff8, 0x00000000b3f00000| 99%| O|  |TAMS 0x00000000b3e00000| PB 0x00000000b3e00000| Untracked |  0
| 791|0x00000000b3f00000, 0x00000000b3fffff0, 0x00000000b4000000| 99%| O|  |TAMS 0x00000000b3f00000| PB 0x00000000b3f00000| Untracked |  0
| 792|0x00000000b4000000, 0x00000000b40fff20, 0x00000000b4100000| 99%| O|  |TAMS 0x00000000b4000000| PB 0x00000000b4000000| Untracked |  0
| 793|0x00000000b4100000, 0x00000000b41fffc8, 0x00000000b4200000| 99%| O|  |TAMS 0x00000000b4100000| PB 0x00000000b4100000| Untracked |  0
| 794|0x00000000b4200000, 0x00000000b42fffd8, 0x00000000b4300000| 99%| O|  |TAMS 0x00000000b4200000| PB 0x00000000b4200000| Untracked |  0
| 795|0x00000000b4300000, 0x00000000b43ffff0, 0x00000000b4400000| 99%| O|  |TAMS 0x00000000b4300000| PB 0x00000000b4300000| Untracked |  0
| 796|0x00000000b4400000, 0x00000000b44ffff0, 0x00000000b4500000| 99%| O|  |TAMS 0x00000000b4400000| PB 0x00000000b4400000| Untracked |  0
| 797|0x00000000b4500000, 0x00000000b4600000, 0x00000000b4600000|100%| O|  |TAMS 0x00000000b4500000| PB 0x00000000b4500000| Untracked |  0
| 798|0x00000000b4600000, 0x00000000b46fffe8, 0x00000000b4700000| 99%| O|  |TAMS 0x00000000b4600000| PB 0x00000000b4600000| Untracked |  0
| 799|0x00000000b4700000, 0x00000000b47ffff8, 0x00000000b4800000| 99%| O|  |TAMS 0x00000000b4700000| PB 0x00000000b4700000| Untracked |  0
| 800|0x00000000b4800000, 0x00000000b48fffe8, 0x00000000b4900000| 99%| O|  |TAMS 0x00000000b4800000| PB 0x00000000b4800000| Untracked |  0
| 801|0x00000000b4900000, 0x00000000b49fff98, 0x00000000b4a00000| 99%| O|  |TAMS 0x00000000b4900000| PB 0x00000000b4900000| Untracked |  0
| 802|0x00000000b4a00000, 0x00000000b4affff0, 0x00000000b4b00000| 99%| O|  |TAMS 0x00000000b4a00000| PB 0x00000000b4a00000| Untracked |  0
| 803|0x00000000b4b00000, 0x00000000b4c00000, 0x00000000b4c00000|100%| O|  |TAMS 0x00000000b4b00000| PB 0x00000000b4b00000| Untracked |  0
| 804|0x00000000b4c00000, 0x00000000b4d00000, 0x00000000b4d00000|100%| O|  |TAMS 0x00000000b4c00000| PB 0x00000000b4c00000| Untracked |  0
| 805|0x00000000b4d00000, 0x00000000b4e00000, 0x00000000b4e00000|100%| O|  |TAMS 0x00000000b4d00000| PB 0x00000000b4d00000| Untracked |  0
| 806|0x00000000b4e00000, 0x00000000b4efffe8, 0x00000000b4f00000| 99%| O|  |TAMS 0x00000000b4e00000| PB 0x00000000b4e00000| Untracked |  0
| 807|0x00000000b4f00000, 0x00000000b4ffff60, 0x00000000b5000000| 99%| O|  |TAMS 0x00000000b4f00000| PB 0x00000000b4f00000| Untracked |  0
| 808|0x00000000b5000000, 0x00000000b50ffff8, 0x00000000b5100000| 99%| O|  |TAMS 0x00000000b5000000| PB 0x00000000b5000000| Untracked |  0
| 809|0x00000000b5100000, 0x00000000b51ffff8, 0x00000000b5200000| 99%| O|  |TAMS 0x00000000b5100000| PB 0x00000000b5100000| Untracked |  0
| 810|0x00000000b5200000, 0x00000000b52ffff8, 0x00000000b5300000| 99%| O|  |TAMS 0x00000000b5200000| PB 0x00000000b5200000| Untracked |  0
| 811|0x00000000b5300000, 0x00000000b53ffff8, 0x00000000b5400000| 99%| O|  |TAMS 0x00000000b5300000| PB 0x00000000b5300000| Untracked |  0
| 812|0x00000000b5400000, 0x00000000b54fffe0, 0x00000000b5500000| 99%| O|  |TAMS 0x00000000b5400000| PB 0x00000000b5400000| Untracked |  0
| 813|0x00000000b5500000, 0x00000000b55ffed0, 0x00000000b5600000| 99%| O|  |TAMS 0x00000000b5500000| PB 0x00000000b5500000| Untracked |  0
| 814|0x00000000b5600000, 0x00000000b56ffff8, 0x00000000b5700000| 99%| O|  |TAMS 0x00000000b5600000| PB 0x00000000b5600000| Untracked |  0
| 815|0x00000000b5700000, 0x00000000b57ffff8, 0x00000000b5800000| 99%| O|  |TAMS 0x00000000b5700000| PB 0x00000000b5700000| Untracked |  0
| 816|0x00000000b5800000, 0x00000000b58ffff8, 0x00000000b5900000| 99%| O|  |TAMS 0x00000000b5800000| PB 0x00000000b5800000| Untracked |  0
| 817|0x00000000b5900000, 0x00000000b5a00000, 0x00000000b5a00000|100%| O|  |TAMS 0x00000000b5900000| PB 0x00000000b5900000| Untracked |  0
| 818|0x00000000b5a00000, 0x00000000b5afff10, 0x00000000b5b00000| 99%| O|  |TAMS 0x00000000b5a00000| PB 0x00000000b5a00000| Untracked |  0
| 819|0x00000000b5b00000, 0x00000000b5bffff8, 0x00000000b5c00000| 99%| O|  |TAMS 0x00000000b5b00000| PB 0x00000000b5b00000| Untracked |  0
| 820|0x00000000b5c00000, 0x00000000b5cffff0, 0x00000000b5d00000| 99%| O|  |TAMS 0x00000000b5c00000| PB 0x00000000b5c00000| Untracked |  0
| 821|0x00000000b5d00000, 0x00000000b5e00000, 0x00000000b5e00000|100%| O|  |TAMS 0x00000000b5d00000| PB 0x00000000b5d00000| Untracked |  0
| 822|0x00000000b5e00000, 0x00000000b5efffc8, 0x00000000b5f00000| 99%| O|  |TAMS 0x00000000b5e00000| PB 0x00000000b5e00000| Untracked |  0
| 823|0x00000000b5f00000, 0x00000000b5ffcb48, 0x00000000b6000000| 98%| O|  |TAMS 0x00000000b5f00000| PB 0x00000000b5f00000| Untracked |  0
| 824|0x00000000b6000000, 0x00000000b60fffc8, 0x00000000b6100000| 99%| O|  |TAMS 0x00000000b6000000| PB 0x00000000b6000000| Untracked |  0
| 825|0x00000000b6100000, 0x00000000b61fe0b8, 0x00000000b6200000| 99%| O|  |TAMS 0x00000000b6100000| PB 0x00000000b6100000| Untracked |  0
| 826|0x00000000b6200000, 0x00000000b6300000, 0x00000000b6300000|100%| O|  |TAMS 0x00000000b6200000| PB 0x00000000b6200000| Untracked |  0
| 827|0x00000000b6300000, 0x00000000b63ffff8, 0x00000000b6400000| 99%| O|  |TAMS 0x00000000b6300000| PB 0x00000000b6300000| Untracked |  0
| 828|0x00000000b6400000, 0x00000000b6500000, 0x00000000b6500000|100%| O|  |TAMS 0x00000000b6400000| PB 0x00000000b6400000| Untracked |  0
| 829|0x00000000b6500000, 0x00000000b65ffff0, 0x00000000b6600000| 99%| O|  |TAMS 0x00000000b6500000| PB 0x00000000b6500000| Untracked |  0
| 830|0x00000000b6600000, 0x00000000b6700000, 0x00000000b6700000|100%| O|  |TAMS 0x00000000b6600000| PB 0x00000000b6600000| Untracked |  0
| 831|0x00000000b6700000, 0x00000000b6800000, 0x00000000b6800000|100%| O|  |TAMS 0x00000000b6700000| PB 0x00000000b6700000| Untracked |  0
| 832|0x00000000b6800000, 0x00000000b68fffd0, 0x00000000b6900000| 99%| O|  |TAMS 0x00000000b6800000| PB 0x00000000b6800000| Untracked |  0
| 833|0x00000000b6900000, 0x00000000b69f90d8, 0x00000000b6a00000| 97%| O|  |TAMS 0x00000000b6900000| PB 0x00000000b6900000| Untracked |  0
| 834|0x00000000b6a00000, 0x00000000b6affff8, 0x00000000b6b00000| 99%| O|  |TAMS 0x00000000b6a00000| PB 0x00000000b6a00000| Untracked |  0
| 835|0x00000000b6b00000, 0x00000000b6bffff0, 0x00000000b6c00000| 99%| O|  |TAMS 0x00000000b6b00000| PB 0x00000000b6b00000| Untracked |  0
| 836|0x00000000b6c00000, 0x00000000b6cfffb0, 0x00000000b6d00000| 99%| O|  |TAMS 0x00000000b6c00000| PB 0x00000000b6c00000| Untracked |  0
| 837|0x00000000b6d00000, 0x00000000b6dffff8, 0x00000000b6e00000| 99%| O|  |TAMS 0x00000000b6d00000| PB 0x00000000b6d00000| Untracked |  0
| 838|0x00000000b6e00000, 0x00000000b6effff0, 0x00000000b6f00000| 99%| O|  |TAMS 0x00000000b6e00000| PB 0x00000000b6e00000| Untracked |  0
| 839|0x00000000b6f00000, 0x00000000b6ffffe0, 0x00000000b7000000| 99%| O|  |TAMS 0x00000000b6f00000| PB 0x00000000b6f00000| Untracked |  0
| 840|0x00000000b7000000, 0x00000000b70ffff8, 0x00000000b7100000| 99%| O|  |TAMS 0x00000000b7000000| PB 0x00000000b7000000| Untracked |  0
| 841|0x00000000b7100000, 0x00000000b71ffff0, 0x00000000b7200000| 99%| O|  |TAMS 0x00000000b7100000| PB 0x00000000b7100000| Untracked |  0
| 842|0x00000000b7200000, 0x00000000b72f96d0, 0x00000000b7300000| 97%| O|  |TAMS 0x00000000b7200000| PB 0x00000000b7200000| Untracked |  0
| 843|0x00000000b7300000, 0x00000000b7400000, 0x00000000b7400000|100%| O|  |TAMS 0x00000000b7300000| PB 0x00000000b7300000| Untracked |  0
| 844|0x00000000b7400000, 0x00000000b74fffe8, 0x00000000b7500000| 99%| O|  |TAMS 0x00000000b7400000| PB 0x00000000b7400000| Untracked |  0
| 845|0x00000000b7500000, 0x00000000b75ffff8, 0x00000000b7600000| 99%| O|  |TAMS 0x00000000b7500000| PB 0x00000000b7500000| Untracked |  0
| 846|0x00000000b7600000, 0x00000000b7700000, 0x00000000b7700000|100%| O|  |TAMS 0x00000000b7600000| PB 0x00000000b7600000| Untracked |  0
| 847|0x00000000b7700000, 0x00000000b77ffff0, 0x00000000b7800000| 99%| O|  |TAMS 0x00000000b7700000| PB 0x00000000b7700000| Untracked |  0
| 848|0x00000000b7800000, 0x00000000b7900000, 0x00000000b7900000|100%| O|  |TAMS 0x00000000b7800000| PB 0x00000000b7800000| Untracked |  0
| 849|0x00000000b7900000, 0x00000000b79fffe0, 0x00000000b7a00000| 99%| O|  |TAMS 0x00000000b7900000| PB 0x00000000b7900000| Untracked |  0
| 850|0x00000000b7a00000, 0x00000000b7affff0, 0x00000000b7b00000| 99%| O|  |TAMS 0x00000000b7a00000| PB 0x00000000b7a00000| Untracked |  0
| 851|0x00000000b7b00000, 0x00000000b7c00000, 0x00000000b7c00000|100%| O|  |TAMS 0x00000000b7b00000| PB 0x00000000b7b00000| Untracked |  0
| 852|0x00000000b7c00000, 0x00000000b7cfff10, 0x00000000b7d00000| 99%| O|  |TAMS 0x00000000b7c00000| PB 0x00000000b7c00000| Untracked |  0
| 853|0x00000000b7d00000, 0x00000000b7dffff0, 0x00000000b7e00000| 99%| O|  |TAMS 0x00000000b7d00000| PB 0x00000000b7d00000| Untracked |  0
| 854|0x00000000b7e00000, 0x00000000b7f00000, 0x00000000b7f00000|100%| O|  |TAMS 0x00000000b7e00000| PB 0x00000000b7e00000| Untracked |  0
| 855|0x00000000b7f00000, 0x00000000b7fffa78, 0x00000000b8000000| 99%| O|  |TAMS 0x00000000b7f00000| PB 0x00000000b7f00000| Untracked |  0
| 856|0x00000000b8000000, 0x00000000b80ffff8, 0x00000000b8100000| 99%| O|  |TAMS 0x00000000b8000000| PB 0x00000000b8000000| Untracked |  0
| 857|0x00000000b8100000, 0x00000000b81fffe8, 0x00000000b8200000| 99%| O|  |TAMS 0x00000000b8100000| PB 0x00000000b8100000| Untracked |  0
| 858|0x00000000b8200000, 0x00000000b8300000, 0x00000000b8300000|100%| O|  |TAMS 0x00000000b8200000| PB 0x00000000b8200000| Untracked |  0
| 859|0x00000000b8300000, 0x00000000b83fffe0, 0x00000000b8400000| 99%| O|  |TAMS 0x00000000b8300000| PB 0x00000000b8300000| Untracked |  0
| 860|0x00000000b8400000, 0x00000000b84ffff0, 0x00000000b8500000| 99%| O|  |TAMS 0x00000000b8400000| PB 0x00000000b8400000| Untracked |  0
| 861|0x00000000b8500000, 0x00000000b85ffff0, 0x00000000b8600000| 99%| O|  |TAMS 0x00000000b8500000| PB 0x00000000b8500000| Untracked |  0
| 862|0x00000000b8600000, 0x00000000b86ffff8, 0x00000000b8700000| 99%| O|  |TAMS 0x00000000b8600000| PB 0x00000000b8600000| Untracked |  0
| 863|0x00000000b8700000, 0x00000000b87fffe0, 0x00000000b8800000| 99%| O|  |TAMS 0x00000000b8700000| PB 0x00000000b8700000| Untracked |  0
| 864|0x00000000b8800000, 0x00000000b88fffe8, 0x00000000b8900000| 99%| O|  |TAMS 0x00000000b8800000| PB 0x00000000b8800000| Untracked |  0
| 865|0x00000000b8900000, 0x00000000b89fffe8, 0x00000000b8a00000| 99%| O|  |TAMS 0x00000000b8900000| PB 0x00000000b8900000| Untracked |  0
| 866|0x00000000b8a00000, 0x00000000b8b00000, 0x00000000b8b00000|100%| O|  |TAMS 0x00000000b8a00000| PB 0x00000000b8a00000| Untracked |  0
| 867|0x00000000b8b00000, 0x00000000b8bffff0, 0x00000000b8c00000| 99%| O|  |TAMS 0x00000000b8b00000| PB 0x00000000b8b00000| Untracked |  0
| 868|0x00000000b8c00000, 0x00000000b8d00000, 0x00000000b8d00000|100%| O|  |TAMS 0x00000000b8c00000| PB 0x00000000b8c00000| Untracked |  0
| 869|0x00000000b8d00000, 0x00000000b8dfffc8, 0x00000000b8e00000| 99%| O|  |TAMS 0x00000000b8d00000| PB 0x00000000b8d00000| Untracked |  0
| 870|0x00000000b8e00000, 0x00000000b8effff0, 0x00000000b8f00000| 99%| O|  |TAMS 0x00000000b8e00000| PB 0x00000000b8e00000| Untracked |  0
| 871|0x00000000b8f00000, 0x00000000b8ffffe0, 0x00000000b9000000| 99%| O|  |TAMS 0x00000000b8f00000| PB 0x00000000b8f00000| Untracked |  0
| 872|0x00000000b9000000, 0x00000000b90ffcf0, 0x00000000b9100000| 99%| O|  |TAMS 0x00000000b9000000| PB 0x00000000b9000000| Untracked |  0
| 873|0x00000000b9100000, 0x00000000b91fffb8, 0x00000000b9200000| 99%| O|  |TAMS 0x00000000b9100000| PB 0x00000000b9100000| Untracked |  0
| 874|0x00000000b9200000, 0x00000000b9300000, 0x00000000b9300000|100%| O|  |TAMS 0x00000000b9200000| PB 0x00000000b9200000| Untracked |  0
| 875|0x00000000b9300000, 0x00000000b93ffff0, 0x00000000b9400000| 99%| O|  |TAMS 0x00000000b9300000| PB 0x00000000b9300000| Untracked |  0
| 876|0x00000000b9400000, 0x00000000b94fffe0, 0x00000000b9500000| 99%| O|  |TAMS 0x00000000b9400000| PB 0x00000000b9400000| Untracked |  0
| 877|0x00000000b9500000, 0x00000000b95ffff8, 0x00000000b9600000| 99%| O|  |TAMS 0x00000000b9500000| PB 0x00000000b9500000| Untracked |  0
| 878|0x00000000b9600000, 0x00000000b96ffff8, 0x00000000b9700000| 99%| O|  |TAMS 0x00000000b9600000| PB 0x00000000b9600000| Untracked |  0
| 879|0x00000000b9700000, 0x00000000b97fffd0, 0x00000000b9800000| 99%| O|  |TAMS 0x00000000b9700000| PB 0x00000000b9700000| Untracked |  0
| 880|0x00000000b9800000, 0x00000000b98ff430, 0x00000000b9900000| 99%| O|  |TAMS 0x00000000b9800000| PB 0x00000000b9800000| Untracked |  0
| 881|0x00000000b9900000, 0x00000000b99ffff8, 0x00000000b9a00000| 99%| O|  |TAMS 0x00000000b9900000| PB 0x00000000b9900000| Untracked |  0
| 882|0x00000000b9a00000, 0x00000000b9b00000, 0x00000000b9b00000|100%| O|  |TAMS 0x00000000b9a00000| PB 0x00000000b9a00000| Untracked |  0
| 883|0x00000000b9b00000, 0x00000000b9bffff8, 0x00000000b9c00000| 99%| O|  |TAMS 0x00000000b9b00000| PB 0x00000000b9b00000| Untracked |  0
| 884|0x00000000b9c00000, 0x00000000b9d00000, 0x00000000b9d00000|100%| O|  |TAMS 0x00000000b9c00000| PB 0x00000000b9c00000| Untracked |  0
| 885|0x00000000b9d00000, 0x00000000b9dffff8, 0x00000000b9e00000| 99%| O|  |TAMS 0x00000000b9d00000| PB 0x00000000b9d00000| Untracked |  0
| 886|0x00000000b9e00000, 0x00000000b9efffe0, 0x00000000b9f00000| 99%| O|  |TAMS 0x00000000b9e00000| PB 0x00000000b9e00000| Untracked |  0
| 887|0x00000000b9f00000, 0x00000000b9ffd2d0, 0x00000000ba000000| 98%| O|  |TAMS 0x00000000b9f00000| PB 0x00000000b9f00000| Untracked |  0
| 888|0x00000000ba000000, 0x00000000ba0ffff0, 0x00000000ba100000| 99%| O|  |TAMS 0x00000000ba000000| PB 0x00000000ba000000| Untracked |  0
| 889|0x00000000ba100000, 0x00000000ba200000, 0x00000000ba200000|100%| O|  |TAMS 0x00000000ba100000| PB 0x00000000ba100000| Untracked |  0
| 890|0x00000000ba200000, 0x00000000ba2fffb8, 0x00000000ba300000| 99%| O|  |TAMS 0x00000000ba200000| PB 0x00000000ba200000| Untracked |  0
| 891|0x00000000ba300000, 0x00000000ba3fffd0, 0x00000000ba400000| 99%| O|  |TAMS 0x00000000ba300000| PB 0x00000000ba300000| Untracked |  0
| 892|0x00000000ba400000, 0x00000000ba4fffe8, 0x00000000ba500000| 99%| O|  |TAMS 0x00000000ba400000| PB 0x00000000ba400000| Untracked |  0
| 893|0x00000000ba500000, 0x00000000ba5ffff8, 0x00000000ba600000| 99%| O|  |TAMS 0x00000000ba500000| PB 0x00000000ba500000| Untracked |  0
| 894|0x00000000ba600000, 0x00000000ba6ffff8, 0x00000000ba700000| 99%| O|  |TAMS 0x00000000ba600000| PB 0x00000000ba600000| Untracked |  0
| 895|0x00000000ba700000, 0x00000000ba7ffff8, 0x00000000ba800000| 99%| O|  |TAMS 0x00000000ba700000| PB 0x00000000ba700000| Untracked |  0
| 896|0x00000000ba800000, 0x00000000ba900000, 0x00000000ba900000|100%| O|  |TAMS 0x00000000ba800000| PB 0x00000000ba800000| Untracked |  0
| 897|0x00000000ba900000, 0x00000000ba9ffff0, 0x00000000baa00000| 99%| O|  |TAMS 0x00000000ba900000| PB 0x00000000ba900000| Untracked |  0
| 898|0x00000000baa00000, 0x00000000baafffe0, 0x00000000bab00000| 99%| O|  |TAMS 0x00000000baa00000| PB 0x00000000baa00000| Untracked |  0
| 899|0x00000000bab00000, 0x00000000babfffc0, 0x00000000bac00000| 99%| O|  |TAMS 0x00000000bab00000| PB 0x00000000bab00000| Untracked |  0
| 900|0x00000000bac00000, 0x00000000bacfffe0, 0x00000000bad00000| 99%| O|  |TAMS 0x00000000bac00000| PB 0x00000000bac00000| Untracked |  0
| 901|0x00000000bad00000, 0x00000000bae00000, 0x00000000bae00000|100%| O|  |TAMS 0x00000000bad00000| PB 0x00000000bad00000| Untracked |  0
| 902|0x00000000bae00000, 0x00000000baefffe8, 0x00000000baf00000| 99%| O|  |TAMS 0x00000000bae00000| PB 0x00000000bae00000| Untracked |  0
| 903|0x00000000baf00000, 0x00000000bb000000, 0x00000000bb000000|100%| O|  |TAMS 0x00000000baf00000| PB 0x00000000baf00000| Untracked |  0
| 904|0x00000000bb000000, 0x00000000bb0ffff0, 0x00000000bb100000| 99%| O|  |TAMS 0x00000000bb000000| PB 0x00000000bb000000| Untracked |  0
| 905|0x00000000bb100000, 0x00000000bb1fffe0, 0x00000000bb200000| 99%| O|  |TAMS 0x00000000bb100000| PB 0x00000000bb100000| Untracked |  0
| 906|0x00000000bb200000, 0x00000000bb2ffff8, 0x00000000bb300000| 99%| O|  |TAMS 0x00000000bb200000| PB 0x00000000bb200000| Untracked |  0
| 907|0x00000000bb300000, 0x00000000bb3fffe0, 0x00000000bb400000| 99%| O|  |TAMS 0x00000000bb300000| PB 0x00000000bb300000| Untracked |  0
| 908|0x00000000bb400000, 0x00000000bb4fffe8, 0x00000000bb500000| 99%| O|  |TAMS 0x00000000bb400000| PB 0x00000000bb400000| Untracked |  0
| 909|0x00000000bb500000, 0x00000000bb5fffc8, 0x00000000bb600000| 99%| O|  |TAMS 0x00000000bb500000| PB 0x00000000bb500000| Untracked |  0
| 910|0x00000000bb600000, 0x00000000bb6ffff8, 0x00000000bb700000| 99%| O|  |TAMS 0x00000000bb600000| PB 0x00000000bb600000| Untracked |  0
| 911|0x00000000bb700000, 0x00000000bb7ffff8, 0x00000000bb800000| 99%| O|  |TAMS 0x00000000bb700000| PB 0x00000000bb700000| Untracked |  0
| 912|0x00000000bb800000, 0x00000000bb8ffff8, 0x00000000bb900000| 99%| O|  |TAMS 0x00000000bb800000| PB 0x00000000bb800000| Untracked |  0
| 913|0x00000000bb900000, 0x00000000bb9fffd8, 0x00000000bba00000| 99%| O|  |TAMS 0x00000000bb900000| PB 0x00000000bb900000| Untracked |  0
| 914|0x00000000bba00000, 0x00000000bbaffff8, 0x00000000bbb00000| 99%| O|  |TAMS 0x00000000bba00000| PB 0x00000000bba00000| Untracked |  0
| 915|0x00000000bbb00000, 0x00000000bbbfff90, 0x00000000bbc00000| 99%| O|  |TAMS 0x00000000bbb00000| PB 0x00000000bbb00000| Untracked |  0
| 916|0x00000000bbc00000, 0x00000000bbcfffe8, 0x00000000bbd00000| 99%| O|  |TAMS 0x00000000bbc00000| PB 0x00000000bbc00000| Untracked |  0
| 917|0x00000000bbd00000, 0x00000000bbe00000, 0x00000000bbe00000|100%| O|  |TAMS 0x00000000bbd00000| PB 0x00000000bbd00000| Untracked |  0
| 918|0x00000000bbe00000, 0x00000000bbf00000, 0x00000000bbf00000|100%| O|  |TAMS 0x00000000bbe00000| PB 0x00000000bbe00000| Untracked |  0
| 919|0x00000000bbf00000, 0x00000000bbffffe8, 0x00000000bc000000| 99%| O|  |TAMS 0x00000000bbf00000| PB 0x00000000bbf00000| Untracked |  0
| 920|0x00000000bc000000, 0x00000000bc100000, 0x00000000bc100000|100%| O|  |TAMS 0x00000000bc000000| PB 0x00000000bc000000| Untracked |  0
| 921|0x00000000bc100000, 0x00000000bc1ffff0, 0x00000000bc200000| 99%| O|  |TAMS 0x00000000bc100000| PB 0x00000000bc100000| Untracked |  0
| 922|0x00000000bc200000, 0x00000000bc2ffff0, 0x00000000bc300000| 99%| O|  |TAMS 0x00000000bc200000| PB 0x00000000bc200000| Untracked |  0
| 923|0x00000000bc300000, 0x00000000bc3ffff8, 0x00000000bc400000| 99%| O|  |TAMS 0x00000000bc300000| PB 0x00000000bc300000| Untracked |  0
| 924|0x00000000bc400000, 0x00000000bc4ffff8, 0x00000000bc500000| 99%| O|  |TAMS 0x00000000bc400000| PB 0x00000000bc400000| Untracked |  0
| 925|0x00000000bc500000, 0x00000000bc600000, 0x00000000bc600000|100%| O|  |TAMS 0x00000000bc500000| PB 0x00000000bc500000| Untracked |  0
| 926|0x00000000bc600000, 0x00000000bc6fffe0, 0x00000000bc700000| 99%| O|  |TAMS 0x00000000bc600000| PB 0x00000000bc600000| Untracked |  0
| 927|0x00000000bc700000, 0x00000000bc7fffe0, 0x00000000bc800000| 99%| O|  |TAMS 0x00000000bc700000| PB 0x00000000bc700000| Untracked |  0
| 928|0x00000000bc800000, 0x00000000bc900000, 0x00000000bc900000|100%| O|  |TAMS 0x00000000bc800000| PB 0x00000000bc800000| Untracked |  0
| 929|0x00000000bc900000, 0x00000000bc9ffff8, 0x00000000bca00000| 99%| O|  |TAMS 0x00000000bc900000| PB 0x00000000bc900000| Untracked |  0
| 930|0x00000000bca00000, 0x00000000bcaffff8, 0x00000000bcb00000| 99%| O|  |TAMS 0x00000000bca00000| PB 0x00000000bca00000| Untracked |  0
| 931|0x00000000bcb00000, 0x00000000bcc00000, 0x00000000bcc00000|100%| O|  |TAMS 0x00000000bcb00000| PB 0x00000000bcb00000| Untracked |  0
| 932|0x00000000bcc00000, 0x00000000bccffff8, 0x00000000bcd00000| 99%| O|  |TAMS 0x00000000bcc00000| PB 0x00000000bcc00000| Untracked |  0
| 933|0x00000000bcd00000, 0x00000000bcdffff8, 0x00000000bce00000| 99%| O|  |TAMS 0x00000000bcd00000| PB 0x00000000bcd00000| Untracked |  0
| 934|0x00000000bce00000, 0x00000000bceffff0, 0x00000000bcf00000| 99%| O|  |TAMS 0x00000000bce00000| PB 0x00000000bce00000| Untracked |  0
| 935|0x00000000bcf00000, 0x00000000bcffffd0, 0x00000000bd000000| 99%| O|  |TAMS 0x00000000bcf00000| PB 0x00000000bcf00000| Untracked |  0
| 936|0x00000000bd000000, 0x00000000bd0ffff8, 0x00000000bd100000| 99%| O|  |TAMS 0x00000000bd000000| PB 0x00000000bd000000| Untracked |  0
| 937|0x00000000bd100000, 0x00000000bd200000, 0x00000000bd200000|100%| O|  |TAMS 0x00000000bd100000| PB 0x00000000bd100000| Untracked |  0
| 938|0x00000000bd200000, 0x00000000bd300000, 0x00000000bd300000|100%| O|  |TAMS 0x00000000bd200000| PB 0x00000000bd200000| Untracked |  0
| 939|0x00000000bd300000, 0x00000000bd3fffc8, 0x00000000bd400000| 99%| O|  |TAMS 0x00000000bd300000| PB 0x00000000bd300000| Untracked |  0
| 940|0x00000000bd400000, 0x00000000bd4fffe0, 0x00000000bd500000| 99%| O|  |TAMS 0x00000000bd400000| PB 0x00000000bd400000| Untracked |  0
| 941|0x00000000bd500000, 0x00000000bd5fffe0, 0x00000000bd600000| 99%| O|  |TAMS 0x00000000bd500000| PB 0x00000000bd500000| Untracked |  0
| 942|0x00000000bd600000, 0x00000000bd6ffff0, 0x00000000bd700000| 99%| O|  |TAMS 0x00000000bd600000| PB 0x00000000bd600000| Untracked |  0
| 943|0x00000000bd700000, 0x00000000bd7ffff8, 0x00000000bd800000| 99%| O|  |TAMS 0x00000000bd700000| PB 0x00000000bd700000| Untracked |  0
| 944|0x00000000bd800000, 0x00000000bd8fffd8, 0x00000000bd900000| 99%| O|  |TAMS 0x00000000bd800000| PB 0x00000000bd800000| Untracked |  0
| 945|0x00000000bd900000, 0x00000000bd9ffff8, 0x00000000bda00000| 99%| O|  |TAMS 0x00000000bd900000| PB 0x00000000bd900000| Untracked |  0
| 946|0x00000000bda00000, 0x00000000bdaffff8, 0x00000000bdb00000| 99%| O|  |TAMS 0x00000000bda00000| PB 0x00000000bda00000| Untracked |  0
| 947|0x00000000bdb00000, 0x00000000bdbffef0, 0x00000000bdc00000| 99%| O|  |TAMS 0x00000000bdb00000| PB 0x00000000bdb00000| Untracked |  0
| 948|0x00000000bdc00000, 0x00000000bdcfffd8, 0x00000000bdd00000| 99%| O|  |TAMS 0x00000000bdc00000| PB 0x00000000bdc00000| Untracked |  0
| 949|0x00000000bdd00000, 0x00000000bddffff8, 0x00000000bde00000| 99%| O|  |TAMS 0x00000000bdd00000| PB 0x00000000bdd00000| Untracked |  0
| 950|0x00000000bde00000, 0x00000000bdefff10, 0x00000000bdf00000| 99%| O|  |TAMS 0x00000000bde00000| PB 0x00000000bde00000| Untracked |  0
| 951|0x00000000bdf00000, 0x00000000bdfffff0, 0x00000000be000000| 99%| O|  |TAMS 0x00000000bdf00000| PB 0x00000000bdf00000| Untracked |  0
| 952|0x00000000be000000, 0x00000000be0ffff8, 0x00000000be100000| 99%| O|  |TAMS 0x00000000be000000| PB 0x00000000be000000| Untracked |  0
| 953|0x00000000be100000, 0x00000000be1fff68, 0x00000000be200000| 99%| O|  |TAMS 0x00000000be100000| PB 0x00000000be100000| Untracked |  0
| 954|0x00000000be200000, 0x00000000be2ffff8, 0x00000000be300000| 99%| O|  |TAMS 0x00000000be200000| PB 0x00000000be200000| Untracked |  0
| 955|0x00000000be300000, 0x00000000be3fffe0, 0x00000000be400000| 99%| O|  |TAMS 0x00000000be300000| PB 0x00000000be300000| Untracked |  0
| 956|0x00000000be400000, 0x00000000be500000, 0x00000000be500000|100%| O|  |TAMS 0x00000000be400000| PB 0x00000000be400000| Untracked |  0
| 957|0x00000000be500000, 0x00000000be5fa6e0, 0x00000000be600000| 97%| O|  |TAMS 0x00000000be500000| PB 0x00000000be500000| Untracked |  0
| 958|0x00000000be600000, 0x00000000be6ffff8, 0x00000000be700000| 99%| O|  |TAMS 0x00000000be600000| PB 0x00000000be600000| Untracked |  0
| 959|0x00000000be700000, 0x00000000be7fffe8, 0x00000000be800000| 99%| O|  |TAMS 0x00000000be700000| PB 0x00000000be700000| Untracked |  0
| 960|0x00000000be800000, 0x00000000be8ffff8, 0x00000000be900000| 99%| O|  |TAMS 0x00000000be800000| PB 0x00000000be800000| Untracked |  0
| 961|0x00000000be900000, 0x00000000be9fffd8, 0x00000000bea00000| 99%| O|  |TAMS 0x00000000be900000| PB 0x00000000be900000| Untracked |  0
| 962|0x00000000bea00000, 0x00000000beafffe0, 0x00000000beb00000| 99%| O|  |TAMS 0x00000000bea00000| PB 0x00000000bea00000| Untracked |  0
| 963|0x00000000beb00000, 0x00000000bebffff0, 0x00000000bec00000| 99%| O|  |TAMS 0x00000000beb00000| PB 0x00000000beb00000| Untracked |  0
| 964|0x00000000bec00000, 0x00000000bed00000, 0x00000000bed00000|100%| O|  |TAMS 0x00000000bec00000| PB 0x00000000bec00000| Untracked |  0
| 965|0x00000000bed00000, 0x00000000bedffff8, 0x00000000bee00000| 99%| O|  |TAMS 0x00000000bed00000| PB 0x00000000bed00000| Untracked |  0
| 966|0x00000000bee00000, 0x00000000beefffb8, 0x00000000bef00000| 99%| O|  |TAMS 0x00000000bee00000| PB 0x00000000bee00000| Untracked |  0
| 967|0x00000000bef00000, 0x00000000beffffe0, 0x00000000bf000000| 99%| O|  |TAMS 0x00000000bef00000| PB 0x00000000bef00000| Untracked |  0
| 968|0x00000000bf000000, 0x00000000bf0ffff8, 0x00000000bf100000| 99%| O|  |TAMS 0x00000000bf000000| PB 0x00000000bf000000| Untracked |  0
| 969|0x00000000bf100000, 0x00000000bf1ffff0, 0x00000000bf200000| 99%| O|  |TAMS 0x00000000bf100000| PB 0x00000000bf100000| Untracked |  0
| 970|0x00000000bf200000, 0x00000000bf2ffff0, 0x00000000bf300000| 99%| O|  |TAMS 0x00000000bf200000| PB 0x00000000bf200000| Untracked |  0
| 971|0x00000000bf300000, 0x00000000bf3ffff8, 0x00000000bf400000| 99%| O|  |TAMS 0x00000000bf300000| PB 0x00000000bf300000| Untracked |  0
| 972|0x00000000bf400000, 0x00000000bf4ffff8, 0x00000000bf500000| 99%| O|  |TAMS 0x00000000bf400000| PB 0x00000000bf400000| Untracked |  0
| 973|0x00000000bf500000, 0x00000000bf5fffe0, 0x00000000bf600000| 99%| O|  |TAMS 0x00000000bf500000| PB 0x00000000bf500000| Untracked |  0
| 974|0x00000000bf600000, 0x00000000bf6ffff0, 0x00000000bf700000| 99%| O|  |TAMS 0x00000000bf600000| PB 0x00000000bf600000| Untracked |  0
| 975|0x00000000bf700000, 0x00000000bf800000, 0x00000000bf800000|100%| O|  |TAMS 0x00000000bf700000| PB 0x00000000bf700000| Untracked |  0
| 976|0x00000000bf800000, 0x00000000bf8ffff0, 0x00000000bf900000| 99%| O|  |TAMS 0x00000000bf800000| PB 0x00000000bf800000| Untracked |  0
| 977|0x00000000bf900000, 0x00000000bfa00000, 0x00000000bfa00000|100%| O|  |TAMS 0x00000000bf900000| PB 0x00000000bf900000| Untracked |  0
| 978|0x00000000bfa00000, 0x00000000bfaffff0, 0x00000000bfb00000| 99%| O|  |TAMS 0x00000000bfa00000| PB 0x00000000bfa00000| Untracked |  0
| 979|0x00000000bfb00000, 0x00000000bfbffff8, 0x00000000bfc00000| 99%| O|  |TAMS 0x00000000bfb00000| PB 0x00000000bfb00000| Untracked |  0
| 980|0x00000000bfc00000, 0x00000000bfd00000, 0x00000000bfd00000|100%| O|  |TAMS 0x00000000bfc00000| PB 0x00000000bfc00000| Untracked |  0
| 981|0x00000000bfd00000, 0x00000000bfdffff0, 0x00000000bfe00000| 99%| O|  |TAMS 0x00000000bfd00000| PB 0x00000000bfd00000| Untracked |  0
| 982|0x00000000bfe00000, 0x00000000bfefffc8, 0x00000000bff00000| 99%| O|  |TAMS 0x00000000bfe00000| PB 0x00000000bfe00000| Untracked |  0
| 983|0x00000000bff00000, 0x00000000c0000000, 0x00000000c0000000|100%| O|  |TAMS 0x00000000bff00000| PB 0x00000000bff00000| Untracked |  0
| 984|0x00000000c0000000, 0x00000000c00fcba0, 0x00000000c0100000| 98%| O|  |TAMS 0x00000000c0000000| PB 0x00000000c0000000| Untracked |  0
| 985|0x00000000c0100000, 0x00000000c01ffff8, 0x00000000c0200000| 99%| O|  |TAMS 0x00000000c0100000| PB 0x00000000c0100000| Untracked |  0
| 986|0x00000000c0200000, 0x00000000c0300000, 0x00000000c0300000|100%| O|  |TAMS 0x00000000c0200000| PB 0x00000000c0200000| Untracked |  0
| 987|0x00000000c0300000, 0x00000000c03ffff0, 0x00000000c0400000| 99%| O|  |TAMS 0x00000000c0300000| PB 0x00000000c0300000| Untracked |  0
| 988|0x00000000c0400000, 0x00000000c0500000, 0x00000000c0500000|100%| O|  |TAMS 0x00000000c0400000| PB 0x00000000c0400000| Untracked |  0
| 989|0x00000000c0500000, 0x00000000c05fffe0, 0x00000000c0600000| 99%| O|  |TAMS 0x00000000c0500000| PB 0x00000000c0500000| Untracked |  0
| 990|0x00000000c0600000, 0x00000000c0700000, 0x00000000c0700000|100%| O|  |TAMS 0x00000000c0600000| PB 0x00000000c0600000| Untracked |  0
| 991|0x00000000c0700000, 0x00000000c07fffe8, 0x00000000c0800000| 99%| O|  |TAMS 0x00000000c0700000| PB 0x00000000c0700000| Untracked |  0
| 992|0x00000000c0800000, 0x00000000c08ffff0, 0x00000000c0900000| 99%| O|  |TAMS 0x00000000c0800000| PB 0x00000000c0800000| Untracked |  0
| 993|0x00000000c0900000, 0x00000000c09ffff8, 0x00000000c0a00000| 99%| O|  |TAMS 0x00000000c0900000| PB 0x00000000c0900000| Untracked |  0
| 994|0x00000000c0a00000, 0x00000000c0affff0, 0x00000000c0b00000| 99%| O|  |TAMS 0x00000000c0a00000| PB 0x00000000c0a00000| Untracked |  0
| 995|0x00000000c0b00000, 0x00000000c0c00000, 0x00000000c0c00000|100%| O|  |TAMS 0x00000000c0b00000| PB 0x00000000c0b00000| Untracked |  0
| 996|0x00000000c0c00000, 0x00000000c0cfffe8, 0x00000000c0d00000| 99%| O|  |TAMS 0x00000000c0c00000| PB 0x00000000c0c00000| Untracked |  0
| 997|0x00000000c0d00000, 0x00000000c0dffff8, 0x00000000c0e00000| 99%| O|  |TAMS 0x00000000c0d00000| PB 0x00000000c0d00000| Untracked |  0
| 998|0x00000000c0e00000, 0x00000000c0efffe0, 0x00000000c0f00000| 99%| O|  |TAMS 0x00000000c0e00000| PB 0x00000000c0e00000| Untracked |  0
| 999|0x00000000c0f00000, 0x00000000c1000000, 0x00000000c1000000|100%| O|  |TAMS 0x00000000c0f00000| PB 0x00000000c0f00000| Untracked |  0
|1000|0x00000000c1000000, 0x00000000c10ffff8, 0x00000000c1100000| 99%| O|  |TAMS 0x00000000c1000000| PB 0x00000000c1000000| Untracked |  0
|1001|0x00000000c1100000, 0x00000000c11fffe8, 0x00000000c1200000| 99%| O|  |TAMS 0x00000000c1100000| PB 0x00000000c1100000| Untracked |  0
|1002|0x00000000c1200000, 0x00000000c1300000, 0x00000000c1300000|100%| O|  |TAMS 0x00000000c1200000| PB 0x00000000c1200000| Untracked |  0
|1003|0x00000000c1300000, 0x00000000c13fffe0, 0x00000000c1400000| 99%| O|  |TAMS 0x00000000c1300000| PB 0x00000000c1300000| Untracked |  0
|1004|0x00000000c1400000, 0x00000000c14fffd8, 0x00000000c1500000| 99%| O|  |TAMS 0x00000000c1400000| PB 0x00000000c1400000| Untracked |  0
|1005|0x00000000c1500000, 0x00000000c15ffff0, 0x00000000c1600000| 99%| O|  |TAMS 0x00000000c1500000| PB 0x00000000c1500000| Untracked |  0
|1006|0x00000000c1600000, 0x00000000c1700000, 0x00000000c1700000|100%| O|  |TAMS 0x00000000c1600000| PB 0x00000000c1600000| Untracked |  0
|1007|0x00000000c1700000, 0x00000000c1800000, 0x00000000c1800000|100%| O|  |TAMS 0x00000000c1700000| PB 0x00000000c1700000| Untracked |  0
|1008|0x00000000c1800000, 0x00000000c1900000, 0x00000000c1900000|100%| O|  |TAMS 0x00000000c1800000| PB 0x00000000c1800000| Untracked |  0
|1009|0x00000000c1900000, 0x00000000c19ffff0, 0x00000000c1a00000| 99%| O|  |TAMS 0x00000000c1900000| PB 0x00000000c1900000| Untracked |  0
|1010|0x00000000c1a00000, 0x00000000c1affff8, 0x00000000c1b00000| 99%| O|  |TAMS 0x00000000c1a00000| PB 0x00000000c1a00000| Untracked |  0
|1011|0x00000000c1b00000, 0x00000000c1bfffe8, 0x00000000c1c00000| 99%| O|  |TAMS 0x00000000c1b00000| PB 0x00000000c1b00000| Untracked |  0
|1012|0x00000000c1c00000, 0x00000000c1cffff8, 0x00000000c1d00000| 99%| O|  |TAMS 0x00000000c1c00000| PB 0x00000000c1c00000| Untracked |  0
|1013|0x00000000c1d00000, 0x00000000c1e00000, 0x00000000c1e00000|100%| O|  |TAMS 0x00000000c1d00000| PB 0x00000000c1d00000| Untracked |  0
|1014|0x00000000c1e00000, 0x00000000c1f00000, 0x00000000c1f00000|100%| O|  |TAMS 0x00000000c1e00000| PB 0x00000000c1e00000| Untracked |  0
|1015|0x00000000c1f00000, 0x00000000c1ffffe8, 0x00000000c2000000| 99%| O|  |TAMS 0x00000000c1f00000| PB 0x00000000c1f00000| Untracked |  0
|1016|0x00000000c2000000, 0x00000000c20fffe8, 0x00000000c2100000| 99%| O|  |TAMS 0x00000000c2000000| PB 0x00000000c2000000| Untracked |  0
|1017|0x00000000c2100000, 0x00000000c21ffff0, 0x00000000c2200000| 99%| O|  |TAMS 0x00000000c2100000| PB 0x00000000c2100000| Untracked |  0
|1018|0x00000000c2200000, 0x00000000c2300000, 0x00000000c2300000|100%| O|  |TAMS 0x00000000c2200000| PB 0x00000000c2200000| Untracked |  0
|1019|0x00000000c2300000, 0x00000000c23ffff0, 0x00000000c2400000| 99%| O|  |TAMS 0x00000000c2300000| PB 0x00000000c2300000| Untracked |  0
|1020|0x00000000c2400000, 0x00000000c24fffe0, 0x00000000c2500000| 99%| O|  |TAMS 0x00000000c2400000| PB 0x00000000c2400000| Untracked |  0
|1021|0x00000000c2500000, 0x00000000c25fffd0, 0x00000000c2600000| 99%| O|  |TAMS 0x00000000c2500000| PB 0x00000000c2500000| Untracked |  0
|1022|0x00000000c2600000, 0x00000000c26fffe0, 0x00000000c2700000| 99%| O|  |TAMS 0x00000000c2600000| PB 0x00000000c2600000| Untracked |  0
|1023|0x00000000c2700000, 0x00000000c27fffc8, 0x00000000c2800000| 99%| O|  |TAMS 0x00000000c2700000| PB 0x00000000c2700000| Untracked |  0
|1024|0x00000000c2800000, 0x00000000c28fffe0, 0x00000000c2900000| 99%| O|  |TAMS 0x00000000c2800000| PB 0x00000000c2800000| Untracked |  0
|1025|0x00000000c2900000, 0x00000000c29ffff8, 0x00000000c2a00000| 99%| O|  |TAMS 0x00000000c2900000| PB 0x00000000c2900000| Untracked |  0
|1026|0x00000000c2a00000, 0x00000000c2affff8, 0x00000000c2b00000| 99%| O|  |TAMS 0x00000000c2a00000| PB 0x00000000c2a00000| Untracked |  0
|1027|0x00000000c2b00000, 0x00000000c2bffff0, 0x00000000c2c00000| 99%| O|  |TAMS 0x00000000c2b00000| PB 0x00000000c2b00000| Untracked |  0
|1028|0x00000000c2c00000, 0x00000000c2d00000, 0x00000000c2d00000|100%| O|  |TAMS 0x00000000c2c00000| PB 0x00000000c2c00000| Untracked |  0
|1029|0x00000000c2d00000, 0x00000000c2dffff8, 0x00000000c2e00000| 99%| O|  |TAMS 0x00000000c2d00000| PB 0x00000000c2d00000| Untracked |  0
|1030|0x00000000c2e00000, 0x00000000c2effff8, 0x00000000c2f00000| 99%| O|  |TAMS 0x00000000c2e00000| PB 0x00000000c2e00000| Untracked |  0
|1031|0x00000000c2f00000, 0x00000000c2ffe9c0, 0x00000000c3000000| 99%| O|  |TAMS 0x00000000c2f00000| PB 0x00000000c2f00000| Untracked |  0
|1032|0x00000000c3000000, 0x00000000c3100000, 0x00000000c3100000|100%| O|  |TAMS 0x00000000c3000000| PB 0x00000000c3000000| Untracked |  0
|1033|0x00000000c3100000, 0x00000000c3200000, 0x00000000c3200000|100%| O|  |TAMS 0x00000000c3100000| PB 0x00000000c3100000| Untracked |  0
|1034|0x00000000c3200000, 0x00000000c32ffff8, 0x00000000c3300000| 99%| O|  |TAMS 0x00000000c3200000| PB 0x00000000c3200000| Untracked |  0
|1035|0x00000000c3300000, 0x00000000c33fffe0, 0x00000000c3400000| 99%| O|  |TAMS 0x00000000c3300000| PB 0x00000000c3300000| Untracked |  0
|1036|0x00000000c3400000, 0x00000000c34ffff8, 0x00000000c3500000| 99%| O|  |TAMS 0x00000000c3400000| PB 0x00000000c3400000| Untracked |  0
|1037|0x00000000c3500000, 0x00000000c35ffff8, 0x00000000c3600000| 99%| O|  |TAMS 0x00000000c3500000| PB 0x00000000c3500000| Untracked |  0
|1038|0x00000000c3600000, 0x00000000c36ffff0, 0x00000000c3700000| 99%| O|  |TAMS 0x00000000c3600000| PB 0x00000000c3600000| Untracked |  0
|1039|0x00000000c3700000, 0x00000000c37ffa08, 0x00000000c3800000| 99%| O|  |TAMS 0x00000000c3700000| PB 0x00000000c3700000| Untracked |  0
|1040|0x00000000c3800000, 0x00000000c38ffff8, 0x00000000c3900000| 99%| O|  |TAMS 0x00000000c3800000| PB 0x00000000c3800000| Untracked |  0
|1041|0x00000000c3900000, 0x00000000c39ffff8, 0x00000000c3a00000| 99%| O|  |TAMS 0x00000000c3900000| PB 0x00000000c3900000| Untracked |  0
|1042|0x00000000c3a00000, 0x00000000c3affff0, 0x00000000c3b00000| 99%| O|  |TAMS 0x00000000c3a00000| PB 0x00000000c3a00000| Untracked |  0
|1043|0x00000000c3b00000, 0x00000000c3c00000, 0x00000000c3c00000|100%| O|  |TAMS 0x00000000c3b00000| PB 0x00000000c3b00000| Untracked |  0
|1044|0x00000000c3c00000, 0x00000000c3d00000, 0x00000000c3d00000|100%| O|  |TAMS 0x00000000c3c00000| PB 0x00000000c3c00000| Untracked |  0
|1045|0x00000000c3d00000, 0x00000000c3e00000, 0x00000000c3e00000|100%| O|  |TAMS 0x00000000c3d00000| PB 0x00000000c3d00000| Untracked |  0
|1046|0x00000000c3e00000, 0x00000000c3efffb8, 0x00000000c3f00000| 99%| O|  |TAMS 0x00000000c3e00000| PB 0x00000000c3e00000| Untracked |  0
|1047|0x00000000c3f00000, 0x00000000c3ffc670, 0x00000000c4000000| 98%| O|  |TAMS 0x00000000c3f00000| PB 0x00000000c3f00000| Untracked |  0
|1048|0x00000000c4000000, 0x00000000c40ffff0, 0x00000000c4100000| 99%| O|  |TAMS 0x00000000c4000000| PB 0x00000000c4000000| Untracked |  0
|1049|0x00000000c4100000, 0x00000000c41fff98, 0x00000000c4200000| 99%| O|  |TAMS 0x00000000c4100000| PB 0x00000000c4100000| Untracked |  0
|1050|0x00000000c4200000, 0x00000000c42fffe8, 0x00000000c4300000| 99%| O|  |TAMS 0x00000000c4200000| PB 0x00000000c4200000| Untracked |  0
|1051|0x00000000c4300000, 0x00000000c43fffd8, 0x00000000c4400000| 99%| O|  |TAMS 0x00000000c4300000| PB 0x00000000c4300000| Untracked |  0
|1052|0x00000000c4400000, 0x00000000c44fffd8, 0x00000000c4500000| 99%| O|  |TAMS 0x00000000c4400000| PB 0x00000000c4400000| Untracked |  0
|1053|0x00000000c4500000, 0x00000000c45ffff8, 0x00000000c4600000| 99%| O|  |TAMS 0x00000000c4500000| PB 0x00000000c4500000| Untracked |  0
|1054|0x00000000c4600000, 0x00000000c46fffe0, 0x00000000c4700000| 99%| O|  |TAMS 0x00000000c4600000| PB 0x00000000c4600000| Untracked |  0
|1055|0x00000000c4700000, 0x00000000c47ffff8, 0x00000000c4800000| 99%| O|  |TAMS 0x00000000c4700000| PB 0x00000000c4700000| Untracked |  0
|1056|0x00000000c4800000, 0x00000000c4900000, 0x00000000c4900000|100%| O|  |TAMS 0x00000000c4800000| PB 0x00000000c4800000| Untracked |  0
|1057|0x00000000c4900000, 0x00000000c49fffe8, 0x00000000c4a00000| 99%| O|  |TAMS 0x00000000c4900000| PB 0x00000000c4900000| Untracked |  0
|1058|0x00000000c4a00000, 0x00000000c4affff8, 0x00000000c4b00000| 99%| O|  |TAMS 0x00000000c4a00000| PB 0x00000000c4a00000| Untracked |  0
|1059|0x00000000c4b00000, 0x00000000c4bfffb8, 0x00000000c4c00000| 99%| O|  |TAMS 0x00000000c4b00000| PB 0x00000000c4b00000| Untracked |  0
|1060|0x00000000c4c00000, 0x00000000c4cffff0, 0x00000000c4d00000| 99%| O|  |TAMS 0x00000000c4c00000| PB 0x00000000c4c00000| Untracked |  0
|1061|0x00000000c4d00000, 0x00000000c4dffff0, 0x00000000c4e00000| 99%| O|  |TAMS 0x00000000c4d00000| PB 0x00000000c4d00000| Untracked |  0
|1062|0x00000000c4e00000, 0x00000000c4effff0, 0x00000000c4f00000| 99%| O|  |TAMS 0x00000000c4e00000| PB 0x00000000c4e00000| Untracked |  0
|1063|0x00000000c4f00000, 0x00000000c5000000, 0x00000000c5000000|100%| O|  |TAMS 0x00000000c4f00000| PB 0x00000000c4f00000| Untracked |  0
|1064|0x00000000c5000000, 0x00000000c50fffd0, 0x00000000c5100000| 99%| O|  |TAMS 0x00000000c5000000| PB 0x00000000c5000000| Untracked |  0
|1065|0x00000000c5100000, 0x00000000c51fffc0, 0x00000000c5200000| 99%| O|  |TAMS 0x00000000c5100000| PB 0x00000000c5100000| Untracked |  0
|1066|0x00000000c5200000, 0x00000000c5300000, 0x00000000c5300000|100%| O|  |TAMS 0x00000000c5200000| PB 0x00000000c5200000| Untracked |  0
|1067|0x00000000c5300000, 0x00000000c53fffe8, 0x00000000c5400000| 99%| O|  |TAMS 0x00000000c5300000| PB 0x00000000c5300000| Untracked |  0
|1068|0x00000000c5400000, 0x00000000c54ffff0, 0x00000000c5500000| 99%| O|  |TAMS 0x00000000c5400000| PB 0x00000000c5400000| Untracked |  0
|1069|0x00000000c5500000, 0x00000000c55ffff8, 0x00000000c5600000| 99%| O|  |TAMS 0x00000000c5500000| PB 0x00000000c5500000| Untracked |  0
|1070|0x00000000c5600000, 0x00000000c56ffff8, 0x00000000c5700000| 99%| O|  |TAMS 0x00000000c5600000| PB 0x00000000c5600000| Untracked |  0
|1071|0x00000000c5700000, 0x00000000c5800000, 0x00000000c5800000|100%| O|  |TAMS 0x00000000c5700000| PB 0x00000000c5700000| Untracked |  0
|1072|0x00000000c5800000, 0x00000000c58fffc8, 0x00000000c5900000| 99%| O|  |TAMS 0x00000000c5800000| PB 0x00000000c5800000| Untracked |  0
|1073|0x00000000c5900000, 0x00000000c59ffe88, 0x00000000c5a00000| 99%| O|  |TAMS 0x00000000c5900000| PB 0x00000000c5900000| Untracked |  0
|1074|0x00000000c5a00000, 0x00000000c5afffd0, 0x00000000c5b00000| 99%| O|  |TAMS 0x00000000c5a00000| PB 0x00000000c5a00000| Untracked |  0
|1075|0x00000000c5b00000, 0x00000000c5bffff8, 0x00000000c5c00000| 99%| O|  |TAMS 0x00000000c5b00000| PB 0x00000000c5b00000| Untracked |  0
|1076|0x00000000c5c00000, 0x00000000c5d00000, 0x00000000c5d00000|100%| O|  |TAMS 0x00000000c5c00000| PB 0x00000000c5c00000| Untracked |  0
|1077|0x00000000c5d00000, 0x00000000c5e00000, 0x00000000c5e00000|100%| O|  |TAMS 0x00000000c5d00000| PB 0x00000000c5d00000| Untracked |  0
|1078|0x00000000c5e00000, 0x00000000c5f00000, 0x00000000c5f00000|100%| O|  |TAMS 0x00000000c5e00000| PB 0x00000000c5e00000| Untracked |  0
|1079|0x00000000c5f00000, 0x00000000c5fffff8, 0x00000000c6000000| 99%| O|  |TAMS 0x00000000c5f00000| PB 0x00000000c5f00000| Untracked |  0
|1080|0x00000000c6000000, 0x00000000c60ffff8, 0x00000000c6100000| 99%| O|  |TAMS 0x00000000c6000000| PB 0x00000000c6000000| Untracked |  0
|1081|0x00000000c6100000, 0x00000000c6200000, 0x00000000c6200000|100%| O|  |TAMS 0x00000000c6100000| PB 0x00000000c6100000| Untracked |  0
|1082|0x00000000c6200000, 0x00000000c62ffff0, 0x00000000c6300000| 99%| O|  |TAMS 0x00000000c6200000| PB 0x00000000c6200000| Untracked |  0
|1083|0x00000000c6300000, 0x00000000c63fa358, 0x00000000c6400000| 97%| O|  |TAMS 0x00000000c6300000| PB 0x00000000c6300000| Untracked |  0
|1084|0x00000000c6400000, 0x00000000c64fffe0, 0x00000000c6500000| 99%| O|  |TAMS 0x00000000c6400000| PB 0x00000000c6400000| Untracked |  0
|1085|0x00000000c6500000, 0x00000000c65ffff0, 0x00000000c6600000| 99%| O|  |TAMS 0x00000000c6500000| PB 0x00000000c6500000| Untracked |  0
|1086|0x00000000c6600000, 0x00000000c66ffff0, 0x00000000c6700000| 99%| O|  |TAMS 0x00000000c6600000| PB 0x00000000c6600000| Untracked |  0
|1087|0x00000000c6700000, 0x00000000c67ffff8, 0x00000000c6800000| 99%| O|  |TAMS 0x00000000c6700000| PB 0x00000000c6700000| Untracked |  0
|1088|0x00000000c6800000, 0x00000000c6900000, 0x00000000c6900000|100%| O|  |TAMS 0x00000000c6800000| PB 0x00000000c6800000| Untracked |  0
|1089|0x00000000c6900000, 0x00000000c69ffff0, 0x00000000c6a00000| 99%| O|  |TAMS 0x00000000c6900000| PB 0x00000000c6900000| Untracked |  0
|1090|0x00000000c6a00000, 0x00000000c6affff0, 0x00000000c6b00000| 99%| O|  |TAMS 0x00000000c6a00000| PB 0x00000000c6a00000| Untracked |  0
|1091|0x00000000c6b00000, 0x00000000c6bffff0, 0x00000000c6c00000| 99%| O|  |TAMS 0x00000000c6b00000| PB 0x00000000c6b00000| Untracked |  0
|1092|0x00000000c6c00000, 0x00000000c6cffff0, 0x00000000c6d00000| 99%| O|  |TAMS 0x00000000c6c00000| PB 0x00000000c6c00000| Untracked |  0
|1093|0x00000000c6d00000, 0x00000000c6e00000, 0x00000000c6e00000|100%| O|  |TAMS 0x00000000c6d00000| PB 0x00000000c6d00000| Untracked |  0
|1094|0x00000000c6e00000, 0x00000000c6effff8, 0x00000000c6f00000| 99%| O|  |TAMS 0x00000000c6e00000| PB 0x00000000c6e00000| Untracked |  0
|1095|0x00000000c6f00000, 0x00000000c6fffff0, 0x00000000c7000000| 99%| O|  |TAMS 0x00000000c6f00000| PB 0x00000000c6f00000| Untracked |  0
|1096|0x00000000c7000000, 0x00000000c70ffff8, 0x00000000c7100000| 99%| O|  |TAMS 0x00000000c7000000| PB 0x00000000c7000000| Untracked |  0
|1097|0x00000000c7100000, 0x00000000c71ffff0, 0x00000000c7200000| 99%| O|  |TAMS 0x00000000c7100000| PB 0x00000000c7100000| Untracked |  0
|1098|0x00000000c7200000, 0x00000000c72ffff8, 0x00000000c7300000| 99%| O|  |TAMS 0x00000000c7200000| PB 0x00000000c7200000| Untracked |  0
|1099|0x00000000c7300000, 0x00000000c73ffff0, 0x00000000c7400000| 99%| O|  |TAMS 0x00000000c7300000| PB 0x00000000c7300000| Untracked |  0
|1100|0x00000000c7400000, 0x00000000c74fffd8, 0x00000000c7500000| 99%| O|  |TAMS 0x00000000c7400000| PB 0x00000000c7400000| Untracked |  0
|1101|0x00000000c7500000, 0x00000000c75fffe0, 0x00000000c7600000| 99%| O|  |TAMS 0x00000000c7500000| PB 0x00000000c7500000| Untracked |  0
|1102|0x00000000c7600000, 0x00000000c76ffff8, 0x00000000c7700000| 99%| O|  |TAMS 0x00000000c7600000| PB 0x00000000c7600000| Untracked |  0
|1103|0x00000000c7700000, 0x00000000c77fe798, 0x00000000c7800000| 99%| O|  |TAMS 0x00000000c7700000| PB 0x00000000c7700000| Untracked |  0
|1104|0x00000000c7800000, 0x00000000c78ffff8, 0x00000000c7900000| 99%| O|  |TAMS 0x00000000c7800000| PB 0x00000000c7800000| Untracked |  0
|1105|0x00000000c7900000, 0x00000000c79fffc8, 0x00000000c7a00000| 99%| O|  |TAMS 0x00000000c7900000| PB 0x00000000c7900000| Untracked |  0
|1106|0x00000000c7a00000, 0x00000000c7b00000, 0x00000000c7b00000|100%| O|  |TAMS 0x00000000c7a00000| PB 0x00000000c7a00000| Untracked |  0
|1107|0x00000000c7b00000, 0x00000000c7c00000, 0x00000000c7c00000|100%| O|  |TAMS 0x00000000c7b00000| PB 0x00000000c7b00000| Untracked |  0
|1108|0x00000000c7c00000, 0x00000000c7cffc30, 0x00000000c7d00000| 99%| O|  |TAMS 0x00000000c7c00000| PB 0x00000000c7c00000| Untracked |  0
|1109|0x00000000c7d00000, 0x00000000c7dffff0, 0x00000000c7e00000| 99%| O|  |TAMS 0x00000000c7d00000| PB 0x00000000c7d00000| Untracked |  0
|1110|0x00000000c7e00000, 0x00000000c7effff8, 0x00000000c7f00000| 99%| O|  |TAMS 0x00000000c7e00000| PB 0x00000000c7e00000| Untracked |  0
|1111|0x00000000c7f00000, 0x00000000c7fffff8, 0x00000000c8000000| 99%| O|  |TAMS 0x00000000c7f00000| PB 0x00000000c7f00000| Untracked |  0
|1112|0x00000000c8000000, 0x00000000c80ffe38, 0x00000000c8100000| 99%| O|  |TAMS 0x00000000c8000000| PB 0x00000000c8000000| Untracked |  0
|1113|0x00000000c8100000, 0x00000000c8200000, 0x00000000c8200000|100%| O|  |TAMS 0x00000000c8100000| PB 0x00000000c8100000| Untracked |  0
|1114|0x00000000c8200000, 0x00000000c82fffe8, 0x00000000c8300000| 99%| O|  |TAMS 0x00000000c8200000| PB 0x00000000c8200000| Untracked |  0
|1115|0x00000000c8300000, 0x00000000c8400000, 0x00000000c8400000|100%| O|  |TAMS 0x00000000c8300000| PB 0x00000000c8300000| Untracked |  0
|1116|0x00000000c8400000, 0x00000000c84f74c0, 0x00000000c8500000| 96%| O|  |TAMS 0x00000000c8400000| PB 0x00000000c8400000| Untracked |  0
|1117|0x00000000c8500000, 0x00000000c85ffff0, 0x00000000c8600000| 99%| O|  |TAMS 0x00000000c8500000| PB 0x00000000c8500000| Untracked |  0
|1118|0x00000000c8600000, 0x00000000c86ffff8, 0x00000000c8700000| 99%| O|  |TAMS 0x00000000c8600000| PB 0x00000000c8600000| Untracked |  0
|1119|0x00000000c8700000, 0x00000000c87fffa8, 0x00000000c8800000| 99%| O|  |TAMS 0x00000000c8700000| PB 0x00000000c8700000| Untracked |  0
|1120|0x00000000c8800000, 0x00000000c88ffff8, 0x00000000c8900000| 99%| O|  |TAMS 0x00000000c8800000| PB 0x00000000c8800000| Untracked |  0
|1121|0x00000000c8900000, 0x00000000c89ffff0, 0x00000000c8a00000| 99%| O|  |TAMS 0x00000000c8900000| PB 0x00000000c8900000| Untracked |  0
|1122|0x00000000c8a00000, 0x00000000c8affff8, 0x00000000c8b00000| 99%| O|  |TAMS 0x00000000c8a00000| PB 0x00000000c8a00000| Untracked |  0
|1123|0x00000000c8b00000, 0x00000000c8bfffe8, 0x00000000c8c00000| 99%| O|  |TAMS 0x00000000c8b00000| PB 0x00000000c8b00000| Untracked |  0
|1124|0x00000000c8c00000, 0x00000000c8cfffd0, 0x00000000c8d00000| 99%| O|  |TAMS 0x00000000c8c00000| PB 0x00000000c8c00000| Untracked |  0
|1125|0x00000000c8d00000, 0x00000000c8dfff70, 0x00000000c8e00000| 99%| O|  |TAMS 0x00000000c8d00000| PB 0x00000000c8d00000| Untracked |  0
|1126|0x00000000c8e00000, 0x00000000c8effff8, 0x00000000c8f00000| 99%| O|  |TAMS 0x00000000c8e00000| PB 0x00000000c8e00000| Untracked |  0
|1127|0x00000000c8f00000, 0x00000000c8ffffe0, 0x00000000c9000000| 99%| O|  |TAMS 0x00000000c8f00000| PB 0x00000000c8f00000| Untracked |  0
|1128|0x00000000c9000000, 0x00000000c90ffff8, 0x00000000c9100000| 99%| O|  |TAMS 0x00000000c9000000| PB 0x00000000c9000000| Untracked |  0
|1129|0x00000000c9100000, 0x00000000c9200000, 0x00000000c9200000|100%| O|  |TAMS 0x00000000c9100000| PB 0x00000000c9100000| Untracked |  0
|1130|0x00000000c9200000, 0x00000000c92ffcb0, 0x00000000c9300000| 99%| O|  |TAMS 0x00000000c9200000| PB 0x00000000c9200000| Untracked |  0
|1131|0x00000000c9300000, 0x00000000c93fffd8, 0x00000000c9400000| 99%| O|  |TAMS 0x00000000c9300000| PB 0x00000000c9300000| Untracked |  0
|1132|0x00000000c9400000, 0x00000000c94fffe0, 0x00000000c9500000| 99%| O|  |TAMS 0x00000000c9400000| PB 0x00000000c9400000| Untracked |  0
|1133|0x00000000c9500000, 0x00000000c95ffff0, 0x00000000c9600000| 99%| O|  |TAMS 0x00000000c9500000| PB 0x00000000c9500000| Untracked |  0
|1134|0x00000000c9600000, 0x00000000c96fffe0, 0x00000000c9700000| 99%| O|  |TAMS 0x00000000c9600000| PB 0x00000000c9600000| Untracked |  0
|1135|0x00000000c9700000, 0x00000000c97ffff0, 0x00000000c9800000| 99%| O|  |TAMS 0x00000000c9700000| PB 0x00000000c9700000| Untracked |  0
|1136|0x00000000c9800000, 0x00000000c98ffff8, 0x00000000c9900000| 99%| O|  |TAMS 0x00000000c9800000| PB 0x00000000c9800000| Untracked |  0
|1137|0x00000000c9900000, 0x00000000c99ffe10, 0x00000000c9a00000| 99%| O|  |TAMS 0x00000000c9900000| PB 0x00000000c9900000| Untracked |  0
|1138|0x00000000c9a00000, 0x00000000c9affff8, 0x00000000c9b00000| 99%| O|  |TAMS 0x00000000c9a00000| PB 0x00000000c9a00000| Untracked |  0
|1139|0x00000000c9b00000, 0x00000000c9bffff8, 0x00000000c9c00000| 99%| O|  |TAMS 0x00000000c9b00000| PB 0x00000000c9b00000| Untracked |  0
|1140|0x00000000c9c00000, 0x00000000c9cfffc8, 0x00000000c9d00000| 99%| O|  |TAMS 0x00000000c9c00000| PB 0x00000000c9c00000| Untracked |  0
|1141|0x00000000c9d00000, 0x00000000c9dfffd8, 0x00000000c9e00000| 99%| O|  |TAMS 0x00000000c9d00000| PB 0x00000000c9d00000| Untracked |  0
|1142|0x00000000c9e00000, 0x00000000c9f00000, 0x00000000c9f00000|100%| O|  |TAMS 0x00000000c9e00000| PB 0x00000000c9e00000| Untracked |  0
|1143|0x00000000c9f00000, 0x00000000c9fffb58, 0x00000000ca000000| 99%| O|  |TAMS 0x00000000c9f00000| PB 0x00000000c9f00000| Untracked |  0
|1144|0x00000000ca000000, 0x00000000ca0ffff0, 0x00000000ca100000| 99%| O|  |TAMS 0x00000000ca000000| PB 0x00000000ca000000| Untracked |  0
|1145|0x00000000ca100000, 0x00000000ca1ffff8, 0x00000000ca200000| 99%| O|  |TAMS 0x00000000ca100000| PB 0x00000000ca100000| Untracked |  0
|1146|0x00000000ca200000, 0x00000000ca2fff90, 0x00000000ca300000| 99%| O|  |TAMS 0x00000000ca200000| PB 0x00000000ca200000| Untracked |  0
|1147|0x00000000ca300000, 0x00000000ca3fffc8, 0x00000000ca400000| 99%| O|  |TAMS 0x00000000ca300000| PB 0x00000000ca300000| Untracked |  0
|1148|0x00000000ca400000, 0x00000000ca500000, 0x00000000ca500000|100%| O|  |TAMS 0x00000000ca400000| PB 0x00000000ca400000| Untracked |  0
|1149|0x00000000ca500000, 0x00000000ca5ffff8, 0x00000000ca600000| 99%| O|  |TAMS 0x00000000ca500000| PB 0x00000000ca500000| Untracked |  0
|1150|0x00000000ca600000, 0x00000000ca6f94b0, 0x00000000ca700000| 97%| O|  |TAMS 0x00000000ca600000| PB 0x00000000ca600000| Untracked |  0
|1151|0x00000000ca700000, 0x00000000ca800000, 0x00000000ca800000|100%| O|  |TAMS 0x00000000ca700000| PB 0x00000000ca700000| Untracked |  0
|1152|0x00000000ca800000, 0x00000000ca8fff30, 0x00000000ca900000| 99%| O|  |TAMS 0x00000000ca800000| PB 0x00000000ca800000| Untracked |  0
|1153|0x00000000ca900000, 0x00000000ca9ffff8, 0x00000000caa00000| 99%| O|  |TAMS 0x00000000ca900000| PB 0x00000000ca900000| Untracked |  0
|1154|0x00000000caa00000, 0x00000000caaffff8, 0x00000000cab00000| 99%| O|  |TAMS 0x00000000caa00000| PB 0x00000000caa00000| Untracked |  0
|1155|0x00000000cab00000, 0x00000000cac00000, 0x00000000cac00000|100%| O|  |TAMS 0x00000000cab00000| PB 0x00000000cab00000| Untracked |  0
|1156|0x00000000cac00000, 0x00000000cacfffe0, 0x00000000cad00000| 99%| O|  |TAMS 0x00000000cac00000| PB 0x00000000cac00000| Untracked |  0
|1157|0x00000000cad00000, 0x00000000cadffff8, 0x00000000cae00000| 99%| O|  |TAMS 0x00000000cad00000| PB 0x00000000cad00000| Untracked |  0
|1158|0x00000000cae00000, 0x00000000caeffff8, 0x00000000caf00000| 99%| O|  |TAMS 0x00000000cae00000| PB 0x00000000cae00000| Untracked |  0
|1159|0x00000000caf00000, 0x00000000cafffff8, 0x00000000cb000000| 99%| O|  |TAMS 0x00000000caf00000| PB 0x00000000caf00000| Untracked |  0
|1160|0x00000000cb000000, 0x00000000cb0ffff8, 0x00000000cb100000| 99%| O|  |TAMS 0x00000000cb000000| PB 0x00000000cb000000| Untracked |  0
|1161|0x00000000cb100000, 0x00000000cb1ffff8, 0x00000000cb200000| 99%| O|  |TAMS 0x00000000cb100000| PB 0x00000000cb100000| Untracked |  0
|1162|0x00000000cb200000, 0x00000000cb2ffff0, 0x00000000cb300000| 99%| O|  |TAMS 0x00000000cb200000| PB 0x00000000cb200000| Untracked |  0
|1163|0x00000000cb300000, 0x00000000cb400000, 0x00000000cb400000|100%| O|  |TAMS 0x00000000cb300000| PB 0x00000000cb300000| Untracked |  0
|1164|0x00000000cb400000, 0x00000000cb500000, 0x00000000cb500000|100%| O|  |TAMS 0x00000000cb400000| PB 0x00000000cb400000| Untracked |  0
|1165|0x00000000cb500000, 0x00000000cb5fffe0, 0x00000000cb600000| 99%| O|  |TAMS 0x00000000cb500000| PB 0x00000000cb500000| Untracked |  0
|1166|0x00000000cb600000, 0x00000000cb6ffff8, 0x00000000cb700000| 99%| O|  |TAMS 0x00000000cb600000| PB 0x00000000cb600000| Untracked |  0
|1167|0x00000000cb700000, 0x00000000cb7ffff0, 0x00000000cb800000| 99%| O|  |TAMS 0x00000000cb700000| PB 0x00000000cb700000| Untracked |  0
|1168|0x00000000cb800000, 0x00000000cb8fff90, 0x00000000cb900000| 99%| O|  |TAMS 0x00000000cb800000| PB 0x00000000cb800000| Untracked |  0
|1169|0x00000000cb900000, 0x00000000cb9fae08, 0x00000000cba00000| 97%| O|  |TAMS 0x00000000cb900000| PB 0x00000000cb900000| Untracked |  0
|1170|0x00000000cba00000, 0x00000000cbafffe0, 0x00000000cbb00000| 99%| O|  |TAMS 0x00000000cba00000| PB 0x00000000cba00000| Untracked |  0
|1171|0x00000000cbb00000, 0x00000000cbbfffc0, 0x00000000cbc00000| 99%| O|  |TAMS 0x00000000cbb00000| PB 0x00000000cbb00000| Untracked |  0
|1172|0x00000000cbc00000, 0x00000000cbcffff8, 0x00000000cbd00000| 99%| O|  |TAMS 0x00000000cbc00000| PB 0x00000000cbc00000| Untracked |  0
|1173|0x00000000cbd00000, 0x00000000cbdfffd8, 0x00000000cbe00000| 99%| O|  |TAMS 0x00000000cbd00000| PB 0x00000000cbd00000| Untracked |  0
|1174|0x00000000cbe00000, 0x00000000cbf00000, 0x00000000cbf00000|100%| O|  |TAMS 0x00000000cbe00000| PB 0x00000000cbe00000| Untracked |  0
|1175|0x00000000cbf00000, 0x00000000cbfffff0, 0x00000000cc000000| 99%| O|  |TAMS 0x00000000cbf00000| PB 0x00000000cbf00000| Untracked |  0
|1176|0x00000000cc000000, 0x00000000cc0ffff8, 0x00000000cc100000| 99%| O|  |TAMS 0x00000000cc000000| PB 0x00000000cc000000| Untracked |  0
|1177|0x00000000cc100000, 0x00000000cc1ffff8, 0x00000000cc200000| 99%| O|  |TAMS 0x00000000cc100000| PB 0x00000000cc100000| Untracked |  0
|1178|0x00000000cc200000, 0x00000000cc2ffff8, 0x00000000cc300000| 99%| O|  |TAMS 0x00000000cc200000| PB 0x00000000cc200000| Untracked |  0
|1179|0x00000000cc300000, 0x00000000cc3fffd8, 0x00000000cc400000| 99%| O|  |TAMS 0x00000000cc300000| PB 0x00000000cc300000| Untracked |  0
|1180|0x00000000cc400000, 0x00000000cc4fffe0, 0x00000000cc500000| 99%| O|  |TAMS 0x00000000cc400000| PB 0x00000000cc400000| Untracked |  0
|1181|0x00000000cc500000, 0x00000000cc5fe4c0, 0x00000000cc600000| 99%| O|  |TAMS 0x00000000cc500000| PB 0x00000000cc500000| Untracked |  0
|1182|0x00000000cc600000, 0x00000000cc6f6c00, 0x00000000cc700000| 96%| O|  |TAMS 0x00000000cc600000| PB 0x00000000cc600000| Untracked |  0
|1183|0x00000000cc700000, 0x00000000cc7fffd8, 0x00000000cc800000| 99%| O|  |TAMS 0x00000000cc700000| PB 0x00000000cc700000| Untracked |  0
|1184|0x00000000cc800000, 0x00000000cc900000, 0x00000000cc900000|100%| O|  |TAMS 0x00000000cc800000| PB 0x00000000cc800000| Untracked |  0
|1185|0x00000000cc900000, 0x00000000cc9fffd0, 0x00000000cca00000| 99%| O|  |TAMS 0x00000000cc900000| PB 0x00000000cc900000| Untracked |  0
|1186|0x00000000cca00000, 0x00000000ccaffff8, 0x00000000ccb00000| 99%| O|  |TAMS 0x00000000cca00000| PB 0x00000000cca00000| Untracked |  0
|1187|0x00000000ccb00000, 0x00000000ccbffff0, 0x00000000ccc00000| 99%| O|  |TAMS 0x00000000ccb00000| PB 0x00000000ccb00000| Untracked |  0
|1188|0x00000000ccc00000, 0x00000000cccfffd8, 0x00000000ccd00000| 99%| O|  |TAMS 0x00000000ccc00000| PB 0x00000000ccc00000| Untracked |  0
|1189|0x00000000ccd00000, 0x00000000ccdffff0, 0x00000000cce00000| 99%| O|  |TAMS 0x00000000ccd00000| PB 0x00000000ccd00000| Untracked |  0
|1190|0x00000000cce00000, 0x00000000ccefffd0, 0x00000000ccf00000| 99%| O|  |TAMS 0x00000000cce00000| PB 0x00000000cce00000| Untracked |  0
|1191|0x00000000ccf00000, 0x00000000ccfffff8, 0x00000000cd000000| 99%| O|  |TAMS 0x00000000ccf00000| PB 0x00000000ccf00000| Untracked |  0
|1192|0x00000000cd000000, 0x00000000cd0ffd78, 0x00000000cd100000| 99%| O|  |TAMS 0x00000000cd000000| PB 0x00000000cd000000| Untracked |  0
|1193|0x00000000cd100000, 0x00000000cd200000, 0x00000000cd200000|100%| O|  |TAMS 0x00000000cd100000| PB 0x00000000cd100000| Untracked |  0
|1194|0x00000000cd200000, 0x00000000cd300000, 0x00000000cd300000|100%| O|  |TAMS 0x00000000cd200000| PB 0x00000000cd200000| Untracked |  0
|1195|0x00000000cd300000, 0x00000000cd3fa9b0, 0x00000000cd400000| 97%| O|  |TAMS 0x00000000cd300000| PB 0x00000000cd300000| Untracked |  0
|1196|0x00000000cd400000, 0x00000000cd4fffe8, 0x00000000cd500000| 99%| O|  |TAMS 0x00000000cd400000| PB 0x00000000cd400000| Untracked |  0
|1197|0x00000000cd500000, 0x00000000cd5ffff8, 0x00000000cd600000| 99%| O|  |TAMS 0x00000000cd500000| PB 0x00000000cd500000| Untracked |  0
|1198|0x00000000cd600000, 0x00000000cd6fffd0, 0x00000000cd700000| 99%| O|  |TAMS 0x00000000cd600000| PB 0x00000000cd600000| Untracked |  0
|1199|0x00000000cd700000, 0x00000000cd7ffff8, 0x00000000cd800000| 99%| O|  |TAMS 0x00000000cd700000| PB 0x00000000cd700000| Untracked |  0
|1200|0x00000000cd800000, 0x00000000cd8ffff0, 0x00000000cd900000| 99%| O|  |TAMS 0x00000000cd800000| PB 0x00000000cd800000| Untracked |  0
|1201|0x00000000cd900000, 0x00000000cd9fffb8, 0x00000000cda00000| 99%| O|  |TAMS 0x00000000cd900000| PB 0x00000000cd900000| Untracked |  0
|1202|0x00000000cda00000, 0x00000000cdaffb80, 0x00000000cdb00000| 99%| O|  |TAMS 0x00000000cda00000| PB 0x00000000cda00000| Untracked |  0
|1203|0x00000000cdb00000, 0x00000000cdbffff0, 0x00000000cdc00000| 99%| O|  |TAMS 0x00000000cdb00000| PB 0x00000000cdb00000| Untracked |  0
|1204|0x00000000cdc00000, 0x00000000cdcffff8, 0x00000000cdd00000| 99%| O|  |TAMS 0x00000000cdc00000| PB 0x00000000cdc00000| Untracked |  0
|1205|0x00000000cdd00000, 0x00000000cddfffd8, 0x00000000cde00000| 99%| O|  |TAMS 0x00000000cdd00000| PB 0x00000000cdd00000| Untracked |  0
|1206|0x00000000cde00000, 0x00000000cdeffff0, 0x00000000cdf00000| 99%| O|  |TAMS 0x00000000cde00000| PB 0x00000000cde00000| Untracked |  0
|1207|0x00000000cdf00000, 0x00000000cdfffff8, 0x00000000ce000000| 99%| O|  |TAMS 0x00000000cdf00000| PB 0x00000000cdf00000| Untracked |  0
|1208|0x00000000ce000000, 0x00000000ce0fffa0, 0x00000000ce100000| 99%| O|  |TAMS 0x00000000ce000000| PB 0x00000000ce000000| Untracked |  0
|1209|0x00000000ce100000, 0x00000000ce1fffc8, 0x00000000ce200000| 99%| O|  |TAMS 0x00000000ce100000| PB 0x00000000ce100000| Untracked |  0
|1210|0x00000000ce200000, 0x00000000ce2ffff8, 0x00000000ce300000| 99%| O|  |TAMS 0x00000000ce200000| PB 0x00000000ce200000| Untracked |  0
|1211|0x00000000ce300000, 0x00000000ce3fffe0, 0x00000000ce400000| 99%| O|  |TAMS 0x00000000ce300000| PB 0x00000000ce300000| Untracked |  0
|1212|0x00000000ce400000, 0x00000000ce4fffc0, 0x00000000ce500000| 99%| O|  |TAMS 0x00000000ce400000| PB 0x00000000ce400000| Untracked |  0
|1213|0x00000000ce500000, 0x00000000ce5fffc8, 0x00000000ce600000| 99%| O|  |TAMS 0x00000000ce500000| PB 0x00000000ce500000| Untracked |  0
|1214|0x00000000ce600000, 0x00000000ce700000, 0x00000000ce700000|100%| O|  |TAMS 0x00000000ce600000| PB 0x00000000ce600000| Untracked |  0
|1215|0x00000000ce700000, 0x00000000ce800000, 0x00000000ce800000|100%| O|  |TAMS 0x00000000ce700000| PB 0x00000000ce700000| Untracked |  0
|1216|0x00000000ce800000, 0x00000000ce900000, 0x00000000ce900000|100%| O|  |TAMS 0x00000000ce800000| PB 0x00000000ce800000| Untracked |  0
|1217|0x00000000ce900000, 0x00000000ce9ffbf8, 0x00000000cea00000| 99%| O|  |TAMS 0x00000000ce900000| PB 0x00000000ce900000| Untracked |  0
|1218|0x00000000cea00000, 0x00000000ceafffc8, 0x00000000ceb00000| 99%| O|  |TAMS 0x00000000cea00000| PB 0x00000000cea00000| Untracked |  0
|1219|0x00000000ceb00000, 0x00000000cebfffa8, 0x00000000cec00000| 99%| O|  |TAMS 0x00000000ceb00000| PB 0x00000000ceb00000| Untracked |  0
|1220|0x00000000cec00000, 0x00000000cecf4108, 0x00000000ced00000| 95%| O|  |TAMS 0x00000000cec00000| PB 0x00000000cec00000| Untracked |  0
|1221|0x00000000ced00000, 0x00000000cee00000, 0x00000000cee00000|100%| O|  |TAMS 0x00000000ced00000| PB 0x00000000ced00000| Untracked |  0
|1222|0x00000000cee00000, 0x00000000ceefffc8, 0x00000000cef00000| 99%| O|  |TAMS 0x00000000cee00000| PB 0x00000000cee00000| Untracked |  0
|1223|0x00000000cef00000, 0x00000000cefffff8, 0x00000000cf000000| 99%| O|  |TAMS 0x00000000cef00000| PB 0x00000000cef00000| Untracked |  0
|1224|0x00000000cf000000, 0x00000000cf100000, 0x00000000cf100000|100%| O|  |TAMS 0x00000000cf000000| PB 0x00000000cf000000| Untracked |  0
|1225|0x00000000cf100000, 0x00000000cf1fffd8, 0x00000000cf200000| 99%| O|  |TAMS 0x00000000cf100000| PB 0x00000000cf100000| Untracked |  0
|1226|0x00000000cf200000, 0x00000000cf2fffc8, 0x00000000cf300000| 99%| O|  |TAMS 0x00000000cf200000| PB 0x00000000cf200000| Untracked |  0
|1227|0x00000000cf300000, 0x00000000cf3fffe8, 0x00000000cf400000| 99%| O|  |TAMS 0x00000000cf300000| PB 0x00000000cf300000| Untracked |  0
|1228|0x00000000cf400000, 0x00000000cf4ffff8, 0x00000000cf500000| 99%| O|  |TAMS 0x00000000cf400000| PB 0x00000000cf400000| Untracked |  0
|1229|0x00000000cf500000, 0x00000000cf600000, 0x00000000cf600000|100%| O|  |TAMS 0x00000000cf500000| PB 0x00000000cf500000| Untracked |  0
|1230|0x00000000cf600000, 0x00000000cf700000, 0x00000000cf700000|100%| O|  |TAMS 0x00000000cf600000| PB 0x00000000cf600000| Untracked |  0
|1231|0x00000000cf700000, 0x00000000cf800000, 0x00000000cf800000|100%| O|  |TAMS 0x00000000cf700000| PB 0x00000000cf700000| Untracked |  0
|1232|0x00000000cf800000, 0x00000000cf8fffd8, 0x00000000cf900000| 99%| O|  |TAMS 0x00000000cf800000| PB 0x00000000cf800000| Untracked |  0
|1233|0x00000000cf900000, 0x00000000cfa00000, 0x00000000cfa00000|100%| O|  |TAMS 0x00000000cf900000| PB 0x00000000cf900000| Untracked |  0
|1234|0x00000000cfa00000, 0x00000000cfb00000, 0x00000000cfb00000|100%| O|  |TAMS 0x00000000cfa00000| PB 0x00000000cfa00000| Untracked |  0
|1235|0x00000000cfb00000, 0x00000000cfbffff8, 0x00000000cfc00000| 99%| O|  |TAMS 0x00000000cfb00000| PB 0x00000000cfb00000| Untracked |  0
|1236|0x00000000cfc00000, 0x00000000cfcfffc8, 0x00000000cfd00000| 99%| O|  |TAMS 0x00000000cfc00000| PB 0x00000000cfc00000| Untracked |  0
|1237|0x00000000cfd00000, 0x00000000cfdfffe8, 0x00000000cfe00000| 99%| O|  |TAMS 0x00000000cfd00000| PB 0x00000000cfd00000| Untracked |  0
|1238|0x00000000cfe00000, 0x00000000cff00000, 0x00000000cff00000|100%| O|  |TAMS 0x00000000cfe00000| PB 0x00000000cfe00000| Untracked |  0
|1239|0x00000000cff00000, 0x00000000cffffff8, 0x00000000d0000000| 99%| O|  |TAMS 0x00000000cff00000| PB 0x00000000cff00000| Untracked |  0
|1240|0x00000000d0000000, 0x00000000d00fffe0, 0x00000000d0100000| 99%| O|  |TAMS 0x00000000d0000000| PB 0x00000000d0000000| Untracked |  0
|1241|0x00000000d0100000, 0x00000000d01fffd8, 0x00000000d0200000| 99%| O|  |TAMS 0x00000000d0100000| PB 0x00000000d0100000| Untracked |  0
|1242|0x00000000d0200000, 0x00000000d02fffe0, 0x00000000d0300000| 99%| O|  |TAMS 0x00000000d0200000| PB 0x00000000d0200000| Untracked |  0
|1243|0x00000000d0300000, 0x00000000d03fffe8, 0x00000000d0400000| 99%| O|  |TAMS 0x00000000d0300000| PB 0x00000000d0300000| Untracked |  0
|1244|0x00000000d0400000, 0x00000000d04ffc70, 0x00000000d0500000| 99%| O|  |TAMS 0x00000000d0400000| PB 0x00000000d0400000| Untracked |  0
|1245|0x00000000d0500000, 0x00000000d05fffd8, 0x00000000d0600000| 99%| O|  |TAMS 0x00000000d0500000| PB 0x00000000d0500000| Untracked |  0
|1246|0x00000000d0600000, 0x00000000d06ffff8, 0x00000000d0700000| 99%| O|  |TAMS 0x00000000d0600000| PB 0x00000000d0600000| Untracked |  0
|1247|0x00000000d0700000, 0x00000000d07fffb0, 0x00000000d0800000| 99%| O|  |TAMS 0x00000000d0700000| PB 0x00000000d0700000| Untracked |  0
|1248|0x00000000d0800000, 0x00000000d08fffe8, 0x00000000d0900000| 99%| O|  |TAMS 0x00000000d0800000| PB 0x00000000d0800000| Untracked |  0
|1249|0x00000000d0900000, 0x00000000d09fffe0, 0x00000000d0a00000| 99%| O|  |TAMS 0x00000000d0900000| PB 0x00000000d0900000| Untracked |  0
|1250|0x00000000d0a00000, 0x00000000d0affff8, 0x00000000d0b00000| 99%| O|  |TAMS 0x00000000d0a00000| PB 0x00000000d0a00000| Untracked |  0
|1251|0x00000000d0b00000, 0x00000000d0bffaa0, 0x00000000d0c00000| 99%| O|  |TAMS 0x00000000d0b00000| PB 0x00000000d0b00000| Untracked |  0
|1252|0x00000000d0c00000, 0x00000000d0d00000, 0x00000000d0d00000|100%| O|  |TAMS 0x00000000d0c00000| PB 0x00000000d0c00000| Untracked |  0
|1253|0x00000000d0d00000, 0x00000000d0dfffe8, 0x00000000d0e00000| 99%| O|  |TAMS 0x00000000d0d00000| PB 0x00000000d0d00000| Untracked |  0
|1254|0x00000000d0e00000, 0x00000000d0effff8, 0x00000000d0f00000| 99%| O|  |TAMS 0x00000000d0e00000| PB 0x00000000d0e00000| Untracked |  0
|1255|0x00000000d0f00000, 0x00000000d1000000, 0x00000000d1000000|100%| O|  |TAMS 0x00000000d0f00000| PB 0x00000000d0f00000| Untracked |  0
|1256|0x00000000d1000000, 0x00000000d1100000, 0x00000000d1100000|100%| O|  |TAMS 0x00000000d1000000| PB 0x00000000d1000000| Untracked |  0
|1257|0x00000000d1100000, 0x00000000d11ffff0, 0x00000000d1200000| 99%| O|  |TAMS 0x00000000d1100000| PB 0x00000000d1100000| Untracked |  0
|1258|0x00000000d1200000, 0x00000000d1300000, 0x00000000d1300000|100%| O|  |TAMS 0x00000000d1200000| PB 0x00000000d1200000| Untracked |  0
|1259|0x00000000d1300000, 0x00000000d13fffe0, 0x00000000d1400000| 99%| O|  |TAMS 0x00000000d1300000| PB 0x00000000d1300000| Untracked |  0
|1260|0x00000000d1400000, 0x00000000d14fffc0, 0x00000000d1500000| 99%| O|  |TAMS 0x00000000d1400000| PB 0x00000000d1400000| Untracked |  0
|1261|0x00000000d1500000, 0x00000000d15fffe0, 0x00000000d1600000| 99%| O|  |TAMS 0x00000000d1500000| PB 0x00000000d1500000| Untracked |  0
|1262|0x00000000d1600000, 0x00000000d16ffff8, 0x00000000d1700000| 99%| O|  |TAMS 0x00000000d1600000| PB 0x00000000d1600000| Untracked |  0
|1263|0x00000000d1700000, 0x00000000d17ffff8, 0x00000000d1800000| 99%| O|  |TAMS 0x00000000d1700000| PB 0x00000000d1700000| Untracked |  0
|1264|0x00000000d1800000, 0x00000000d18fffd8, 0x00000000d1900000| 99%| O|  |TAMS 0x00000000d1800000| PB 0x00000000d1800000| Untracked |  0
|1265|0x00000000d1900000, 0x00000000d1a00000, 0x00000000d1a00000|100%| O|  |TAMS 0x00000000d1900000| PB 0x00000000d1900000| Untracked |  0
|1266|0x00000000d1a00000, 0x00000000d1afdf38, 0x00000000d1b00000| 99%| O|  |TAMS 0x00000000d1a00000| PB 0x00000000d1a00000| Untracked |  0
|1267|0x00000000d1b00000, 0x00000000d1c00000, 0x00000000d1c00000|100%| O|  |TAMS 0x00000000d1b00000| PB 0x00000000d1b00000| Untracked |  0
|1268|0x00000000d1c00000, 0x00000000d1d00000, 0x00000000d1d00000|100%| O|  |TAMS 0x00000000d1c00000| PB 0x00000000d1c00000| Untracked |  0
|1269|0x00000000d1d00000, 0x00000000d1dfffe0, 0x00000000d1e00000| 99%| O|  |TAMS 0x00000000d1d00000| PB 0x00000000d1d00000| Untracked |  0
|1270|0x00000000d1e00000, 0x00000000d1f00000, 0x00000000d1f00000|100%| O|  |TAMS 0x00000000d1e00000| PB 0x00000000d1e00000| Untracked |  0
|1271|0x00000000d1f00000, 0x00000000d1fffff0, 0x00000000d2000000| 99%| O|  |TAMS 0x00000000d1f00000| PB 0x00000000d1f00000| Untracked |  0
|1272|0x00000000d2000000, 0x00000000d20f9060, 0x00000000d2100000| 97%| O|  |TAMS 0x00000000d2000000| PB 0x00000000d2000000| Untracked |  0
|1273|0x00000000d2100000, 0x00000000d21fffb8, 0x00000000d2200000| 99%| O|  |TAMS 0x00000000d2100000| PB 0x00000000d2100000| Untracked |  0
|1274|0x00000000d2200000, 0x00000000d2300000, 0x00000000d2300000|100%| O|  |TAMS 0x00000000d2200000| PB 0x00000000d2200000| Untracked |  0
|1275|0x00000000d2300000, 0x00000000d23ffff8, 0x00000000d2400000| 99%| O|  |TAMS 0x00000000d2300000| PB 0x00000000d2300000| Untracked |  0
|1276|0x00000000d2400000, 0x00000000d24ffff8, 0x00000000d2500000| 99%| O|  |TAMS 0x00000000d2400000| PB 0x00000000d2400000| Untracked |  0
|1277|0x00000000d2500000, 0x00000000d25ffff0, 0x00000000d2600000| 99%| O|  |TAMS 0x00000000d2500000| PB 0x00000000d2500000| Untracked |  0
|1278|0x00000000d2600000, 0x00000000d26fffb8, 0x00000000d2700000| 99%| O|  |TAMS 0x00000000d2600000| PB 0x00000000d2600000| Untracked |  0
|1279|0x00000000d2700000, 0x00000000d2800000, 0x00000000d2800000|100%| O|  |TAMS 0x00000000d2700000| PB 0x00000000d2700000| Untracked |  0
|1280|0x00000000d2800000, 0x00000000d28fffe0, 0x00000000d2900000| 99%| O|  |TAMS 0x00000000d2800000| PB 0x00000000d2800000| Untracked |  0
|1281|0x00000000d2900000, 0x00000000d29fff68, 0x00000000d2a00000| 99%| O|  |TAMS 0x00000000d2900000| PB 0x00000000d2900000| Untracked |  0
|1282|0x00000000d2a00000, 0x00000000d2afffd0, 0x00000000d2b00000| 99%| O|  |TAMS 0x00000000d2a00000| PB 0x00000000d2a00000| Untracked |  0
|1283|0x00000000d2b00000, 0x00000000d2bffff0, 0x00000000d2c00000| 99%| O|  |TAMS 0x00000000d2b00000| PB 0x00000000d2b00000| Untracked |  0
|1284|0x00000000d2c00000, 0x00000000d2d00000, 0x00000000d2d00000|100%| O|  |TAMS 0x00000000d2c00000| PB 0x00000000d2c00000| Untracked |  0
|1285|0x00000000d2d00000, 0x00000000d2dffff8, 0x00000000d2e00000| 99%| O|  |TAMS 0x00000000d2d00000| PB 0x00000000d2d00000| Untracked |  0
|1286|0x00000000d2e00000, 0x00000000d2effff0, 0x00000000d2f00000| 99%| O|  |TAMS 0x00000000d2e00000| PB 0x00000000d2e00000| Untracked |  0
|1287|0x00000000d2f00000, 0x00000000d2fffff0, 0x00000000d3000000| 99%| O|  |TAMS 0x00000000d2f00000| PB 0x00000000d2f00000| Untracked |  0
|1288|0x00000000d3000000, 0x00000000d30fffe8, 0x00000000d3100000| 99%| O|  |TAMS 0x00000000d3000000| PB 0x00000000d3000000| Untracked |  0
|1289|0x00000000d3100000, 0x00000000d31fffb8, 0x00000000d3200000| 99%| O|  |TAMS 0x00000000d3100000| PB 0x00000000d3100000| Untracked |  0
|1290|0x00000000d3200000, 0x00000000d3300000, 0x00000000d3300000|100%| O|  |TAMS 0x00000000d3200000| PB 0x00000000d3200000| Untracked |  0
|1291|0x00000000d3300000, 0x00000000d33fffe0, 0x00000000d3400000| 99%| O|  |TAMS 0x00000000d3300000| PB 0x00000000d3300000| Untracked |  0
|1292|0x00000000d3400000, 0x00000000d34ffff8, 0x00000000d3500000| 99%| O|  |TAMS 0x00000000d3400000| PB 0x00000000d3400000| Untracked |  0
|1293|0x00000000d3500000, 0x00000000d35fffd8, 0x00000000d3600000| 99%| O|  |TAMS 0x00000000d3500000| PB 0x00000000d3500000| Untracked |  0
|1294|0x00000000d3600000, 0x00000000d36fffe0, 0x00000000d3700000| 99%| O|  |TAMS 0x00000000d3600000| PB 0x00000000d3600000| Untracked |  0
|1295|0x00000000d3700000, 0x00000000d37ffff0, 0x00000000d3800000| 99%| O|  |TAMS 0x00000000d3700000| PB 0x00000000d3700000| Untracked |  0
|1296|0x00000000d3800000, 0x00000000d38ffff0, 0x00000000d3900000| 99%| O|  |TAMS 0x00000000d3800000| PB 0x00000000d3800000| Untracked |  0
|1297|0x00000000d3900000, 0x00000000d39ffff0, 0x00000000d3a00000| 99%| O|  |TAMS 0x00000000d3900000| PB 0x00000000d3900000| Untracked |  0
|1298|0x00000000d3a00000, 0x00000000d3affff0, 0x00000000d3b00000| 99%| O|  |TAMS 0x00000000d3a00000| PB 0x00000000d3a00000| Untracked |  0
|1299|0x00000000d3b00000, 0x00000000d3bfffe0, 0x00000000d3c00000| 99%| O|  |TAMS 0x00000000d3b00000| PB 0x00000000d3b00000| Untracked |  0
|1300|0x00000000d3c00000, 0x00000000d3d00000, 0x00000000d3d00000|100%| O|  |TAMS 0x00000000d3c00000| PB 0x00000000d3c00000| Untracked |  0
|1301|0x00000000d3d00000, 0x00000000d3dfffb8, 0x00000000d3e00000| 99%| O|  |TAMS 0x00000000d3d00000| PB 0x00000000d3d00000| Untracked |  0
|1302|0x00000000d3e00000, 0x00000000d3effff0, 0x00000000d3f00000| 99%| O|  |TAMS 0x00000000d3e00000| PB 0x00000000d3e00000| Untracked |  0
|1303|0x00000000d3f00000, 0x00000000d3ffffe0, 0x00000000d4000000| 99%| O|  |TAMS 0x00000000d3f00000| PB 0x00000000d3f00000| Untracked |  0
|1304|0x00000000d4000000, 0x00000000d4100000, 0x00000000d4100000|100%| O|  |TAMS 0x00000000d4000000| PB 0x00000000d4000000| Untracked |  0
|1305|0x00000000d4100000, 0x00000000d41fffb0, 0x00000000d4200000| 99%| O|  |TAMS 0x00000000d4100000| PB 0x00000000d4100000| Untracked |  0
|1306|0x00000000d4200000, 0x00000000d42ffff0, 0x00000000d4300000| 99%| O|  |TAMS 0x00000000d4200000| PB 0x00000000d4200000| Untracked |  0
|1307|0x00000000d4300000, 0x00000000d43ffff8, 0x00000000d4400000| 99%| O|  |TAMS 0x00000000d4300000| PB 0x00000000d4300000| Untracked |  0
|1308|0x00000000d4400000, 0x00000000d44ffff8, 0x00000000d4500000| 99%| O|  |TAMS 0x00000000d4400000| PB 0x00000000d4400000| Untracked |  0
|1309|0x00000000d4500000, 0x00000000d4600000, 0x00000000d4600000|100%| O|  |TAMS 0x00000000d4500000| PB 0x00000000d4500000| Untracked |  0
|1310|0x00000000d4600000, 0x00000000d46ffef0, 0x00000000d4700000| 99%| O|  |TAMS 0x00000000d4600000| PB 0x00000000d4600000| Untracked |  0
|1311|0x00000000d4700000, 0x00000000d47fffe8, 0x00000000d4800000| 99%| O|  |TAMS 0x00000000d4700000| PB 0x00000000d4700000| Untracked |  0
|1312|0x00000000d4800000, 0x00000000d48fffe8, 0x00000000d4900000| 99%| O|  |TAMS 0x00000000d4800000| PB 0x00000000d4800000| Untracked |  0
|1313|0x00000000d4900000, 0x00000000d49ffff8, 0x00000000d4a00000| 99%| O|  |TAMS 0x00000000d4900000| PB 0x00000000d4900000| Untracked |  0
|1314|0x00000000d4a00000, 0x00000000d4afe458, 0x00000000d4b00000| 99%| O|  |TAMS 0x00000000d4a00000| PB 0x00000000d4a00000| Untracked |  0
|1315|0x00000000d4b00000, 0x00000000d4bffff0, 0x00000000d4c00000| 99%| O|  |TAMS 0x00000000d4b00000| PB 0x00000000d4b00000| Untracked |  0
|1316|0x00000000d4c00000, 0x00000000d4d00000, 0x00000000d4d00000|100%| O|  |TAMS 0x00000000d4c00000| PB 0x00000000d4c00000| Untracked |  0
|1317|0x00000000d4d00000, 0x00000000d4dfffe8, 0x00000000d4e00000| 99%| O|  |TAMS 0x00000000d4d00000| PB 0x00000000d4d00000| Untracked |  0
|1318|0x00000000d4e00000, 0x00000000d4effff0, 0x00000000d4f00000| 99%| O|  |TAMS 0x00000000d4e00000| PB 0x00000000d4e00000| Untracked |  0
|1319|0x00000000d4f00000, 0x00000000d4fffff0, 0x00000000d5000000| 99%| O|  |TAMS 0x00000000d4f00000| PB 0x00000000d4f00000| Untracked |  0
|1320|0x00000000d5000000, 0x00000000d50fe600, 0x00000000d5100000| 99%| O|  |TAMS 0x00000000d5000000| PB 0x00000000d5000000| Untracked |  0
|1321|0x00000000d5100000, 0x00000000d5200000, 0x00000000d5200000|100%| O|  |TAMS 0x00000000d5100000| PB 0x00000000d5100000| Untracked |  0
|1322|0x00000000d5200000, 0x00000000d52ff768, 0x00000000d5300000| 99%| O|  |TAMS 0x00000000d5200000| PB 0x00000000d5200000| Untracked |  0
|1323|0x00000000d5300000, 0x00000000d53fffc0, 0x00000000d5400000| 99%| O|  |TAMS 0x00000000d5300000| PB 0x00000000d5300000| Untracked |  0
|1324|0x00000000d5400000, 0x00000000d5500000, 0x00000000d5500000|100%| O|  |TAMS 0x00000000d5400000| PB 0x00000000d5400000| Untracked |  0
|1325|0x00000000d5500000, 0x00000000d55fffe8, 0x00000000d5600000| 99%| O|  |TAMS 0x00000000d5500000| PB 0x00000000d5500000| Untracked |  0
|1326|0x00000000d5600000, 0x00000000d56ffff8, 0x00000000d5700000| 99%| O|  |TAMS 0x00000000d5600000| PB 0x00000000d5600000| Untracked |  0
|1327|0x00000000d5700000, 0x00000000d57fff48, 0x00000000d5800000| 99%| O|  |TAMS 0x00000000d5700000| PB 0x00000000d5700000| Untracked |  0
|1328|0x00000000d5800000, 0x00000000d58fffd8, 0x00000000d5900000| 99%| O|  |TAMS 0x00000000d5800000| PB 0x00000000d5800000| Untracked |  0
|1329|0x00000000d5900000, 0x00000000d59ff1e8, 0x00000000d5a00000| 99%| O|  |TAMS 0x00000000d5900000| PB 0x00000000d5900000| Untracked |  0
|1330|0x00000000d5a00000, 0x00000000d5b00000, 0x00000000d5b00000|100%| O|  |TAMS 0x00000000d5a00000| PB 0x00000000d5a00000| Untracked |  0
|1331|0x00000000d5b00000, 0x00000000d5bfffe0, 0x00000000d5c00000| 99%| O|  |TAMS 0x00000000d5b00000| PB 0x00000000d5b00000| Untracked |  0
|1332|0x00000000d5c00000, 0x00000000d5cffff8, 0x00000000d5d00000| 99%| O|  |TAMS 0x00000000d5c00000| PB 0x00000000d5c00000| Untracked |  0
|1333|0x00000000d5d00000, 0x00000000d5dfffd0, 0x00000000d5e00000| 99%| O|  |TAMS 0x00000000d5d00000| PB 0x00000000d5d00000| Untracked |  0
|1334|0x00000000d5e00000, 0x00000000d5efb2f8, 0x00000000d5f00000| 98%| O|  |TAMS 0x00000000d5e00000| PB 0x00000000d5e00000| Untracked |  0
|1335|0x00000000d5f00000, 0x00000000d5ffffe8, 0x00000000d6000000| 99%| O|  |TAMS 0x00000000d5f00000| PB 0x00000000d5f00000| Untracked |  0
|1336|0x00000000d6000000, 0x00000000d60ffff8, 0x00000000d6100000| 99%| O|  |TAMS 0x00000000d6000000| PB 0x00000000d6000000| Untracked |  0
|1337|0x00000000d6100000, 0x00000000d61fffd0, 0x00000000d6200000| 99%| O|  |TAMS 0x00000000d6100000| PB 0x00000000d6100000| Untracked |  0
|1338|0x00000000d6200000, 0x00000000d62fffe8, 0x00000000d6300000| 99%| O|  |TAMS 0x00000000d6200000| PB 0x00000000d6200000| Untracked |  0
|1339|0x00000000d6300000, 0x00000000d63ffff0, 0x00000000d6400000| 99%| O|  |TAMS 0x00000000d6300000| PB 0x00000000d6300000| Untracked |  0
|1340|0x00000000d6400000, 0x00000000d64ffff8, 0x00000000d6500000| 99%| O|  |TAMS 0x00000000d6400000| PB 0x00000000d6400000| Untracked |  0
|1341|0x00000000d6500000, 0x00000000d65ffff8, 0x00000000d6600000| 99%| O|  |TAMS 0x00000000d6500000| PB 0x00000000d6500000| Untracked |  0
|1342|0x00000000d6600000, 0x00000000d66fff88, 0x00000000d6700000| 99%| O|  |TAMS 0x00000000d6600000| PB 0x00000000d6600000| Untracked |  0
|1343|0x00000000d6700000, 0x00000000d67ffd78, 0x00000000d6800000| 99%| O|  |TAMS 0x00000000d6700000| PB 0x00000000d6700000| Untracked |  0
|1344|0x00000000d6800000, 0x00000000d68fffe8, 0x00000000d6900000| 99%| O|  |TAMS 0x00000000d6800000| PB 0x00000000d6800000| Untracked |  0
|1345|0x00000000d6900000, 0x00000000d69fffe0, 0x00000000d6a00000| 99%| O|  |TAMS 0x00000000d6900000| PB 0x00000000d6900000| Untracked |  0
|1346|0x00000000d6a00000, 0x00000000d6afffe8, 0x00000000d6b00000| 99%| O|  |TAMS 0x00000000d6a00000| PB 0x00000000d6a00000| Untracked |  0
|1347|0x00000000d6b00000, 0x00000000d6bffff8, 0x00000000d6c00000| 99%| O|  |TAMS 0x00000000d6b00000| PB 0x00000000d6b00000| Untracked |  0
|1348|0x00000000d6c00000, 0x00000000d6cfffe8, 0x00000000d6d00000| 99%| O|  |TAMS 0x00000000d6c00000| PB 0x00000000d6c00000| Untracked |  0
|1349|0x00000000d6d00000, 0x00000000d6dfffe8, 0x00000000d6e00000| 99%| O|  |TAMS 0x00000000d6d00000| PB 0x00000000d6d00000| Untracked |  0
|1350|0x00000000d6e00000, 0x00000000d6f00000, 0x00000000d6f00000|100%| O|  |TAMS 0x00000000d6e00000| PB 0x00000000d6e00000| Untracked |  0
|1351|0x00000000d6f00000, 0x00000000d7000000, 0x00000000d7000000|100%| O|  |TAMS 0x00000000d6f00000| PB 0x00000000d6f00000| Untracked |  0
|1352|0x00000000d7000000, 0x00000000d70ffff0, 0x00000000d7100000| 99%| O|  |TAMS 0x00000000d7000000| PB 0x00000000d7000000| Untracked |  0
|1353|0x00000000d7100000, 0x00000000d71fffd8, 0x00000000d7200000| 99%| O|  |TAMS 0x00000000d7100000| PB 0x00000000d7100000| Untracked |  0
|1354|0x00000000d7200000, 0x00000000d7300000, 0x00000000d7300000|100%| O|  |TAMS 0x00000000d7200000| PB 0x00000000d7200000| Untracked |  0
|1355|0x00000000d7300000, 0x00000000d73fffd8, 0x00000000d7400000| 99%| O|  |TAMS 0x00000000d7300000| PB 0x00000000d7300000| Untracked |  0
|1356|0x00000000d7400000, 0x00000000d7500000, 0x00000000d7500000|100%| O|  |TAMS 0x00000000d7400000| PB 0x00000000d7400000| Untracked |  0
|1357|0x00000000d7500000, 0x00000000d7600000, 0x00000000d7600000|100%| O|  |TAMS 0x00000000d7500000| PB 0x00000000d7500000| Untracked |  0
|1358|0x00000000d7600000, 0x00000000d76fffb0, 0x00000000d7700000| 99%| O|  |TAMS 0x00000000d7600000| PB 0x00000000d7600000| Untracked |  0
|1359|0x00000000d7700000, 0x00000000d7800000, 0x00000000d7800000|100%| O|  |TAMS 0x00000000d7700000| PB 0x00000000d7700000| Untracked |  0
|1360|0x00000000d7800000, 0x00000000d78fffd8, 0x00000000d7900000| 99%| O|  |TAMS 0x00000000d7800000| PB 0x00000000d7800000| Untracked |  0
|1361|0x00000000d7900000, 0x00000000d7a00000, 0x00000000d7a00000|100%| O|  |TAMS 0x00000000d7900000| PB 0x00000000d7900000| Untracked |  0
|1362|0x00000000d7a00000, 0x00000000d7affff0, 0x00000000d7b00000| 99%| O|  |TAMS 0x00000000d7a00000| PB 0x00000000d7a00000| Untracked |  0
|1363|0x00000000d7b00000, 0x00000000d7bfffd8, 0x00000000d7c00000| 99%| O|  |TAMS 0x00000000d7b00000| PB 0x00000000d7b00000| Untracked |  0
|1364|0x00000000d7c00000, 0x00000000d7cfffe8, 0x00000000d7d00000| 99%| O|  |TAMS 0x00000000d7c00000| PB 0x00000000d7c00000| Untracked |  0
|1365|0x00000000d7d00000, 0x00000000d7dffce8, 0x00000000d7e00000| 99%| O|  |TAMS 0x00000000d7d00000| PB 0x00000000d7d00000| Untracked |  0
|1366|0x00000000d7e00000, 0x00000000d7effee0, 0x00000000d7f00000| 99%| O|  |TAMS 0x00000000d7e00000| PB 0x00000000d7e00000| Untracked |  0
|1367|0x00000000d7f00000, 0x00000000d7fffff8, 0x00000000d8000000| 99%| O|  |TAMS 0x00000000d7f00000| PB 0x00000000d7f00000| Untracked |  0
|1368|0x00000000d8000000, 0x00000000d8100000, 0x00000000d8100000|100%| O|  |TAMS 0x00000000d8000000| PB 0x00000000d8000000| Untracked |  0
|1369|0x00000000d8100000, 0x00000000d81ffff8, 0x00000000d8200000| 99%| O|  |TAMS 0x00000000d8100000| PB 0x00000000d8100000| Untracked |  0
|1370|0x00000000d8200000, 0x00000000d82ffff8, 0x00000000d8300000| 99%| O|  |TAMS 0x00000000d8200000| PB 0x00000000d8200000| Untracked |  0
|1371|0x00000000d8300000, 0x00000000d83fb960, 0x00000000d8400000| 98%| O|  |TAMS 0x00000000d8300000| PB 0x00000000d8300000| Untracked |  0
|1372|0x00000000d8400000, 0x00000000d84ffff8, 0x00000000d8500000| 99%| O|  |TAMS 0x00000000d8400000| PB 0x00000000d8400000| Untracked |  0
|1373|0x00000000d8500000, 0x00000000d85ffe98, 0x00000000d8600000| 99%| O|  |TAMS 0x00000000d8500000| PB 0x00000000d8500000| Untracked |  0
|1374|0x00000000d8600000, 0x00000000d86fd6f8, 0x00000000d8700000| 98%| O|  |TAMS 0x00000000d8600000| PB 0x00000000d8600000| Untracked |  0
|1375|0x00000000d8700000, 0x00000000d8800000, 0x00000000d8800000|100%| O|  |TAMS 0x00000000d8700000| PB 0x00000000d8700000| Untracked |  0
|1376|0x00000000d8800000, 0x00000000d88ffff8, 0x00000000d8900000| 99%| O|  |TAMS 0x00000000d8800000| PB 0x00000000d8800000| Untracked |  0
|1377|0x00000000d8900000, 0x00000000d89fffe8, 0x00000000d8a00000| 99%| O|  |TAMS 0x00000000d8900000| PB 0x00000000d8900000| Untracked |  0
|1378|0x00000000d8a00000, 0x00000000d8afffe8, 0x00000000d8b00000| 99%| O|  |TAMS 0x00000000d8a00000| PB 0x00000000d8a00000| Untracked |  0
|1379|0x00000000d8b00000, 0x00000000d8bfffe8, 0x00000000d8c00000| 99%| O|  |TAMS 0x00000000d8b00000| PB 0x00000000d8b00000| Untracked |  0
|1380|0x00000000d8c00000, 0x00000000d8cffff0, 0x00000000d8d00000| 99%| O|  |TAMS 0x00000000d8c00000| PB 0x00000000d8c00000| Untracked |  0
|1381|0x00000000d8d00000, 0x00000000d8dffff0, 0x00000000d8e00000| 99%| O|  |TAMS 0x00000000d8d00000| PB 0x00000000d8d00000| Untracked |  0
|1382|0x00000000d8e00000, 0x00000000d8effff8, 0x00000000d8f00000| 99%| O|  |TAMS 0x00000000d8e00000| PB 0x00000000d8e00000| Untracked |  0
|1383|0x00000000d8f00000, 0x00000000d8fffff8, 0x00000000d9000000| 99%| O|  |TAMS 0x00000000d8f00000| PB 0x00000000d8f00000| Untracked |  0
|1384|0x00000000d9000000, 0x00000000d90ffff0, 0x00000000d9100000| 99%| O|  |TAMS 0x00000000d9000000| PB 0x00000000d9000000| Untracked |  0
|1385|0x00000000d9100000, 0x00000000d91ffff8, 0x00000000d9200000| 99%| O|  |TAMS 0x00000000d9100000| PB 0x00000000d9100000| Untracked |  0
|1386|0x00000000d9200000, 0x00000000d92fffb0, 0x00000000d9300000| 99%| O|  |TAMS 0x00000000d9200000| PB 0x00000000d9200000| Untracked |  0
|1387|0x00000000d9300000, 0x00000000d93ffff8, 0x00000000d9400000| 99%| O|  |TAMS 0x00000000d9300000| PB 0x00000000d9300000| Untracked |  0
|1388|0x00000000d9400000, 0x00000000d9500000, 0x00000000d9500000|100%| O|  |TAMS 0x00000000d9400000| PB 0x00000000d9400000| Untracked |  0
|1389|0x00000000d9500000, 0x00000000d95fffc8, 0x00000000d9600000| 99%| O|  |TAMS 0x00000000d9500000| PB 0x00000000d9500000| Untracked |  0
|1390|0x00000000d9600000, 0x00000000d9700000, 0x00000000d9700000|100%| O|  |TAMS 0x00000000d9600000| PB 0x00000000d9600000| Untracked |  0
|1391|0x00000000d9700000, 0x00000000d97f9ea0, 0x00000000d9800000| 97%| O|  |TAMS 0x00000000d9700000| PB 0x00000000d9700000| Untracked |  0
|1392|0x00000000d9800000, 0x00000000d98ff0c0, 0x00000000d9900000| 99%| O|  |TAMS 0x00000000d9800000| PB 0x00000000d9800000| Untracked |  0
|1393|0x00000000d9900000, 0x00000000d99ffff0, 0x00000000d9a00000| 99%| O|  |TAMS 0x00000000d9900000| PB 0x00000000d9900000| Untracked |  0
|1394|0x00000000d9a00000, 0x00000000d9affff8, 0x00000000d9b00000| 99%| O|  |TAMS 0x00000000d9a00000| PB 0x00000000d9a00000| Untracked |  0
|1395|0x00000000d9b00000, 0x00000000d9bfffe8, 0x00000000d9c00000| 99%| O|  |TAMS 0x00000000d9b00000| PB 0x00000000d9b00000| Untracked |  0
|1396|0x00000000d9c00000, 0x00000000d9cffff0, 0x00000000d9d00000| 99%| O|  |TAMS 0x00000000d9c00000| PB 0x00000000d9c00000| Untracked |  0
|1397|0x00000000d9d00000, 0x00000000d9dffff0, 0x00000000d9e00000| 99%| O|  |TAMS 0x00000000d9d00000| PB 0x00000000d9d00000| Untracked |  0
|1398|0x00000000d9e00000, 0x00000000d9f00000, 0x00000000d9f00000|100%| O|  |TAMS 0x00000000d9e00000| PB 0x00000000d9e00000| Untracked |  0
|1399|0x00000000d9f00000, 0x00000000d9ffffd0, 0x00000000da000000| 99%| O|  |TAMS 0x00000000d9f00000| PB 0x00000000d9f00000| Untracked |  0
|1400|0x00000000da000000, 0x00000000da0ffff0, 0x00000000da100000| 99%| O|  |TAMS 0x00000000da000000| PB 0x00000000da000000| Untracked |  0
|1401|0x00000000da100000, 0x00000000da1fffe0, 0x00000000da200000| 99%| O|  |TAMS 0x00000000da100000| PB 0x00000000da100000| Untracked |  0
|1402|0x00000000da200000, 0x00000000da300000, 0x00000000da300000|100%| O|  |TAMS 0x00000000da200000| PB 0x00000000da200000| Untracked |  0
|1403|0x00000000da300000, 0x00000000da3fffb8, 0x00000000da400000| 99%| O|  |TAMS 0x00000000da300000| PB 0x00000000da300000| Untracked |  0
|1404|0x00000000da400000, 0x00000000da4fffe8, 0x00000000da500000| 99%| O|  |TAMS 0x00000000da400000| PB 0x00000000da400000| Untracked |  0
|1405|0x00000000da500000, 0x00000000da600000, 0x00000000da600000|100%| O|  |TAMS 0x00000000da500000| PB 0x00000000da500000| Untracked |  0
|1406|0x00000000da600000, 0x00000000da6ffff8, 0x00000000da700000| 99%| O|  |TAMS 0x00000000da600000| PB 0x00000000da600000| Untracked |  0
|1407|0x00000000da700000, 0x00000000da7fff90, 0x00000000da800000| 99%| O|  |TAMS 0x00000000da700000| PB 0x00000000da700000| Untracked |  0
|1408|0x00000000da800000, 0x00000000da900000, 0x00000000da900000|100%| O|  |TAMS 0x00000000da800000| PB 0x00000000da800000| Untracked |  0
|1409|0x00000000da900000, 0x00000000daa00000, 0x00000000daa00000|100%| O|  |TAMS 0x00000000da900000| PB 0x00000000da900000| Untracked |  0
|1410|0x00000000daa00000, 0x00000000dab00000, 0x00000000dab00000|100%| O|  |TAMS 0x00000000daa00000| PB 0x00000000daa00000| Untracked |  0
|1411|0x00000000dab00000, 0x00000000dabffda0, 0x00000000dac00000| 99%| O|  |TAMS 0x00000000dab00000| PB 0x00000000dab00000| Untracked |  0
|1412|0x00000000dac00000, 0x00000000dacf80e0, 0x00000000dad00000| 96%| O|  |TAMS 0x00000000dac00000| PB 0x00000000dac00000| Untracked |  0
|1413|0x00000000dad00000, 0x00000000dadffff0, 0x00000000dae00000| 99%| O|  |TAMS 0x00000000dad00000| PB 0x00000000dad00000| Untracked |  0
|1414|0x00000000dae00000, 0x00000000daeffa48, 0x00000000daf00000| 99%| O|  |TAMS 0x00000000dae00000| PB 0x00000000dae00000| Untracked |  0
|1415|0x00000000daf00000, 0x00000000daffffa0, 0x00000000db000000| 99%| O|  |TAMS 0x00000000daf00000| PB 0x00000000daf00000| Untracked |  0
|1416|0x00000000db000000, 0x00000000db0fffe8, 0x00000000db100000| 99%| O|  |TAMS 0x00000000db000000| PB 0x00000000db000000| Untracked |  0
|1417|0x00000000db100000, 0x00000000db1ff980, 0x00000000db200000| 99%| O|  |TAMS 0x00000000db100000| PB 0x00000000db100000| Untracked |  0
|1418|0x00000000db200000, 0x00000000db2ffff0, 0x00000000db300000| 99%| O|  |TAMS 0x00000000db200000| PB 0x00000000db200000| Untracked |  0
|1419|0x00000000db300000, 0x00000000db400000, 0x00000000db400000|100%| O|  |TAMS 0x00000000db300000| PB 0x00000000db300000| Untracked |  0
|1420|0x00000000db400000, 0x00000000db4ffff0, 0x00000000db500000| 99%| O|  |TAMS 0x00000000db400000| PB 0x00000000db400000| Untracked |  0
|1421|0x00000000db500000, 0x00000000db5ffff8, 0x00000000db600000| 99%| O|  |TAMS 0x00000000db500000| PB 0x00000000db500000| Untracked |  0
|1422|0x00000000db600000, 0x00000000db6ffff0, 0x00000000db700000| 99%| O|  |TAMS 0x00000000db600000| PB 0x00000000db600000| Untracked |  0
|1423|0x00000000db700000, 0x00000000db7ffff8, 0x00000000db800000| 99%| O|  |TAMS 0x00000000db700000| PB 0x00000000db700000| Untracked |  0
|1424|0x00000000db800000, 0x00000000db900000, 0x00000000db900000|100%| O|  |TAMS 0x00000000db800000| PB 0x00000000db800000| Untracked |  0
|1425|0x00000000db900000, 0x00000000db9ffff0, 0x00000000dba00000| 99%| O|  |TAMS 0x00000000db900000| PB 0x00000000db900000| Untracked |  0
|1426|0x00000000dba00000, 0x00000000dbaffff8, 0x00000000dbb00000| 99%| O|  |TAMS 0x00000000dba00000| PB 0x00000000dba00000| Untracked |  0
|1427|0x00000000dbb00000, 0x00000000dbbffff8, 0x00000000dbc00000| 99%| O|  |TAMS 0x00000000dbb00000| PB 0x00000000dbb00000| Untracked |  0
|1428|0x00000000dbc00000, 0x00000000dbcffff8, 0x00000000dbd00000| 99%| O|  |TAMS 0x00000000dbc00000| PB 0x00000000dbc00000| Untracked |  0
|1429|0x00000000dbd00000, 0x00000000dbdffff8, 0x00000000dbe00000| 99%| O|  |TAMS 0x00000000dbd00000| PB 0x00000000dbd00000| Untracked |  0
|1430|0x00000000dbe00000, 0x00000000dbefffe0, 0x00000000dbf00000| 99%| O|  |TAMS 0x00000000dbe00000| PB 0x00000000dbe00000| Untracked |  0
|1431|0x00000000dbf00000, 0x00000000dbfffff0, 0x00000000dc000000| 99%| O|  |TAMS 0x00000000dbf00000| PB 0x00000000dbf00000| Untracked |  0
|1432|0x00000000dc000000, 0x00000000dc0ffff8, 0x00000000dc100000| 99%| O|  |TAMS 0x00000000dc000000| PB 0x00000000dc000000| Untracked |  0
|1433|0x00000000dc100000, 0x00000000dc1fffe8, 0x00000000dc200000| 99%| O|  |TAMS 0x00000000dc100000| PB 0x00000000dc100000| Untracked |  0
|1434|0x00000000dc200000, 0x00000000dc300000, 0x00000000dc300000|100%| O|  |TAMS 0x00000000dc200000| PB 0x00000000dc200000| Untracked |  0
|1435|0x00000000dc300000, 0x00000000dc3fffe8, 0x00000000dc400000| 99%| O|  |TAMS 0x00000000dc300000| PB 0x00000000dc300000| Untracked |  0
|1436|0x00000000dc400000, 0x00000000dc4fffe0, 0x00000000dc500000| 99%| O|  |TAMS 0x00000000dc400000| PB 0x00000000dc400000| Untracked |  0
|1437|0x00000000dc500000, 0x00000000dc5fffb8, 0x00000000dc600000| 99%| O|  |TAMS 0x00000000dc500000| PB 0x00000000dc500000| Untracked |  0
|1438|0x00000000dc600000, 0x00000000dc6fffc0, 0x00000000dc700000| 99%| O|  |TAMS 0x00000000dc600000| PB 0x00000000dc600000| Untracked |  0
|1439|0x00000000dc700000, 0x00000000dc7ffff8, 0x00000000dc800000| 99%| O|  |TAMS 0x00000000dc700000| PB 0x00000000dc700000| Untracked |  0
|1440|0x00000000dc800000, 0x00000000dc8ffff0, 0x00000000dc900000| 99%| O|  |TAMS 0x00000000dc800000| PB 0x00000000dc800000| Untracked |  0
|1441|0x00000000dc900000, 0x00000000dc9ffff0, 0x00000000dca00000| 99%| O|  |TAMS 0x00000000dc900000| PB 0x00000000dc900000| Untracked |  0
|1442|0x00000000dca00000, 0x00000000dcb00000, 0x00000000dcb00000|100%| O|  |TAMS 0x00000000dca00000| PB 0x00000000dca00000| Untracked |  0
|1443|0x00000000dcb00000, 0x00000000dcc00000, 0x00000000dcc00000|100%| O|  |TAMS 0x00000000dcb00000| PB 0x00000000dcb00000| Untracked |  0
|1444|0x00000000dcc00000, 0x00000000dccfffe8, 0x00000000dcd00000| 99%| O|  |TAMS 0x00000000dcc00000| PB 0x00000000dcc00000| Untracked |  0
|1445|0x00000000dcd00000, 0x00000000dcdfffe0, 0x00000000dce00000| 99%| O|  |TAMS 0x00000000dcd00000| PB 0x00000000dcd00000| Untracked |  0
|1446|0x00000000dce00000, 0x00000000dceffff0, 0x00000000dcf00000| 99%| O|  |TAMS 0x00000000dce00000| PB 0x00000000dce00000| Untracked |  0
|1447|0x00000000dcf00000, 0x00000000dd000000, 0x00000000dd000000|100%| O|  |TAMS 0x00000000dcf00000| PB 0x00000000dcf00000| Untracked |  0
|1448|0x00000000dd000000, 0x00000000dd100000, 0x00000000dd100000|100%| O|  |TAMS 0x00000000dd000000| PB 0x00000000dd000000| Untracked |  0
|1449|0x00000000dd100000, 0x00000000dd1ffff0, 0x00000000dd200000| 99%| O|  |TAMS 0x00000000dd100000| PB 0x00000000dd100000| Untracked |  0
|1450|0x00000000dd200000, 0x00000000dd2ffff8, 0x00000000dd300000| 99%| O|  |TAMS 0x00000000dd200000| PB 0x00000000dd200000| Untracked |  0
|1451|0x00000000dd300000, 0x00000000dd3ffff0, 0x00000000dd400000| 99%| O|  |TAMS 0x00000000dd300000| PB 0x00000000dd300000| Untracked |  0
|1452|0x00000000dd400000, 0x00000000dd4ffff8, 0x00000000dd500000| 99%| O|  |TAMS 0x00000000dd400000| PB 0x00000000dd400000| Untracked |  0
|1453|0x00000000dd500000, 0x00000000dd600000, 0x00000000dd600000|100%| O|  |TAMS 0x00000000dd500000| PB 0x00000000dd500000| Untracked |  0
|1454|0x00000000dd600000, 0x00000000dd6ffff8, 0x00000000dd700000| 99%| O|  |TAMS 0x00000000dd600000| PB 0x00000000dd600000| Untracked |  0
|1455|0x00000000dd700000, 0x00000000dd7ffff0, 0x00000000dd800000| 99%| O|  |TAMS 0x00000000dd700000| PB 0x00000000dd700000| Untracked |  0
|1456|0x00000000dd800000, 0x00000000dd8ffa30, 0x00000000dd900000| 99%| O|  |TAMS 0x00000000dd800000| PB 0x00000000dd800000| Untracked |  0
|1457|0x00000000dd900000, 0x00000000dda00000, 0x00000000dda00000|100%| O|  |TAMS 0x00000000dd900000| PB 0x00000000dd900000| Untracked |  0
|1458|0x00000000dda00000, 0x00000000ddaffff8, 0x00000000ddb00000| 99%| O|  |TAMS 0x00000000dda00000| PB 0x00000000dda00000| Untracked |  0
|1459|0x00000000ddb00000, 0x00000000ddc00000, 0x00000000ddc00000|100%| O|  |TAMS 0x00000000ddb00000| PB 0x00000000ddb00000| Untracked |  0
|1460|0x00000000ddc00000, 0x00000000ddcffff8, 0x00000000ddd00000| 99%| O|  |TAMS 0x00000000ddc00000| PB 0x00000000ddc00000| Untracked |  0
|1461|0x00000000ddd00000, 0x00000000dddffff8, 0x00000000dde00000| 99%| O|  |TAMS 0x00000000ddd00000| PB 0x00000000ddd00000| Untracked |  0
|1462|0x00000000dde00000, 0x00000000ddefffc8, 0x00000000ddf00000| 99%| O|  |TAMS 0x00000000dde00000| PB 0x00000000dde00000| Untracked |  0
|1463|0x00000000ddf00000, 0x00000000ddffffe8, 0x00000000de000000| 99%| O|  |TAMS 0x00000000ddf00000| PB 0x00000000ddf00000| Untracked |  0
|1464|0x00000000de000000, 0x00000000de0fffe8, 0x00000000de100000| 99%| O|  |TAMS 0x00000000de000000| PB 0x00000000de000000| Untracked |  0
|1465|0x00000000de100000, 0x00000000de200000, 0x00000000de200000|100%| O|  |TAMS 0x00000000de100000| PB 0x00000000de100000| Untracked |  0
|1466|0x00000000de200000, 0x00000000de2fffd8, 0x00000000de300000| 99%| O|  |TAMS 0x00000000de200000| PB 0x00000000de200000| Untracked |  0
|1467|0x00000000de300000, 0x00000000de3ffff8, 0x00000000de400000| 99%| O|  |TAMS 0x00000000de300000| PB 0x00000000de300000| Untracked |  0
|1468|0x00000000de400000, 0x00000000de500000, 0x00000000de500000|100%| O|  |TAMS 0x00000000de400000| PB 0x00000000de400000| Untracked |  0
|1469|0x00000000de500000, 0x00000000de600000, 0x00000000de600000|100%| O|  |TAMS 0x00000000de500000| PB 0x00000000de500000| Untracked |  0
|1470|0x00000000de600000, 0x00000000de6ffdc8, 0x00000000de700000| 99%| O|  |TAMS 0x00000000de600000| PB 0x00000000de600000| Untracked |  0
|1471|0x00000000de700000, 0x00000000de800000, 0x00000000de800000|100%| O|  |TAMS 0x00000000de700000| PB 0x00000000de700000| Untracked |  0
|1472|0x00000000de800000, 0x00000000de8ffff8, 0x00000000de900000| 99%| O|  |TAMS 0x00000000de800000| PB 0x00000000de800000| Untracked |  0
|1473|0x00000000de900000, 0x00000000de9ffff0, 0x00000000dea00000| 99%| O|  |TAMS 0x00000000de900000| PB 0x00000000de900000| Untracked |  0
|1474|0x00000000dea00000, 0x00000000deaffff0, 0x00000000deb00000| 99%| O|  |TAMS 0x00000000dea00000| PB 0x00000000dea00000| Untracked |  0
|1475|0x00000000deb00000, 0x00000000debffff0, 0x00000000dec00000| 99%| O|  |TAMS 0x00000000deb00000| PB 0x00000000deb00000| Untracked |  0
|1476|0x00000000dec00000, 0x00000000decfffe0, 0x00000000ded00000| 99%| O|  |TAMS 0x00000000dec00000| PB 0x00000000dec00000| Untracked |  0
|1477|0x00000000ded00000, 0x00000000dee00000, 0x00000000dee00000|100%| O|  |TAMS 0x00000000ded00000| PB 0x00000000ded00000| Untracked |  0
|1478|0x00000000dee00000, 0x00000000def00000, 0x00000000def00000|100%| O|  |TAMS 0x00000000dee00000| PB 0x00000000dee00000| Untracked |  0
|1479|0x00000000def00000, 0x00000000deffffe0, 0x00000000df000000| 99%| O|  |TAMS 0x00000000def00000| PB 0x00000000def00000| Untracked |  0
|1480|0x00000000df000000, 0x00000000df100000, 0x00000000df100000|100%| O|  |TAMS 0x00000000df000000| PB 0x00000000df000000| Untracked |  0
|1481|0x00000000df100000, 0x00000000df1ffff8, 0x00000000df200000| 99%| O|  |TAMS 0x00000000df100000| PB 0x00000000df100000| Untracked |  0
|1482|0x00000000df200000, 0x00000000df300000, 0x00000000df300000|100%| O|  |TAMS 0x00000000df200000| PB 0x00000000df200000| Untracked |  0
|1483|0x00000000df300000, 0x00000000df3fffb8, 0x00000000df400000| 99%| O|  |TAMS 0x00000000df300000| PB 0x00000000df300000| Untracked |  0
|1484|0x00000000df400000, 0x00000000df500000, 0x00000000df500000|100%| O|  |TAMS 0x00000000df400000| PB 0x00000000df400000| Untracked |  0
|1485|0x00000000df500000, 0x00000000df5ffff0, 0x00000000df600000| 99%| O|  |TAMS 0x00000000df500000| PB 0x00000000df500000| Untracked |  0
|1486|0x00000000df600000, 0x00000000df6ffff0, 0x00000000df700000| 99%| O|  |TAMS 0x00000000df600000| PB 0x00000000df600000| Untracked |  0
|1487|0x00000000df700000, 0x00000000df7fffe0, 0x00000000df800000| 99%| O|  |TAMS 0x00000000df700000| PB 0x00000000df700000| Untracked |  0
|1488|0x00000000df800000, 0x00000000df8ffff8, 0x00000000df900000| 99%| O|  |TAMS 0x00000000df800000| PB 0x00000000df800000| Untracked |  0
|1489|0x00000000df900000, 0x00000000df9fffe0, 0x00000000dfa00000| 99%| O|  |TAMS 0x00000000df900000| PB 0x00000000df900000| Untracked |  0
|1490|0x00000000dfa00000, 0x00000000dfb00000, 0x00000000dfb00000|100%| O|  |TAMS 0x00000000dfa00000| PB 0x00000000dfa00000| Untracked |  0
|1491|0x00000000dfb00000, 0x00000000dfbffff8, 0x00000000dfc00000| 99%| O|  |TAMS 0x00000000dfb00000| PB 0x00000000dfb00000| Untracked |  0
|1492|0x00000000dfc00000, 0x00000000dfcffff0, 0x00000000dfd00000| 99%| O|  |TAMS 0x00000000dfc00000| PB 0x00000000dfc00000| Untracked |  0
|1493|0x00000000dfd00000, 0x00000000dfdfffd8, 0x00000000dfe00000| 99%| O|  |TAMS 0x00000000dfd00000| PB 0x00000000dfd00000| Untracked |  0
|1494|0x00000000dfe00000, 0x00000000dfeffff0, 0x00000000dff00000| 99%| O|  |TAMS 0x00000000dfe00000| PB 0x00000000dfe00000| Untracked |  0
|1495|0x00000000dff00000, 0x00000000dfffff68, 0x00000000e0000000| 99%| O|  |TAMS 0x00000000dff00000| PB 0x00000000dff00000| Untracked |  0
|1496|0x00000000e0000000, 0x00000000e00ffff8, 0x00000000e0100000| 99%| O|  |TAMS 0x00000000e0000000| PB 0x00000000e0000000| Untracked |  0
|1497|0x00000000e0100000, 0x00000000e01fee00, 0x00000000e0200000| 99%| O|  |TAMS 0x00000000e0100000| PB 0x00000000e0100000| Untracked |  0
|1498|0x00000000e0200000, 0x00000000e0300000, 0x00000000e0300000|100%| O|  |TAMS 0x00000000e0200000| PB 0x00000000e0200000| Untracked |  0
|1499|0x00000000e0300000, 0x00000000e03fffe8, 0x00000000e0400000| 99%| O|  |TAMS 0x00000000e0300000| PB 0x00000000e0300000| Untracked |  0
|1500|0x00000000e0400000, 0x00000000e04fffc0, 0x00000000e0500000| 99%| O|  |TAMS 0x00000000e0400000| PB 0x00000000e0400000| Untracked |  0
|1501|0x00000000e0500000, 0x00000000e05fffe0, 0x00000000e0600000| 99%| O|  |TAMS 0x00000000e0500000| PB 0x00000000e0500000| Untracked |  0
|1502|0x00000000e0600000, 0x00000000e06fffd8, 0x00000000e0700000| 99%| O|  |TAMS 0x00000000e0600000| PB 0x00000000e0600000| Untracked |  0
|1503|0x00000000e0700000, 0x00000000e07ffff0, 0x00000000e0800000| 99%| O|  |TAMS 0x00000000e0700000| PB 0x00000000e0700000| Untracked |  0
|1504|0x00000000e0800000, 0x00000000e08ffff8, 0x00000000e0900000| 99%| O|  |TAMS 0x00000000e0800000| PB 0x00000000e0800000| Untracked |  0
|1505|0x00000000e0900000, 0x00000000e09fffa8, 0x00000000e0a00000| 99%| O|  |TAMS 0x00000000e0900000| PB 0x00000000e0900000| Untracked |  0
|1506|0x00000000e0a00000, 0x00000000e0b00000, 0x00000000e0b00000|100%| O|  |TAMS 0x00000000e0a00000| PB 0x00000000e0a00000| Untracked |  0
|1507|0x00000000e0b00000, 0x00000000e0bffff0, 0x00000000e0c00000| 99%| O|  |TAMS 0x00000000e0b00000| PB 0x00000000e0b00000| Untracked |  0
|1508|0x00000000e0c00000, 0x00000000e0d00000, 0x00000000e0d00000|100%| O|  |TAMS 0x00000000e0c00000| PB 0x00000000e0c00000| Untracked |  0
|1509|0x00000000e0d00000, 0x00000000e0dffff0, 0x00000000e0e00000| 99%| O|  |TAMS 0x00000000e0d00000| PB 0x00000000e0d00000| Untracked |  0
|1510|0x00000000e0e00000, 0x00000000e0efffe8, 0x00000000e0f00000| 99%| O|  |TAMS 0x00000000e0e00000| PB 0x00000000e0e00000| Untracked |  0
|1511|0x00000000e0f00000, 0x00000000e1000000, 0x00000000e1000000|100%| O|  |TAMS 0x00000000e0f00000| PB 0x00000000e0f00000| Untracked |  0
|1512|0x00000000e1000000, 0x00000000e10fffc8, 0x00000000e1100000| 99%| O|  |TAMS 0x00000000e1000000| PB 0x00000000e1000000| Untracked |  0
|1513|0x00000000e1100000, 0x00000000e1200000, 0x00000000e1200000|100%| O|  |TAMS 0x00000000e1100000| PB 0x00000000e1100000| Untracked |  0
|1514|0x00000000e1200000, 0x00000000e12fffd8, 0x00000000e1300000| 99%| O|  |TAMS 0x00000000e1200000| PB 0x00000000e1200000| Untracked |  0
|1515|0x00000000e1300000, 0x00000000e13ffff8, 0x00000000e1400000| 99%| O|  |TAMS 0x00000000e1300000| PB 0x00000000e1300000| Untracked |  0
|1516|0x00000000e1400000, 0x00000000e1500000, 0x00000000e1500000|100%| O|  |TAMS 0x00000000e1400000| PB 0x00000000e1400000| Untracked |  0
|1517|0x00000000e1500000, 0x00000000e15fffb8, 0x00000000e1600000| 99%| O|  |TAMS 0x00000000e1500000| PB 0x00000000e1500000| Untracked |  0
|1518|0x00000000e1600000, 0x00000000e16ffff8, 0x00000000e1700000| 99%| O|  |TAMS 0x00000000e1600000| PB 0x00000000e1600000| Untracked |  0
|1519|0x00000000e1700000, 0x00000000e17fffe0, 0x00000000e1800000| 99%| O|  |TAMS 0x00000000e1700000| PB 0x00000000e1700000| Untracked |  0
|1520|0x00000000e1800000, 0x00000000e1900000, 0x00000000e1900000|100%| O|  |TAMS 0x00000000e1800000| PB 0x00000000e1800000| Untracked |  0
|1521|0x00000000e1900000, 0x00000000e19ffec8, 0x00000000e1a00000| 99%| O|  |TAMS 0x00000000e1900000| PB 0x00000000e1900000| Untracked |  0
|1522|0x00000000e1a00000, 0x00000000e1b00000, 0x00000000e1b00000|100%| O|  |TAMS 0x00000000e1a00000| PB 0x00000000e1a00000| Untracked |  0
|1523|0x00000000e1b00000, 0x00000000e1bfffb8, 0x00000000e1c00000| 99%| O|  |TAMS 0x00000000e1b00000| PB 0x00000000e1b00000| Untracked |  0
|1524|0x00000000e1c00000, 0x00000000e1cfffc8, 0x00000000e1d00000| 99%| O|  |TAMS 0x00000000e1c00000| PB 0x00000000e1c00000| Untracked |  0
|1525|0x00000000e1d00000, 0x00000000e1dfffc8, 0x00000000e1e00000| 99%| O|  |TAMS 0x00000000e1d00000| PB 0x00000000e1d00000| Untracked |  0
|1526|0x00000000e1e00000, 0x00000000e1efffb0, 0x00000000e1f00000| 99%| O|  |TAMS 0x00000000e1e00000| PB 0x00000000e1e00000| Untracked |  0
|1527|0x00000000e1f00000, 0x00000000e1fffff0, 0x00000000e2000000| 99%| O|  |TAMS 0x00000000e1f00000| PB 0x00000000e1f00000| Untracked |  0
|1528|0x00000000e2000000, 0x00000000e20fffd8, 0x00000000e2100000| 99%| O|  |TAMS 0x00000000e2000000| PB 0x00000000e2000000| Untracked |  0
|1529|0x00000000e2100000, 0x00000000e21ffc60, 0x00000000e2200000| 99%| O|  |TAMS 0x00000000e2100000| PB 0x00000000e2100000| Untracked |  0
|1530|0x00000000e2200000, 0x00000000e22fffd0, 0x00000000e2300000| 99%| O|  |TAMS 0x00000000e2200000| PB 0x00000000e2200000| Untracked |  0
|1531|0x00000000e2300000, 0x00000000e23ffff8, 0x00000000e2400000| 99%| O|  |TAMS 0x00000000e2300000| PB 0x00000000e2300000| Untracked |  0
|1532|0x00000000e2400000, 0x00000000e24ffff0, 0x00000000e2500000| 99%| O|  |TAMS 0x00000000e2400000| PB 0x00000000e2400000| Untracked |  0
|1533|0x00000000e2500000, 0x00000000e2600000, 0x00000000e2600000|100%| O|  |TAMS 0x00000000e2500000| PB 0x00000000e2500000| Untracked |  0
|1534|0x00000000e2600000, 0x00000000e2700000, 0x00000000e2700000|100%| O|  |TAMS 0x00000000e2600000| PB 0x00000000e2600000| Untracked |  0
|1535|0x00000000e2700000, 0x00000000e27fffe8, 0x00000000e2800000| 99%| O|  |TAMS 0x00000000e2700000| PB 0x00000000e2700000| Untracked |  0
|1536|0x00000000e2800000, 0x00000000e28f6c78, 0x00000000e2900000| 96%| O|  |TAMS 0x00000000e2800000| PB 0x00000000e2800000| Untracked |  0
|1537|0x00000000e2900000, 0x00000000e2a00000, 0x00000000e2a00000|100%| O|  |TAMS 0x00000000e2900000| PB 0x00000000e2900000| Untracked |  0
|1538|0x00000000e2a00000, 0x00000000e2af4ff0, 0x00000000e2b00000| 95%| O|  |TAMS 0x00000000e2a00000| PB 0x00000000e2a00000| Untracked |  0
|1539|0x00000000e2b00000, 0x00000000e2bfb230, 0x00000000e2c00000| 98%| O|  |TAMS 0x00000000e2b00000| PB 0x00000000e2b00000| Untracked |  0
|1540|0x00000000e2c00000, 0x00000000e2cfffd0, 0x00000000e2d00000| 99%| O|  |TAMS 0x00000000e2c00000| PB 0x00000000e2c00000| Untracked |  0
|1541|0x00000000e2d00000, 0x00000000e2dffff8, 0x00000000e2e00000| 99%| O|  |TAMS 0x00000000e2d00000| PB 0x00000000e2d00000| Untracked |  0
|1542|0x00000000e2e00000, 0x00000000e2f00000, 0x00000000e2f00000|100%| O|  |TAMS 0x00000000e2e00000| PB 0x00000000e2e00000| Untracked |  0
|1543|0x00000000e2f00000, 0x00000000e3000000, 0x00000000e3000000|100%| O|  |TAMS 0x00000000e2f00000| PB 0x00000000e2f00000| Untracked |  0
|1544|0x00000000e3000000, 0x00000000e30ffff0, 0x00000000e3100000| 99%| O|  |TAMS 0x00000000e3000000| PB 0x00000000e3000000| Untracked |  0
|1545|0x00000000e3100000, 0x00000000e31ffff0, 0x00000000e3200000| 99%| O|  |TAMS 0x00000000e3100000| PB 0x00000000e3100000| Untracked |  0
|1546|0x00000000e3200000, 0x00000000e3300000, 0x00000000e3300000|100%| O|  |TAMS 0x00000000e3200000| PB 0x00000000e3200000| Untracked |  0
|1547|0x00000000e3300000, 0x00000000e33ffff0, 0x00000000e3400000| 99%| O|  |TAMS 0x00000000e3300000| PB 0x00000000e3300000| Untracked |  0
|1548|0x00000000e3400000, 0x00000000e34ffff0, 0x00000000e3500000| 99%| O|  |TAMS 0x00000000e3400000| PB 0x00000000e3400000| Untracked |  0
|1549|0x00000000e3500000, 0x00000000e35fffb8, 0x00000000e3600000| 99%| O|  |TAMS 0x00000000e3500000| PB 0x00000000e3500000| Untracked |  0
|1550|0x00000000e3600000, 0x00000000e3700000, 0x00000000e3700000|100%| O|  |TAMS 0x00000000e3600000| PB 0x00000000e3600000| Untracked |  0
|1551|0x00000000e3700000, 0x00000000e37fffc8, 0x00000000e3800000| 99%| O|  |TAMS 0x00000000e3700000| PB 0x00000000e3700000| Untracked |  0
|1552|0x00000000e3800000, 0x00000000e38fff88, 0x00000000e3900000| 99%| O|  |TAMS 0x00000000e3800000| PB 0x00000000e3800000| Untracked |  0
|1553|0x00000000e3900000, 0x00000000e3a00000, 0x00000000e3a00000|100%| O|  |TAMS 0x00000000e3900000| PB 0x00000000e3900000| Untracked |  0
|1554|0x00000000e3a00000, 0x00000000e3afff00, 0x00000000e3b00000| 99%| O|  |TAMS 0x00000000e3a00000| PB 0x00000000e3a00000| Untracked |  0
|1555|0x00000000e3b00000, 0x00000000e3bffff0, 0x00000000e3c00000| 99%| O|  |TAMS 0x00000000e3b00000| PB 0x00000000e3b00000| Untracked |  0
|1556|0x00000000e3c00000, 0x00000000e3cfffe8, 0x00000000e3d00000| 99%| O|  |TAMS 0x00000000e3c00000| PB 0x00000000e3c00000| Untracked |  0
|1557|0x00000000e3d00000, 0x00000000e3e00000, 0x00000000e3e00000|100%| O|  |TAMS 0x00000000e3d00000| PB 0x00000000e3d00000| Untracked |  0
|1558|0x00000000e3e00000, 0x00000000e3f00000, 0x00000000e3f00000|100%| O|  |TAMS 0x00000000e3e00000| PB 0x00000000e3e00000| Untracked |  0
|1559|0x00000000e3f00000, 0x00000000e4000000, 0x00000000e4000000|100%| O|  |TAMS 0x00000000e3f00000| PB 0x00000000e3f00000| Untracked |  0
|1560|0x00000000e4000000, 0x00000000e4100000, 0x00000000e4100000|100%| O|  |TAMS 0x00000000e4000000| PB 0x00000000e4000000| Untracked |  0
|1561|0x00000000e4100000, 0x00000000e41ffff8, 0x00000000e4200000| 99%| O|  |TAMS 0x00000000e4100000| PB 0x00000000e4100000| Untracked |  0
|1562|0x00000000e4200000, 0x00000000e4300000, 0x00000000e4300000|100%| O|  |TAMS 0x00000000e4200000| PB 0x00000000e4200000| Untracked |  0
|1563|0x00000000e4300000, 0x00000000e43ffff8, 0x00000000e4400000| 99%| O|  |TAMS 0x00000000e4300000| PB 0x00000000e4300000| Untracked |  0
|1564|0x00000000e4400000, 0x00000000e44fffe0, 0x00000000e4500000| 99%| O|  |TAMS 0x00000000e4400000| PB 0x00000000e4400000| Untracked |  0
|1565|0x00000000e4500000, 0x00000000e4600000, 0x00000000e4600000|100%| O|  |TAMS 0x00000000e4500000| PB 0x00000000e4500000| Untracked |  0
|1566|0x00000000e4600000, 0x00000000e46fffd8, 0x00000000e4700000| 99%| O|  |TAMS 0x00000000e4600000| PB 0x00000000e4600000| Untracked |  0
|1567|0x00000000e4700000, 0x00000000e47ffff8, 0x00000000e4800000| 99%| O|  |TAMS 0x00000000e4700000| PB 0x00000000e4700000| Untracked |  0
|1568|0x00000000e4800000, 0x00000000e48fffe0, 0x00000000e4900000| 99%| O|  |TAMS 0x00000000e4800000| PB 0x00000000e4800000| Untracked |  0
|1569|0x00000000e4900000, 0x00000000e49f7d10, 0x00000000e4a00000| 96%| O|  |TAMS 0x00000000e4900000| PB 0x00000000e4900000| Untracked |  0
|1570|0x00000000e4a00000, 0x00000000e4afffc8, 0x00000000e4b00000| 99%| O|  |TAMS 0x00000000e4a00000| PB 0x00000000e4a00000| Untracked |  0
|1571|0x00000000e4b00000, 0x00000000e4bffff0, 0x00000000e4c00000| 99%| O|  |TAMS 0x00000000e4b00000| PB 0x00000000e4b00000| Untracked |  0
|1572|0x00000000e4c00000, 0x00000000e4cfffd0, 0x00000000e4d00000| 99%| O|  |TAMS 0x00000000e4c00000| PB 0x00000000e4c00000| Untracked |  0
|1573|0x00000000e4d00000, 0x00000000e4dffff8, 0x00000000e4e00000| 99%| O|  |TAMS 0x00000000e4d00000| PB 0x00000000e4d00000| Untracked |  0
|1574|0x00000000e4e00000, 0x00000000e4f00000, 0x00000000e4f00000|100%| O|  |TAMS 0x00000000e4e00000| PB 0x00000000e4e00000| Untracked |  0
|1575|0x00000000e4f00000, 0x00000000e4ffff18, 0x00000000e5000000| 99%| O|  |TAMS 0x00000000e4f00000| PB 0x00000000e4f00000| Untracked |  0
|1576|0x00000000e5000000, 0x00000000e5100000, 0x00000000e5100000|100%| O|  |TAMS 0x00000000e5000000| PB 0x00000000e5000000| Untracked |  0
|1577|0x00000000e5100000, 0x00000000e51fffe8, 0x00000000e5200000| 99%| O|  |TAMS 0x00000000e5100000| PB 0x00000000e5100000| Untracked |  0
|1578|0x00000000e5200000, 0x00000000e52ffff8, 0x00000000e5300000| 99%| O|  |TAMS 0x00000000e5200000| PB 0x00000000e5200000| Untracked |  0
|1579|0x00000000e5300000, 0x00000000e53ffff8, 0x00000000e5400000| 99%| O|  |TAMS 0x00000000e5300000| PB 0x00000000e5300000| Untracked |  0
|1580|0x00000000e5400000, 0x00000000e54ffff8, 0x00000000e5500000| 99%| O|  |TAMS 0x00000000e5400000| PB 0x00000000e5400000| Untracked |  0
|1581|0x00000000e5500000, 0x00000000e55ffff8, 0x00000000e5600000| 99%| O|  |TAMS 0x00000000e5500000| PB 0x00000000e5500000| Untracked |  0
|1582|0x00000000e5600000, 0x00000000e56ffff0, 0x00000000e5700000| 99%| O|  |TAMS 0x00000000e5600000| PB 0x00000000e5600000| Untracked |  0
|1583|0x00000000e5700000, 0x00000000e57ffff0, 0x00000000e5800000| 99%| O|  |TAMS 0x00000000e5700000| PB 0x00000000e5700000| Untracked |  0
|1584|0x00000000e5800000, 0x00000000e5900000, 0x00000000e5900000|100%| O|  |TAMS 0x00000000e5800000| PB 0x00000000e5800000| Untracked |  0
|1585|0x00000000e5900000, 0x00000000e59ffff0, 0x00000000e5a00000| 99%| O|  |TAMS 0x00000000e5900000| PB 0x00000000e5900000| Untracked |  0
|1586|0x00000000e5a00000, 0x00000000e5afffe0, 0x00000000e5b00000| 99%| O|  |TAMS 0x00000000e5a00000| PB 0x00000000e5a00000| Untracked |  0
|1587|0x00000000e5b00000, 0x00000000e5bffff8, 0x00000000e5c00000| 99%| O|  |TAMS 0x00000000e5b00000| PB 0x00000000e5b00000| Untracked |  0
|1588|0x00000000e5c00000, 0x00000000e5d00000, 0x00000000e5d00000|100%| O|  |TAMS 0x00000000e5c00000| PB 0x00000000e5c00000| Untracked |  0
|1589|0x00000000e5d00000, 0x00000000e5e00000, 0x00000000e5e00000|100%| O|  |TAMS 0x00000000e5d00000| PB 0x00000000e5d00000| Untracked |  0
|1590|0x00000000e5e00000, 0x00000000e5effff0, 0x00000000e5f00000| 99%| O|  |TAMS 0x00000000e5e00000| PB 0x00000000e5e00000| Untracked |  0
|1591|0x00000000e5f00000, 0x00000000e5ffffe8, 0x00000000e6000000| 99%| O|  |TAMS 0x00000000e5f00000| PB 0x00000000e5f00000| Untracked |  0
|1592|0x00000000e6000000, 0x00000000e60fffd8, 0x00000000e6100000| 99%| O|  |TAMS 0x00000000e6000000| PB 0x00000000e6000000| Untracked |  0
|1593|0x00000000e6100000, 0x00000000e61ffff0, 0x00000000e6200000| 99%| O|  |TAMS 0x00000000e6100000| PB 0x00000000e6100000| Untracked |  0
|1594|0x00000000e6200000, 0x00000000e62ffff8, 0x00000000e6300000| 99%| O|  |TAMS 0x00000000e6200000| PB 0x00000000e6200000| Untracked |  0
|1595|0x00000000e6300000, 0x00000000e63ffff0, 0x00000000e6400000| 99%| O|  |TAMS 0x00000000e6300000| PB 0x00000000e6300000| Untracked |  0
|1596|0x00000000e6400000, 0x00000000e64ffff0, 0x00000000e6500000| 99%| O|  |TAMS 0x00000000e6400000| PB 0x00000000e6400000| Untracked |  0
|1597|0x00000000e6500000, 0x00000000e65ffff8, 0x00000000e6600000| 99%| O|  |TAMS 0x00000000e6500000| PB 0x00000000e6500000| Untracked |  0
|1598|0x00000000e6600000, 0x00000000e66ffff0, 0x00000000e6700000| 99%| O|  |TAMS 0x00000000e6600000| PB 0x00000000e6600000| Untracked |  0
|1599|0x00000000e6700000, 0x00000000e6800000, 0x00000000e6800000|100%| O|  |TAMS 0x00000000e6700000| PB 0x00000000e6700000| Untracked |  0
|1600|0x00000000e6800000, 0x00000000e68fffc8, 0x00000000e6900000| 99%| O|  |TAMS 0x00000000e6800000| PB 0x00000000e6800000| Untracked |  0
|1601|0x00000000e6900000, 0x00000000e69ffff8, 0x00000000e6a00000| 99%| O|  |TAMS 0x00000000e6900000| PB 0x00000000e6900000| Untracked |  0
|1602|0x00000000e6a00000, 0x00000000e6afffe0, 0x00000000e6b00000| 99%| O|  |TAMS 0x00000000e6a00000| PB 0x00000000e6a00000| Untracked |  0
|1603|0x00000000e6b00000, 0x00000000e6bffff8, 0x00000000e6c00000| 99%| O|  |TAMS 0x00000000e6b00000| PB 0x00000000e6b00000| Untracked |  0
|1604|0x00000000e6c00000, 0x00000000e6d00000, 0x00000000e6d00000|100%| O|  |TAMS 0x00000000e6c00000| PB 0x00000000e6c00000| Untracked |  0
|1605|0x00000000e6d00000, 0x00000000e6dfffd8, 0x00000000e6e00000| 99%| O|  |TAMS 0x00000000e6d00000| PB 0x00000000e6d00000| Untracked |  0
|1606|0x00000000e6e00000, 0x00000000e6efffd0, 0x00000000e6f00000| 99%| O|  |TAMS 0x00000000e6e00000| PB 0x00000000e6e00000| Untracked |  0
|1607|0x00000000e6f00000, 0x00000000e6fffff8, 0x00000000e7000000| 99%| O|  |TAMS 0x00000000e6f00000| PB 0x00000000e6f00000| Untracked |  0
|1608|0x00000000e7000000, 0x00000000e7100000, 0x00000000e7100000|100%| O|  |TAMS 0x00000000e7000000| PB 0x00000000e7000000| Untracked |  0
|1609|0x00000000e7100000, 0x00000000e71ffff8, 0x00000000e7200000| 99%| O|  |TAMS 0x00000000e7100000| PB 0x00000000e7100000| Untracked |  0
|1610|0x00000000e7200000, 0x00000000e7300000, 0x00000000e7300000|100%| O|  |TAMS 0x00000000e7200000| PB 0x00000000e7200000| Untracked |  0
|1611|0x00000000e7300000, 0x00000000e73fffe0, 0x00000000e7400000| 99%| O|  |TAMS 0x00000000e7300000| PB 0x00000000e7300000| Untracked |  0
|1612|0x00000000e7400000, 0x00000000e74fffb8, 0x00000000e7500000| 99%| O|  |TAMS 0x00000000e7400000| PB 0x00000000e7400000| Untracked |  0
|1613|0x00000000e7500000, 0x00000000e75fffe0, 0x00000000e7600000| 99%| O|  |TAMS 0x00000000e7500000| PB 0x00000000e7500000| Untracked |  0
|1614|0x00000000e7600000, 0x00000000e76ffff8, 0x00000000e7700000| 99%| O|  |TAMS 0x00000000e7600000| PB 0x00000000e7600000| Untracked |  0
|1615|0x00000000e7700000, 0x00000000e77ffe30, 0x00000000e7800000| 99%| O|  |TAMS 0x00000000e7700000| PB 0x00000000e7700000| Untracked |  0
|1616|0x00000000e7800000, 0x00000000e78ffed0, 0x00000000e7900000| 99%| O|  |TAMS 0x00000000e7800000| PB 0x00000000e7800000| Untracked |  0
|1617|0x00000000e7900000, 0x00000000e79fffd0, 0x00000000e7a00000| 99%| O|  |TAMS 0x00000000e7900000| PB 0x00000000e7900000| Untracked |  0
|1618|0x00000000e7a00000, 0x00000000e7afffc8, 0x00000000e7b00000| 99%| O|  |TAMS 0x00000000e7a00000| PB 0x00000000e7a00000| Untracked |  0
|1619|0x00000000e7b00000, 0x00000000e7bfffe8, 0x00000000e7c00000| 99%| O|  |TAMS 0x00000000e7b00000| PB 0x00000000e7b00000| Untracked |  0
|1620|0x00000000e7c00000, 0x00000000e7cfffe8, 0x00000000e7d00000| 99%| O|  |TAMS 0x00000000e7c00000| PB 0x00000000e7c00000| Untracked |  0
|1621|0x00000000e7d00000, 0x00000000e7dffff0, 0x00000000e7e00000| 99%| O|  |TAMS 0x00000000e7d00000| PB 0x00000000e7d00000| Untracked |  0
|1622|0x00000000e7e00000, 0x00000000e7eff108, 0x00000000e7f00000| 99%| O|  |TAMS 0x00000000e7e00000| PB 0x00000000e7e00000| Untracked |  0
|1623|0x00000000e7f00000, 0x00000000e7ffff58, 0x00000000e8000000| 99%| O|  |TAMS 0x00000000e7f00000| PB 0x00000000e7f00000| Untracked |  0
|1624|0x00000000e8000000, 0x00000000e8100000, 0x00000000e8100000|100%| O|  |TAMS 0x00000000e8000000| PB 0x00000000e8000000| Untracked |  0
|1625|0x00000000e8100000, 0x00000000e81fffd0, 0x00000000e8200000| 99%| O|  |TAMS 0x00000000e8100000| PB 0x00000000e8100000| Untracked |  0
|1626|0x00000000e8200000, 0x00000000e82fffe0, 0x00000000e8300000| 99%| O|  |TAMS 0x00000000e8200000| PB 0x00000000e8200000| Untracked |  0
|1627|0x00000000e8300000, 0x00000000e83ffca8, 0x00000000e8400000| 99%| O|  |TAMS 0x00000000e8300000| PB 0x00000000e8300000| Untracked |  0
|1628|0x00000000e8400000, 0x00000000e84ffff8, 0x00000000e8500000| 99%| O|  |TAMS 0x00000000e8400000| PB 0x00000000e8400000| Untracked |  0
|1629|0x00000000e8500000, 0x00000000e85fffe0, 0x00000000e8600000| 99%| O|  |TAMS 0x00000000e8500000| PB 0x00000000e8500000| Untracked |  0
|1630|0x00000000e8600000, 0x00000000e86ffff8, 0x00000000e8700000| 99%| O|  |TAMS 0x00000000e8600000| PB 0x00000000e8600000| Untracked |  0
|1631|0x00000000e8700000, 0x00000000e87ffff8, 0x00000000e8800000| 99%| O|  |TAMS 0x00000000e8700000| PB 0x00000000e8700000| Untracked |  0
|1632|0x00000000e8800000, 0x00000000e88ffee0, 0x00000000e8900000| 99%| O|  |TAMS 0x00000000e8800000| PB 0x00000000e8800000| Untracked |  0
|1633|0x00000000e8900000, 0x00000000e89ffd10, 0x00000000e8a00000| 99%| O|  |TAMS 0x00000000e8900000| PB 0x00000000e8900000| Untracked |  0
|1634|0x00000000e8a00000, 0x00000000e8affff8, 0x00000000e8b00000| 99%| O|  |TAMS 0x00000000e8a00000| PB 0x00000000e8a00000| Untracked |  0
|1635|0x00000000e8b00000, 0x00000000e8bffbe0, 0x00000000e8c00000| 99%| O|  |TAMS 0x00000000e8b00000| PB 0x00000000e8b00000| Untracked |  0
|1636|0x00000000e8c00000, 0x00000000e8d00000, 0x00000000e8d00000|100%| O|  |TAMS 0x00000000e8c00000| PB 0x00000000e8c00000| Untracked |  0
|1637|0x00000000e8d00000, 0x00000000e8dfffe0, 0x00000000e8e00000| 99%| O|  |TAMS 0x00000000e8d00000| PB 0x00000000e8d00000| Untracked |  0
|1638|0x00000000e8e00000, 0x00000000e8effff8, 0x00000000e8f00000| 99%| O|  |TAMS 0x00000000e8e00000| PB 0x00000000e8e00000| Untracked |  0
|1639|0x00000000e8f00000, 0x00000000e8ffffe0, 0x00000000e9000000| 99%| O|  |TAMS 0x00000000e8f00000| PB 0x00000000e8f00000| Untracked |  0
|1640|0x00000000e9000000, 0x00000000e90ffff8, 0x00000000e9100000| 99%| O|  |TAMS 0x00000000e9000000| PB 0x00000000e9000000| Untracked |  0
|1641|0x00000000e9100000, 0x00000000e91fffe0, 0x00000000e9200000| 99%| O|  |TAMS 0x00000000e9100000| PB 0x00000000e9100000| Untracked |  0
|1642|0x00000000e9200000, 0x00000000e92ffff8, 0x00000000e9300000| 99%| O|  |TAMS 0x00000000e9200000| PB 0x00000000e9200000| Untracked |  0
|1643|0x00000000e9300000, 0x00000000e93ff488, 0x00000000e9400000| 99%| O|  |TAMS 0x00000000e9300000| PB 0x00000000e9300000| Untracked |  0
|1644|0x00000000e9400000, 0x00000000e9500000, 0x00000000e9500000|100%| O|  |TAMS 0x00000000e9400000| PB 0x00000000e9400000| Untracked |  0
|1645|0x00000000e9500000, 0x00000000e95ffff8, 0x00000000e9600000| 99%| O|  |TAMS 0x00000000e9500000| PB 0x00000000e9500000| Untracked |  0
|1646|0x00000000e9600000, 0x00000000e9700000, 0x00000000e9700000|100%| O|  |TAMS 0x00000000e9600000| PB 0x00000000e9600000| Untracked |  0
|1647|0x00000000e9700000, 0x00000000e97fffe0, 0x00000000e9800000| 99%| O|  |TAMS 0x00000000e9700000| PB 0x00000000e9700000| Untracked |  0
|1648|0x00000000e9800000, 0x00000000e98fffd8, 0x00000000e9900000| 99%| O|  |TAMS 0x00000000e9800000| PB 0x00000000e9800000| Untracked |  0
|1649|0x00000000e9900000, 0x00000000e99ffff0, 0x00000000e9a00000| 99%| O|  |TAMS 0x00000000e9900000| PB 0x00000000e9900000| Untracked |  0
|1650|0x00000000e9a00000, 0x00000000e9afffe8, 0x00000000e9b00000| 99%| O|  |TAMS 0x00000000e9a00000| PB 0x00000000e9a00000| Untracked |  0
|1651|0x00000000e9b00000, 0x00000000e9bffff8, 0x00000000e9c00000| 99%| O|  |TAMS 0x00000000e9b00000| PB 0x00000000e9b00000| Untracked |  0
|1652|0x00000000e9c00000, 0x00000000e9cfffe8, 0x00000000e9d00000| 99%| O|  |TAMS 0x00000000e9c00000| PB 0x00000000e9c00000| Untracked |  0
|1653|0x00000000e9d00000, 0x00000000e9dfffb8, 0x00000000e9e00000| 99%| O|  |TAMS 0x00000000e9d00000| PB 0x00000000e9d00000| Untracked |  0
|1654|0x00000000e9e00000, 0x00000000e9f00000, 0x00000000e9f00000|100%| O|  |TAMS 0x00000000e9e00000| PB 0x00000000e9e00000| Untracked |  0
|1655|0x00000000e9f00000, 0x00000000e9ffffd0, 0x00000000ea000000| 99%| O|  |TAMS 0x00000000e9f00000| PB 0x00000000e9f00000| Untracked |  0
|1656|0x00000000ea000000, 0x00000000ea0ffff8, 0x00000000ea100000| 99%| O|  |TAMS 0x00000000ea000000| PB 0x00000000ea000000| Untracked |  0
|1657|0x00000000ea100000, 0x00000000ea200000, 0x00000000ea200000|100%| O|  |TAMS 0x00000000ea100000| PB 0x00000000ea100000| Untracked |  0
|1658|0x00000000ea200000, 0x00000000ea300000, 0x00000000ea300000|100%| O|  |TAMS 0x00000000ea200000| PB 0x00000000ea200000| Untracked |  0
|1659|0x00000000ea300000, 0x00000000ea400000, 0x00000000ea400000|100%| O|  |TAMS 0x00000000ea300000| PB 0x00000000ea300000| Untracked |  0
|1660|0x00000000ea400000, 0x00000000ea500000, 0x00000000ea500000|100%| O|  |TAMS 0x00000000ea400000| PB 0x00000000ea400000| Untracked |  0
|1661|0x00000000ea500000, 0x00000000ea5fffe8, 0x00000000ea600000| 99%| O|  |TAMS 0x00000000ea500000| PB 0x00000000ea500000| Untracked |  0
|1662|0x00000000ea600000, 0x00000000ea6ffff8, 0x00000000ea700000| 99%| O|  |TAMS 0x00000000ea600000| PB 0x00000000ea600000| Untracked |  0
|1663|0x00000000ea700000, 0x00000000ea7ffff0, 0x00000000ea800000| 99%| O|  |TAMS 0x00000000ea700000| PB 0x00000000ea700000| Untracked |  0
|1664|0x00000000ea800000, 0x00000000ea8ffff0, 0x00000000ea900000| 99%| O|  |TAMS 0x00000000ea800000| PB 0x00000000ea800000| Untracked |  0
|1665|0x00000000ea900000, 0x00000000ea9fffe0, 0x00000000eaa00000| 99%| O|  |TAMS 0x00000000ea900000| PB 0x00000000ea900000| Untracked |  0
|1666|0x00000000eaa00000, 0x00000000eaaffff8, 0x00000000eab00000| 99%| O|  |TAMS 0x00000000eaa00000| PB 0x00000000eaa00000| Untracked |  0
|1667|0x00000000eab00000, 0x00000000eabfffd8, 0x00000000eac00000| 99%| O|  |TAMS 0x00000000eab00000| PB 0x00000000eab00000| Untracked |  0
|1668|0x00000000eac00000, 0x00000000ead00000, 0x00000000ead00000|100%| O|  |TAMS 0x00000000eac00000| PB 0x00000000eac00000| Untracked |  0
|1669|0x00000000ead00000, 0x00000000eae00000, 0x00000000eae00000|100%| O|  |TAMS 0x00000000ead00000| PB 0x00000000ead00000| Untracked |  0
|1670|0x00000000eae00000, 0x00000000eaefff90, 0x00000000eaf00000| 99%| O|  |TAMS 0x00000000eae00000| PB 0x00000000eae00000| Untracked |  0
|1671|0x00000000eaf00000, 0x00000000eafffff0, 0x00000000eb000000| 99%| O|  |TAMS 0x00000000eaf00000| PB 0x00000000eaf00000| Untracked |  0
|1672|0x00000000eb000000, 0x00000000eb0ffff0, 0x00000000eb100000| 99%| O|  |TAMS 0x00000000eb000000| PB 0x00000000eb000000| Untracked |  0
|1673|0x00000000eb100000, 0x00000000eb200000, 0x00000000eb200000|100%| O|  |TAMS 0x00000000eb100000| PB 0x00000000eb100000| Untracked |  0
|1674|0x00000000eb200000, 0x00000000eb300000, 0x00000000eb300000|100%| O|  |TAMS 0x00000000eb200000| PB 0x00000000eb200000| Untracked |  0
|1675|0x00000000eb300000, 0x00000000eb3fffe0, 0x00000000eb400000| 99%| O|  |TAMS 0x00000000eb300000| PB 0x00000000eb300000| Untracked |  0
|1676|0x00000000eb400000, 0x00000000eb4ffff8, 0x00000000eb500000| 99%| O|  |TAMS 0x00000000eb400000| PB 0x00000000eb400000| Untracked |  0
|1677|0x00000000eb500000, 0x00000000eb5f8588, 0x00000000eb600000| 97%| O|  |TAMS 0x00000000eb500000| PB 0x00000000eb500000| Untracked |  0
|1678|0x00000000eb600000, 0x00000000eb6ffff8, 0x00000000eb700000| 99%| O|  |TAMS 0x00000000eb600000| PB 0x00000000eb600000| Untracked |  0
|1679|0x00000000eb700000, 0x00000000eb7ffff0, 0x00000000eb800000| 99%| O|  |TAMS 0x00000000eb700000| PB 0x00000000eb700000| Untracked |  0
|1680|0x00000000eb800000, 0x00000000eb8ffff0, 0x00000000eb900000| 99%| O|  |TAMS 0x00000000eb800000| PB 0x00000000eb800000| Untracked |  0
|1681|0x00000000eb900000, 0x00000000eb9ffff8, 0x00000000eba00000| 99%| O|  |TAMS 0x00000000eb900000| PB 0x00000000eb900000| Untracked |  0
|1682|0x00000000eba00000, 0x00000000ebb00000, 0x00000000ebb00000|100%| O|  |TAMS 0x00000000eba00000| PB 0x00000000eba00000| Untracked |  0
|1683|0x00000000ebb00000, 0x00000000ebbfffe8, 0x00000000ebc00000| 99%| O|  |TAMS 0x00000000ebb00000| PB 0x00000000ebb00000| Untracked |  0
|1684|0x00000000ebc00000, 0x00000000ebd00000, 0x00000000ebd00000|100%| O|  |TAMS 0x00000000ebc00000| PB 0x00000000ebc00000| Untracked |  0
|1685|0x00000000ebd00000, 0x00000000ebdfffe8, 0x00000000ebe00000| 99%| O|  |TAMS 0x00000000ebd00000| PB 0x00000000ebd00000| Untracked |  0
|1686|0x00000000ebe00000, 0x00000000ebefffc8, 0x00000000ebf00000| 99%| O|  |TAMS 0x00000000ebe00000| PB 0x00000000ebe00000| Untracked |  0
|1687|0x00000000ebf00000, 0x00000000ebffff58, 0x00000000ec000000| 99%| O|  |TAMS 0x00000000ebf00000| PB 0x00000000ebf00000| Untracked |  0
|1688|0x00000000ec000000, 0x00000000ec100000, 0x00000000ec100000|100%| O|  |TAMS 0x00000000ec000000| PB 0x00000000ec000000| Untracked |  0
|1689|0x00000000ec100000, 0x00000000ec1ffff0, 0x00000000ec200000| 99%| O|  |TAMS 0x00000000ec100000| PB 0x00000000ec100000| Untracked |  0
|1690|0x00000000ec200000, 0x00000000ec300000, 0x00000000ec300000|100%| O|  |TAMS 0x00000000ec200000| PB 0x00000000ec200000| Untracked |  0
|1691|0x00000000ec300000, 0x00000000ec400000, 0x00000000ec400000|100%| O|  |TAMS 0x00000000ec300000| PB 0x00000000ec300000| Untracked |  0
|1692|0x00000000ec400000, 0x00000000ec4ffff8, 0x00000000ec500000| 99%| O|  |TAMS 0x00000000ec400000| PB 0x00000000ec400000| Untracked |  0
|1693|0x00000000ec500000, 0x00000000ec5ffff0, 0x00000000ec600000| 99%| O|  |TAMS 0x00000000ec500000| PB 0x00000000ec500000| Untracked |  0
|1694|0x00000000ec600000, 0x00000000ec6f60c0, 0x00000000ec700000| 96%| O|  |TAMS 0x00000000ec600000| PB 0x00000000ec600000| Untracked |  0
|1695|0x00000000ec700000, 0x00000000ec7ffff8, 0x00000000ec800000| 99%| O|  |TAMS 0x00000000ec700000| PB 0x00000000ec700000| Untracked |  0
|1696|0x00000000ec800000, 0x00000000ec8fffd0, 0x00000000ec900000| 99%| O|  |TAMS 0x00000000ec800000| PB 0x00000000ec800000| Untracked |  0
|1697|0x00000000ec900000, 0x00000000ec9ffff0, 0x00000000eca00000| 99%| O|  |TAMS 0x00000000ec900000| PB 0x00000000ec900000| Untracked |  0
|1698|0x00000000eca00000, 0x00000000ecaffff0, 0x00000000ecb00000| 99%| O|  |TAMS 0x00000000eca00000| PB 0x00000000eca00000| Untracked |  0
|1699|0x00000000ecb00000, 0x00000000ecbffff0, 0x00000000ecc00000| 99%| O|  |TAMS 0x00000000ecb00000| PB 0x00000000ecb00000| Untracked |  0
|1700|0x00000000ecc00000, 0x00000000ecd00000, 0x00000000ecd00000|100%| O|  |TAMS 0x00000000ecc00000| PB 0x00000000ecc00000| Untracked |  0
|1701|0x00000000ecd00000, 0x00000000ecdfffb0, 0x00000000ece00000| 99%| O|  |TAMS 0x00000000ecd00000| PB 0x00000000ecd00000| Untracked |  0
|1702|0x00000000ece00000, 0x00000000ecefeff8, 0x00000000ecf00000| 99%| O|  |TAMS 0x00000000ece00000| PB 0x00000000ece00000| Untracked |  0
|1703|0x00000000ecf00000, 0x00000000ecffffb0, 0x00000000ed000000| 99%| O|  |TAMS 0x00000000ecf00000| PB 0x00000000ecf00000| Untracked |  0
|1704|0x00000000ed000000, 0x00000000ed100000, 0x00000000ed100000|100%| O|  |TAMS 0x00000000ed000000| PB 0x00000000ed000000| Untracked |  0
|1705|0x00000000ed100000, 0x00000000ed200000, 0x00000000ed200000|100%| O|  |TAMS 0x00000000ed100000| PB 0x00000000ed100000| Untracked |  0
|1706|0x00000000ed200000, 0x00000000ed2ffff0, 0x00000000ed300000| 99%| O|  |TAMS 0x00000000ed200000| PB 0x00000000ed200000| Untracked |  0
|1707|0x00000000ed300000, 0x00000000ed3ffff0, 0x00000000ed400000| 99%| O|  |TAMS 0x00000000ed300000| PB 0x00000000ed300000| Untracked |  0
|1708|0x00000000ed400000, 0x00000000ed4fffc8, 0x00000000ed500000| 99%| O|  |TAMS 0x00000000ed400000| PB 0x00000000ed400000| Untracked |  0
|1709|0x00000000ed500000, 0x00000000ed5ffff0, 0x00000000ed600000| 99%| O|  |TAMS 0x00000000ed500000| PB 0x00000000ed500000| Untracked |  0
|1710|0x00000000ed600000, 0x00000000ed700000, 0x00000000ed700000|100%| O|  |TAMS 0x00000000ed600000| PB 0x00000000ed600000| Untracked |  0
|1711|0x00000000ed700000, 0x00000000ed7fffd8, 0x00000000ed800000| 99%| O|  |TAMS 0x00000000ed700000| PB 0x00000000ed700000| Untracked |  0
|1712|0x00000000ed800000, 0x00000000ed8ffff8, 0x00000000ed900000| 99%| O|  |TAMS 0x00000000ed800000| PB 0x00000000ed800000| Untracked |  0
|1713|0x00000000ed900000, 0x00000000ed9ffff0, 0x00000000eda00000| 99%| O|  |TAMS 0x00000000ed900000| PB 0x00000000ed900000| Untracked |  0
|1714|0x00000000eda00000, 0x00000000edafffe8, 0x00000000edb00000| 99%| O|  |TAMS 0x00000000eda00000| PB 0x00000000eda00000| Untracked |  0
|1715|0x00000000edb00000, 0x00000000edbfffd8, 0x00000000edc00000| 99%| O|  |TAMS 0x00000000edb00000| PB 0x00000000edb00000| Untracked |  0
|1716|0x00000000edc00000, 0x00000000edcfff38, 0x00000000edd00000| 99%| O|  |TAMS 0x00000000edc00000| PB 0x00000000edc00000| Untracked |  0
|1717|0x00000000edd00000, 0x00000000eddffff0, 0x00000000ede00000| 99%| O|  |TAMS 0x00000000edd00000| PB 0x00000000edd00000| Untracked |  0
|1718|0x00000000ede00000, 0x00000000edefffe8, 0x00000000edf00000| 99%| O|  |TAMS 0x00000000ede00000| PB 0x00000000ede00000| Untracked |  0
|1719|0x00000000edf00000, 0x00000000edfffff0, 0x00000000ee000000| 99%| O|  |TAMS 0x00000000edf00000| PB 0x00000000edf00000| Untracked |  0
|1720|0x00000000ee000000, 0x00000000ee0fffd8, 0x00000000ee100000| 99%| O|  |TAMS 0x00000000ee000000| PB 0x00000000ee000000| Untracked |  0
|1721|0x00000000ee100000, 0x00000000ee200000, 0x00000000ee200000|100%| O|  |TAMS 0x00000000ee100000| PB 0x00000000ee100000| Untracked |  0
|1722|0x00000000ee200000, 0x00000000ee2fffd8, 0x00000000ee300000| 99%| O|  |TAMS 0x00000000ee200000| PB 0x00000000ee200000| Untracked |  0
|1723|0x00000000ee300000, 0x00000000ee3fffe8, 0x00000000ee400000| 99%| O|  |TAMS 0x00000000ee300000| PB 0x00000000ee300000| Untracked |  0
|1724|0x00000000ee400000, 0x00000000ee4fffe8, 0x00000000ee500000| 99%| O|  |TAMS 0x00000000ee400000| PB 0x00000000ee400000| Untracked |  0
|1725|0x00000000ee500000, 0x00000000ee5fffe8, 0x00000000ee600000| 99%| O|  |TAMS 0x00000000ee500000| PB 0x00000000ee500000| Untracked |  0
|1726|0x00000000ee600000, 0x00000000ee700000, 0x00000000ee700000|100%| O|  |TAMS 0x00000000ee600000| PB 0x00000000ee600000| Untracked |  0
|1727|0x00000000ee700000, 0x00000000ee800000, 0x00000000ee800000|100%| O|  |TAMS 0x00000000ee700000| PB 0x00000000ee700000| Untracked |  0
|1728|0x00000000ee800000, 0x00000000ee8fffe8, 0x00000000ee900000| 99%| O|  |TAMS 0x00000000ee800000| PB 0x00000000ee800000| Untracked |  0
|1729|0x00000000ee900000, 0x00000000ee9fffe8, 0x00000000eea00000| 99%| O|  |TAMS 0x00000000ee900000| PB 0x00000000ee900000| Untracked |  0
|1730|0x00000000eea00000, 0x00000000eeaffff0, 0x00000000eeb00000| 99%| O|  |TAMS 0x00000000eea00000| PB 0x00000000eea00000| Untracked |  0
|1731|0x00000000eeb00000, 0x00000000eec00000, 0x00000000eec00000|100%| O|  |TAMS 0x00000000eeb00000| PB 0x00000000eeb00000| Untracked |  0
|1732|0x00000000eec00000, 0x00000000eecffff8, 0x00000000eed00000| 99%| O|  |TAMS 0x00000000eec00000| PB 0x00000000eec00000| Untracked |  0
|1733|0x00000000eed00000, 0x00000000eedfffd8, 0x00000000eee00000| 99%| O|  |TAMS 0x00000000eed00000| PB 0x00000000eed00000| Untracked |  0
|1734|0x00000000eee00000, 0x00000000eeefff88, 0x00000000eef00000| 99%| O|  |TAMS 0x00000000eee00000| PB 0x00000000eee00000| Untracked |  0
|1735|0x00000000eef00000, 0x00000000eeffffd8, 0x00000000ef000000| 99%| O|  |TAMS 0x00000000eef00000| PB 0x00000000eef00000| Untracked |  0
|1736|0x00000000ef000000, 0x00000000ef0ffff0, 0x00000000ef100000| 99%| O|  |TAMS 0x00000000ef000000| PB 0x00000000ef000000| Untracked |  0
|1737|0x00000000ef100000, 0x00000000ef1ffff8, 0x00000000ef200000| 99%| O|  |TAMS 0x00000000ef100000| PB 0x00000000ef100000| Untracked |  0
|1738|0x00000000ef200000, 0x00000000ef300000, 0x00000000ef300000|100%| O|  |TAMS 0x00000000ef200000| PB 0x00000000ef200000| Untracked |  0
|1739|0x00000000ef300000, 0x00000000ef400000, 0x00000000ef400000|100%| O|  |TAMS 0x00000000ef300000| PB 0x00000000ef300000| Untracked |  0
|1740|0x00000000ef400000, 0x00000000ef4fffe0, 0x00000000ef500000| 99%| O|  |TAMS 0x00000000ef400000| PB 0x00000000ef400000| Untracked |  0
|1741|0x00000000ef500000, 0x00000000ef600000, 0x00000000ef600000|100%| O|  |TAMS 0x00000000ef500000| PB 0x00000000ef500000| Untracked |  0
|1742|0x00000000ef600000, 0x00000000ef6ffff8, 0x00000000ef700000| 99%| O|  |TAMS 0x00000000ef600000| PB 0x00000000ef600000| Untracked |  0
|1743|0x00000000ef700000, 0x00000000ef7fffe8, 0x00000000ef800000| 99%| O|  |TAMS 0x00000000ef700000| PB 0x00000000ef700000| Untracked |  0
|1744|0x00000000ef800000, 0x00000000ef8ffff0, 0x00000000ef900000| 99%| O|  |TAMS 0x00000000ef800000| PB 0x00000000ef800000| Untracked |  0
|1745|0x00000000ef900000, 0x00000000ef9ffff0, 0x00000000efa00000| 99%| O|  |TAMS 0x00000000ef900000| PB 0x00000000ef900000| Untracked |  0
|1746|0x00000000efa00000, 0x00000000efaffff8, 0x00000000efb00000| 99%| O|  |TAMS 0x00000000efa00000| PB 0x00000000efa00000| Untracked |  0
|1747|0x00000000efb00000, 0x00000000efc00000, 0x00000000efc00000|100%| O|  |TAMS 0x00000000efb00000| PB 0x00000000efb00000| Untracked |  0
|1748|0x00000000efc00000, 0x00000000efcffff0, 0x00000000efd00000| 99%| O|  |TAMS 0x00000000efc00000| PB 0x00000000efc00000| Untracked |  0
|1749|0x00000000efd00000, 0x00000000efdffff0, 0x00000000efe00000| 99%| O|  |TAMS 0x00000000efd00000| PB 0x00000000efd00000| Untracked |  0
|1750|0x00000000efe00000, 0x00000000efeffff0, 0x00000000eff00000| 99%| O|  |TAMS 0x00000000efe00000| PB 0x00000000efe00000| Untracked |  0
|1751|0x00000000eff00000, 0x00000000efffffe0, 0x00000000f0000000| 99%| O|  |TAMS 0x00000000eff00000| PB 0x00000000eff00000| Untracked |  0
|1752|0x00000000f0000000, 0x00000000f00fffe8, 0x00000000f0100000| 99%| O|  |TAMS 0x00000000f0000000| PB 0x00000000f0000000| Untracked |  0
|1753|0x00000000f0100000, 0x00000000f01fffc8, 0x00000000f0200000| 99%| O|  |TAMS 0x00000000f0100000| PB 0x00000000f0100000| Untracked |  0
|1754|0x00000000f0200000, 0x00000000f02fffe8, 0x00000000f0300000| 99%| O|  |TAMS 0x00000000f0200000| PB 0x00000000f0200000| Untracked |  0
|1755|0x00000000f0300000, 0x00000000f03ffff8, 0x00000000f0400000| 99%| O|  |TAMS 0x00000000f0300000| PB 0x00000000f0300000| Untracked |  0
|1756|0x00000000f0400000, 0x00000000f04ffff0, 0x00000000f0500000| 99%| O|  |TAMS 0x00000000f0400000| PB 0x00000000f0400000| Untracked |  0
|1757|0x00000000f0500000, 0x00000000f05fffe8, 0x00000000f0600000| 99%| O|  |TAMS 0x00000000f0500000| PB 0x00000000f0500000| Untracked |  0
|1758|0x00000000f0600000, 0x00000000f06fff18, 0x00000000f0700000| 99%| O|  |TAMS 0x00000000f0600000| PB 0x00000000f0600000| Untracked |  0
|1759|0x00000000f0700000, 0x00000000f07fffe8, 0x00000000f0800000| 99%| O|  |TAMS 0x00000000f0700000| PB 0x00000000f0700000| Untracked |  0
|1760|0x00000000f0800000, 0x00000000f08ffff8, 0x00000000f0900000| 99%| O|  |TAMS 0x00000000f0800000| PB 0x00000000f0800000| Untracked |  0
|1761|0x00000000f0900000, 0x00000000f09ffff8, 0x00000000f0a00000| 99%| O|  |TAMS 0x00000000f0900000| PB 0x00000000f0900000| Untracked |  0
|1762|0x00000000f0a00000, 0x00000000f0affff8, 0x00000000f0b00000| 99%| O|  |TAMS 0x00000000f0a00000| PB 0x00000000f0a00000| Untracked |  0
|1763|0x00000000f0b00000, 0x00000000f0bfffc8, 0x00000000f0c00000| 99%| O|  |TAMS 0x00000000f0b00000| PB 0x00000000f0b00000| Untracked |  0
|1764|0x00000000f0c00000, 0x00000000f0cffff8, 0x00000000f0d00000| 99%| O|  |TAMS 0x00000000f0c00000| PB 0x00000000f0c00000| Untracked |  0
|1765|0x00000000f0d00000, 0x00000000f0dffff8, 0x00000000f0e00000| 99%| O|  |TAMS 0x00000000f0d00000| PB 0x00000000f0d00000| Untracked |  0
|1766|0x00000000f0e00000, 0x00000000f0f00000, 0x00000000f0f00000|100%| O|  |TAMS 0x00000000f0e00000| PB 0x00000000f0e00000| Untracked |  0
|1767|0x00000000f0f00000, 0x00000000f1000000, 0x00000000f1000000|100%| O|  |TAMS 0x00000000f0f00000| PB 0x00000000f0f00000| Untracked |  0
|1768|0x00000000f1000000, 0x00000000f10ffff0, 0x00000000f1100000| 99%| O|  |TAMS 0x00000000f1000000| PB 0x00000000f1000000| Untracked |  0
|1769|0x00000000f1100000, 0x00000000f11fffd0, 0x00000000f1200000| 99%| O|  |TAMS 0x00000000f1100000| PB 0x00000000f1100000| Untracked |  0
|1770|0x00000000f1200000, 0x00000000f12ffff8, 0x00000000f1300000| 99%| O|  |TAMS 0x00000000f1200000| PB 0x00000000f1200000| Untracked |  0
|1771|0x00000000f1300000, 0x00000000f13ffff0, 0x00000000f1400000| 99%| O|  |TAMS 0x00000000f1300000| PB 0x00000000f1300000| Untracked |  0
|1772|0x00000000f1400000, 0x00000000f14fffd0, 0x00000000f1500000| 99%| O|  |TAMS 0x00000000f1400000| PB 0x00000000f1400000| Untracked |  0
|1773|0x00000000f1500000, 0x00000000f15ffff0, 0x00000000f1600000| 99%| O|  |TAMS 0x00000000f1500000| PB 0x00000000f1500000| Untracked |  0
|1774|0x00000000f1600000, 0x00000000f16ffff8, 0x00000000f1700000| 99%| O|  |TAMS 0x00000000f1600000| PB 0x00000000f1600000| Untracked |  0
|1775|0x00000000f1700000, 0x00000000f17fffe8, 0x00000000f1800000| 99%| O|  |TAMS 0x00000000f1700000| PB 0x00000000f1700000| Untracked |  0
|1776|0x00000000f1800000, 0x00000000f18ffff0, 0x00000000f1900000| 99%| O|  |TAMS 0x00000000f1800000| PB 0x00000000f1800000| Untracked |  0
|1777|0x00000000f1900000, 0x00000000f19ffff0, 0x00000000f1a00000| 99%| O|  |TAMS 0x00000000f1900000| PB 0x00000000f1900000| Untracked |  0
|1778|0x00000000f1a00000, 0x00000000f1afffe8, 0x00000000f1b00000| 99%| O|  |TAMS 0x00000000f1a00000| PB 0x00000000f1a00000| Untracked |  0
|1779|0x00000000f1b00000, 0x00000000f1bffff8, 0x00000000f1c00000| 99%| O|  |TAMS 0x00000000f1b00000| PB 0x00000000f1b00000| Untracked |  0
|1780|0x00000000f1c00000, 0x00000000f1cfff08, 0x00000000f1d00000| 99%| O|  |TAMS 0x00000000f1c00000| PB 0x00000000f1c00000| Untracked |  0
|1781|0x00000000f1d00000, 0x00000000f1e00000, 0x00000000f1e00000|100%| O|  |TAMS 0x00000000f1d00000| PB 0x00000000f1d00000| Untracked |  0
|1782|0x00000000f1e00000, 0x00000000f1effff0, 0x00000000f1f00000| 99%| O|  |TAMS 0x00000000f1e00000| PB 0x00000000f1e00000| Untracked |  0
|1783|0x00000000f1f00000, 0x00000000f2000000, 0x00000000f2000000|100%| O|  |TAMS 0x00000000f1f00000| PB 0x00000000f1f00000| Untracked |  0
|1784|0x00000000f2000000, 0x00000000f20ffff8, 0x00000000f2100000| 99%| O|  |TAMS 0x00000000f2000000| PB 0x00000000f2000000| Untracked |  0
|1785|0x00000000f2100000, 0x00000000f2200000, 0x00000000f2200000|100%| O|  |TAMS 0x00000000f2100000| PB 0x00000000f2100000| Untracked |  0
|1786|0x00000000f2200000, 0x00000000f2300000, 0x00000000f2300000|100%| O|  |TAMS 0x00000000f2200000| PB 0x00000000f2200000| Untracked |  0
|1787|0x00000000f2300000, 0x00000000f2400000, 0x00000000f2400000|100%| O|  |TAMS 0x00000000f2300000| PB 0x00000000f2300000| Untracked |  0
|1788|0x00000000f2400000, 0x00000000f24fffe0, 0x00000000f2500000| 99%| O|  |TAMS 0x00000000f2400000| PB 0x00000000f2400000| Untracked |  0
|1789|0x00000000f2500000, 0x00000000f25ffff0, 0x00000000f2600000| 99%| O|  |TAMS 0x00000000f2500000| PB 0x00000000f2500000| Untracked |  0
|1790|0x00000000f2600000, 0x00000000f26fffd0, 0x00000000f2700000| 99%| O|  |TAMS 0x00000000f2600000| PB 0x00000000f2600000| Untracked |  0
|1791|0x00000000f2700000, 0x00000000f27ffff8, 0x00000000f2800000| 99%| O|  |TAMS 0x00000000f2700000| PB 0x00000000f2700000| Untracked |  0
|1792|0x00000000f2800000, 0x00000000f28ffff8, 0x00000000f2900000| 99%| O|  |TAMS 0x00000000f2800000| PB 0x00000000f2800000| Untracked |  0
|1793|0x00000000f2900000, 0x00000000f2a00000, 0x00000000f2a00000|100%| O|  |TAMS 0x00000000f2900000| PB 0x00000000f2900000| Untracked |  0
|1794|0x00000000f2a00000, 0x00000000f2b00000, 0x00000000f2b00000|100%| O|  |TAMS 0x00000000f2a00000| PB 0x00000000f2a00000| Untracked |  0
|1795|0x00000000f2b00000, 0x00000000f2bf7b68, 0x00000000f2c00000| 96%| O|  |TAMS 0x00000000f2b00000| PB 0x00000000f2b00000| Untracked |  0
|1796|0x00000000f2c00000, 0x00000000f2cfffe0, 0x00000000f2d00000| 99%| O|  |TAMS 0x00000000f2c00000| PB 0x00000000f2c00000| Untracked |  0
|1797|0x00000000f2d00000, 0x00000000f2dfffd8, 0x00000000f2e00000| 99%| O|  |TAMS 0x00000000f2d00000| PB 0x00000000f2d00000| Untracked |  0
|1798|0x00000000f2e00000, 0x00000000f2efe090, 0x00000000f2f00000| 99%| O|  |TAMS 0x00000000f2e00000| PB 0x00000000f2e00000| Untracked |  0
|1799|0x00000000f2f00000, 0x00000000f2ffffb8, 0x00000000f3000000| 99%| O|  |TAMS 0x00000000f2f00000| PB 0x00000000f2f00000| Untracked |  0
|1800|0x00000000f3000000, 0x00000000f30ffff8, 0x00000000f3100000| 99%| O|  |TAMS 0x00000000f3000000| PB 0x00000000f3000000| Untracked |  0
|1801|0x00000000f3100000, 0x00000000f31fffc8, 0x00000000f3200000| 99%| O|  |TAMS 0x00000000f3100000| PB 0x00000000f3100000| Untracked |  0
|1802|0x00000000f3200000, 0x00000000f32fffb8, 0x00000000f3300000| 99%| O|  |TAMS 0x00000000f3200000| PB 0x00000000f3200000| Untracked |  0
|1803|0x00000000f3300000, 0x00000000f33ffff8, 0x00000000f3400000| 99%| O|  |TAMS 0x00000000f3300000| PB 0x00000000f3300000| Untracked |  0
|1804|0x00000000f3400000, 0x00000000f34ffff8, 0x00000000f3500000| 99%| O|  |TAMS 0x00000000f3400000| PB 0x00000000f3400000| Untracked |  0
|1805|0x00000000f3500000, 0x00000000f35ffff8, 0x00000000f3600000| 99%| O|  |TAMS 0x00000000f3500000| PB 0x00000000f3500000| Untracked |  0
|1806|0x00000000f3600000, 0x00000000f36ffff0, 0x00000000f3700000| 99%| O|  |TAMS 0x00000000f3600000| PB 0x00000000f3600000| Untracked |  0
|1807|0x00000000f3700000, 0x00000000f37fffe0, 0x00000000f3800000| 99%| O|  |TAMS 0x00000000f3700000| PB 0x00000000f3700000| Untracked |  0
|1808|0x00000000f3800000, 0x00000000f38fffb8, 0x00000000f3900000| 99%| O|  |TAMS 0x00000000f3800000| PB 0x00000000f3800000| Untracked |  0
|1809|0x00000000f3900000, 0x00000000f39fffc8, 0x00000000f3a00000| 99%| O|  |TAMS 0x00000000f3900000| PB 0x00000000f3900000| Untracked |  0
|1810|0x00000000f3a00000, 0x00000000f3affd50, 0x00000000f3b00000| 99%| O|  |TAMS 0x00000000f3a00000| PB 0x00000000f3a00000| Untracked |  0
|1811|0x00000000f3b00000, 0x00000000f3bffff0, 0x00000000f3c00000| 99%| O|  |TAMS 0x00000000f3b00000| PB 0x00000000f3b00000| Untracked |  0
|1812|0x00000000f3c00000, 0x00000000f3cffff0, 0x00000000f3d00000| 99%| O|  |TAMS 0x00000000f3c00000| PB 0x00000000f3c00000| Untracked |  0
|1813|0x00000000f3d00000, 0x00000000f3dffff8, 0x00000000f3e00000| 99%| O|  |TAMS 0x00000000f3d00000| PB 0x00000000f3d00000| Untracked |  0
|1814|0x00000000f3e00000, 0x00000000f3effff8, 0x00000000f3f00000| 99%| O|  |TAMS 0x00000000f3e00000| PB 0x00000000f3e00000| Untracked |  0
|1815|0x00000000f3f00000, 0x00000000f3ffffe0, 0x00000000f4000000| 99%| O|  |TAMS 0x00000000f3f00000| PB 0x00000000f3f00000| Untracked |  0
|1816|0x00000000f4000000, 0x00000000f40ffff0, 0x00000000f4100000| 99%| O|  |TAMS 0x00000000f4000000| PB 0x00000000f4000000| Untracked |  0
|1817|0x00000000f4100000, 0x00000000f41ffff8, 0x00000000f4200000| 99%| O|  |TAMS 0x00000000f4100000| PB 0x00000000f4100000| Untracked |  0
|1818|0x00000000f4200000, 0x00000000f42fffa8, 0x00000000f4300000| 99%| O|  |TAMS 0x00000000f4200000| PB 0x00000000f4200000| Untracked |  0
|1819|0x00000000f4300000, 0x00000000f43fffd8, 0x00000000f4400000| 99%| O|  |TAMS 0x00000000f4300000| PB 0x00000000f4300000| Untracked |  0
|1820|0x00000000f4400000, 0x00000000f44fffd8, 0x00000000f4500000| 99%| O|  |TAMS 0x00000000f4400000| PB 0x00000000f4400000| Untracked |  0
|1821|0x00000000f4500000, 0x00000000f45ffff8, 0x00000000f4600000| 99%| O|  |TAMS 0x00000000f4500000| PB 0x00000000f4500000| Untracked |  0
|1822|0x00000000f4600000, 0x00000000f46ffec8, 0x00000000f4700000| 99%| O|  |TAMS 0x00000000f4600000| PB 0x00000000f4600000| Untracked |  0
|1823|0x00000000f4700000, 0x00000000f47fffe8, 0x00000000f4800000| 99%| O|  |TAMS 0x00000000f4700000| PB 0x00000000f4700000| Untracked |  0
|1824|0x00000000f4800000, 0x00000000f48ffff8, 0x00000000f4900000| 99%| O|  |TAMS 0x00000000f4800000| PB 0x00000000f4800000| Untracked |  0
|1825|0x00000000f4900000, 0x00000000f49fffe0, 0x00000000f4a00000| 99%| O|  |TAMS 0x00000000f4900000| PB 0x00000000f4900000| Untracked |  0
|1826|0x00000000f4a00000, 0x00000000f4afffe8, 0x00000000f4b00000| 99%| O|  |TAMS 0x00000000f4a00000| PB 0x00000000f4a00000| Untracked |  0
|1827|0x00000000f4b00000, 0x00000000f4c00000, 0x00000000f4c00000|100%| O|  |TAMS 0x00000000f4b00000| PB 0x00000000f4b00000| Untracked |  0
|1828|0x00000000f4c00000, 0x00000000f4cffff8, 0x00000000f4d00000| 99%| O|  |TAMS 0x00000000f4c00000| PB 0x00000000f4c00000| Untracked |  0
|1829|0x00000000f4d00000, 0x00000000f4dfff98, 0x00000000f4e00000| 99%| O|  |TAMS 0x00000000f4d00000| PB 0x00000000f4d00000| Untracked |  0
|1830|0x00000000f4e00000, 0x00000000f4efff38, 0x00000000f4f00000| 99%| O|  |TAMS 0x00000000f4e00000| PB 0x00000000f4e00000| Untracked |  0
|1831|0x00000000f4f00000, 0x00000000f4ffffe0, 0x00000000f5000000| 99%| O|  |TAMS 0x00000000f4f00000| PB 0x00000000f4f00000| Untracked |  0
|1832|0x00000000f5000000, 0x00000000f5100000, 0x00000000f5100000|100%| O|  |TAMS 0x00000000f5000000| PB 0x00000000f5000000| Untracked |  0
|1833|0x00000000f5100000, 0x00000000f51fffc8, 0x00000000f5200000| 99%| O|  |TAMS 0x00000000f5100000| PB 0x00000000f5100000| Untracked |  0
|1834|0x00000000f5200000, 0x00000000f5300000, 0x00000000f5300000|100%| O|  |TAMS 0x00000000f5200000| PB 0x00000000f5200000| Untracked |  0
|1835|0x00000000f5300000, 0x00000000f5400000, 0x00000000f5400000|100%| O|  |TAMS 0x00000000f5300000| PB 0x00000000f5300000| Untracked |  0
|1836|0x00000000f5400000, 0x00000000f5500000, 0x00000000f5500000|100%| O|  |TAMS 0x00000000f5400000| PB 0x00000000f5400000| Untracked |  0
|1837|0x00000000f5500000, 0x00000000f5600000, 0x00000000f5600000|100%| O|  |TAMS 0x00000000f5500000| PB 0x00000000f5500000| Untracked |  0
|1838|0x00000000f5600000, 0x00000000f56ffff8, 0x00000000f5700000| 99%| O|  |TAMS 0x00000000f5600000| PB 0x00000000f5600000| Untracked |  0
|1839|0x00000000f5700000, 0x00000000f57fffd8, 0x00000000f5800000| 99%| O|  |TAMS 0x00000000f5700000| PB 0x00000000f5700000| Untracked |  0
|1840|0x00000000f5800000, 0x00000000f58ffff8, 0x00000000f5900000| 99%| O|  |TAMS 0x00000000f5800000| PB 0x00000000f5800000| Untracked |  0
|1841|0x00000000f5900000, 0x00000000f59ffff0, 0x00000000f5a00000| 99%| O|  |TAMS 0x00000000f5900000| PB 0x00000000f5900000| Untracked |  0
|1842|0x00000000f5a00000, 0x00000000f5afffd8, 0x00000000f5b00000| 99%| O|  |TAMS 0x00000000f5a00000| PB 0x00000000f5a00000| Untracked |  0
|1843|0x00000000f5b00000, 0x00000000f5bff2d0, 0x00000000f5c00000| 99%| O|  |TAMS 0x00000000f5b00000| PB 0x00000000f5b00000| Untracked |  0
|1844|0x00000000f5c00000, 0x00000000f5cfffe0, 0x00000000f5d00000| 99%| O|  |TAMS 0x00000000f5c00000| PB 0x00000000f5c00000| Untracked |  0
|1845|0x00000000f5d00000, 0x00000000f5dfffd8, 0x00000000f5e00000| 99%| O|  |TAMS 0x00000000f5d00000| PB 0x00000000f5d00000| Untracked |  0
|1846|0x00000000f5e00000, 0x00000000f5effff8, 0x00000000f5f00000| 99%| O|  |TAMS 0x00000000f5e00000| PB 0x00000000f5e00000| Untracked |  0
|1847|0x00000000f5f00000, 0x00000000f5ffffe0, 0x00000000f6000000| 99%| O|  |TAMS 0x00000000f5f00000| PB 0x00000000f5f00000| Untracked |  0
|1848|0x00000000f6000000, 0x00000000f6100000, 0x00000000f6100000|100%| O|  |TAMS 0x00000000f6000000| PB 0x00000000f6000000| Untracked |  0
|1849|0x00000000f6100000, 0x00000000f61fffd0, 0x00000000f6200000| 99%| O|  |TAMS 0x00000000f6100000| PB 0x00000000f6100000| Untracked |  0
|1850|0x00000000f6200000, 0x00000000f6300000, 0x00000000f6300000|100%| O|  |TAMS 0x00000000f6200000| PB 0x00000000f6200000| Untracked |  0
|1851|0x00000000f6300000, 0x00000000f63ffff0, 0x00000000f6400000| 99%| O|  |TAMS 0x00000000f6300000| PB 0x00000000f6300000| Untracked |  0
|1852|0x00000000f6400000, 0x00000000f64fffe8, 0x00000000f6500000| 99%| O|  |TAMS 0x00000000f6400000| PB 0x00000000f6400000| Untracked |  0
|1853|0x00000000f6500000, 0x00000000f65ffff8, 0x00000000f6600000| 99%| O|  |TAMS 0x00000000f6500000| PB 0x00000000f6500000| Untracked |  0
|1854|0x00000000f6600000, 0x00000000f66ffff8, 0x00000000f6700000| 99%| O|  |TAMS 0x00000000f6600000| PB 0x00000000f6600000| Untracked |  0
|1855|0x00000000f6700000, 0x00000000f6800000, 0x00000000f6800000|100%| O|  |TAMS 0x00000000f6700000| PB 0x00000000f6700000| Untracked |  0
|1856|0x00000000f6800000, 0x00000000f68fffe8, 0x00000000f6900000| 99%| O|  |TAMS 0x00000000f6800000| PB 0x00000000f6800000| Untracked |  0
|1857|0x00000000f6900000, 0x00000000f69ffff0, 0x00000000f6a00000| 99%| O|  |TAMS 0x00000000f6900000| PB 0x00000000f6900000| Untracked |  0
|1858|0x00000000f6a00000, 0x00000000f6affff0, 0x00000000f6b00000| 99%| O|  |TAMS 0x00000000f6a00000| PB 0x00000000f6a00000| Untracked |  0
|1859|0x00000000f6b00000, 0x00000000f6bfffe8, 0x00000000f6c00000| 99%| O|  |TAMS 0x00000000f6b00000| PB 0x00000000f6b00000| Untracked |  0
|1860|0x00000000f6c00000, 0x00000000f6d00000, 0x00000000f6d00000|100%| O|  |TAMS 0x00000000f6c00000| PB 0x00000000f6c00000| Untracked |  0
|1861|0x00000000f6d00000, 0x00000000f6dfc678, 0x00000000f6e00000| 98%| O|  |TAMS 0x00000000f6d00000| PB 0x00000000f6d00000| Untracked |  0
|1862|0x00000000f6e00000, 0x00000000f6effd08, 0x00000000f6f00000| 99%| O|  |TAMS 0x00000000f6e00000| PB 0x00000000f6e00000| Untracked |  0
|1863|0x00000000f6f00000, 0x00000000f7000000, 0x00000000f7000000|100%| O|  |TAMS 0x00000000f6f00000| PB 0x00000000f6f00000| Untracked |  0
|1864|0x00000000f7000000, 0x00000000f70ffff0, 0x00000000f7100000| 99%| O|  |TAMS 0x00000000f7000000| PB 0x00000000f7000000| Untracked |  0
|1865|0x00000000f7100000, 0x00000000f7200000, 0x00000000f7200000|100%| O|  |TAMS 0x00000000f7100000| PB 0x00000000f7100000| Untracked |  0
|1866|0x00000000f7200000, 0x00000000f72fffe8, 0x00000000f7300000| 99%| O|  |TAMS 0x00000000f7200000| PB 0x00000000f7200000| Untracked |  0
|1867|0x00000000f7300000, 0x00000000f7400000, 0x00000000f7400000|100%| O|  |TAMS 0x00000000f7300000| PB 0x00000000f7300000| Untracked |  0
|1868|0x00000000f7400000, 0x00000000f74ffff0, 0x00000000f7500000| 99%| O|  |TAMS 0x00000000f7400000| PB 0x00000000f7400000| Untracked |  0
|1869|0x00000000f7500000, 0x00000000f7600000, 0x00000000f7600000|100%| O|  |TAMS 0x00000000f7500000| PB 0x00000000f7500000| Untracked |  0
|1870|0x00000000f7600000, 0x00000000f7700000, 0x00000000f7700000|100%| O|  |TAMS 0x00000000f7600000| PB 0x00000000f7600000| Untracked |  0
|1871|0x00000000f7700000, 0x00000000f77ffff0, 0x00000000f7800000| 99%| O|  |TAMS 0x00000000f7700000| PB 0x00000000f7700000| Untracked |  0
|1872|0x00000000f7800000, 0x00000000f78ffff8, 0x00000000f7900000| 99%| O|  |TAMS 0x00000000f7800000| PB 0x00000000f7800000| Untracked |  0
|1873|0x00000000f7900000, 0x00000000f79ffb80, 0x00000000f7a00000| 99%| O|  |TAMS 0x00000000f7900000| PB 0x00000000f7900000| Untracked |  0
|1874|0x00000000f7a00000, 0x00000000f7b00000, 0x00000000f7b00000|100%| O|  |TAMS 0x00000000f7a00000| PB 0x00000000f7a00000| Untracked |  0
|1875|0x00000000f7b00000, 0x00000000f7bfffe8, 0x00000000f7c00000| 99%| O|  |TAMS 0x00000000f7b00000| PB 0x00000000f7b00000| Untracked |  0
|1876|0x00000000f7c00000, 0x00000000f7cfff48, 0x00000000f7d00000| 99%| O|  |TAMS 0x00000000f7c00000| PB 0x00000000f7c00000| Untracked |  0
|1877|0x00000000f7d00000, 0x00000000f7e00000, 0x00000000f7e00000|100%| O|  |TAMS 0x00000000f7d00000| PB 0x00000000f7d00000| Untracked |  0
|1878|0x00000000f7e00000, 0x00000000f7efffe8, 0x00000000f7f00000| 99%| O|  |TAMS 0x00000000f7e00000| PB 0x00000000f7e00000| Untracked |  0
|1879|0x00000000f7f00000, 0x00000000f8000000, 0x00000000f8000000|100%| O|  |TAMS 0x00000000f7f00000| PB 0x00000000f7f00000| Untracked |  0
|1880|0x00000000f8000000, 0x00000000f80fffd0, 0x00000000f8100000| 99%| O|  |TAMS 0x00000000f8000000| PB 0x00000000f8000000| Untracked |  0
|1881|0x00000000f8100000, 0x00000000f8200000, 0x00000000f8200000|100%| O|  |TAMS 0x00000000f8100000| PB 0x00000000f8100000| Untracked |  0
|1882|0x00000000f8200000, 0x00000000f82ffff0, 0x00000000f8300000| 99%| O|  |TAMS 0x00000000f8200000| PB 0x00000000f8200000| Untracked |  0
|1883|0x00000000f8300000, 0x00000000f83f7df0, 0x00000000f8400000| 96%| O|  |TAMS 0x00000000f8300000| PB 0x00000000f8300000| Untracked |  0
|1884|0x00000000f8400000, 0x00000000f84fffc0, 0x00000000f8500000| 99%| O|  |TAMS 0x00000000f8400000| PB 0x00000000f8400000| Untracked |  0
|1885|0x00000000f8500000, 0x00000000f8600000, 0x00000000f8600000|100%| O|  |TAMS 0x00000000f8500000| PB 0x00000000f8500000| Untracked |  0
|1886|0x00000000f8600000, 0x00000000f86fffd8, 0x00000000f8700000| 99%| O|  |TAMS 0x00000000f8600000| PB 0x00000000f8600000| Untracked |  0
|1887|0x00000000f8700000, 0x00000000f87ffb58, 0x00000000f8800000| 99%| O|  |TAMS 0x00000000f8700000| PB 0x00000000f8700000| Untracked |  0
|1888|0x00000000f8800000, 0x00000000f8900000, 0x00000000f8900000|100%| O|  |TAMS 0x00000000f8800000| PB 0x00000000f8800000| Untracked |  0
|1889|0x00000000f8900000, 0x00000000f89ffff8, 0x00000000f8a00000| 99%| O|  |TAMS 0x00000000f8900000| PB 0x00000000f8900000| Untracked |  0
|1890|0x00000000f8a00000, 0x00000000f8b00000, 0x00000000f8b00000|100%| O|  |TAMS 0x00000000f8a00000| PB 0x00000000f8a00000| Untracked |  0
|1891|0x00000000f8b00000, 0x00000000f8bffd90, 0x00000000f8c00000| 99%| O|  |TAMS 0x00000000f8b00000| PB 0x00000000f8b00000| Untracked |  0
|1892|0x00000000f8c00000, 0x00000000f8cfffe8, 0x00000000f8d00000| 99%| O|  |TAMS 0x00000000f8c00000| PB 0x00000000f8c00000| Untracked |  0
|1893|0x00000000f8d00000, 0x00000000f8dfff98, 0x00000000f8e00000| 99%| O|  |TAMS 0x00000000f8d00000| PB 0x00000000f8d00000| Untracked |  0
|1894|0x00000000f8e00000, 0x00000000f8efffd0, 0x00000000f8f00000| 99%| O|  |TAMS 0x00000000f8e00000| PB 0x00000000f8e00000| Untracked |  0
|1895|0x00000000f8f00000, 0x00000000f8ff9950, 0x00000000f9000000| 97%| O|  |TAMS 0x00000000f8f00000| PB 0x00000000f8f00000| Untracked |  0
|1896|0x00000000f9000000, 0x00000000f9100000, 0x00000000f9100000|100%| O|  |TAMS 0x00000000f9000000| PB 0x00000000f9000000| Untracked |  0
|1897|0x00000000f9100000, 0x00000000f91ffff8, 0x00000000f9200000| 99%| O|  |TAMS 0x00000000f9100000| PB 0x00000000f9100000| Untracked |  0
|1898|0x00000000f9200000, 0x00000000f92fffd8, 0x00000000f9300000| 99%| O|  |TAMS 0x00000000f9200000| PB 0x00000000f9200000| Untracked |  0
|1899|0x00000000f9300000, 0x00000000f93fffe0, 0x00000000f9400000| 99%| O|  |TAMS 0x00000000f9300000| PB 0x00000000f9300000| Untracked |  0
|1900|0x00000000f9400000, 0x00000000f94fffe8, 0x00000000f9500000| 99%| O|  |TAMS 0x00000000f9400000| PB 0x00000000f9400000| Untracked |  0
|1901|0x00000000f9500000, 0x00000000f95ffff8, 0x00000000f9600000| 99%| O|  |TAMS 0x00000000f9500000| PB 0x00000000f9500000| Untracked |  0
|1902|0x00000000f9600000, 0x00000000f96ffff8, 0x00000000f9700000| 99%| O|  |TAMS 0x00000000f9600000| PB 0x00000000f9600000| Untracked |  0
|1903|0x00000000f9700000, 0x00000000f97fffd0, 0x00000000f9800000| 99%| O|  |TAMS 0x00000000f9700000| PB 0x00000000f9700000| Untracked |  0
|1904|0x00000000f9800000, 0x00000000f98fffe8, 0x00000000f9900000| 99%| O|  |TAMS 0x00000000f9800000| PB 0x00000000f9800000| Untracked |  0
|1905|0x00000000f9900000, 0x00000000f9a00000, 0x00000000f9a00000|100%| O|  |TAMS 0x00000000f9900000| PB 0x00000000f9900000| Untracked |  0
|1906|0x00000000f9a00000, 0x00000000f9afe4b0, 0x00000000f9b00000| 99%| O|  |TAMS 0x00000000f9a00000| PB 0x00000000f9a00000| Untracked |  0
|1907|0x00000000f9b00000, 0x00000000f9bfffb8, 0x00000000f9c00000| 99%| O|  |TAMS 0x00000000f9b00000| PB 0x00000000f9b00000| Untracked |  0
|1908|0x00000000f9c00000, 0x00000000f9cffea0, 0x00000000f9d00000| 99%| O|  |TAMS 0x00000000f9c00000| PB 0x00000000f9c00000| Untracked |  0
|1909|0x00000000f9d00000, 0x00000000f9e00000, 0x00000000f9e00000|100%| O|  |TAMS 0x00000000f9d00000| PB 0x00000000f9d00000| Untracked |  0
|1910|0x00000000f9e00000, 0x00000000f9effff8, 0x00000000f9f00000| 99%| O|  |TAMS 0x00000000f9e00000| PB 0x00000000f9e00000| Untracked |  0
|1911|0x00000000f9f00000, 0x00000000f9fffff0, 0x00000000fa000000| 99%| O|  |TAMS 0x00000000f9f00000| PB 0x00000000f9f00000| Untracked |  0
|1912|0x00000000fa000000, 0x00000000fa0ffe70, 0x00000000fa100000| 99%| O|  |TAMS 0x00000000fa000000| PB 0x00000000fa000000| Untracked |  0
|1913|0x00000000fa100000, 0x00000000fa1fffe0, 0x00000000fa200000| 99%| O|  |TAMS 0x00000000fa100000| PB 0x00000000fa100000| Untracked |  0
|1914|0x00000000fa200000, 0x00000000fa300000, 0x00000000fa300000|100%| O|  |TAMS 0x00000000fa200000| PB 0x00000000fa200000| Untracked |  0
|1915|0x00000000fa300000, 0x00000000fa3ffff0, 0x00000000fa400000| 99%| O|  |TAMS 0x00000000fa300000| PB 0x00000000fa300000| Untracked |  0
|1916|0x00000000fa400000, 0x00000000fa4ffff0, 0x00000000fa500000| 99%| O|  |TAMS 0x00000000fa400000| PB 0x00000000fa400000| Untracked |  0
|1917|0x00000000fa500000, 0x00000000fa5ffff8, 0x00000000fa600000| 99%| O|  |TAMS 0x00000000fa500000| PB 0x00000000fa500000| Untracked |  0
|1918|0x00000000fa600000, 0x00000000fa700000, 0x00000000fa700000|100%| O|  |TAMS 0x00000000fa600000| PB 0x00000000fa600000| Untracked |  0
|1919|0x00000000fa700000, 0x00000000fa7ffe60, 0x00000000fa800000| 99%| O|  |TAMS 0x00000000fa700000| PB 0x00000000fa700000| Untracked |  0
|1920|0x00000000fa800000, 0x00000000fa8fffe8, 0x00000000fa900000| 99%| O|  |TAMS 0x00000000fa800000| PB 0x00000000fa800000| Untracked |  0
|1921|0x00000000fa900000, 0x00000000fa9fffe0, 0x00000000faa00000| 99%| O|  |TAMS 0x00000000fa900000| PB 0x00000000fa900000| Untracked |  0
|1922|0x00000000faa00000, 0x00000000faafffd0, 0x00000000fab00000| 99%| O|  |TAMS 0x00000000faa00000| PB 0x00000000faa00000| Untracked |  0
|1923|0x00000000fab00000, 0x00000000fabffff8, 0x00000000fac00000| 99%| O|  |TAMS 0x00000000fab00000| PB 0x00000000fab00000| Untracked |  0
|1924|0x00000000fac00000, 0x00000000facfffe8, 0x00000000fad00000| 99%| O|  |TAMS 0x00000000fac00000| PB 0x00000000fac00000| Untracked |  0
|1925|0x00000000fad00000, 0x00000000fadfffe8, 0x00000000fae00000| 99%| O|  |TAMS 0x00000000fad00000| PB 0x00000000fad00000| Untracked |  0
|1926|0x00000000fae00000, 0x00000000faf00000, 0x00000000faf00000|100%| O|  |TAMS 0x00000000fae00000| PB 0x00000000fae00000| Untracked |  0
|1927|0x00000000faf00000, 0x00000000fb000000, 0x00000000fb000000|100%| O|  |TAMS 0x00000000faf00000| PB 0x00000000faf00000| Untracked |  0
|1928|0x00000000fb000000, 0x00000000fb0ff0a8, 0x00000000fb100000| 99%| O|  |TAMS 0x00000000fb000000| PB 0x00000000fb000000| Untracked |  0
|1929|0x00000000fb100000, 0x00000000fb1fff48, 0x00000000fb200000| 99%| O|  |TAMS 0x00000000fb100000| PB 0x00000000fb100000| Untracked |  0
|1930|0x00000000fb200000, 0x00000000fb2fffe0, 0x00000000fb300000| 99%| O|  |TAMS 0x00000000fb200000| PB 0x00000000fb200000| Untracked |  0
|1931|0x00000000fb300000, 0x00000000fb3ffff8, 0x00000000fb400000| 99%| O|  |TAMS 0x00000000fb300000| PB 0x00000000fb300000| Untracked |  0
|1932|0x00000000fb400000, 0x00000000fb4ffff8, 0x00000000fb500000| 99%| O|  |TAMS 0x00000000fb400000| PB 0x00000000fb400000| Untracked |  0
|1933|0x00000000fb500000, 0x00000000fb5fffe0, 0x00000000fb600000| 99%| O|  |TAMS 0x00000000fb500000| PB 0x00000000fb500000| Untracked |  0
|1934|0x00000000fb600000, 0x00000000fb6ffff8, 0x00000000fb700000| 99%| O|  |TAMS 0x00000000fb600000| PB 0x00000000fb600000| Untracked |  0
|1935|0x00000000fb700000, 0x00000000fb7ffff0, 0x00000000fb800000| 99%| O|  |TAMS 0x00000000fb700000| PB 0x00000000fb700000| Untracked |  0
|1936|0x00000000fb800000, 0x00000000fb8fffd0, 0x00000000fb900000| 99%| O|  |TAMS 0x00000000fb800000| PB 0x00000000fb800000| Untracked |  0
|1937|0x00000000fb900000, 0x00000000fb9fffc8, 0x00000000fba00000| 99%| O|  |TAMS 0x00000000fb900000| PB 0x00000000fb900000| Untracked |  0
|1938|0x00000000fba00000, 0x00000000fbb00000, 0x00000000fbb00000|100%| O|  |TAMS 0x00000000fba00000| PB 0x00000000fba00000| Untracked |  0
|1939|0x00000000fbb00000, 0x00000000fbbfffd8, 0x00000000fbc00000| 99%| O|  |TAMS 0x00000000fbb00000| PB 0x00000000fbb00000| Untracked |  0
|1940|0x00000000fbc00000, 0x00000000fbd00000, 0x00000000fbd00000|100%| O|  |TAMS 0x00000000fbc00000| PB 0x00000000fbc00000| Untracked |  0
|1941|0x00000000fbd00000, 0x00000000fbdfffc0, 0x00000000fbe00000| 99%| O|  |TAMS 0x00000000fbd00000| PB 0x00000000fbd00000| Untracked |  0
|1942|0x00000000fbe00000, 0x00000000fbeffff8, 0x00000000fbf00000| 99%| O|  |TAMS 0x00000000fbe00000| PB 0x00000000fbe00000| Untracked |  0
|1943|0x00000000fbf00000, 0x00000000fbfffef0, 0x00000000fc000000| 99%| O|  |TAMS 0x00000000fbf00000| PB 0x00000000fbf00000| Untracked |  0
|1944|0x00000000fc000000, 0x00000000fc0ffff0, 0x00000000fc100000| 99%| O|  |TAMS 0x00000000fc000000| PB 0x00000000fc000000| Untracked |  0
|1945|0x00000000fc100000, 0x00000000fc1ffff0, 0x00000000fc200000| 99%| O|  |TAMS 0x00000000fc100000| PB 0x00000000fc100000| Untracked |  0
|1946|0x00000000fc200000, 0x00000000fc2fffd0, 0x00000000fc300000| 99%| O|  |TAMS 0x00000000fc200000| PB 0x00000000fc200000| Untracked |  0
|1947|0x00000000fc300000, 0x00000000fc3ffff0, 0x00000000fc400000| 99%| O|  |TAMS 0x00000000fc300000| PB 0x00000000fc300000| Untracked |  0
|1948|0x00000000fc400000, 0x00000000fc4ffff8, 0x00000000fc500000| 99%| O|  |TAMS 0x00000000fc400000| PB 0x00000000fc400000| Untracked |  0
|1949|0x00000000fc500000, 0x00000000fc5fffe8, 0x00000000fc600000| 99%| O|  |TAMS 0x00000000fc500000| PB 0x00000000fc500000| Untracked |  0
|1950|0x00000000fc600000, 0x00000000fc6ffff0, 0x00000000fc700000| 99%| O|  |TAMS 0x00000000fc600000| PB 0x00000000fc600000| Untracked |  0
|1951|0x00000000fc700000, 0x00000000fc7ffff8, 0x00000000fc800000| 99%| O|  |TAMS 0x00000000fc700000| PB 0x00000000fc700000| Untracked |  0
|1952|0x00000000fc800000, 0x00000000fc8ffff8, 0x00000000fc900000| 99%| O|  |TAMS 0x00000000fc800000| PB 0x00000000fc800000| Untracked |  0
|1953|0x00000000fc900000, 0x00000000fc9fffe0, 0x00000000fca00000| 99%| O|  |TAMS 0x00000000fc900000| PB 0x00000000fc900000| Untracked |  0
|1954|0x00000000fca00000, 0x00000000fcafffb0, 0x00000000fcb00000| 99%| O|  |TAMS 0x00000000fca00000| PB 0x00000000fca00000| Untracked |  0
|1955|0x00000000fcb00000, 0x00000000fcbffff0, 0x00000000fcc00000| 99%| O|  |TAMS 0x00000000fcb00000| PB 0x00000000fcb00000| Untracked |  0
|1956|0x00000000fcc00000, 0x00000000fccffff8, 0x00000000fcd00000| 99%| O|  |TAMS 0x00000000fcc00000| PB 0x00000000fcc00000| Untracked |  0
|1957|0x00000000fcd00000, 0x00000000fcdfffe8, 0x00000000fce00000| 99%| O|  |TAMS 0x00000000fcd00000| PB 0x00000000fcd00000| Untracked |  0
|1958|0x00000000fce00000, 0x00000000fcf00000, 0x00000000fcf00000|100%| O|  |TAMS 0x00000000fce00000| PB 0x00000000fce00000| Untracked |  0
|1959|0x00000000fcf00000, 0x00000000fcfffc40, 0x00000000fd000000| 99%| O|  |TAMS 0x00000000fcf00000| PB 0x00000000fcf00000| Untracked |  0
|1960|0x00000000fd000000, 0x00000000fd0fffe0, 0x00000000fd100000| 99%| O|  |TAMS 0x00000000fd000000| PB 0x00000000fd000000| Untracked |  0
|1961|0x00000000fd100000, 0x00000000fd1ffff0, 0x00000000fd200000| 99%| O|  |TAMS 0x00000000fd100000| PB 0x00000000fd100000| Untracked |  0
|1962|0x00000000fd200000, 0x00000000fd2fffd0, 0x00000000fd300000| 99%| O|  |TAMS 0x00000000fd200000| PB 0x00000000fd200000| Untracked |  0
|1963|0x00000000fd300000, 0x00000000fd400000, 0x00000000fd400000|100%| O|  |TAMS 0x00000000fd300000| PB 0x00000000fd300000| Untracked |  0
|1964|0x00000000fd400000, 0x00000000fd4ffff0, 0x00000000fd500000| 99%| O|  |TAMS 0x00000000fd400000| PB 0x00000000fd400000| Untracked |  0
|1965|0x00000000fd500000, 0x00000000fd5ffff8, 0x00000000fd600000| 99%| O|  |TAMS 0x00000000fd500000| PB 0x00000000fd500000| Untracked |  0
|1966|0x00000000fd600000, 0x00000000fd6ffff8, 0x00000000fd700000| 99%| O|  |TAMS 0x00000000fd600000| PB 0x00000000fd600000| Untracked |  0
|1967|0x00000000fd700000, 0x00000000fd7ffff0, 0x00000000fd800000| 99%| O|  |TAMS 0x00000000fd700000| PB 0x00000000fd700000| Untracked |  0
|1968|0x00000000fd800000, 0x00000000fd8fff68, 0x00000000fd900000| 99%| O|  |TAMS 0x00000000fd800000| PB 0x00000000fd800000| Untracked |  0
|1969|0x00000000fd900000, 0x00000000fd9fffe0, 0x00000000fda00000| 99%| O|  |TAMS 0x00000000fd900000| PB 0x00000000fd900000| Untracked |  0
|1970|0x00000000fda00000, 0x00000000fdaffff0, 0x00000000fdb00000| 99%| O|  |TAMS 0x00000000fda00000| PB 0x00000000fda00000| Untracked |  0
|1971|0x00000000fdb00000, 0x00000000fdbffde8, 0x00000000fdc00000| 99%| O|  |TAMS 0x00000000fdb00000| PB 0x00000000fdb00000| Untracked |  0
|1972|0x00000000fdc00000, 0x00000000fdd00000, 0x00000000fdd00000|100%| O|  |TAMS 0x00000000fdc00000| PB 0x00000000fdc00000| Untracked |  0
|1973|0x00000000fdd00000, 0x00000000fddffff0, 0x00000000fde00000| 99%| O|  |TAMS 0x00000000fdd00000| PB 0x00000000fdd00000| Untracked |  0
|1974|0x00000000fde00000, 0x00000000fdefeae8, 0x00000000fdf00000| 99%| O|  |TAMS 0x00000000fde00000| PB 0x00000000fde00000| Untracked |  0
|1975|0x00000000fdf00000, 0x00000000fdfffff0, 0x00000000fe000000| 99%| O|  |TAMS 0x00000000fdf00000| PB 0x00000000fdf00000| Untracked |  0
|1976|0x00000000fe000000, 0x00000000fe0fffe0, 0x00000000fe100000| 99%| O|  |TAMS 0x00000000fe000000| PB 0x00000000fe000000| Untracked |  0
|1977|0x00000000fe100000, 0x00000000fe1ffff0, 0x00000000fe200000| 99%| O|  |TAMS 0x00000000fe100000| PB 0x00000000fe100000| Untracked |  0
|1978|0x00000000fe200000, 0x00000000fe2ffff0, 0x00000000fe300000| 99%| O|  |TAMS 0x00000000fe200000| PB 0x00000000fe200000| Untracked |  0
|1979|0x00000000fe300000, 0x00000000fe3fffe0, 0x00000000fe400000| 99%| O|  |TAMS 0x00000000fe300000| PB 0x00000000fe300000| Untracked |  0
|1980|0x00000000fe400000, 0x00000000fe4ffff8, 0x00000000fe500000| 99%| O|  |TAMS 0x00000000fe400000| PB 0x00000000fe400000| Untracked |  0
|1981|0x00000000fe500000, 0x00000000fe5ffff0, 0x00000000fe600000| 99%| O|  |TAMS 0x00000000fe500000| PB 0x00000000fe500000| Untracked |  0
|1982|0x00000000fe600000, 0x00000000fe6ffff8, 0x00000000fe700000| 99%| O|  |TAMS 0x00000000fe600000| PB 0x00000000fe600000| Untracked |  0
|1983|0x00000000fe700000, 0x00000000fe7ffff8, 0x00000000fe800000| 99%| O|  |TAMS 0x00000000fe700000| PB 0x00000000fe700000| Untracked |  0
|1984|0x00000000fe800000, 0x00000000fe8ffff0, 0x00000000fe900000| 99%| O|  |TAMS 0x00000000fe800000| PB 0x00000000fe800000| Untracked |  0
|1985|0x00000000fe900000, 0x00000000fe9ffff8, 0x00000000fea00000| 99%| O|  |TAMS 0x00000000fe900000| PB 0x00000000fe900000| Untracked |  0
|1986|0x00000000fea00000, 0x00000000feaffff8, 0x00000000feb00000| 99%| O|  |TAMS 0x00000000fea00000| PB 0x00000000fea00000| Untracked |  0
|1987|0x00000000feb00000, 0x00000000fec00000, 0x00000000fec00000|100%| O|  |TAMS 0x00000000feb00000| PB 0x00000000feb00000| Untracked |  0
|1988|0x00000000fec00000, 0x00000000fecffff8, 0x00000000fed00000| 99%| O|  |TAMS 0x00000000fec00000| PB 0x00000000fec00000| Untracked |  0
|1989|0x00000000fed00000, 0x00000000fee00000, 0x00000000fee00000|100%| O|  |TAMS 0x00000000fed00000| PB 0x00000000fed00000| Untracked |  0
|1990|0x00000000fee00000, 0x00000000feeffff0, 0x00000000fef00000| 99%| O|  |TAMS 0x00000000fee00000| PB 0x00000000fee00000| Untracked |  0
|1991|0x00000000fef00000, 0x00000000ff000000, 0x00000000ff000000|100%| O|  |TAMS 0x00000000fef00000| PB 0x00000000fef00000| Untracked |  0
|1992|0x00000000ff000000, 0x00000000ff100000, 0x00000000ff100000|100%| O|  |TAMS 0x00000000ff000000| PB 0x00000000ff000000| Untracked |  0
|1993|0x00000000ff100000, 0x00000000ff1fffc0, 0x00000000ff200000| 99%| O|  |TAMS 0x00000000ff100000| PB 0x00000000ff100000| Untracked |  0
|1994|0x00000000ff200000, 0x00000000ff300000, 0x00000000ff300000|100%| O|  |TAMS 0x00000000ff200000| PB 0x00000000ff200000| Untracked |  0
|1995|0x00000000ff300000, 0x00000000ff3ffe88, 0x00000000ff400000| 99%| O|  |TAMS 0x00000000ff300000| PB 0x00000000ff300000| Untracked |  0
|1996|0x00000000ff400000, 0x00000000ff4fffd0, 0x00000000ff500000| 99%| O|  |TAMS 0x00000000ff400000| PB 0x00000000ff400000| Untracked |  0
|1997|0x00000000ff500000, 0x00000000ff5ffff8, 0x00000000ff600000| 99%| O|  |TAMS 0x00000000ff500000| PB 0x00000000ff500000| Untracked |  0
|1998|0x00000000ff600000, 0x00000000ff6fffe8, 0x00000000ff700000| 99%| O|  |TAMS 0x00000000ff600000| PB 0x00000000ff600000| Untracked |  0
|1999|0x00000000ff700000, 0x00000000ff7fff90, 0x00000000ff800000| 99%| O|  |TAMS 0x00000000ff700000| PB 0x00000000ff700000| Untracked |  0
|2000|0x00000000ff800000, 0x00000000ff8fffc0, 0x00000000ff900000| 99%| O|  |TAMS 0x00000000ff800000| PB 0x00000000ff800000| Untracked |  0
|2001|0x00000000ff900000, 0x00000000ff9fffd8, 0x00000000ffa00000| 99%| O|  |TAMS 0x00000000ff900000| PB 0x00000000ff900000| Untracked |  0
|2002|0x00000000ffa00000, 0x00000000ffb00000, 0x00000000ffb00000|100%| O|  |TAMS 0x00000000ffa00000| PB 0x00000000ffa00000| Untracked |  0
|2003|0x00000000ffb00000, 0x00000000ffbffff0, 0x00000000ffc00000| 99%| O|  |TAMS 0x00000000ffb00000| PB 0x00000000ffb00000| Untracked |  0
|2004|0x00000000ffc00000, 0x00000000ffcffff8, 0x00000000ffd00000| 99%| O|  |TAMS 0x00000000ffc00000| PB 0x00000000ffc00000| Untracked |  0
|2005|0x00000000ffd00000, 0x00000000ffdffff0, 0x00000000ffe00000| 99%| O|  |TAMS 0x00000000ffd00000| PB 0x00000000ffd00000| Untracked |  0
|2006|0x00000000ffe00000, 0x00000000ffef1bd8, 0x00000000fff00000| 94%| O|  |TAMS 0x00000000ffe00000| PB 0x00000000ffe00000| Untracked |  0
|2007|0x00000000fff00000, 0x0000000100000000, 0x0000000100000000|100%| O|Cr|TAMS 0x00000000fff00000| PB 0x00000000fff00000| Complete |  0

Card table byte_map: [0x0000018efb9e0000,0x0000018efbdd0000] _byte_map_base: 0x0000018efb5cc000

Marking Bits: (CMBitMap*) 0x0000018ee3f21b90
 Bits: [0x0000018efbdd0000, 0x0000018efdd30000)

Polling page: 0x0000018ee20a0000

Metaspace:

Usage:
  Non-class:     76.51 MB used.
      Class:      9.38 MB used.
       Both:     85.89 MB used.

Virtual space:
  Non-class space:      128.00 MB reserved,      77.38 MB ( 60%) committed,  2 nodes.
      Class space:        1.00 GB reserved,      10.25 MB (  1%) committed,  1 nodes.
             Both:        1.12 GB reserved,      87.62 MB (  8%) committed. 

Chunk freelists:
   Non-Class:  2.55 MB
       Class:  6.36 MB
        Both:  8.91 MB

MaxMetaspaceSize: unlimited
CompressedClassSpaceSize: 1.00 GB
Initial GC threshold: 21.00 MB
Current GC threshold: 146.25 MB
CDS: on
 - commit_granule_bytes: 65536.
 - commit_granule_words: 8192.
 - virtual_space_node_default_size: 8388608.
 - enlarge_chunks_in_place: 1.
 - use_allocation_guard: 0.


Internal statistics:

num_allocs_failed_limit: 3.
num_arena_births: 15914.
num_arena_deaths: 15224.
num_vsnodes_births: 3.
num_vsnodes_deaths: 0.
num_space_committed: 1417.
num_space_uncommitted: 10.
num_chunks_returned_to_freelist: 20299.
num_chunks_taken_from_freelist: 24385.
num_chunk_merges: 5849.
num_chunk_splits: 11446.
num_chunks_enlarged: 5913.
num_inconsistent_stats: 0.

CodeHeap 'non-profiled nmethods': size=120064Kb used=18518Kb max_used=20077Kb free=101545Kb
 bounds [0x0000018ef40b0000, 0x0000018ef5450000, 0x0000018efb5f0000]
CodeHeap 'profiled nmethods': size=120000Kb used=31136Kb max_used=38497Kb free=88863Kb
 bounds [0x0000018eec5f0000, 0x0000018eeebb0000, 0x0000018ef3b20000]
CodeHeap 'non-nmethods': size=5696Kb used=1767Kb max_used=1860Kb free=3929Kb
 bounds [0x0000018ef3b20000, 0x0000018ef3d90000, 0x0000018ef40b0000]
CodeCache: size=245760Kb, used=51421Kb, max_used=60434Kb, free=194337Kb
 total_blobs=16585, nmethods=15794, adapters=692, full_count=0
Compilation: enabled, stopped_count=0, restarted_count=0

Compilation events (20 events):
Event: 1699.249 Thread 0x0000018e802d2680 29612       3       java.lang.StackTraceElement::dropClassLoaderName (16 bytes)
Event: 1699.249 Thread 0x0000018e802d2680 nmethod 29612 0x0000018eec833108 code [0x0000018eec833220, 0x0000018eec833380]
Event: 1699.321 Thread 0x0000018e802cd970 29614       4       org.javacs.kt.SourcePath$SourceFile::parseIfChanged (31 bytes)
Event: 1699.379 Thread 0x0000018e802cd970 nmethod 29614 0x0000018ef44c6e88 code [0x0000018ef44c71a0, 0x0000018ef44c8670]
Event: 1699.458 Thread 0x0000018e802cd970 29615       4       jdk.internal.jimage.ImageLocation::verify (218 bytes)
Event: 1713.858 Thread 0x0000018e802cd970 nmethod 29615 0x0000018ef495dc88 code [0x0000018ef495df40, 0x0000018ef495ffb0]
Event: 1999.292 Thread 0x0000018e802d2680 29616       3       java.util.concurrent.locks.AbstractQueuedSynchronizer$Node::setStatusRelaxed (12 bytes)
Event: 1999.312 Thread 0x0000018e802d2680 nmethod 29616 0x0000018eec853808 code [0x0000018eec853920, 0x0000018eec853a38]
Event: 2293.939 Thread 0x0000018e802cd970 29617 %     4       java.lang.StringUTF16::putChars @ 0 (24 bytes)
Event: 2294.049 Thread 0x0000018e802cd970 nmethod 29617% 0x0000018ef4554288 code [0x0000018ef45543a0, 0x0000018ef4554758]
Event: 2294.049 Thread 0x0000018e802cd970 29618 %     4       java.lang.StringUTF16::indexOfChar @ 3 (30 bytes)
Event: 2294.059 Thread 0x0000018e802cd970 nmethod 29618% 0x0000018ef4518f08 code [0x0000018ef4519020, 0x0000018ef4519278]
Event: 2522.830 Thread 0x0000018e802cd970 29619       4       java.lang.StringUTF16::putChars (24 bytes)
Event: 2522.888 Thread 0x0000018e802cd970 nmethod 29619 0x0000018ef45d1408 code [0x0000018ef45d1500, 0x0000018ef45d17d8]
Event: 2564.755 Thread 0x0000018e802cd970 29621       4       java.lang.StringUTF16::indexOfChar (30 bytes)
Event: 2564.773 Thread 0x0000018e802cd970 nmethod 29621 0x0000018ef42d1c08 code [0x0000018ef42d1d00, 0x0000018ef42d1ef8]
Event: 2694.721 Thread 0x0000018e802cd970 29622       4       sun.nio.fs.WindowsPath::compareTo (118 bytes)
Event: 2694.836 Thread 0x0000018e802cd970 nmethod 29622 0x0000018ef4481e08 code [0x0000018ef4481f60, 0x0000018ef4482458]
Event: 2694.839 Thread 0x0000018e802cd970 29623       4       java.nio.charset.Charset::forName (20 bytes)
Event: 2694.854 Thread 0x0000018e802cd970 nmethod 29623 0x0000018ef446e188 code [0x0000018ef446e2a0, 0x0000018ef446e578]

GC Heap History (20 events):
Event: 1716.910 GC heap after
{Heap after GC invocations=663 (full 185):
 garbage-first heap   total reserved 2056192K, committed 2056192K, used 2053935K [0x0000000082800000, 0x0000000100000000)
  region size 1024K, 0 young (0K), 0 survivors (0K)
 Metaspace       used 87951K, committed 89728K, reserved 1179648K
  class space    used 9606K, committed 10496K, reserved 1048576K
}
Event: 1716.910 GC heap before
{Heap before GC invocations=663 (full 185):
 garbage-first heap   total reserved 2056192K, committed 2056192K, used 2053935K [0x0000000082800000, 0x0000000100000000)
  region size 1024K, 0 young (0K), 0 survivors (0K)
 Metaspace       used 87951K, committed 89728K, reserved 1179648K
  class space    used 9606K, committed 10496K, reserved 1048576K
}
Event: 1719.603 GC heap after
{Heap after GC invocations=664 (full 186):
 garbage-first heap   total reserved 2056192K, committed 2056192K, used 2053934K [0x0000000082800000, 0x0000000100000000)
  region size 1024K, 0 young (0K), 0 survivors (0K)
 Metaspace       used 87951K, committed 89728K, reserved 1179648K
  class space    used 9606K, committed 10496K, reserved 1048576K
}
Event: 1719.603 GC heap before
{Heap before GC invocations=664 (full 186):
 garbage-first heap   total reserved 2056192K, committed 2056192K, used 2053934K [0x0000000082800000, 0x0000000100000000)
  region size 1024K, 0 young (0K), 0 survivors (0K)
 Metaspace       used 87951K, committed 89728K, reserved 1179648K
  class space    used 9606K, committed 10496K, reserved 1048576K
}
Event: 1719.605 GC heap after
{Heap after GC invocations=665 (full 186):
 garbage-first heap   total reserved 2056192K, committed 2056192K, used 2053934K [0x0000000082800000, 0x0000000100000000)
  region size 1024K, 0 young (0K), 0 survivors (0K)
 Metaspace       used 87951K, committed 89728K, reserved 1179648K
  class space    used 9606K, committed 10496K, reserved 1048576K
}
Event: 1719.605 GC heap before
{Heap before GC invocations=665 (full 186):
 garbage-first heap   total reserved 2056192K, committed 2056192K, used 2053934K [0x0000000082800000, 0x0000000100000000)
  region size 1024K, 0 young (0K), 0 survivors (0K)
 Metaspace       used 87951K, committed 89728K, reserved 1179648K
  class space    used 9606K, committed 10496K, reserved 1048576K
}
Event: 1721.859 GC heap after
{Heap after GC invocations=666 (full 187):
 garbage-first heap   total reserved 2056192K, committed 2056192K, used 2053934K [0x0000000082800000, 0x0000000100000000)
  region size 1024K, 0 young (0K), 0 survivors (0K)
 Metaspace       used 87951K, committed 89728K, reserved 1179648K
  class space    used 9606K, committed 10496K, reserved 1048576K
}
Event: 1721.859 GC heap before
{Heap before GC invocations=666 (full 187):
 garbage-first heap   total reserved 2056192K, committed 2056192K, used 2053934K [0x0000000082800000, 0x0000000100000000)
  region size 1024K, 0 young (0K), 0 survivors (0K)
 Metaspace       used 87951K, committed 89728K, reserved 1179648K
  class space    used 9606K, committed 10496K, reserved 1048576K
}
Event: 1724.571 GC heap after
{Heap after GC invocations=667 (full 188):
 garbage-first heap   total reserved 2056192K, committed 2056192K, used 2053934K [0x0000000082800000, 0x0000000100000000)
  region size 1024K, 0 young (0K), 0 survivors (0K)
 Metaspace       used 87951K, committed 89728K, reserved 1179648K
  class space    used 9606K, committed 10496K, reserved 1048576K
}
Event: 1724.586 GC heap before
{Heap before GC invocations=667 (full 188):
 garbage-first heap   total reserved 2056192K, committed 2056192K, used 2053934K [0x0000000082800000, 0x0000000100000000)
  region size 1024K, 0 young (0K), 0 survivors (0K)
 Metaspace       used 87951K, committed 89728K, reserved 1179648K
  class space    used 9606K, committed 10496K, reserved 1048576K
}
Event: 1724.587 GC heap after
{Heap after GC invocations=668 (full 188):
 garbage-first heap   total reserved 2056192K, committed 2056192K, used 2053934K [0x0000000082800000, 0x0000000100000000)
  region size 1024K, 0 young (0K), 0 survivors (0K)
 Metaspace       used 87951K, committed 89728K, reserved 1179648K
  class space    used 9606K, committed 10496K, reserved 1048576K
}
Event: 1724.588 GC heap before
{Heap before GC invocations=668 (full 188):
 garbage-first heap   total reserved 2056192K, committed 2056192K, used 2053934K [0x0000000082800000, 0x0000000100000000)
  region size 1024K, 0 young (0K), 0 survivors (0K)
 Metaspace       used 87951K, committed 89728K, reserved 1179648K
  class space    used 9606K, committed 10496K, reserved 1048576K
}
Event: 1726.911 GC heap after
{Heap after GC invocations=669 (full 189):
 garbage-first heap   total reserved 2056192K, committed 2056192K, used 2053698K [0x0000000082800000, 0x0000000100000000)
  region size 1024K, 0 young (0K), 0 survivors (0K)
 Metaspace       used 87951K, committed 89728K, reserved 1179648K
  class space    used 9606K, committed 10496K, reserved 1048576K
}
Event: 2672.014 GC heap before
{Heap before GC invocations=669 (full 189):
 garbage-first heap   total reserved 2056192K, committed 2056192K, used 2054722K [0x0000000082800000, 0x0000000100000000)
  region size 1024K, 1 young (1024K), 0 survivors (0K)
 Metaspace       used 87951K, committed 89728K, reserved 1179648K
  class space    used 9606K, committed 10496K, reserved 1048576K
}
Event: 2672.154 GC heap after
{Heap after GC invocations=670 (full 189):
 garbage-first heap   total reserved 2056192K, committed 2056192K, used 2054722K [0x0000000082800000, 0x0000000100000000)
  region size 1024K, 0 young (0K), 0 survivors (0K)
 Metaspace       used 87951K, committed 89728K, reserved 1179648K
  class space    used 9606K, committed 10496K, reserved 1048576K
}
Event: 2672.156 GC heap before
{Heap before GC invocations=670 (full 189):
 garbage-first heap   total reserved 2056192K, committed 2056192K, used 2054722K [0x0000000082800000, 0x0000000100000000)
  region size 1024K, 0 young (0K), 0 survivors (0K)
 Metaspace       used 87951K, committed 89728K, reserved 1179648K
  class space    used 9606K, committed 10496K, reserved 1048576K
}
Event: 2694.335 GC heap after
{Heap after GC invocations=671 (full 190):
 garbage-first heap   total reserved 2056192K, committed 2056192K, used 2053735K [0x0000000082800000, 0x0000000100000000)
  region size 1024K, 0 young (0K), 0 survivors (0K)
 Metaspace       used 87951K, committed 89728K, reserved 1179648K
  class space    used 9606K, committed 10496K, reserved 1048576K
}
Event: 3393.039 GC heap before
{Heap before GC invocations=671 (full 190):
 garbage-first heap   total reserved 2056192K, committed 2056192K, used 2054759K [0x0000000082800000, 0x0000000100000000)
  region size 1024K, 1 young (1024K), 0 survivors (0K)
 Metaspace       used 87951K, committed 89728K, reserved 1179648K
  class space    used 9606K, committed 10496K, reserved 1048576K
}
Event: 3393.163 GC heap after
{Heap after GC invocations=672 (full 190):
 garbage-first heap   total reserved 2056192K, committed 2056192K, used 2054759K [0x0000000082800000, 0x0000000100000000)
  region size 1024K, 0 young (0K), 0 survivors (0K)
 Metaspace       used 87951K, committed 89728K, reserved 1179648K
  class space    used 9606K, committed 10496K, reserved 1048576K
}
Event: 3393.165 GC heap before
{Heap before GC invocations=672 (full 190):
 garbage-first heap   total reserved 2056192K, committed 2056192K, used 2054759K [0x0000000082800000, 0x0000000100000000)
  region size 1024K, 0 young (0K), 0 survivors (0K)
 Metaspace       used 87951K, committed 89728K, reserved 1179648K
  class space    used 9606K, committed 10496K, reserved 1048576K
}

Dll operation events (8 events):
Event: 0.019 Loaded shared library C:\Program Files\Java\jdk-23\bin\java.dll
Event: 0.302 Loaded shared library C:\Program Files\Java\jdk-23\bin\jsvml.dll
Event: 0.416 Loaded shared library C:\Program Files\Java\jdk-23\bin\net.dll
Event: 0.423 Loaded shared library C:\Program Files\Java\jdk-23\bin\nio.dll
Event: 0.440 Loaded shared library C:\Program Files\Java\jdk-23\bin\zip.dll
Event: 1.213 Loaded shared library C:\Program Files\Java\jdk-23\bin\jimage.dll
Event: 6.314 Loaded shared library C:\Program Files\Java\jdk-23\bin\verify.dll
Event: 28.823 Loaded shared library C:\Users\Mbongeni\AppData\Local\Temp\sqlite-3.41.2.1-b42c8cff-e158-4f7b-a615-599a16bf4c58-sqlitejdbc.dll

Deoptimization events (20 events):
Event: 1693.959 Thread 0x0000018ed01b7430 DEOPT PACKING pc=0x0000018ef4554560 sp=0x00000041361fd830
Event: 1693.959 Thread 0x0000018ed01b7430 DEOPT UNPACKING pc=0x0000018ef3b74402 sp=0x00000041361fd7b8 mode 2
Event: 1693.959 Thread 0x0000018ed01b7430 Uncommon trap: trap_request=0xffffffc6 fr.pc=0x0000018ef4554560 relative=0x0000000000000180
Event: 1693.959 Thread 0x0000018ed01b7430 Uncommon trap: reason=bimorphic_or_optimized_type_check action=maybe_recompile pc=0x0000018ef4554560 method=org.jetbrains.kotlin.psi.KtElementImplStub.accept(Lcom/intellij/psi/PsiElementVisitor;)V @ 30 c2
Event: 1693.959 Thread 0x0000018ed01b7430 DEOPT PACKING pc=0x0000018ef4554560 sp=0x00000041361fd720
Event: 1693.959 Thread 0x0000018ed01b7430 DEOPT UNPACKING pc=0x0000018ef3b74402 sp=0x00000041361fd6a8 mode 2
Event: 1694.055 Thread 0x0000018ed01b7430 DEOPT PACKING pc=0x0000018eed9b0e25 sp=0x00000041361fe370
Event: 1694.055 Thread 0x0000018ed01b7430 DEOPT UNPACKING pc=0x0000018ef3b74b22 sp=0x00000041361fd790 mode 0
Event: 1699.287 Thread 0x0000018ed01b7430 Uncommon trap: trap_request=0xffffff54 fr.pc=0x0000018ef465f990 relative=0x00000000000005b0
Event: 1699.287 Thread 0x0000018ed01b7430 Uncommon trap: reason=speculate_null_assert action=make_not_entrant pc=0x0000018ef465f990 method=com.intellij.psi.AbstractFileViewProvider.getCachedDocument()Lcom/intellij/openapi/editor/Document; @ 12 c2
Event: 1699.287 Thread 0x0000018ed01b7430 DEOPT PACKING pc=0x0000018ef465f990 sp=0x00000041361fe850
Event: 1699.319 Thread 0x0000018ed01b7430 DEOPT UNPACKING pc=0x0000018ef3b74402 sp=0x00000041361fe638 mode 2
Event: 1713.857 Thread 0x0000018ed01b7430 DEOPT PACKING pc=0x0000018ef466faf4 sp=0x00000041361fd9d0
Event: 1713.857 Thread 0x0000018ed01b7430 DEOPT UNPACKING pc=0x0000018ef3b74b22 sp=0x00000041361fce60 mode 1
Event: 1713.859 Thread 0x0000018ed01b7430 Uncommon trap: trap_request=0xffffff9d fr.pc=0x0000018ef4ed205c relative=0x0000000000004b3c
Event: 1713.859 Thread 0x0000018ed01b7430 Uncommon trap: reason=unreached action=reinterpret pc=0x0000018ef4ed205c method=org.jetbrains.kotlin.metadata.ProtoBuf$PackageFragment.<init>(Lorg/jetbrains/kotlin/protobuf/CodedInputStream;Lorg/jetbrains/kotlin/protobuf/ExtensionRegistryLite;)V @ 493 c2
Event: 1713.859 Thread 0x0000018ed01b7430 DEOPT PACKING pc=0x0000018ef4ed205c sp=0x00000041361fdaa0
Event: 1713.859 Thread 0x0000018ed01b7430 DEOPT UNPACKING pc=0x0000018ef3b74402 sp=0x00000041361fda48 mode 2
Event: 1724.571 Thread 0x0000018ed01b7430 DEOPT PACKING pc=0x0000018ef42866ac sp=0x00000041361fda20
Event: 1724.571 Thread 0x0000018ed01b7430 DEOPT UNPACKING pc=0x0000018ef3b74b22 sp=0x00000041361fced8 mode 1

Classes loaded (20 events):
Event: 984.105 Loading class java/util/concurrent/ExecutionException
Event: 984.117 Loading class java/util/concurrent/ExecutionException done
Event: 991.786 Loading class java/util/concurrent/locks/ReentrantReadWriteLock$Sync$HoldCounter
Event: 991.878 Loading class java/util/concurrent/locks/ReentrantReadWriteLock$Sync$HoldCounter done
Event: 1674.017 Loading class java/util/zip/DataFormatException
Event: 1689.145 Loading class java/util/zip/DataFormatException done
Event: 1693.045 Loading class java/lang/Throwable$WrappedPrintStream
Event: 1693.049 Loading class java/lang/Throwable$PrintStreamOrWriter
Event: 1693.049 Loading class java/lang/Throwable$PrintStreamOrWriter done
Event: 1693.108 Loading class java/lang/Throwable$WrappedPrintStream done
Event: 1693.172 Loading class java/lang/StackTraceElement$HashedModules
Event: 1693.195 Loading class java/lang/StackTraceElement$HashedModules done
Event: 1693.559 Loading class java/io/PrintWriter
Event: 1693.566 Loading class java/io/PrintWriter done
Event: 1693.566 Loading class java/io/PrintWriter$1
Event: 1693.597 Loading class jdk/internal/access/JavaIOPrintWriterAccess
Event: 1693.600 Loading class jdk/internal/access/JavaIOPrintWriterAccess done
Event: 1693.600 Loading class java/io/PrintWriter$1 done
Event: 1693.601 Loading class java/lang/Throwable$WrappedPrintWriter
Event: 1693.604 Loading class java/lang/Throwable$WrappedPrintWriter done

Classes unloaded (20 events):
Event: 1633.965 Thread 0x0000018e802a3c20 Unloading class 0x0000018e825f1000 'java/lang/invoke/LambdaForm$MH+0x0000018e825f1000'
Event: 1633.965 Thread 0x0000018e802a3c20 Unloading class 0x0000018e823b1800 'java/lang/invoke/LambdaForm$MH+0x0000018e823b1800'
Event: 1633.965 Thread 0x0000018e802a3c20 Unloading class 0x0000018e822e7c00 'java/lang/invoke/LambdaForm$MH+0x0000018e822e7c00'
Event: 1633.965 Thread 0x0000018e802a3c20 Unloading class 0x0000018e822e8400 'java/lang/invoke/LambdaForm$MH+0x0000018e822e8400'
Event: 1633.965 Thread 0x0000018e802a3c20 Unloading class 0x0000018e82656c00 'java/lang/invoke/LambdaForm$MH+0x0000018e82656c00'
Event: 1633.965 Thread 0x0000018e802a3c20 Unloading class 0x0000018e82636800 'java/lang/invoke/LambdaForm$MH+0x0000018e82636800'
Event: 1633.965 Thread 0x0000018e802a3c20 Unloading class 0x0000018e823dcc00 'java/lang/invoke/LambdaForm$MH+0x0000018e823dcc00'
Event: 1633.965 Thread 0x0000018e802a3c20 Unloading class 0x0000018e82376800 'java/lang/invoke/LambdaForm$MH+0x0000018e82376800'
Event: 1633.965 Thread 0x0000018e802a3c20 Unloading class 0x0000018e82628800 'java/lang/invoke/LambdaForm$MH+0x0000018e82628800'
Event: 1636.182 Thread 0x0000018e802a3c20 Unloading class 0x0000018e8295c000 'java/lang/invoke/LambdaForm$MH+0x0000018e8295c000'
Event: 1636.182 Thread 0x0000018e802a3c20 Unloading class 0x0000018e82a3b800 'java/lang/invoke/LambdaForm$MH+0x0000018e82a3b800'
Event: 1636.182 Thread 0x0000018e802a3c20 Unloading class 0x0000018e823d9c00 'java/lang/invoke/LambdaForm$DMH+0x0000018e823d9c00'
Event: 1636.182 Thread 0x0000018e802a3c20 Unloading class 0x0000018e8266a800 'java/lang/invoke/LambdaForm$MH+0x0000018e8266a800'
Event: 1636.182 Thread 0x0000018e802a3c20 Unloading class 0x0000018e82635000 'java/lang/invoke/LambdaForm$MH+0x0000018e82635000'
Event: 1636.182 Thread 0x0000018e802a3c20 Unloading class 0x0000018e82635800 'java/lang/invoke/LambdaForm$MH+0x0000018e82635800'
Event: 1636.182 Thread 0x0000018e802a3c20 Unloading class 0x0000018e822e8c00 'java/lang/invoke/LambdaForm$MH+0x0000018e822e8c00'
Event: 1636.182 Thread 0x0000018e802a3c20 Unloading class 0x0000018e82614800 'java/lang/invoke/LambdaForm$MH+0x0000018e82614800'
Event: 1636.182 Thread 0x0000018e802a3c20 Unloading class 0x0000018e823dac00 'java/lang/invoke/LambdaForm$MH+0x0000018e823dac00'
Event: 1636.182 Thread 0x0000018e802a3c20 Unloading class 0x0000018e82a38800 'java/lang/invoke/LambdaForm$MH+0x0000018e82a38800'
Event: 1636.182 Thread 0x0000018e802a3c20 Unloading class 0x0000018e8265b400 'java/lang/invoke/LambdaForm$MH+0x0000018e8265b400'

Classes redefined (0 events):
No events

Internal exceptions (20 events):
Event: 1612.925 Thread 0x0000018ed01b7430 Exception <a 'java/lang/NoSuchMethodError'{0x00000000fff6d288}: 'java.lang.Object java.lang.invoke.DirectMethodHandle$Holder.newInvokeSpecial(java.lang.Object, java.lang.Object, java.lang.Object, java.lang.Object, java.lang.Object, java.lang.Object, java.lang.Object, java.lang.Object, java.lang.Object, java.lang.Object, java.lang.Object, java.lang.Object, java.lang.Object, java.lang.Object, java.lang.Object, java.lang.Object, java.lang.Object, java.lang.Object, java.lang.Object, java.lang.Object)'> (0x0000
Event: 1612.925 Thread 0x0000018ed01b7430 Exception <a 'java/lang/NoSuchMethodError'{0x00000000fff73e28}: 'java.lang.Object java.lang.invoke.DelegatingMethodHandle$Holder.reinvoke_L(java.lang.Object, java.lang.Object, java.lang.Object, java.lang.Object, java.lang.Object, java.lang.Object, java.lang.Object, java.lang.Object, java.lang.Object, java.lang.Object, java.lang.Object, java.lang.Object, java.lang.Object, java.lang.Object, java.lang.Object, java.lang.Object, java.lang.Object, java.lang.Object, java.lang.Object, java.lang.Object)'> (0x000000
Event: 1617.805 Thread 0x0000018ed01b7430 Exception <a 'java/lang/NoSuchMethodError'{0x00000000fff18d48}: 'java.lang.Object java.lang.invoke.DirectMethodHandle$Holder.newInvokeSpecial(java.lang.Object, java.lang.Object, java.lang.Object, java.lang.Object, java.lang.Object, java.lang.Object, java.lang.Object, java.lang.Object, java.lang.Object, java.lang.Object)'> (0x00000000fff18d48) 
thrown [s\open\src\hotspot\share\interpreter\linkResolver.cpp, line 796]
Event: 1617.822 Thread 0x0000018ed01b7430 Exception <a 'java/lang/NoSuchMethodError'{0x00000000fff82948}: 'java.lang.Object java.lang.invoke.DirectMethodHandle$Holder.newInvokeSpecial(java.lang.Object, java.lang.Object, java.lang.Object, java.lang.Object, java.lang.Object, java.lang.Object, java.lang.Object, java.lang.Object, java.lang.Object, java.lang.Object, java.lang.Object, java.lang.Object, java.lang.Object, java.lang.Object, java.lang.Object, java.lang.Object)'> (0x00000000fff82948) 
thrown [s\open\src\hotspot\share\interpreter\linkResolver
Event: 1617.822 Thread 0x0000018ed01b7430 Exception <a 'java/lang/NoSuchMethodError'{0x00000000fff88b78}: 'java.lang.Object java.lang.invoke.DelegatingMethodHandle$Holder.reinvoke_L(java.lang.Object, java.lang.Object, java.lang.Object, java.lang.Object, java.lang.Object, java.lang.Object, java.lang.Object, java.lang.Object, java.lang.Object, java.lang.Object, java.lang.Object, java.lang.Object, java.lang.Object, java.lang.Object, java.lang.Object, java.lang.Object)'> (0x00000000fff88b78) 
thrown [s\open\src\hotspot\share\interpreter\linkResolver.c
Event: 1619.838 Thread 0x0000018ed01b7430 Exception <a 'java/lang/NoSuchMethodError'{0x00000000fff0fbd8}: 'java.lang.Object java.lang.invoke.DirectMethodHandle$Holder.newInvokeSpecial(java.lang.Object, java.lang.Object, java.lang.Object, java.lang.Object, java.lang.Object, java.lang.Object, java.lang.Object, java.lang.Object, java.lang.Object, java.lang.Object, java.lang.Object, java.lang.Object, java.lang.Object, java.lang.Object, java.lang.Object, java.lang.Object, java.lang.Object, java.lang.Object)'> (0x00000000fff0fbd8) 
thrown [s\open\src\ho
Event: 1619.840 Thread 0x0000018ed01b7430 Exception <a 'java/lang/NoSuchMethodError'{0x00000000fff161c0}: 'java.lang.Object java.lang.invoke.DelegatingMethodHandle$Holder.reinvoke_L(java.lang.Object, java.lang.Object, java.lang.Object, java.lang.Object, java.lang.Object, java.lang.Object, java.lang.Object, java.lang.Object, java.lang.Object, java.lang.Object, java.lang.Object, java.lang.Object, java.lang.Object, java.lang.Object, java.lang.Object, java.lang.Object, java.lang.Object, java.lang.Object)'> (0x00000000fff161c0) 
thrown [s\open\src\hots
Event: 1619.851 Thread 0x0000018ed01b7430 Exception <a 'java/lang/NoSuchMethodError'{0x00000000fffd7b88}: 'java.lang.Object java.lang.invoke.DirectMethodHandle$Holder.newInvokeSpecial(java.lang.Object, java.lang.Object, java.lang.Object, java.lang.Object, java.lang.Object, java.lang.Object, java.lang.Object, java.lang.Object, java.lang.Object, java.lang.Object, java.lang.Object, java.lang.Object, java.lang.Object, java.lang.Object, java.lang.Object, java.lang.Object, java.lang.Object, java.lang.Object, java.lang.Object, java.lang.Object, java.lang
Event: 1619.852 Thread 0x0000018ed01b7430 Exception <a 'java/lang/NoSuchMethodError'{0x00000000fffded90}: 'java.lang.Object java.lang.invoke.DelegatingMethodHandle$Holder.reinvoke_L(java.lang.Object, java.lang.Object, java.lang.Object, java.lang.Object, java.lang.Object, java.lang.Object, java.lang.Object, java.lang.Object, java.lang.Object, java.lang.Object, java.lang.Object, java.lang.Object, java.lang.Object, java.lang.Object, java.lang.Object, java.lang.Object, java.lang.Object, java.lang.Object, java.lang.Object, java.lang.Object, java.lang.O
Event: 1621.906 Thread 0x0000018ed01b7430 Exception <a 'java/lang/NoSuchMethodError'{0x00000000ffffa988}: 'java.lang.Object java.lang.invoke.DirectMethodHandle$Holder.newInvokeSpecial(java.lang.Object, java.lang.Object, java.lang.Object, java.lang.Object, java.lang.Object, java.lang.Object, java.lang.Object, java.lang.Object, java.lang.Object, java.lang.Object, java.lang.Object, java.lang.Object, java.lang.Object)'> (0x00000000ffffa988) 
thrown [s\open\src\hotspot\share\interpreter\linkResolver.cpp, line 796]
Event: 1623.960 Thread 0x0000018ed01b7430 Exception <a 'java/lang/NoSuchMethodError'{0x00000000fff00748}: 'java.lang.Object java.lang.invoke.DelegatingMethodHandle$Holder.reinvoke_L(java.lang.Object, java.lang.Object, java.lang.Object, java.lang.Object, java.lang.Object, java.lang.Object, java.lang.Object, java.lang.Object, java.lang.Object, java.lang.Object, java.lang.Object, java.lang.Object, java.lang.Object)'> (0x00000000fff00748) 
thrown [s\open\src\hotspot\share\interpreter\linkResolver.cpp, line 796]
Event: 1623.970 Thread 0x0000018ed01b7430 Exception <a 'java/lang/NoSuchMethodError'{0x00000000fff7ffc0}: 'java.lang.Object java.lang.invoke.DirectMethodHandle$Holder.newInvokeSpecial(java.lang.Object, java.lang.Object, java.lang.Object, java.lang.Object, java.lang.Object, java.lang.Object, java.lang.Object, java.lang.Object, java.lang.Object, java.lang.Object)'> (0x00000000fff7ffc0) 
thrown [s\open\src\hotspot\share\interpreter\linkResolver.cpp, line 796]
Event: 1626.082 Thread 0x0000018ed01b7430 Exception <a 'java/lang/NoSuchMethodError'{0x00000000fff391e0}: 'java.lang.Object java.lang.invoke.DirectMethodHandle$Holder.newInvokeSpecial(java.lang.Object, java.lang.Object, java.lang.Object, java.lang.Object, java.lang.Object, java.lang.Object, java.lang.Object, java.lang.Object, java.lang.Object, java.lang.Object, java.lang.Object, java.lang.Object, java.lang.Object, java.lang.Object, java.lang.Object, java.lang.Object, java.lang.Object, java.lang.Object, java.lang.Object, java.lang.Object)'> (0x0000
Event: 1626.089 Thread 0x0000018ed01b7430 Exception <a 'java/lang/NoSuchMethodError'{0x00000000fff3ff80}: 'java.lang.Object java.lang.invoke.DelegatingMethodHandle$Holder.reinvoke_L(java.lang.Object, java.lang.Object, java.lang.Object, java.lang.Object, java.lang.Object, java.lang.Object, java.lang.Object, java.lang.Object, java.lang.Object, java.lang.Object, java.lang.Object, java.lang.Object, java.lang.Object, java.lang.Object, java.lang.Object, java.lang.Object, java.lang.Object, java.lang.Object, java.lang.Object, java.lang.Object)'> (0x000000
Event: 1630.231 Thread 0x0000018ed01b7430 Exception <a 'java/lang/NoSuchMethodError'{0x00000000fff71c88}: 'java.lang.Object java.lang.invoke.DirectMethodHandle$Holder.newInvokeSpecial(java.lang.Object, java.lang.Object, java.lang.Object, java.lang.Object, java.lang.Object, java.lang.Object, java.lang.Object, java.lang.Object, java.lang.Object, java.lang.Object, java.lang.Object, java.lang.Object, java.lang.Object)'> (0x00000000fff71c88) 
thrown [s\open\src\hotspot\share\interpreter\linkResolver.cpp, line 796]
Event: 1630.232 Thread 0x0000018ed01b7430 Exception <a 'java/lang/NoSuchMethodError'{0x00000000fff773e0}: 'java.lang.Object java.lang.invoke.DelegatingMethodHandle$Holder.reinvoke_L(java.lang.Object, java.lang.Object, java.lang.Object, java.lang.Object, java.lang.Object, java.lang.Object, java.lang.Object, java.lang.Object, java.lang.Object, java.lang.Object, java.lang.Object, java.lang.Object, java.lang.Object)'> (0x00000000fff773e0) 
thrown [s\open\src\hotspot\share\interpreter\linkResolver.cpp, line 796]
Event: 1673.990 Thread 0x0000018ed01b7430 Exception <a 'java/lang/OutOfMemoryError'{0x0000000082dcf2c0}> (0x0000000082dcf2c0) 
thrown [s\open\src\hotspot\share\gc\shared\memAllocator.cpp, line 138]
Event: 1689.145 Thread 0x0000018ed01b7430 Exception <a 'java/lang/OutOfMemoryError'{0x0000000082dcf598}> (0x0000000082dcf598) 
thrown [s\open\src\hotspot\share\gc\shared\memAllocator.cpp, line 138]
Event: 1713.857 Thread 0x0000018ed01b7430 Exception <a 'java/lang/OutOfMemoryError'{0x0000000082dcf588}> (0x0000000082dcf588) 
thrown [s\open\src\hotspot\share\gc\shared\memAllocator.cpp, line 138]
Event: 1724.571 Thread 0x0000018ed01b7430 Exception <a 'java/lang/OutOfMemoryError'{0x0000000082dcf860}> (0x0000000082dcf860) 
thrown [s\open\src\hotspot\share\gc\shared\memAllocator.cpp, line 138]

VM Operations (20 events):
Event: 1681.410 Executing VM operation: G1CollectForAllocation (G1 Evacuation Pause) done
Event: 1681.411 Executing VM operation: G1CollectForAllocation (G1 Evacuation Pause)
Event: 1689.145 Executing VM operation: G1CollectForAllocation (G1 Evacuation Pause) done
Event: 1689.150 Executing VM operation: G1CollectForAllocation (G1 Evacuation Pause)
Event: 1692.983 Executing VM operation: G1CollectForAllocation (G1 Evacuation Pause) done
Event: 1694.055 Executing VM operation: G1CollectForAllocation (G1 Evacuation Pause)
Event: 1699.243 Executing VM operation: G1CollectForAllocation (G1 Evacuation Pause) done
Event: 1699.508 Executing VM operation: G1CollectForAllocation (G1 Evacuation Pause)
Event: 1706.792 Executing VM operation: G1CollectForAllocation (G1 Evacuation Pause) done
Event: 1706.792 Executing VM operation: G1CollectForAllocation (G1 Evacuation Pause)
Event: 1713.854 Executing VM operation: G1CollectForAllocation (G1 Evacuation Pause) done
Event: 1713.859 Executing VM operation: G1CollectForAllocation (G1 Evacuation Pause)
Event: 1719.603 Executing VM operation: G1CollectForAllocation (G1 Evacuation Pause) done
Event: 1719.603 Executing VM operation: G1CollectForAllocation (G1 Evacuation Pause)
Event: 1724.571 Executing VM operation: G1CollectForAllocation (G1 Evacuation Pause) done
Event: 1724.586 Executing VM operation: G1CollectForAllocation (G1 Evacuation Pause)
Event: 1726.911 Executing VM operation: G1CollectForAllocation (G1 Evacuation Pause) done
Event: 2672.007 Executing VM operation: G1CollectForAllocation (G1 Evacuation Pause)
Event: 2694.340 Executing VM operation: G1CollectForAllocation (G1 Evacuation Pause) done
Event: 3393.028 Executing VM operation: G1CollectForAllocation (G1 Evacuation Pause)

Memory protections (0 events):
No events

Nmethod flushes (20 events):
Event: 1552.855 Thread 0x0000018e802a3c20 flushing  nmethod 0x0000018eec852388
Event: 1556.954 Thread 0x0000018e802a3c20 flushing  nmethod 0x0000018eec78f388
Event: 1560.771 Thread 0x0000018e802a3c20 flushing  nmethod 0x0000018eecd98808
Event: 1567.608 Thread 0x0000018e802a3c20 flushing  nmethod 0x0000018eecd94d08
Event: 1619.165 Thread 0x0000018e802a3c20 flushing  nmethod 0x0000018eec676308
Event: 1619.165 Thread 0x0000018e802a3c20 flushing  nmethod 0x0000018eecda7d08
Event: 1625.397 Thread 0x0000018e802a3c20 flushing  nmethod 0x0000018eee9a0988
Event: 1629.543 Thread 0x0000018e802a3c20 flushing  nmethod 0x0000018eec737c08
Event: 1629.543 Thread 0x0000018e802a3c20 flushing  nmethod 0x0000018eec73ef08
Event: 1696.913 Thread 0x0000018e802a3c20 flushing  nmethod 0x0000018ef4a1a308
Event: 1696.914 Thread 0x0000018e802a3c20 flushing  nmethod 0x0000018ef5427108
Event: 1701.652 Thread 0x0000018e802a3c20 flushing  nmethod 0x0000018ef44c4d88
Event: 1701.653 Thread 0x0000018e802a3c20 flushing  nmethod 0x0000018ef4730788
Event: 1701.654 Thread 0x0000018e802a3c20 flushing  nmethod 0x0000018ef5122308
Event: 1701.655 Thread 0x0000018e802a3c20 flushing  nmethod 0x0000018eec7d2088
Event: 1701.655 Thread 0x0000018e802a3c20 flushing  nmethod 0x0000018ef4554288
Event: 1701.655 Thread 0x0000018e802a3c20 flushing  nmethod 0x0000018ef4570408
Event: 1704.821 Thread 0x0000018e802a3c20 flushing  nmethod 0x0000018ef465f188
Event: 1716.223 Thread 0x0000018e802a3c20 flushing  nmethod 0x0000018eec848788
Event: 1718.323 Thread 0x0000018e802a3c20 flushing  nmethod 0x0000018ef4ecd008

Events (20 events):
Event: 655.088 Thread 0x0000018e802cd970 Thread added: 0x0000018ed234dbd0
Event: 656.128 Thread 0x0000018ed234dbd0 Thread exited: 0x0000018ed234dbd0
Event: 835.860 Thread 0x0000018e802d2680 Thread added: 0x0000018ed2ab1ca0
Event: 836.238 Thread 0x0000018ed2ab1ca0 Thread exited: 0x0000018ed2ab1ca0
Event: 889.358 Thread 0x0000018e802d2680 Thread added: 0x0000018ed2ab0160
Event: 889.773 Thread 0x0000018ed2ab0160 Thread exited: 0x0000018ed2ab0160
Event: 904.799 Thread 0x0000018e802d2680 Thread added: 0x0000018ed2ab0830
Event: 905.176 Thread 0x0000018ed2ab0830 Thread exited: 0x0000018ed2ab0830
Event: 963.143 Thread 0x0000018e802cd970 Thread added: 0x0000018ed234dbd0
Event: 964.572 Thread 0x0000018ed234dbd0 Thread exited: 0x0000018ed234dbd0
Event: 965.425 Thread 0x0000018e802d2680 Thread added: 0x0000018ed234e2a0
Event: 965.696 Thread 0x0000018ed234e2a0 Thread exited: 0x0000018ed234e2a0
Event: 1140.049 Thread 0x0000018e802d2680 Thread added: 0x0000018ed3e6b460
Event: 1140.691 Thread 0x0000018ed3e6b460 Thread exited: 0x0000018ed3e6b460
Event: 1145.399 Thread 0x0000018e802d2680 Thread added: 0x0000018ed1c61c00
Event: 1146.840 Thread 0x0000018ed1c61c00 Thread exited: 0x0000018ed1c61c00
Event: 1150.801 Thread 0x0000018e802cd970 Thread added: 0x0000018ed3e6cfa0
Event: 1151.494 Thread 0x0000018ed3e6cfa0 Thread exited: 0x0000018ed3e6cfa0
Event: 1248.035 Thread 0x0000018e802d2680 Thread added: 0x0000018ed346c080
Event: 1252.884 Thread 0x0000018ed346c080 Thread exited: 0x0000018ed346c080


Dynamic libraries:
0x00007ff6aa5e0000 - 0x00007ff6aa5f0000 	C:\Program Files\Java\jdk-23\bin\java.exe
0x00007fff0c7a0000 - 0x00007fff0ca07000 	C:\WINDOWS\SYSTEM32\ntdll.dll
0x00007fff0ab40000 - 0x00007fff0ac09000 	C:\WINDOWS\System32\KERNEL32.DLL
0x00007fff09970000 - 0x00007fff09d60000 	C:\WINDOWS\System32\KERNELBASE.dll
0x00007fff05990000 - 0x00007fff05a2e000 	C:\WINDOWS\SYSTEM32\apphelp.dll
0x00007fff0a0f0000 - 0x00007fff0a23b000 	C:\WINDOWS\System32\ucrtbase.dll
0x00007ffeaf5a0000 - 0x00007ffeaf5b7000 	C:\Program Files\Java\jdk-23\bin\jli.dll
0x00007fff0bc60000 - 0x00007fff0be25000 	C:\WINDOWS\System32\USER32.dll
0x00007fff0a030000 - 0x00007fff0a057000 	C:\WINDOWS\System32\win32u.dll
0x00007fff0b1c0000 - 0x00007fff0b1eb000 	C:\WINDOWS\System32\GDI32.dll
0x00007fff09ef0000 - 0x00007fff0a028000 	C:\WINDOWS\System32\gdi32full.dll
0x00007fff0a240000 - 0x00007fff0a2e3000 	C:\WINDOWS\System32\msvcp_win.dll
0x00007ffec9210000 - 0x00007ffec922b000 	C:\Program Files\Java\jdk-23\bin\VCRUNTIME140.dll
0x00007ffef3790000 - 0x00007ffef3a2a000 	C:\WINDOWS\WinSxS\amd64_microsoft.windows.common-controls_6595b64144ccf1df_6.0.26100.4768_none_3e0c112ce331287c\COMCTL32.dll
0x00007fff0acc0000 - 0x00007fff0ad69000 	C:\WINDOWS\System32\msvcrt.dll
0x00007fff0b180000 - 0x00007fff0b1af000 	C:\WINDOWS\System32\IMM32.DLL
0x00007ffef01e0000 - 0x00007ffef01ec000 	C:\Program Files\Java\jdk-23\bin\vcruntime140_1.dll
0x00007ffe7a630000 - 0x00007ffe7a6be000 	C:\Program Files\Java\jdk-23\bin\msvcp140.dll
0x00007ffe6df10000 - 0x00007ffe6ec60000 	C:\Program Files\Java\jdk-23\bin\server\jvm.dll
0x00007fff0c6a0000 - 0x00007fff0c754000 	C:\WINDOWS\System32\ADVAPI32.dll
0x00007fff0ac10000 - 0x00007fff0acb6000 	C:\WINDOWS\System32\sechost.dll
0x00007fff0b060000 - 0x00007fff0b178000 	C:\WINDOWS\System32\RPCRT4.dll
0x00007fff0c610000 - 0x00007fff0c684000 	C:\WINDOWS\System32\WS2_32.dll
0x00007fff09750000 - 0x00007fff097ae000 	C:\WINDOWS\SYSTEM32\POWRPROF.dll
0x00007fff072a0000 - 0x00007fff072d5000 	C:\WINDOWS\SYSTEM32\WINMM.dll
0x00007ffefb1e0000 - 0x00007ffefb1eb000 	C:\WINDOWS\SYSTEM32\VERSION.dll
0x00007fff09730000 - 0x00007fff09744000 	C:\WINDOWS\SYSTEM32\UMPDC.dll
0x00007fff08650000 - 0x00007fff0866b000 	C:\WINDOWS\SYSTEM32\kernel.appcore.dll
0x00007ffeeeaf0000 - 0x00007ffeeeafa000 	C:\Program Files\Java\jdk-23\bin\jimage.dll
0x00007fff06c40000 - 0x00007fff06e81000 	C:\WINDOWS\SYSTEM32\DBGHELP.DLL
0x00007fff0b8d0000 - 0x00007fff0bc55000 	C:\WINDOWS\System32\combase.dll
0x00007fff0a5c0000 - 0x00007fff0a6a0000 	C:\WINDOWS\System32\OLEAUT32.dll
0x00007ffeeb810000 - 0x00007ffeeb853000 	C:\WINDOWS\SYSTEM32\dbgcore.DLL
0x00007fff098d0000 - 0x00007fff09969000 	C:\WINDOWS\System32\bcryptPrimitives.dll
0x00007ffeb3340000 - 0x00007ffeb335e000 	C:\Program Files\Java\jdk-23\bin\java.dll
0x00007fff0aeb0000 - 0x00007fff0b050000 	C:\WINDOWS\System32\ole32.dll
0x00007fff0be30000 - 0x00007fff0c57d000 	C:\WINDOWS\System32\SHELL32.dll
0x00007fff09d70000 - 0x00007fff09ee3000 	C:\WINDOWS\System32\wintypes.dll
0x00007fff074a0000 - 0x00007fff07d00000 	C:\WINDOWS\SYSTEM32\windows.storage.dll
0x00007fff0ad70000 - 0x00007fff0ae65000 	C:\WINDOWS\System32\SHCORE.dll
0x00007fff0c5a0000 - 0x00007fff0c60a000 	C:\WINDOWS\System32\shlwapi.dll
0x00007fff097f0000 - 0x00007fff09819000 	C:\WINDOWS\SYSTEM32\profapi.dll
0x00007ffe75340000 - 0x00007ffe75417000 	C:\Program Files\Java\jdk-23\bin\jsvml.dll
0x00007ffee3f00000 - 0x00007ffee3f10000 	C:\Program Files\Java\jdk-23\bin\net.dll
0x00007fff08be0000 - 0x00007fff08c4b000 	C:\WINDOWS\system32\mswsock.dll
0x00007ffeb0e70000 - 0x00007ffeb0e86000 	C:\Program Files\Java\jdk-23\bin\nio.dll
0x00007ffeb0a70000 - 0x00007ffeb0a87000 	C:\Program Files\Java\jdk-23\bin\zip.dll
0x00007fff08ea0000 - 0x00007fff08ebb000 	C:\WINDOWS\SYSTEM32\CRYPTSP.dll
0x00007fff08590000 - 0x00007fff085cb000 	C:\WINDOWS\system32\rsaenh.dll
0x00007fff08c80000 - 0x00007fff08cab000 	C:\WINDOWS\SYSTEM32\USERENV.dll
0x00007fff097c0000 - 0x00007fff097e6000 	C:\WINDOWS\SYSTEM32\bcrypt.dll
0x00007fff08ec0000 - 0x00007fff08ecc000 	C:\WINDOWS\SYSTEM32\CRYPTBASE.dll
0x00007fff080c0000 - 0x00007fff080f3000 	C:\WINDOWS\SYSTEM32\IPHLPAPI.DLL
0x00007fff0b250000 - 0x00007fff0b25a000 	C:\WINDOWS\System32\NSI.dll
0x00007ffee1b40000 - 0x00007ffee1b50000 	C:\Program Files\Java\jdk-23\bin\verify.dll
0x00007ffe7bca0000 - 0x00007ffe7bd89000 	C:\Users\Mbongeni\AppData\Local\Temp\sqlite-3.41.2.1-b42c8cff-e158-4f7b-a615-599a16bf4c58-sqlitejdbc.dll

dbghelp: loaded successfully - version: 4.0.5 - missing functions: none
symbol engine: initialized successfully - sym options: 0x614 - pdb path: .;C:\Program Files\Java\jdk-23\bin;C:\WINDOWS\SYSTEM32;C:\WINDOWS\WinSxS\amd64_microsoft.windows.common-controls_6595b64144ccf1df_6.0.26100.4768_none_3e0c112ce331287c;C:\Program Files\Java\jdk-23\bin\server;C:\Users\Mbongeni\AppData\Local\Temp

VM Arguments:
jvm_args: -DkotlinLanguageServer.version=1.3.13 
java_command: org.javacs.kt.MainKt
java_class_path (initial): c:\Users\Mbongeni\AppData\Roaming\Code\User\globalStorage\fwcd.kotlin\langServerInstall\server\lib\server-1.3.13.jar;c:\Users\Mbongeni\AppData\Roaming\Code\User\globalStorage\fwcd.kotlin\langServerInstall\server\lib\shared-1.3.13.jar;c:\Users\Mbongeni\AppData\Roaming\Code\User\globalStorage\fwcd.kotlin\langServerInstall\server\lib\kotlin-scripting-jvm-host-unshaded-2.1.0.jar;c:\Users\Mbongeni\AppData\Roaming\Code\User\globalStorage\fwcd.kotlin\langServerInstall\server\lib\kotlin-scripting-compiler-2.1.0.jar;c:\Users\Mbongeni\AppData\Roaming\Code\User\globalStorage\fwcd.kotlin\langServerInstall\server\lib\ktfmt-b5d31d1.jar;c:\Users\Mbongeni\AppData\Roaming\Code\User\globalStorage\fwcd.kotlin\langServerInstall\server\lib\kotlin-compiler-2.1.0.jar;c:\Users\Mbongeni\AppData\Roaming\Code\User\globalStorage\fwcd.kotlin\langServerInstall\server\lib\exposed-dao-0.37.3.jar;c:\Users\Mbongeni\AppData\Roaming\Code\User\globalStorage\fwcd.kotlin\langServerInstall\server\lib\exposed-jdbc-0.37.3.jar;c:\Users\Mbongeni\AppData\Roaming\Code\User\globalStorage\fwcd.kotlin\langServerInstall\server\lib\exposed-core-0.37.3.jar;c:\Users\Mbongeni\AppData\Roaming\Code\User\globalStorage\fwcd.kotlin\langServerInstall\server\lib\kotlin-scripting-compiler-impl-2.1.0.jar;c:\Users\Mbongeni\AppData\Roaming\Code\User\globalStorage\fwcd.kotlin\langServerInstall\server\lib\kotlin-reflect-2.1.0.jar;c:\Users\Mbongeni\AppData\Roaming\Code\User\globalStorage\fwcd.kotlin\langServerInstall\server\lib\kotlin-scripting-jvm-2.1.0.jar;c:\Users\Mbongeni\AppData\Roaming\Code\User\globalStorage\fwcd.kotlin\langServerInstall\server\lib\kotlin-scripting-common-2.1.0.jar;c:\Users\Mbongeni\AppData\Roaming\Code\User\globalStorage\fwcd.kotlin\langServerInstall\server\lib\kotlinx-coroutines-core-jvm-1.6.4.jar;c:\Users\Mbongeni\AppData\Roaming\Code\User\globalStorage\fwcd.kotlin\langServerInstall\server\lib\kotlin-stdlib-jdk8-2.1.0.jar;c:\Users\Mbongeni\AppData\Roaming\Code\User\globalStorage\fwcd.kotlin\langServerInstall\server\lib\kotlin-stdlib-jdk7-2.1.0.jar;c:\Users\Mbongeni\AppData\Roaming\Code\User\globalStorage\fwcd.kotlin\langServerInstall\server\lib\kotlin-stdlib-2.1.0.jar;c:\Users\Mbongeni\AppData\Roaming\Code\User\globalStorage\fwcd.kotlin\langServerInstall\server\lib\org.eclipse.lsp4j-0.21.2.jar;c:\Users\Mbongeni\AppData\Roaming\Code\User\globalStorage\fwcd.kotlin\langServerInstall\server\lib\org.eclipse.lsp4j.jsonrpc-0.21.2.jar;c:\Users\Mbongeni\AppData\Roaming\Code\User\globalStorage\fwcd.kotlin\langServerInstall\server\lib\kotlin-sam-with-receiver-compiler-plugin-2.1.0.jar;c:\Users\Mbongeni\AppData\Roaming\Code\User\globalStorage\fwcd.kotlin\langServerInstall\server\lib\fernflower-1.0.jar;c:\Users\Mbongeni\AppData\Roaming\Code\User\globalStorage\fwcd.kotlin\langServerInstall\server\lib\h2-1.4.200.jar;c:\Users\Mbongeni\AppData\Roaming\Code\User\globalStorage\fwcd.kotlin\langServerInstall\server\lib\jcommander-1.78.jar;c:\Users\Mbongeni\AppData\Roaming\Code\User\globalStorage\fwcd.kotlin\langServerInstall\server\lib\sqlite-jdbc-3.41.2.1.jar;c:\Users\Mbongeni\AppData\Roaming\Code\User\globalStorage\fwcd.kotlin\langServerInstall\server\lib\google-java-format-1.8.jar;c:\Users\Mbongeni\AppData\Roaming\Code\User\globalStorage\fwcd.kotlin\langServerInstall\server\lib\guava-33.3.0-jre.jar;c:\Users\Mbongeni\AppData\Roaming\Code\User\globalStorage\fwcd.kotlin\langServerInstall\server\lib\annotations-13.0.jar;c:\Users\Mbongeni\AppData\Roaming\Code\User\globalStorage\fwcd.kotlin\langServerInstall\server\lib\gson-2.10.1.jar;c:\Users\Mbongeni\AppData\Roaming\Code\User\globalStorage\fwcd.kotlin\langServerInstall\server\lib\kotlin-script-runtime-2.1.0.jar;c:\Users\Mbongeni\AppData\Roaming\Code\User\globalStorage\fwcd.kotlin\langServerInstall\server\lib\trove4j-1.0.20200330.jar;c:\Users\Mbongeni\AppData\Roaming\Code\User\globalStorage\fwcd.kotlin\langServerInstall\server\lib\jline-3.24.1.jar;c:\Users\Mbongeni\AppData\Roaming\Code\User\globalStorage\fwcd.kotlin\langServerInstall\server\lib\slf4j-api-1.7.25.jar;c:\Users\Mbongeni\AppData\Roaming\Code\User\globalStorage\fwcd.kotlin\langServerInstall\server\lib\jna-4.2.2.jar;c:\Users\Mbongeni\AppData\Roaming\Code\User\globalStorage\fwcd.kotlin\langServerInstall\server\lib\failureaccess-1.0.2.jar;c:\Users\Mbongeni\AppData\Roaming\Code\User\globalStorage\fwcd.kotlin\langServerInstall\server\lib\listenablefuture-9999.0-empty-to-avoid-conflict-with-guava.jar;c:\Users\Mbongeni\AppData\Roaming\Code\User\globalStorage\fwcd.kotlin\langServerInstall\server\lib\jsr305-3.0.2.jar;c:\Users\Mbongeni\AppData\Roaming\Code\User\globalStorage\fwcd.kotlin\langServerInstall\server\lib\checker-qual-3.43.0.jar;c:\Users\Mbongeni\AppData\Roaming\Code\User\globalStorage\fwcd.kotlin\langServerInstall\server\lib\error_prone_annotations-2.28.0.jar
Launcher Type: SUN_STANDARD

[Global flags]
     intx CICompilerCount                          = 3                                         {product} {ergonomic}
     uint ConcGCThreads                            = 1                                         {product} {ergonomic}
     uint G1ConcRefinementThreads                  = 4                                         {product} {ergonomic}
   size_t G1HeapRegionSize                         = 1048576                                   {product} {ergonomic}
   size_t InitialHeapSize                          = 132120576                                 {product} {ergonomic}
   size_t MarkStackSize                            = 4194304                                   {product} {ergonomic}
   size_t MarkStackSizeMax                         = 536870912                                 {product} {ergonomic}
   size_t MaxHeapSize                              = 2105540608                                {product} {ergonomic}
   size_t MaxNewSize                               = 1262485504                                {product} {ergonomic}
   size_t MinHeapDeltaBytes                        = 1048576                                   {product} {ergonomic}
   size_t MinHeapSize                              = 8388608                                   {product} {ergonomic}
    uintx NonNMethodCodeHeapSize                   = 5832704                                {pd product} {ergonomic}
    uintx NonProfiledCodeHeapSize                  = 122945536                              {pd product} {ergonomic}
    uintx ProfiledCodeHeapSize                     = 122880000                              {pd product} {ergonomic}
    uintx ReservedCodeCacheSize                    = 251658240                              {pd product} {ergonomic}
     bool SegmentedCodeCache                       = true                                      {product} {ergonomic}
   size_t SoftMaxHeapSize                          = 2105540608                             {manageable} {ergonomic}
     bool UseCompressedOops                        = true                           {product lp64_product} {ergonomic}
     bool UseG1GC                                  = true                                      {product} {ergonomic}
     bool UseLargePagesIndividualAllocation        = false                                  {pd product} {ergonomic}

Logging:
Log output configuration:
 #0: stdout all=warning uptime,level,tags foldmultilines=false
 #1: stderr all=off uptime,level,tags foldmultilines=false

Environment Variables:
CLASSPATH=c:\Users\Mbongeni\AppData\Roaming\Code\User\globalStorage\fwcd.kotlin\langServerInstall\server\lib\server-1.3.13.jar;c:\Users\Mbongeni\AppData\Roaming\Code\User\globalStorage\fwcd.kotlin\langServerInstall\server\lib\shared-1.3.13.jar;c:\Users\Mbongeni\AppData\Roaming\Code\User\globalStorage\fwcd.kotlin\langServerInstall\server\lib\kotlin-scripting-jvm-host-unshaded-2.1.0.jar;c:\Users\Mbongeni\AppData\Roaming\Code\User\globalStorage\fwcd.kotlin\langServerInstall\server\lib\kotlin-scripting-compiler-2.1.0.jar;c:\Users\Mbongeni\AppData\Roaming\Code\User\globalStorage\fwcd.kotlin\langServerInstall\server\lib\ktfmt-b5d31d1.jar;c:\Users\Mbongeni\AppData\Roaming\Code\User\globalStorage\fwcd.kotlin\langServerInstall\server\lib\kotlin-compiler-2.1.0.jar;c:\Users\Mbongeni\AppData\Roaming\Code\User\globalStorage\fwcd.kotlin\langServerInstall\server\lib\exposed-dao-0.37.3.jar;c:\Users\Mbongeni\AppData\Roaming\Code\User\globalStorage\fwcd.kotlin\langServerInstall\server\lib\exposed-jdbc-0.37.3.jar;c:\Users\Mbongeni\AppData\Roaming\Code\User\globalStorage\fwcd.kotlin\langServerInstall\server\lib\exposed-core-0.37.3.jar;c:\Users\Mbongeni\AppData\Roaming\Code\User\globalStorage\fwcd.kotlin\langServerInstall\server\lib\kotlin-scripting-compiler-impl-2.1.0.jar;c:\Users\Mbongeni\AppData\Roaming\Code\User\globalStorage\fwcd.kotlin\langServerInstall\server\lib\kotlin-reflect-2.1.0.jar;c:\Users\Mbongeni\AppData\Roaming\Code\User\globalStorage\fwcd.kotlin\langServerInstall\server\lib\kotlin-scripting-jvm-2.1.0.jar;c:\Users\Mbongeni\AppData\Roaming\Code\User\globalStorage\fwcd.kotlin\langServerInstall\server\lib\kotlin-scripting-common-2.1.0.jar;c:\Users\Mbongeni\AppData\Roaming\Code\User\globalStorage\fwcd.kotlin\langServerInstall\server\lib\kotlinx-coroutines-core-jvm-1.6.4.jar;c:\Users\Mbongeni\AppData\Roaming\Code\User\globalStorage\fwcd.kotlin\langServerInstall\server\lib\kotlin-stdlib-jdk8-2.1.0.jar;c:\Users\Mbongeni\AppData\Roaming\Code\User\globalStorage\fwcd.kotlin\langServerInstall\server\lib\kotlin-stdlib-jdk7-2.1.0.jar;c:\Users\Mbongeni\AppData\Roaming\Code\User\globalStorage\fwcd.kotlin\langServerInstall\server\lib\kotlin-stdlib-2.1.0.jar;c:\Users\Mbongeni\AppData\Roaming\Code\User\globalStorage\fwcd.kotlin\langServerInstall\server\lib\org.eclipse.lsp4j-0.21.2.jar;c:\Users\Mbongeni\AppData\Roaming\Code\User\globalStorage\fwcd.kotlin\langServerInstall\server\lib\org.eclipse.lsp4j.jsonrpc-0.21.2.jar;c:\Users\Mbongeni\AppData\Roaming\Code\User\globalStorage\fwcd.kotlin\langServerInstall\server\lib\kotlin-sam-with-receiver-compiler-plugin-2.1.0.jar;c:\Users\Mbongeni\AppData\Roaming\Code\User\globalStorage\fwcd.kotlin\langServerInstall\server\lib\fernflower-1.0.jar;c:\Users\Mbongeni\AppData\Roaming\Code\User\globalStorage\fwcd.kotlin\langServerInstall\server\lib\h2-1.4.200.jar;c:\Users\Mbongeni\AppData\Roaming\Code\User\globalStorage\fwcd.kotlin\langServerInstall\server\lib\jcommander-1.78.jar;c:\Users\Mbongeni\AppData\Roaming\Code\User\globalStorage\fwcd.kotlin\langServerInstall\server\lib\sqlite-jdbc-3.41.2.1.jar;c:\Users\Mbongeni\AppData\Roaming\Code\User\globalStorage\fwcd.kotlin\langServerInstall\server\lib\google-java-format-1.8.jar;c:\Users\Mbongeni\AppData\Roaming\Code\User\globalStorage\fwcd.kotlin\langServerInstall\server\lib\guava-33.3.0-jre.jar;c:\Users\Mbongeni\AppData\Roaming\Code\User\globalStorage\fwcd.kotlin\langServerInstall\server\lib\annotations-13.0.jar;c:\Users\Mbongeni\AppData\Roaming\Code\User\globalStorage\fwcd.kotlin\langServerInstall\server\lib\gson-2.10.1.jar;c:\Users\Mbongeni\AppData\Roaming\Code\User\globalStorage\fwcd.kotlin\langServerInstall\server\lib\kotlin-script-runtime-2.1.0.jar;c:\Users\Mbongeni\AppData\Roaming\Code\User\globalStorage\fwcd.kotlin\langServerInstall\server\lib\trove4j-1.0.20200330.jar;c:\Users\Mbongeni\AppData\Roaming\Code\User\globalStorage\fwcd.kotlin\langServerInstall\server\lib\jline-3.24.1.jar;c:\Users\Mbongeni\AppData\Roaming\Code\User\globalStorage\fwcd.kotlin\langServerInstall\server\lib\slf4j-api-1.7.25.jar;c:\Users\Mbongeni\AppData\Roaming\Code\User\globalStorage\fwcd.kotlin\langServerInstall\server\lib\jna-4.2.2.jar;c:\Users\Mbongeni\AppData\Roaming\Code\User\globalStorage\fwcd.kotlin\langServerInstall\server\lib\failureaccess-1.0.2.jar;c:\Users\Mbongeni\AppData\Roaming\Code\User\globalStorage\fwcd.kotlin\langServerInstall\server\lib\listenablefuture-9999.0-empty-to-avoid-conflict-with-guava.jar;c:\Users\Mbongeni\AppData\Roaming\Code\User\globalStorage\fwcd.kotlin\langServerInstall\server\lib\jsr305-3.0.2.jar;c:\Users\Mbongeni\AppData\Roaming\Code\User\globalStorage\fwcd.kotlin\langServerInstall\server\lib\checker-qual-3.43.0.jar;c:\Users\Mbongeni\AppData\Roaming\Code\User\globalStorage\fwcd.kotlin\langServerInstall\server\lib\error_prone_annotations-2.28.0.jar
PATH=C:\Program Files\Common Files\Oracle\Java\javapath;C:\Windows\System32\HWAudioDriverLibs;C:\Windows\system32;C:\Windows;C:\Windows\System32\Wbem;C:\Windows\System32\WindowsPowerShell\v1.0\;C:\Windows\System32\OpenSSH\;C:\Windows\system32\config\systemprofile\AppData\Local\Microsoft\WindowsApps;C:\WINDOWS\system32;C:\WINDOWS;C:\WINDOWS\System32\Wbem;C:\WINDOWS\System32\WindowsPowerShell\v1.0\;C:\WINDOWS\System32\OpenSSH\;C:\Program Files\nodejs\;C:\Program Files\apache-maven-3.9.9\bin;C:\Program Files\Microsoft SQL Server\150\Tools\Binn\;C:\Users\Mbongeni\Downloads\ffmpeg-2025-04-14-git-3b2a9410ef-full_build\ffmpeg-2025-04-14-git-3b2a9410ef-full_build\bin;C:\platform-tools;C:\xampp\php;C:\ProgramData\ComposerSetup\bin;C:\dev\flutter\bin;C:\Program Files\Git\cmd;C:\Users\Mbongeni\AppData\Local\Microsoft\WindowsApps;C:\Users\Mbongeni\AppData\Local\Programs\Microsoft VS Code\bin;C:\Users\Mbongeni\AppData\Roaming\npm;C:\Users\Mbongeni\AppData\Local\GitHubDesktop\bin;C:\Users\Mbongeni\.dotnet\tools;C:\msys64\ucrt64\bin;C:\Users\Mbongeni\AppData\Roaming\Composer\vendor\bin
USERNAME=Mbongeni
OS=Windows_NT
PROCESSOR_IDENTIFIER=Intel64 Family 6 Model 142 Stepping 12, GenuineIntel
TMP=C:\Users\Mbongeni\AppData\Local\Temp
TEMP=C:\Users\Mbongeni\AppData\Local\Temp




Periodic native trim disabled

---------------  S Y S T E M  ---------------

OS:
 Windows 11 , 64 bit Build 26100 (10.0.26100.4768)
OS uptime: 1 days 1:47 hours
Hyper-V role detected

CPU: total 4 (initial active 4) (2 cores per cpu, 2 threads per core) family 6 model 142 stepping 12 microcode 0xde, cx8, cmov, fxsr, ht, mmx, 3dnowpref, sse, sse2, sse3, ssse3, sse4.1, sse4.2, popcnt, lzcnt, tsc, tscinvbit, avx, avx2, aes, erms, clmul, bmi1, bmi2, adx, fma, vzeroupper, clflush, clflushopt, hv, rdtscp, f16c
Processor Information for the first 4 processors :
  Max Mhz: 2592, Current Mhz: 2592, Mhz Limit: 2073

Memory: 4k page, system-wide physical 8025M (280M free)
TotalPageFile size 23385M (AvailPageFile size 6M)
current process WorkingSet (physical memory assigned to process): 19M, peak: 2291M
current process commit charge ("private bytes"): 2379M, peak: 2390M

vm_info: Java HotSpot(TM) 64-Bit Server VM (23.0.2+7-58) for windows-amd64 JRE (23.0.2+7-58), built on 2024-11-29T09:34:55Z with MS VC++ 17.6 (VS2022)

END.
