#
# There is insufficient memory for the Java Runtime Environment to continue.
# Native memory allocation (malloc) failed to allocate 1182416 bytes. Error detail: Chunk::new
# Possible reasons:
#   The system is out of physical RAM or swap space
#   This process is running with CompressedOops enabled, and the Java Heap may be blocking the growth of the native heap
# Possible solutions:
#   Reduce memory load on the system
#   Increase physical memory or swap space
#   Check if swap backing store is full
#   Decrease Java heap size (-Xmx/-Xms)
#   Decrease number of Java threads
#   Decrease Java thread stack sizes (-Xss)
#   Set larger code cache with -XX:ReservedCodeCacheSize=
#   JVM is running with Zero Based Compressed Oops mode in which the Java heap is
#     placed in the first 32GB address space. The Java Heap base address is the
#     maximum limit for the native heap growth. Please use -XX:HeapBaseMinAddress
#     to set the Java Heap base and to place the Java Heap above 32GB virtual address.
# This output file may be truncated or incomplete.
#
#  Out of Memory Error (arena.cpp:168), pid=7444, tid=15996
#
# JRE version: OpenJDK Runtime Environment (21.0.6) (build 21.0.6+-13391695-b895.109)
# Java VM: OpenJDK 64-Bit Server VM (21.0.6+-13391695-b895.109, mixed mode, tiered, compressed oops, compressed class ptrs, parallel gc, windows-amd64)
# No core dump will be written. Minidumps are not enabled by default on client versions of Windows
#

---------------  S U M M A R Y ------------

Command Line: --add-opens=java.base/java.lang=ALL-UNNAMED --add-opens=java.base/java.lang.invoke=ALL-UNNAMED --add-opens=java.base/java.util=ALL-UNNAMED --add-opens=java.prefs/java.util.prefs=ALL-UNNAMED --add-exports=jdk.compiler/com.sun.tools.javac.api=ALL-UNNAMED --add-exports=jdk.compiler/com.sun.tools.javac.util=ALL-UNNAMED --add-opens=java.base/java.util=ALL-UNNAMED --add-opens=java.prefs/java.util.prefs=ALL-UNNAMED --add-opens=java.base/java.nio.charset=ALL-UNNAMED --add-opens=java.base/java.net=ALL-UNNAMED --add-opens=java.base/java.util.concurrent.atomic=ALL-UNNAMED --add-opens=java.xml/javax.xml.namespace=ALL-UNNAMED -XX:+UseParallelGC -Xmx4g -Dfile.encoding=UTF-8 -Duser.country=CN -Duser.language=zh -Duser.variant -javaagent:C:\Users\Mbongeni\.gradle\wrapper\dists\gradle-8.14.2-bin\2pb3mgt1p815evrl3weanttgr\gradle-8.14.2\lib\agents\gradle-instrumentation-agent-8.14.2.jar org.gradle.launcher.daemon.bootstrap.GradleDaemon 8.14.2

Host: Intel(R) Core(TM) i3-10110U CPU @ 2.10GHz, 4 cores, 7G,  Windows 11 , 64 bit Build 26100 (10.0.26100.5074)
Time: Sat Sep  6 08:30:08 2025 South Africa Standard Time elapsed time: 2382.233170 seconds (0d 0h 39m 42s)

---------------  T H R E A D  ---------------

Current thread (0x0000021bcf1127b0):  JavaThread "C2 CompilerThread0" daemon [_thread_in_native, id=15996, stack(0x000000e0e2c00000,0x000000e0e2d00000) (1024K)]


Current CompileTask:
C2:2382233 34736       4       com.gradle.scan.plugin.internal.resourceusage.capture.a.h::a (850 bytes)

Stack: [0x000000e0e2c00000,0x000000e0e2d00000]
Native frames: (J=compiled Java code, j=interpreted, Vv=VM code, C=native code)
V  [jvm.dll+0x6d0639]
V  [jvm.dll+0x85eb03]
V  [jvm.dll+0x86105e]
V  [jvm.dll+0x861743]
V  [jvm.dll+0x27e6e6]
V  [jvm.dll+0xbff6d]
V  [jvm.dll+0xc04a3]
V  [jvm.dll+0x3b6171]
V  [jvm.dll+0x3820c7]
V  [jvm.dll+0x38153a]
V  [jvm.dll+0x247c82]
V  [jvm.dll+0x247251]
V  [jvm.dll+0x1c5f04]
V  [jvm.dll+0x2569ac]
V  [jvm.dll+0x254ef6]
V  [jvm.dll+0x3f0e96]
V  [jvm.dll+0x806ed8]
V  [jvm.dll+0x6cef0d]
C  [ucrtbase.dll+0x37b0]
C  [KERNEL32.DLL+0x2e8d7]
C  [ntdll.dll+0x8d9c]


---------------  P R O C E S S  ---------------

Threads class SMR info:
_java_thread_list=0x0000021bdc037950, length=115, elements={
0x0000021bacc77d90, 0x0000021bca2bae70, 0x0000021bca2bbc80, 0x0000021bca2c1320,
0x0000021bca2bcb90, 0x0000021bca2bd5e0, 0x0000021bca2be030, 0x0000021bcf1127b0,
0x0000021bcf1861d0, 0x0000021baefd06f0, 0x0000021bcf4260a0, 0x0000021bcfa20780,
0x0000021bd01df650, 0x0000021bd0223eb0, 0x0000021bd03cb550, 0x0000021bd03cbbe0,
0x0000021bd03caec0, 0x0000021bd03c9480, 0x0000021bd03ca830, 0x0000021bd26add00,
0x0000021bd26ae390, 0x0000021bd26af0b0, 0x0000021bd26aea20, 0x0000021bd26b0460,
0x0000021bd350ee60, 0x0000021bd3352800, 0x0000021bdaa013a0, 0x0000021bd4176c60,
0x0000021bd41765d0, 0x0000021bd41737e0, 0x0000021bd4173e70, 0x0000021bd41758b0,
0x0000021bd41772f0, 0x0000021bd4177980, 0x0000021bd4178010, 0x0000021bd4179a50,
0x0000021bd41786a0, 0x0000021bd417a770, 0x0000021bd350cd90, 0x0000021bd350e140,
0x0000021bd350acc0, 0x0000021bd350e7d0, 0x0000021bd350b9e0, 0x0000021bd350f4f0,
0x0000021bd350c070, 0x0000021bd35108a0, 0x0000021bd3510f30, 0x0000021bd350fb80,
0x0000021bd350c700, 0x0000021bd3510210, 0x0000021bd35115c0, 0x0000021bd3511c50,
0x0000021bdc2621f0, 0x0000021bdc265d00, 0x0000021bdc2642c0, 0x0000021bdc266390,
0x0000021bdc262f10, 0x0000021bdc264950, 0x0000021bdc266a20, 0x0000021bdc2635a0,
0x0000021bdc2670b0, 0x0000021bdc263c30, 0x0000021bdce63d50, 0x0000021bdce65100,
0x0000021bdce65e20, 0x0000021bdce629a0, 0x0000021bdce664b0, 0x0000021bdce67860,
0x0000021bdce643e0, 0x0000021bdce69930, 0x0000021bdce69fc0, 0x0000021bdce68580,
0x0000021bd334fa10, 0x0000021bd334ecf0, 0x0000021bd334d940, 0x0000021bd3350dc0,
0x0000021bd3351450, 0x0000021bd33500a0, 0x0000021bd334f380, 0x0000021bd334e660,
0x0000021bd3352170, 0x0000021bdaa02de0, 0x0000021bdaa00d10, 0x0000021bdaa06f80,
0x0000021bdaa04eb0, 0x0000021bdaa068f0, 0x0000021bdaa07610, 0x0000021bd03c9b10,
0x0000021bd03cc900, 0x0000021bd03cc270, 0x0000021bd03ca1a0, 0x0000021bd26afdd0,
0x0000021bd26b1180, 0x0000021bdd664bb0, 0x0000021bdd663170, 0x0000021bdd661730,
0x0000021bdd663800, 0x0000021bdd663e90, 0x0000021bdd664520, 0x0000021bdd661dc0,
0x0000021bdd662450, 0x0000021bdd662ae0, 0x0000021be20d20f0, 0x0000021be20d0d40,
0x0000021be20d89f0, 0x0000021be20db150, 0x0000021be20de5d0, 0x0000021be20db7e0,
0x0000021be20d13d0, 0x0000021be20d7640, 0x0000021be20d8360, 0x0000021be20dec60,
0x0000021bdaa04820, 0x0000021bdaa05540, 0x0000021bdaa05bd0
}

Java Threads: ( => current thread )
  0x0000021bacc77d90 JavaThread "main"                              [_thread_blocked, id=500, stack(0x000000e0e2200000,0x000000e0e2300000) (1024K)]
  0x0000021bca2bae70 JavaThread "Reference Handler"          daemon [_thread_blocked, id=15280, stack(0x000000e0e2600000,0x000000e0e2700000) (1024K)]
  0x0000021bca2bbc80 JavaThread "Finalizer"                  daemon [_thread_blocked, id=6524, stack(0x000000e0e2700000,0x000000e0e2800000) (1024K)]
  0x0000021bca2c1320 JavaThread "Signal Dispatcher"          daemon [_thread_blocked, id=12332, stack(0x000000e0e2800000,0x000000e0e2900000) (1024K)]
  0x0000021bca2bcb90 JavaThread "Attach Listener"            daemon [_thread_blocked, id=11200, stack(0x000000e0e2900000,0x000000e0e2a00000) (1024K)]
  0x0000021bca2bd5e0 JavaThread "Service Thread"             daemon [_thread_blocked, id=15236, stack(0x000000e0e2a00000,0x000000e0e2b00000) (1024K)]
  0x0000021bca2be030 JavaThread "Monitor Deflation Thread"   daemon [_thread_blocked, id=8792, stack(0x000000e0e2b00000,0x000000e0e2c00000) (1024K)]
=>0x0000021bcf1127b0 JavaThread "C2 CompilerThread0"         daemon [_thread_in_native, id=15996, stack(0x000000e0e2c00000,0x000000e0e2d00000) (1024K)]
  0x0000021bcf1861d0 JavaThread "C1 CompilerThread0"         daemon [_thread_blocked, id=11356, stack(0x000000e0e2d00000,0x000000e0e2e00000) (1024K)]
  0x0000021baefd06f0 JavaThread "Common-Cleaner"             daemon [_thread_blocked, id=13400, stack(0x000000e0e2e00000,0x000000e0e2f00000) (1024K)]
  0x0000021bcf4260a0 JavaThread "Notification Thread"        daemon [_thread_blocked, id=9788, stack(0x000000e0e2f00000,0x000000e0e3000000) (1024K)]
  0x0000021bcfa20780 JavaThread "Daemon health stats"               [_thread_blocked, id=8024, stack(0x000000e0e3300000,0x000000e0e3400000) (1024K)]
  0x0000021bd01df650 JavaThread "Incoming local TCP Connector on port 46967"        [_thread_in_native, id=8956, stack(0x000000e0e3400000,0x000000e0e3500000) (1024K)]
  0x0000021bd0223eb0 JavaThread "Daemon periodic checks"            [_thread_blocked, id=10096, stack(0x000000e0e3600000,0x000000e0e3700000) (1024K)]
  0x0000021bd03cb550 JavaThread "Cache worker for journal cache (C:\Users\Mbongeni\.gradle\caches\journal-1)"        [_thread_blocked, id=9156, stack(0x000000e0e3d00000,0x000000e0e3e00000) (1024K)]
  0x0000021bd03cbbe0 JavaThread "File lock request listener"        [_thread_in_native, id=1104, stack(0x000000e0e3e00000,0x000000e0e3f00000) (1024K)]
  0x0000021bd03caec0 JavaThread "Cache worker for file hash cache (C:\Users\Mbongeni\.gradle\caches\8.14.2\fileHashes)"        [_thread_blocked, id=7572, stack(0x000000e0e3f00000,0x000000e0e4000000) (1024K)]
  0x0000021bd03c9480 JavaThread "File watcher server"        daemon [_thread_in_native, id=6184, stack(0x000000e0e4200000,0x000000e0e4300000) (1024K)]
  0x0000021bd03ca830 JavaThread "File watcher consumer"      daemon [_thread_blocked, id=7724, stack(0x000000e0e4300000,0x000000e0e4400000) (1024K)]
  0x0000021bd26add00 JavaThread "jar transforms"                    [_thread_blocked, id=11428, stack(0x000000e0e4400000,0x000000e0e4500000) (1024K)]
  0x0000021bd26ae390 JavaThread "jar transforms Thread 2"           [_thread_blocked, id=8912, stack(0x000000e0e4500000,0x000000e0e4600000) (1024K)]
  0x0000021bd26af0b0 JavaThread "jar transforms Thread 3"           [_thread_blocked, id=15456, stack(0x000000e0e4600000,0x000000e0e4700000) (1024K)]
  0x0000021bd26aea20 JavaThread "jar transforms Thread 4"           [_thread_blocked, id=7664, stack(0x000000e0e4700000,0x000000e0e4800000) (1024K)]
  0x0000021bd26b0460 JavaThread "Cache worker for file content cache (C:\Users\Mbongeni\.gradle\caches\8.14.2\fileContent)"        [_thread_blocked, id=13036, stack(0x000000e0e4800000,0x000000e0e4900000) (1024K)]
  0x0000021bd350ee60 JavaThread "JNA Cleaner"                daemon [_thread_blocked, id=11564, stack(0x000000e0e5b00000,0x000000e0e5c00000) (1024K)]
  0x0000021bd3352800 JavaThread "Memory manager"                    [_thread_blocked, id=10300, stack(0x000000e0e2000000,0x000000e0e2100000) (1024K)]
  0x0000021bdaa013a0 JavaThread "pool-3-thread-1"                   [_thread_blocked, id=10424, stack(0x000000e0e7500000,0x000000e0e7600000) (1024K)]
  0x0000021bd4176c60 JavaThread "Daemon Thread 2"                   [_thread_blocked, id=3280, stack(0x000000e0e2100000,0x000000e0e2200000) (1024K)]
  0x0000021bd41765d0 JavaThread "Handler for socket connection from /127.0.0.1:46967 to /127.0.0.1:1150"        [_thread_in_native, id=16836, stack(0x000000e0e3500000,0x000000e0e3600000) (1024K)]
  0x0000021bd41737e0 JavaThread "Cancel handler"                    [_thread_blocked, id=10576, stack(0x000000e0e3700000,0x000000e0e3800000) (1024K)]
  0x0000021bd4173e70 JavaThread "Daemon worker Thread 2"            [_thread_blocked, id=17252, stack(0x000000e0e3800000,0x000000e0e3900000) (1024K)]
  0x0000021bd41758b0 JavaThread "Asynchronous log dispatcher for DefaultDaemonConnection: socket connection from /127.0.0.1:46967 to /127.0.0.1:1150"        [_thread_blocked, id=16784, stack(0x000000e0e3900000,0x000000e0e3a00000) (1024K)]
  0x0000021bd41772f0 JavaThread "Stdin handler"                     [_thread_blocked, id=14620, stack(0x000000e0e3a00000,0x000000e0e3b00000) (1024K)]
  0x0000021bd4177980 JavaThread "Daemon client event forwarder"        [_thread_blocked, id=5168, stack(0x000000e0e3b00000,0x000000e0e3c00000) (1024K)]
  0x0000021bd4178010 JavaThread "Cache worker for file hash cache (C:\Users\Mbongeni\OneDrive\Documents\GitHub\Lost\.gradle\8.14.2\fileHashes)"        [_thread_blocked, id=15684, stack(0x000000e0e3c00000,0x000000e0e3d00000) (1024K)]
  0x0000021bd4179a50 JavaThread "Cache worker for checksums cache (C:\Users\Mbongeni\OneDrive\Documents\GitHub\Lost\.gradle\8.14.2\checksums)"        [_thread_blocked, id=4620, stack(0x000000e0e4000000,0x000000e0e4100000) (1024K)]
  0x0000021bd41786a0 JavaThread "Cache worker for Build Output Cleanup Cache (C:\Users\Mbongeni\OneDrive\Documents\GitHub\Lost\.gradle\buildOutputCleanup)"        [_thread_blocked, id=1748, stack(0x000000e0e4100000,0x000000e0e4200000) (1024K)]
  0x0000021bd417a770 JavaThread "gradle-enterprise-worker-1"        [_thread_blocked, id=17392, stack(0x000000e0e4900000,0x000000e0e4a00000) (1024K)]
  0x0000021bd350cd90 JavaThread "Develocity resource usage"  daemon [_thread_blocked, id=6852, stack(0x000000e0e4a00000,0x000000e0e4b00000) (1024K)]
  0x0000021bd350e140 JavaThread "ForkJoinPool.commonPool-worker-4" daemon [_thread_blocked, id=11396, stack(0x000000e0e5200000,0x000000e0e5300000) (1024K)]
  0x0000021bd350acc0 JavaThread "ForkJoinPool.commonPool-worker-5" daemon [_thread_blocked, id=15388, stack(0x000000e0e5300000,0x000000e0e5400000) (1024K)]
  0x0000021bd350e7d0 JavaThread "ForkJoinPool.commonPool-worker-6" daemon [_thread_blocked, id=14940, stack(0x000000e0e5400000,0x000000e0e5500000) (1024K)]
  0x0000021bd350b9e0 JavaThread "build event listener"              [_thread_blocked, id=9532, stack(0x000000e0e5500000,0x000000e0e5600000) (1024K)]
  0x0000021bd350f4f0 JavaThread "build event listener"              [_thread_blocked, id=12016, stack(0x000000e0e5600000,0x000000e0e5700000) (1024K)]
  0x0000021bd350c070 JavaThread "build event listener"              [_thread_blocked, id=10484, stack(0x000000e0e5700000,0x000000e0e5800000) (1024K)]
  0x0000021bd35108a0 JavaThread "Build operations"                  [_thread_blocked, id=14504, stack(0x000000e0e5800000,0x000000e0e5900000) (1024K)]
  0x0000021bd3510f30 JavaThread "Build operations Thread 2"         [_thread_blocked, id=17164, stack(0x000000e0e5900000,0x000000e0e5a00000) (1024K)]
  0x0000021bd350fb80 JavaThread "Resource Usage Collector SystemCpu" daemon [_thread_blocked, id=3696, stack(0x000000e0e5a00000,0x000000e0e5b00000) (1024K)]
  0x0000021bd350c700 JavaThread "Resource Usage Collector Monitoring 0" daemon [_thread_blocked, id=7428, stack(0x000000e0e5d00000,0x000000e0e5e00000) (1024K)]
  0x0000021bd3510210 JavaThread "Resource Usage Collector Memory" daemon [_thread_blocked, id=8576, stack(0x000000e0e5e00000,0x000000e0e5f00000) (1024K)]
  0x0000021bd35115c0 JavaThread "Resource Usage Collector Monitoring 1" daemon [_thread_blocked, id=2580, stack(0x000000e0e5f00000,0x000000e0e6000000) (1024K)]
  0x0000021bd3511c50 JavaThread "Resource Usage Collector NetworkSpeed" daemon [_thread_blocked, id=2960, stack(0x000000e0e6000000,0x000000e0e6100000) (1024K)]
  0x0000021bdc2621f0 JavaThread "Resource Usage Collector Monitoring 2" daemon [_thread_blocked, id=12548, stack(0x000000e0e6100000,0x000000e0e6200000) (1024K)]
  0x0000021bdc265d00 JavaThread "Resource Usage Collector DiskSpeed" daemon [_thread_blocked, id=15500, stack(0x000000e0e6200000,0x000000e0e6300000) (1024K)]
  0x0000021bdc2642c0 JavaThread "Resource Usage Collector Monitoring 3" daemon [_thread_blocked, id=13648, stack(0x000000e0e6300000,0x000000e0e6400000) (1024K)]
  0x0000021bdc266390 JavaThread "Resource Usage Collector Processes" daemon [_thread_blocked, id=10996, stack(0x000000e0e6400000,0x000000e0e6500000) (1024K)]
  0x0000021bdc262f10 JavaThread "Resource Usage Collector Monitoring 4" daemon [_thread_blocked, id=10616, stack(0x000000e0e6500000,0x000000e0e6600000) (1024K)]
  0x0000021bdc264950 JavaThread "included builds"                   [_thread_blocked, id=3480, stack(0x000000e0e6600000,0x000000e0e6700000) (1024K)]
  0x0000021bdc266a20 JavaThread "Execution worker"                  [_thread_blocked, id=16904, stack(0x000000e0e6700000,0x000000e0e6800000) (1024K)]
  0x0000021bdc2635a0 JavaThread "Execution worker Thread 2"         [_thread_blocked, id=12220, stack(0x000000e0e6800000,0x000000e0e6900000) (1024K)]
  0x0000021bdc2670b0 JavaThread "Execution worker Thread 3"         [_thread_blocked, id=11184, stack(0x000000e0e6900000,0x000000e0e6a00000) (1024K)]
  0x0000021bdc263c30 JavaThread "Cache worker for execution history cache (C:\Users\Mbongeni\OneDrive\Documents\GitHub\Lost\.gradle\8.14.2\executionHistory)"        [_thread_blocked, id=8292, stack(0x000000e0e6a00000,0x000000e0e6b00000) (1024K)]
  0x0000021bdce63d50 JavaThread "Unconstrained build operations"        [_thread_blocked, id=7784, stack(0x000000e0e6b00000,0x000000e0e6c00000) (1024K)]
  0x0000021bdce65100 JavaThread "Unconstrained build operations Thread 2"        [_thread_blocked, id=8728, stack(0x000000e0e6c00000,0x000000e0e6d00000) (1024K)]
  0x0000021bdce65e20 JavaThread "Unconstrained build operations Thread 3"        [_thread_blocked, id=16448, stack(0x000000e0e6d00000,0x000000e0e6e00000) (1024K)]
  0x0000021bdce629a0 JavaThread "pool-5-thread-1"                   [_thread_blocked, id=16076, stack(0x000000e0e6e00000,0x000000e0e6f00000) (1024K)]
  0x0000021bdce664b0 JavaThread "Unconstrained build operations Thread 4"        [_thread_blocked, id=17336, stack(0x000000e0e6f00000,0x000000e0e7000000) (1024K)]
  0x0000021bdce67860 JavaThread "Unconstrained build operations Thread 5"        [_thread_blocked, id=2372, stack(0x000000e0e7000000,0x000000e0e7100000) (1024K)]
  0x0000021bdce643e0 JavaThread "Unconstrained build operations Thread 6"        [_thread_blocked, id=1376, stack(0x000000e0e7100000,0x000000e0e7200000) (1024K)]
  0x0000021bdce69930 JavaThread "Unconstrained build operations Thread 7"        [_thread_blocked, id=16656, stack(0x000000e0e5100000,0x000000e0e5200000) (1024K)]
  0x0000021bdce69fc0 JavaThread "Unconstrained build operations Thread 8"        [_thread_blocked, id=13872, stack(0x000000e0e7300000,0x000000e0e7400000) (1024K)]
  0x0000021bdce68580 JavaThread "Unconstrained build operations Thread 9"        [_thread_blocked, id=9276, stack(0x000000e0e7400000,0x000000e0e7500000) (1024K)]
  0x0000021bd334fa10 JavaThread "Unconstrained build operations Thread 10"        [_thread_blocked, id=12700, stack(0x000000e0e7600000,0x000000e0e7700000) (1024K)]
  0x0000021bd334ecf0 JavaThread "Unconstrained build operations Thread 11"        [_thread_blocked, id=17184, stack(0x000000e0e7800000,0x000000e0e7900000) (1024K)]
  0x0000021bd334d940 JavaThread "Unconstrained build operations Thread 12"        [_thread_blocked, id=1460, stack(0x000000e0e7900000,0x000000e0e7a00000) (1024K)]
  0x0000021bd3350dc0 JavaThread "Unconstrained build operations Thread 13"        [_thread_blocked, id=3328, stack(0x000000e0e7a00000,0x000000e0e7b00000) (1024K)]
  0x0000021bd3351450 JavaThread "Unconstrained build operations Thread 14"        [_thread_blocked, id=5236, stack(0x000000e0e7b00000,0x000000e0e7c00000) (1024K)]
  0x0000021bd33500a0 JavaThread "Unconstrained build operations Thread 15"        [_thread_blocked, id=12716, stack(0x000000e0e7c00000,0x000000e0e7d00000) (1024K)]
  0x0000021bd334f380 JavaThread "Unconstrained build operations Thread 16"        [_thread_blocked, id=16884, stack(0x000000e0e7d00000,0x000000e0e7e00000) (1024K)]
  0x0000021bd334e660 JavaThread "Unconstrained build operations Thread 17"        [_thread_blocked, id=16300, stack(0x000000e0e7e00000,0x000000e0e7f00000) (1024K)]
  0x0000021bd3352170 JavaThread "Unconstrained build operations Thread 18"        [_thread_blocked, id=12228, stack(0x000000e0e7f00000,0x000000e0e8000000) (1024K)]
  0x0000021bdaa02de0 JavaThread "Unconstrained build operations Thread 19"        [_thread_blocked, id=16828, stack(0x000000e0e8000000,0x000000e0e8100000) (1024K)]
  0x0000021bdaa00d10 JavaThread "Unconstrained build operations Thread 20"        [_thread_blocked, id=10100, stack(0x000000e0e8100000,0x000000e0e8200000) (1024K)]
  0x0000021bdaa06f80 JavaThread "Unconstrained build operations Thread 21"        [_thread_blocked, id=17296, stack(0x000000e0e8200000,0x000000e0e8300000) (1024K)]
  0x0000021bdaa04eb0 JavaThread "Unconstrained build operations Thread 22"        [_thread_blocked, id=9296, stack(0x000000e0e8300000,0x000000e0e8400000) (1024K)]
  0x0000021bdaa068f0 JavaThread "Unconstrained build operations Thread 23"        [_thread_blocked, id=5980, stack(0x000000e0e8400000,0x000000e0e8500000) (1024K)]
  0x0000021bdaa07610 JavaThread "Unconstrained build operations Thread 24"        [_thread_blocked, id=8076, stack(0x000000e0e8500000,0x000000e0e8600000) (1024K)]
  0x0000021bd03c9b10 JavaThread "Unconstrained build operations Thread 25"        [_thread_blocked, id=7780, stack(0x000000e0e8600000,0x000000e0e8700000) (1024K)]
  0x0000021bd03cc900 JavaThread "Unconstrained build operations Thread 26"        [_thread_blocked, id=5320, stack(0x000000e0e8700000,0x000000e0e8800000) (1024K)]
  0x0000021bd03cc270 JavaThread "Unconstrained build operations Thread 27"        [_thread_blocked, id=3880, stack(0x000000e0e8800000,0x000000e0e8900000) (1024K)]
  0x0000021bd03ca1a0 JavaThread "Unconstrained build operations Thread 28"        [_thread_blocked, id=10216, stack(0x000000e0e8900000,0x000000e0e8a00000) (1024K)]
  0x0000021bd26afdd0 JavaThread "Unconstrained build operations Thread 29"        [_thread_blocked, id=17076, stack(0x000000e0e8a00000,0x000000e0e8b00000) (1024K)]
  0x0000021bd26b1180 JavaThread "Unconstrained build operations Thread 30"        [_thread_blocked, id=7228, stack(0x000000e0e8b00000,0x000000e0e8c00000) (1024K)]
  0x0000021bdd664bb0 JavaThread "Unconstrained build operations Thread 31"        [_thread_blocked, id=7604, stack(0x000000e0e8c00000,0x000000e0e8d00000) (1024K)]
  0x0000021bdd663170 JavaThread "Unconstrained build operations Thread 32"        [_thread_blocked, id=10724, stack(0x000000e0e8d00000,0x000000e0e8e00000) (1024K)]
  0x0000021bdd661730 JavaThread "Unconstrained build operations Thread 33"        [_thread_blocked, id=8836, stack(0x000000e0e8e00000,0x000000e0e8f00000) (1024K)]
  0x0000021bdd663800 JavaThread "Unconstrained build operations Thread 34"        [_thread_blocked, id=7188, stack(0x000000e0e8f00000,0x000000e0e9000000) (1024K)]
  0x0000021bdd663e90 JavaThread "Unconstrained build operations Thread 35"        [_thread_blocked, id=16536, stack(0x000000e0e9000000,0x000000e0e9100000) (1024K)]
  0x0000021bdd664520 JavaThread "Unconstrained build operations Thread 36"        [_thread_blocked, id=5776, stack(0x000000e0e9100000,0x000000e0e9200000) (1024K)]
  0x0000021bdd661dc0 JavaThread "Unconstrained build operations Thread 37"        [_thread_blocked, id=16528, stack(0x000000e0e9200000,0x000000e0e9300000) (1024K)]
  0x0000021bdd662450 JavaThread "Unconstrained build operations Thread 38"        [_thread_blocked, id=9920, stack(0x000000e0e9300000,0x000000e0e9400000) (1024K)]
  0x0000021bdd662ae0 JavaThread "Unconstrained build operations Thread 39"        [_thread_blocked, id=16540, stack(0x000000e0e9400000,0x000000e0e9500000) (1024K)]
  0x0000021be20d20f0 JavaThread "Unconstrained build operations Thread 40"        [_thread_blocked, id=12936, stack(0x000000e0e9500000,0x000000e0e9600000) (1024K)]
  0x0000021be20d0d40 JavaThread "WorkerExecutor Queue"              [_thread_in_native, id=16340, stack(0x000000e0e9600000,0x000000e0e9700000) (1024K)]
  0x0000021be20d89f0 JavaThread "Periodic tasks thread"      daemon [_thread_blocked, id=10560, stack(0x000000e0e9700000,0x000000e0e9800000) (1024K)]
  0x0000021be20db150 JavaThread "ApplicationImpl pooled thread 1" daemon [_thread_blocked, id=8412, stack(0x000000e0e9800000,0x000000e0e9900000) (1024K)]
  0x0000021be20de5d0 JavaThread "Java2D Disposer"            daemon [_thread_blocked, id=17124, stack(0x000000e0e7200000,0x000000e0e7300000) (1024K)]
  0x0000021be20db7e0 JavaThread "AWT-Windows"                daemon [_thread_in_native, id=16012, stack(0x000000e0e9a00000,0x000000e0e9b00000) (1024K)]
  0x0000021be20d13d0 JavaThread "WorkerExecutor Queue Thread 2"        [_thread_blocked, id=4060, stack(0x000000e0e9900000,0x000000e0e9a00000) (1024K)]
  0x0000021be20d7640 JavaThread "RMI Scheduler(0)"           daemon [_thread_blocked, id=1928, stack(0x000000e0e9b00000,0x000000e0e9c00000) (1024K)]
  0x0000021be20d8360 JavaThread "RMI RenewClean-[127.0.0.1:17099,org.jetbrains.kotlin.daemon.common.LoopbackNetworkInterface$ClientLoopbackSocketFactory@27101c5c]" daemon [_thread_blocked, id=11628, stack(0x000000e0e9c00000,0x000000e0e9d00000) (1024K)]
  0x0000021be20dec60 JavaThread "RMI GC Daemon"              daemon [_thread_blocked, id=12460, stack(0x000000e0e9d00000,0x000000e0e9e00000) (1024K)]
  0x0000021bdaa04820 JavaThread "RMI TCP Accept-0"           daemon [_thread_in_native, id=16808, stack(0x000000e0e9f00000,0x000000e0ea000000) (1024K)]
  0x0000021bdaa05540 JavaThread "RMI Reaper"                        [_thread_blocked, id=16876, stack(0x000000e0ea000000,0x000000e0ea100000) (1024K)]
  0x0000021bdaa05bd0 JavaThread "RMI TCP Connection(2)-127.0.0.1" daemon [_thread_in_native, id=2312, stack(0x000000e0ea100000,0x000000e0ea200000) (1024K)]
Total: 115

Other Threads:
  0x0000021bca2607a0 VMThread "VM Thread"                           [id=12084, stack(0x000000e0e2500000,0x000000e0e2600000) (1024K)]
  0x0000021bca1aba00 WatcherThread "VM Periodic Task Thread"        [id=5568, stack(0x000000e0e2400000,0x000000e0e2500000) (1024K)]
  0x0000021baef83e00 WorkerThread "GC Thread#0"                     [id=8676, stack(0x000000e0e2300000,0x000000e0e2400000) (1024K)]
  0x0000021bcf6584e0 WorkerThread "GC Thread#1"                     [id=6488, stack(0x000000e0e3000000,0x000000e0e3100000) (1024K)]
  0x0000021bcfa5a190 WorkerThread "GC Thread#2"                     [id=648, stack(0x000000e0e3100000,0x000000e0e3200000) (1024K)]
  0x0000021bcfa5a530 WorkerThread "GC Thread#3"                     [id=8968, stack(0x000000e0e3200000,0x000000e0e3300000) (1024K)]
Total: 6

Threads with active compile tasks:
C2 CompilerThread0  2382323 34736       4       com.gradle.scan.plugin.internal.resourceusage.capture.a.h::a (850 bytes)
Total: 1

VM state: not at safepoint (normal execution)

VM Mutex/Monitor currently owned by a thread: None

Heap address: 0x0000000700000000, size: 4096 MB, Compressed Oops mode: Zero based, Oop shift amount: 3

CDS archive(s) not mapped
Compressed class space mapped at: 0x0000000800000000-0x0000000840000000, reserved size: 1073741824
Narrow klass base: 0x0000000800000000, Narrow klass shift: 0, Narrow klass range: 0x40000000

GC Precious Log:
 CardTable entry size: 512
 CPUs: 4 total, 4 available
 Memory: 8025M
 Large Page Support: Disabled
 NUMA Support: Disabled
 Compressed Oops: Enabled (Zero based)
 Alignments: Space 512K, Generation 512K, Heap 2M
 Heap Min Capacity: 8M
 Heap Initial Capacity: 126M
 Heap Max Capacity: 4G
 Pre-touch: Disabled
 Parallel Workers: 4

Heap:
 PSYoungGen      total 352768K, used 51199K [0x00000007aab00000, 0x00000007c7c80000, 0x0000000800000000)
  eden space 291840K, 4% used [0x00000007aab00000,0x00000007ab8d9d20,0x00000007bc800000)
  from space 60928K, 60% used [0x00000007c4100000,0x00000007c6526078,0x00000007c7c80000)
  to   space 64000K, 0% used [0x00000007bc800000,0x00000007bc800000,0x00000007c0680000)
 ParOldGen       total 335360K, used 335057K [0x0000000700000000, 0x0000000714780000, 0x00000007aab00000)
  object space 335360K, 99% used [0x0000000700000000,0x0000000714734550,0x0000000714780000)
 Metaspace       used 247769K, committed 251520K, reserved 1310720K
  class space    used 31506K, committed 33536K, reserved 1048576K

Card table byte_map: [0x0000021bc10c0000,0x0000021bc18d0000] _byte_map_base: 0x0000021bbd8c0000

Marking Bits: (ParMarkBitMap*) 0x00007fffebc13300
 Begin Bits: [0x0000021bc18d0000, 0x0000021bc58d0000)
 End Bits:   [0x0000021bc58d0000, 0x0000021bc98d0000)

Polling page: 0x0000021bacc30000

Metaspace:

Usage:
  Non-class:    211.19 MB used.
      Class:     30.77 MB used.
       Both:    241.96 MB used.

Virtual space:
  Non-class space:      256.00 MB reserved,     212.88 MB ( 83%) committed,  4 nodes.
      Class space:        1.00 GB reserved,      32.75 MB (  3%) committed,  1 nodes.
             Both:        1.25 GB reserved,     245.62 MB ( 19%) committed. 

Chunk freelists:
   Non-Class:  10.59 MB
       Class:  15.11 MB
        Both:  25.70 MB

MaxMetaspaceSize: unlimited
CompressedClassSpaceSize: 1.00 GB
Initial GC threshold: 21.00 MB
Current GC threshold: 396.50 MB
CDS: off
 - commit_granule_bytes: 65536.
 - commit_granule_words: 8192.
 - virtual_space_node_default_size: 8388608.
 - enlarge_chunks_in_place: 1.
 - use_allocation_guard: 0.


Internal statistics:

num_allocs_failed_limit: 15.
num_arena_births: 7626.
num_arena_deaths: 84.
num_vsnodes_births: 5.
num_vsnodes_deaths: 0.
num_space_committed: 3925.
num_space_uncommitted: 0.
num_chunks_returned_to_freelist: 139.
num_chunks_taken_from_freelist: 19224.
num_chunk_merges: 21.
num_chunk_splits: 12449.
num_chunks_enlarged: 7667.
num_inconsistent_stats: 0.

CodeHeap 'non-profiled nmethods': size=120000Kb used=20321Kb max_used=23894Kb free=99678Kb
 bounds [0x0000021bb9b90000, 0x0000021bbb2f0000, 0x0000021bc10c0000]
CodeHeap 'profiled nmethods': size=120000Kb used=57890Kb max_used=66342Kb free=62110Kb
 bounds [0x0000021bb20c0000, 0x0000021bb6190000, 0x0000021bb95f0000]
CodeHeap 'non-nmethods': size=5760Kb used=2889Kb max_used=2978Kb free=2870Kb
 bounds [0x0000021bb95f0000, 0x0000021bb98e0000, 0x0000021bb9b90000]
 total_blobs=26269 nmethods=24808 adapters=1364
 compilation: enabled
              stopped_count=0, restarted_count=0
 full_count=0

Compilation events (20 events):
Event: 2381.603 Thread 0x0000021bcf1861d0 nmethod 34725 0x0000021bb2b1bd90 code [0x0000021bb2b1bf80, 0x0000021bb2b1c3b8]
Event: 2381.607 Thread 0x0000021bcf1861d0 34726   !   3       java.io.ObjectInputStream$BlockDataInputStream::readUTFSpan (502 bytes)
Event: 2381.611 Thread 0x0000021bcf1861d0 nmethod 34726 0x0000021bb5035d10 code [0x0000021bb5035fe0, 0x0000021bb5036f90]
Event: 2381.611 Thread 0x0000021bcf1861d0 34727       3       java.io.ObjectInputStream$BlockDataInputStream::readLong (76 bytes)
Event: 2381.614 Thread 0x0000021bcf1861d0 nmethod 34727 0x0000021bb2b7a210 code [0x0000021bb2b7a4c0, 0x0000021bb2b7b100]
Event: 2381.614 Thread 0x0000021bcf1861d0 34728 % !   3       java.io.ObjectInputStream$BlockDataInputStream::readUTFSpan @ 53 (502 bytes)
Event: 2381.619 Thread 0x0000021bcf1861d0 nmethod 34728% 0x0000021bb45ea490 code [0x0000021bb45ea760, 0x0000021bb45eb9f8]
Event: 2381.619 Thread 0x0000021bcf1861d0 34729       3       java.io.ObjectOutputStream$BlockDataOutputStream::writeLong (48 bytes)
Event: 2381.620 Thread 0x0000021bcf1861d0 nmethod 34729 0x0000021bb308c890 code [0x0000021bb308ca80, 0x0000021bb308cea0]
Event: 2381.626 Thread 0x0000021bcf1861d0 34731       3       sun.nio.ch.SocketDispatcher::read (8 bytes)
Event: 2381.626 Thread 0x0000021bcf1861d0 nmethod 34731 0x0000021bb2b89190 code [0x0000021bb2b89340, 0x0000021bb2b89480]
Event: 2381.628 Thread 0x0000021bcf1861d0 34732       3       sun.nio.ch.NioSocketImpl::timedRead (85 bytes)
Event: 2381.630 Thread 0x0000021bcf1861d0 nmethod 34732 0x0000021bb2935190 code [0x0000021bb29353a0, 0x0000021bb2935888]
Event: 2381.630 Thread 0x0000021bcf1861d0 34733       3       sun.rmi.runtime.Log$LoggerLog::isLoggable (9 bytes)
Event: 2381.631 Thread 0x0000021bcf1861d0 nmethod 34733 0x0000021bb31cb990 code [0x0000021bb31cbb40, 0x0000021bb31cbdd8]
Event: 2381.632 Thread 0x0000021bcf1861d0 34734       3       kotlin.collections.AbstractCollection::size (5 bytes)
Event: 2381.632 Thread 0x0000021bcf1861d0 nmethod 34734 0x0000021bb2c70710 code [0x0000021bb2c708c0, 0x0000021bb2c70a88]
Event: 2381.632 Thread 0x0000021bcf1861d0 34735       1       org.jetbrains.kotlin.daemon.common.ReportCategory::getCode (5 bytes)
Event: 2381.632 Thread 0x0000021bcf1861d0 nmethod 34735 0x0000021bba46e090 code [0x0000021bba46e220, 0x0000021bba46e2e8]
Event: 2381.885 Thread 0x0000021bcf1127b0 34736       4       com.gradle.scan.plugin.internal.resourceusage.capture.a.h::a (850 bytes)

GC Heap History (20 events):
Event: 2328.475 GC heap before
{Heap before GC invocations=50 (full 5):
 PSYoungGen      total 185856K, used 158880K [0x00000007aab00000, 0x00000007bbc80000, 0x0000000800000000)
  eden space 150016K, 100% used [0x00000007aab00000,0x00000007b3d80000,0x00000007b3d80000)
  from space 35840K, 24% used [0x00000007b6000000,0x00000007b68a8000,0x00000007b8300000)
  to   space 35328K, 0% used [0x00000007b3d80000,0x00000007b3d80000,0x00000007b6000000)
 ParOldGen       total 237568K, used 234657K [0x0000000700000000, 0x000000070e800000, 0x00000007aab00000)
  object space 237568K, 98% used [0x0000000700000000,0x000000070e528780,0x000000070e800000)
 Metaspace       used 179822K, committed 183360K, reserved 1245184K
  class space    used 23847K, committed 25728K, reserved 1048576K
}
Event: 2328.504 GC heap after
{Heap after GC invocations=50 (full 5):
 PSYoungGen      total 185344K, used 8592K [0x00000007aab00000, 0x00000007bbc80000, 0x0000000800000000)
  eden space 150016K, 0% used [0x00000007aab00000,0x00000007aab00000,0x00000007b3d80000)
  from space 35328K, 24% used [0x00000007b3d80000,0x00000007b45e4050,0x00000007b6000000)
  to   space 34816K, 0% used [0x00000007b9a80000,0x00000007b9a80000,0x00000007bbc80000)
 ParOldGen       total 239104K, used 238909K [0x0000000700000000, 0x000000070e980000, 0x00000007aab00000)
  object space 239104K, 99% used [0x0000000700000000,0x000000070e94f790,0x000000070e980000)
 Metaspace       used 179822K, committed 183360K, reserved 1245184K
  class space    used 23847K, committed 25728K, reserved 1048576K
}
Event: 2330.024 GC heap before
{Heap before GC invocations=51 (full 5):
 PSYoungGen      total 185344K, used 158608K [0x00000007aab00000, 0x00000007bbc80000, 0x0000000800000000)
  eden space 150016K, 100% used [0x00000007aab00000,0x00000007b3d80000,0x00000007b3d80000)
  from space 35328K, 24% used [0x00000007b3d80000,0x00000007b45e4050,0x00000007b6000000)
  to   space 34816K, 0% used [0x00000007b9a80000,0x00000007b9a80000,0x00000007bbc80000)
 ParOldGen       total 239104K, used 238909K [0x0000000700000000, 0x000000070e980000, 0x00000007aab00000)
  object space 239104K, 99% used [0x0000000700000000,0x000000070e94f790,0x000000070e980000)
 Metaspace       used 180121K, committed 183552K, reserved 1245184K
  class space    used 23891K, committed 25728K, reserved 1048576K
}
Event: 2330.056 GC heap after
{Heap after GC invocations=51 (full 5):
 PSYoungGen      total 242176K, used 13216K [0x00000007aab00000, 0x00000007bb980000, 0x0000000800000000)
  eden space 210432K, 0% used [0x00000007aab00000,0x00000007aab00000,0x00000007b7880000)
  from space 31744K, 41% used [0x00000007b9a80000,0x00000007ba768020,0x00000007bb980000)
  to   space 33280K, 0% used [0x00000007b7880000,0x00000007b7880000,0x00000007b9900000)
 ParOldGen       total 243712K, used 243650K [0x0000000700000000, 0x000000070ee00000, 0x00000007aab00000)
  object space 243712K, 99% used [0x0000000700000000,0x000000070edf0850,0x000000070ee00000)
 Metaspace       used 180121K, committed 183552K, reserved 1245184K
  class space    used 23891K, committed 25728K, reserved 1048576K
}
Event: 2335.766 GC heap before
{Heap before GC invocations=52 (full 5):
 PSYoungGen      total 242176K, used 223648K [0x00000007aab00000, 0x00000007bb980000, 0x0000000800000000)
  eden space 210432K, 100% used [0x00000007aab00000,0x00000007b7880000,0x00000007b7880000)
  from space 31744K, 41% used [0x00000007b9a80000,0x00000007ba768020,0x00000007bb980000)
  to   space 33280K, 0% used [0x00000007b7880000,0x00000007b7880000,0x00000007b9900000)
 ParOldGen       total 243712K, used 243650K [0x0000000700000000, 0x000000070ee00000, 0x00000007aab00000)
  object space 243712K, 99% used [0x0000000700000000,0x000000070edf0850,0x000000070ee00000)
 Metaspace       used 199907K, committed 203456K, reserved 1245184K
  class space    used 26197K, committed 28096K, reserved 1048576K
}
Event: 2335.823 GC heap after
{Heap after GC invocations=52 (full 5):
 PSYoungGen      total 243712K, used 33276K [0x00000007aab00000, 0x00000007c1a00000, 0x0000000800000000)
  eden space 210432K, 0% used [0x00000007aab00000,0x00000007aab00000,0x00000007b7880000)
  from space 33280K, 99% used [0x00000007b7880000,0x00000007b98ff3c8,0x00000007b9900000)
  to   space 40448K, 0% used [0x00000007bf280000,0x00000007bf280000,0x00000007c1a00000)
 ParOldGen       total 249856K, used 249722K [0x0000000700000000, 0x000000070f400000, 0x00000007aab00000)
  object space 249856K, 99% used [0x0000000700000000,0x000000070f3dea80,0x000000070f400000)
 Metaspace       used 199907K, committed 203456K, reserved 1245184K
  class space    used 26197K, committed 28096K, reserved 1048576K
}
Event: 2340.396 GC heap before
{Heap before GC invocations=53 (full 5):
 PSYoungGen      total 243712K, used 243708K [0x00000007aab00000, 0x00000007c1a00000, 0x0000000800000000)
  eden space 210432K, 100% used [0x00000007aab00000,0x00000007b7880000,0x00000007b7880000)
  from space 33280K, 99% used [0x00000007b7880000,0x00000007b98ff3c8,0x00000007b9900000)
  to   space 40448K, 0% used [0x00000007bf280000,0x00000007bf280000,0x00000007c1a00000)
 ParOldGen       total 249856K, used 249722K [0x0000000700000000, 0x000000070f400000, 0x00000007aab00000)
  object space 249856K, 99% used [0x0000000700000000,0x000000070f3dea80,0x000000070f400000)
 Metaspace       used 208118K, committed 211776K, reserved 1245184K
  class space    used 27196K, committed 29120K, reserved 1048576K
}
Event: 2340.503 GC heap after
{Heap after GC invocations=53 (full 5):
 PSYoungGen      total 313344K, used 40444K [0x00000007aab00000, 0x00000007c4500000, 0x0000000800000000)
  eden space 272896K, 0% used [0x00000007aab00000,0x00000007aab00000,0x00000007bb580000)
  from space 40448K, 99% used [0x00000007bf280000,0x00000007c19ff388,0x00000007c1a00000)
  to   space 62464K, 0% used [0x00000007bb580000,0x00000007bb580000,0x00000007bf280000)
 ParOldGen       total 292352K, used 292127K [0x0000000700000000, 0x0000000711d80000, 0x00000007aab00000)
  object space 292352K, 99% used [0x0000000700000000,0x0000000711d47f80,0x0000000711d80000)
 Metaspace       used 208118K, committed 211776K, reserved 1245184K
  class space    used 27196K, committed 29120K, reserved 1048576K
}
Event: 2341.900 GC heap before
{Heap before GC invocations=54 (full 5):
 PSYoungGen      total 313344K, used 111123K [0x00000007aab00000, 0x00000007c4500000, 0x0000000800000000)
  eden space 272896K, 25% used [0x00000007aab00000,0x00000007af005a78,0x00000007bb580000)
  from space 40448K, 99% used [0x00000007bf280000,0x00000007c19ff388,0x00000007c1a00000)
  to   space 62464K, 0% used [0x00000007bb580000,0x00000007bb580000,0x00000007bf280000)
 ParOldGen       total 292352K, used 292127K [0x0000000700000000, 0x0000000711d80000, 0x00000007aab00000)
  object space 292352K, 99% used [0x0000000700000000,0x0000000711d47f80,0x0000000711d80000)
 Metaspace       used 215045K, committed 218624K, reserved 1245184K
  class space    used 28038K, committed 29952K, reserved 1048576K
}
Event: 2341.966 GC heap after
{Heap after GC invocations=54 (full 5):
 PSYoungGen      total 335360K, used 9069K [0x00000007aab00000, 0x00000007c4200000, 0x0000000800000000)
  eden space 272896K, 0% used [0x00000007aab00000,0x00000007aab00000,0x00000007bb580000)
  from space 62464K, 14% used [0x00000007bb580000,0x00000007bbe5b628,0x00000007bf280000)
  to   space 60928K, 0% used [0x00000007c0680000,0x00000007c0680000,0x00000007c4200000)
 ParOldGen       total 328192K, used 327937K [0x0000000700000000, 0x0000000714080000, 0x00000007aab00000)
  object space 328192K, 99% used [0x0000000700000000,0x0000000714040630,0x0000000714080000)
 Metaspace       used 215045K, committed 218624K, reserved 1245184K
  class space    used 28038K, committed 29952K, reserved 1048576K
}
Event: 2341.966 GC heap before
{Heap before GC invocations=55 (full 6):
 PSYoungGen      total 335360K, used 9069K [0x00000007aab00000, 0x00000007c4200000, 0x0000000800000000)
  eden space 272896K, 0% used [0x00000007aab00000,0x00000007aab00000,0x00000007bb580000)
  from space 62464K, 14% used [0x00000007bb580000,0x00000007bbe5b628,0x00000007bf280000)
  to   space 60928K, 0% used [0x00000007c0680000,0x00000007c0680000,0x00000007c4200000)
 ParOldGen       total 328192K, used 327937K [0x0000000700000000, 0x0000000714080000, 0x00000007aab00000)
  object space 328192K, 99% used [0x0000000700000000,0x0000000714040630,0x0000000714080000)
 Metaspace       used 215045K, committed 218624K, reserved 1245184K
  class space    used 28038K, committed 29952K, reserved 1048576K
}
Event: 2343.469 GC heap after
{Heap after GC invocations=55 (full 6):
 PSYoungGen      total 335360K, used 0K [0x00000007aab00000, 0x00000007c4200000, 0x0000000800000000)
  eden space 272896K, 0% used [0x00000007aab00000,0x00000007aab00000,0x00000007bb580000)
  from space 62464K, 0% used [0x00000007bb580000,0x00000007bb580000,0x00000007bf280000)
  to   space 60928K, 0% used [0x00000007c0680000,0x00000007c0680000,0x00000007c4200000)
 ParOldGen       total 328192K, used 289735K [0x0000000700000000, 0x0000000714080000, 0x00000007aab00000)
  object space 328192K, 88% used [0x0000000700000000,0x0000000711af1c80,0x0000000714080000)
 Metaspace       used 215042K, committed 218624K, reserved 1245184K
  class space    used 28037K, committed 29952K, reserved 1048576K
}
Event: 2354.293 GC heap before
{Heap before GC invocations=56 (full 6):
 PSYoungGen      total 335360K, used 272896K [0x00000007aab00000, 0x00000007c4200000, 0x0000000800000000)
  eden space 272896K, 100% used [0x00000007aab00000,0x00000007bb580000,0x00000007bb580000)
  from space 62464K, 0% used [0x00000007bb580000,0x00000007bb580000,0x00000007bf280000)
  to   space 60928K, 0% used [0x00000007c0680000,0x00000007c0680000,0x00000007c4200000)
 ParOldGen       total 328192K, used 289735K [0x0000000700000000, 0x0000000714080000, 0x00000007aab00000)
  object space 328192K, 88% used [0x0000000700000000,0x0000000711af1c80,0x0000000714080000)
 Metaspace       used 237636K, committed 241216K, reserved 1310720K
  class space    used 30455K, committed 32384K, reserved 1048576K
}
Event: 2354.362 GC heap after
{Heap after GC invocations=56 (full 6):
 PSYoungGen      total 352768K, used 41013K [0x00000007aab00000, 0x00000007c8280000, 0x0000000800000000)
  eden space 291840K, 0% used [0x00000007aab00000,0x00000007aab00000,0x00000007bc800000)
  from space 60928K, 67% used [0x00000007c0680000,0x00000007c2e8d470,0x00000007c4200000)
  to   space 64000K, 0% used [0x00000007bc800000,0x00000007bc800000,0x00000007c0680000)
 ParOldGen       total 328192K, used 289743K [0x0000000700000000, 0x0000000714080000, 0x00000007aab00000)
  object space 328192K, 88% used [0x0000000700000000,0x0000000711af3c80,0x0000000714080000)
 Metaspace       used 237636K, committed 241216K, reserved 1310720K
  class space    used 30455K, committed 32384K, reserved 1048576K
}
Event: 2357.787 GC heap before
{Heap before GC invocations=57 (full 6):
 PSYoungGen      total 352768K, used 129876K [0x00000007aab00000, 0x00000007c8280000, 0x0000000800000000)
  eden space 291840K, 30% used [0x00000007aab00000,0x00000007b01c7e70,0x00000007bc800000)
  from space 60928K, 67% used [0x00000007c0680000,0x00000007c2e8d470,0x00000007c4200000)
  to   space 64000K, 0% used [0x00000007bc800000,0x00000007bc800000,0x00000007c0680000)
 ParOldGen       total 328192K, used 289743K [0x0000000700000000, 0x0000000714080000, 0x00000007aab00000)
  object space 328192K, 88% used [0x0000000700000000,0x0000000711af3c80,0x0000000714080000)
 Metaspace       used 239933K, committed 243584K, reserved 1310720K
  class space    used 30561K, committed 32512K, reserved 1048576K
}
Event: 2357.843 GC heap after
{Heap after GC invocations=57 (full 6):
 PSYoungGen      total 355840K, used 18130K [0x00000007aab00000, 0x00000007c7c80000, 0x0000000800000000)
  eden space 291840K, 0% used [0x00000007aab00000,0x00000007aab00000,0x00000007bc800000)
  from space 64000K, 28% used [0x00000007bc800000,0x00000007bd9b4a78,0x00000007c0680000)
  to   space 60928K, 0% used [0x00000007c4100000,0x00000007c4100000,0x00000007c7c80000)
 ParOldGen       total 328192K, used 321100K [0x0000000700000000, 0x0000000714080000, 0x00000007aab00000)
  object space 328192K, 97% used [0x0000000700000000,0x00000007139931d0,0x0000000714080000)
 Metaspace       used 239933K, committed 243584K, reserved 1310720K
  class space    used 30561K, committed 32512K, reserved 1048576K
}
Event: 2357.843 GC heap before
{Heap before GC invocations=58 (full 7):
 PSYoungGen      total 355840K, used 18130K [0x00000007aab00000, 0x00000007c7c80000, 0x0000000800000000)
  eden space 291840K, 0% used [0x00000007aab00000,0x00000007aab00000,0x00000007bc800000)
  from space 64000K, 28% used [0x00000007bc800000,0x00000007bd9b4a78,0x00000007c0680000)
  to   space 60928K, 0% used [0x00000007c4100000,0x00000007c4100000,0x00000007c7c80000)
 ParOldGen       total 328192K, used 321100K [0x0000000700000000, 0x0000000714080000, 0x00000007aab00000)
  object space 328192K, 97% used [0x0000000700000000,0x00000007139931d0,0x0000000714080000)
 Metaspace       used 239933K, committed 243584K, reserved 1310720K
  class space    used 30561K, committed 32512K, reserved 1048576K
}
Event: 2358.747 GC heap after
{Heap after GC invocations=58 (full 7):
 PSYoungGen      total 355840K, used 7263K [0x00000007aab00000, 0x00000007c7c80000, 0x0000000800000000)
  eden space 291840K, 0% used [0x00000007aab00000,0x00000007aab00000,0x00000007bc800000)
  from space 64000K, 11% used [0x00000007bc800000,0x00000007bcf17c00,0x00000007c0680000)
  to   space 60928K, 0% used [0x00000007c4100000,0x00000007c4100000,0x00000007c7c80000)
 ParOldGen       total 328192K, used 327747K [0x0000000700000000, 0x0000000714080000, 0x00000007aab00000)
  object space 328192K, 99% used [0x0000000700000000,0x0000000714010c30,0x0000000714080000)
 Metaspace       used 239933K, committed 243584K, reserved 1310720K
  class space    used 30561K, committed 32512K, reserved 1048576K
}
Event: 2380.867 GC heap before
{Heap before GC invocations=59 (full 7):
 PSYoungGen      total 355840K, used 299103K [0x00000007aab00000, 0x00000007c7c80000, 0x0000000800000000)
  eden space 291840K, 100% used [0x00000007aab00000,0x00000007bc800000,0x00000007bc800000)
  from space 64000K, 11% used [0x00000007bc800000,0x00000007bcf17c00,0x00000007c0680000)
  to   space 60928K, 0% used [0x00000007c4100000,0x00000007c4100000,0x00000007c7c80000)
 ParOldGen       total 328192K, used 327747K [0x0000000700000000, 0x0000000714080000, 0x00000007aab00000)
  object space 328192K, 99% used [0x0000000700000000,0x0000000714010c30,0x0000000714080000)
 Metaspace       used 247699K, committed 251392K, reserved 1310720K
  class space    used 31493K, committed 33472K, reserved 1048576K
}
Event: 2381.146 GC heap after
{Heap after GC invocations=59 (full 7):
 PSYoungGen      total 352768K, used 37016K [0x00000007aab00000, 0x00000007c7c80000, 0x0000000800000000)
  eden space 291840K, 0% used [0x00000007aab00000,0x00000007aab00000,0x00000007bc800000)
  from space 60928K, 60% used [0x00000007c4100000,0x00000007c6526078,0x00000007c7c80000)
  to   space 64000K, 0% used [0x00000007bc800000,0x00000007bc800000,0x00000007c0680000)
 ParOldGen       total 335360K, used 335057K [0x0000000700000000, 0x0000000714780000, 0x00000007aab00000)
  object space 335360K, 99% used [0x0000000700000000,0x0000000714734550,0x0000000714780000)
 Metaspace       used 247699K, committed 251392K, reserved 1310720K
  class space    used 31493K, committed 33472K, reserved 1048576K
}

Dll operation events (3 events):
Event: 0.034 Loaded shared library C:\Program Files\Android\Android Studio1\jbr\bin\java.dll
Event: 0.053 Loaded shared library C:\Program Files\Android\Android Studio1\jbr\bin\zip.dll
Event: 21.846 Loaded shared library C:\Program Files\Android\Android Studio1\jbr\bin\verify.dll

Deoptimization events (20 events):
Event: 2364.322 Thread 0x0000021bdaa05bd0 Uncommon trap: trap_request=0xffffffde fr.pc=0x0000021bba34265c relative=0x00000000000001bc
Event: 2364.322 Thread 0x0000021bdaa05bd0 Uncommon trap: reason=class_check action=maybe_recompile pc=0x0000021bba34265c method=java.lang.reflect.Array.newInstance(Ljava/lang/Class;I)Ljava/lang/Object; @ 2 c2
Event: 2364.322 Thread 0x0000021bdaa05bd0 DEOPT PACKING pc=0x0000021bba34265c sp=0x000000e0ea1fddd0
Event: 2364.322 Thread 0x0000021bdaa05bd0 DEOPT UNPACKING pc=0x0000021bb9643aa2 sp=0x000000e0ea1fdd68 mode 2
Event: 2372.816 Thread 0x0000021bdc266390 DEOPT PACKING pc=0x0000021bb237b4c4 sp=0x000000e0e64fe9d0
Event: 2372.816 Thread 0x0000021bdc266390 DEOPT UNPACKING pc=0x0000021bb9644242 sp=0x000000e0e64fdec0 mode 0
Event: 2373.821 Thread 0x0000021bd3511c50 DEOPT PACKING pc=0x0000021bb4a200be sp=0x000000e0e60fe9c0
Event: 2373.821 Thread 0x0000021bd3511c50 DEOPT UNPACKING pc=0x0000021bb9644242 sp=0x000000e0e60fdf28 mode 0
Event: 2381.147 Thread 0x0000021bca2bae70 DEOPT PACKING pc=0x0000021bb24b19d2 sp=0x000000e0e26ff300
Event: 2381.147 Thread 0x0000021bca2bae70 DEOPT UNPACKING pc=0x0000021bb9644242 sp=0x000000e0e26fe7a0 mode 0
Event: 2381.539 Thread 0x0000021bdaa05bd0 Uncommon trap: trap_request=0xffffffbe fr.pc=0x0000021bbaeeff40 relative=0x0000000000001660
Event: 2381.539 Thread 0x0000021bdaa05bd0 Uncommon trap: reason=profile_predicate action=maybe_recompile pc=0x0000021bbaeeff40 method=java.util.ComparableTimSort.reverseRange([Ljava/lang/Object;II)V @ 5 c2
Event: 2381.539 Thread 0x0000021bdaa05bd0 DEOPT PACKING pc=0x0000021bbaeeff40 sp=0x000000e0ea1fdc10
Event: 2381.539 Thread 0x0000021bdaa05bd0 DEOPT UNPACKING pc=0x0000021bb9643aa2 sp=0x000000e0ea1fdac0 mode 2
Event: 2381.557 Thread 0x0000021bdaa05bd0 Uncommon trap: trap_request=0xffffff45 fr.pc=0x0000021bba78d7b0 relative=0x0000000000000650
Event: 2381.557 Thread 0x0000021bdaa05bd0 Uncommon trap: reason=unstable_if action=reinterpret pc=0x0000021bba78d7b0 method=java.io.ObjectInputStream$BlockDataInputStream.readUTFSpan(Ljava/lang/StringBuilder;J)J @ 88 c2
Event: 2381.557 Thread 0x0000021bdaa05bd0 DEOPT PACKING pc=0x0000021bba78d7b0 sp=0x000000e0ea1fe4e0
Event: 2381.557 Thread 0x0000021bdaa05bd0 DEOPT UNPACKING pc=0x0000021bb9643aa2 sp=0x000000e0ea1fe448 mode 2
Event: 2381.885 Thread 0x0000021bdc266390 DEOPT PACKING pc=0x0000021bb54c7aed sp=0x000000e0e64fede0
Event: 2381.885 Thread 0x0000021bdc266390 DEOPT UNPACKING pc=0x0000021bb9644242 sp=0x000000e0e64fe4a0 mode 0

Classes loaded (20 events):
Event: 2363.892 Loading class sun/rmi/server/UnicastServerRef$HashToMethod_Maps$1
Event: 2363.892 Loading class sun/rmi/server/UnicastServerRef$HashToMethod_Maps$1 done
Event: 2363.900 Loading class sun/rmi/server/LoaderHandler$Loader
Event: 2363.900 Loading class sun/rmi/server/LoaderHandler$Loader done
Event: 2363.964 Loading class java/rmi/server/ServerNotActiveException
Event: 2363.964 Loading class java/rmi/server/ServerNotActiveException done
Event: 2363.972 Loading class sun/rmi/transport/DGCAckHandler
Event: 2363.973 Loading class sun/rmi/transport/DGCAckHandler done
Event: 2364.002 Loading class sun/rmi/transport/DGCAckHandler$1
Event: 2364.002 Loading class sun/rmi/transport/DGCAckHandler$1 done
Event: 2364.307 Loading class sun/rmi/transport/tcp/TCPTransport$ConnectionHandler
Event: 2364.308 Loading class sun/rmi/transport/tcp/TCPTransport$ConnectionHandler done
Event: 2364.321 Loading class sun/rmi/transport/Transport$1
Event: 2364.321 Loading class sun/rmi/transport/Transport$1 done
Event: 2364.322 Loading class sun/rmi/transport/DGCImpl$LeaseInfo
Event: 2364.322 Loading class sun/rmi/transport/DGCImpl$LeaseInfo done
Event: 2364.322 Loading class sun/rmi/transport/DGCImpl$1
Event: 2364.322 Loading class sun/rmi/transport/DGCImpl$1 done
Event: 2364.323 Loading class sun/rmi/transport/SequenceEntry
Event: 2364.323 Loading class sun/rmi/transport/SequenceEntry done

Classes unloaded (20 events):
Event: 300.481 Thread 0x0000021bca2607a0 Unloading class 0x000000080158dc00 'java/lang/invoke/LambdaForm$MH+0x000000080158dc00'
Event: 300.481 Thread 0x0000021bca2607a0 Unloading class 0x000000080158d400 'java/lang/invoke/LambdaForm$MH+0x000000080158d400'
Event: 300.481 Thread 0x0000021bca2607a0 Unloading class 0x000000080158cc00 'java/lang/invoke/LambdaForm$MH+0x000000080158cc00'
Event: 300.481 Thread 0x0000021bca2607a0 Unloading class 0x000000080158c400 'java/lang/invoke/LambdaForm$MH+0x000000080158c400'
Event: 300.481 Thread 0x0000021bca2607a0 Unloading class 0x000000080158bc00 'java/lang/invoke/LambdaForm$MH+0x000000080158bc00'
Event: 300.481 Thread 0x0000021bca2607a0 Unloading class 0x000000080158b400 'java/lang/invoke/LambdaForm$MH+0x000000080158b400'
Event: 300.481 Thread 0x0000021bca2607a0 Unloading class 0x000000080158ac00 'java/lang/invoke/LambdaForm$MH+0x000000080158ac00'
Event: 300.481 Thread 0x0000021bca2607a0 Unloading class 0x000000080158a400 'java/lang/invoke/LambdaForm$MH+0x000000080158a400'
Event: 300.481 Thread 0x0000021bca2607a0 Unloading class 0x0000000801589c00 'java/lang/invoke/LambdaForm$MH+0x0000000801589c00'
Event: 300.481 Thread 0x0000021bca2607a0 Unloading class 0x0000000801589800 'java/lang/invoke/LambdaForm$MH+0x0000000801589800'
Event: 300.481 Thread 0x0000021bca2607a0 Unloading class 0x0000000801588c00 'java/lang/invoke/LambdaForm$MH+0x0000000801588c00'
Event: 300.481 Thread 0x0000021bca2607a0 Unloading class 0x0000000801588800 'java/lang/invoke/LambdaForm$MH+0x0000000801588800'
Event: 300.481 Thread 0x0000021bca2607a0 Unloading class 0x0000000801582c00 'java/lang/invoke/LambdaForm$MH+0x0000000801582c00'
Event: 300.481 Thread 0x0000021bca2607a0 Unloading class 0x0000000801582400 'java/lang/invoke/LambdaForm$MH+0x0000000801582400'
Event: 300.481 Thread 0x0000021bca2607a0 Unloading class 0x0000000801581c00 'java/lang/invoke/LambdaForm$MH+0x0000000801581c00'
Event: 300.481 Thread 0x0000021bca2607a0 Unloading class 0x0000000801581400 'java/lang/invoke/LambdaForm$MH+0x0000000801581400'
Event: 300.481 Thread 0x0000021bca2607a0 Unloading class 0x0000000801580c00 'java/lang/invoke/LambdaForm$MH+0x0000000801580c00'
Event: 300.481 Thread 0x0000021bca2607a0 Unloading class 0x0000000801580800 'java/lang/invoke/LambdaForm$MH+0x0000000801580800'
Event: 2342.216 Thread 0x0000021bca2607a0 Unloading class 0x00000008018cd000 'java/lang/invoke/LambdaForm$DMH+0x00000008018cd000'
Event: 2342.216 Thread 0x0000021bca2607a0 Unloading class 0x00000008018ccc00 'java/lang/invoke/LambdaForm$DMH+0x00000008018ccc00'

Classes redefined (0 events):
No events

Internal exceptions (20 events):
Event: 2362.425 Thread 0x0000021bdc266a20 Exception <a 'java/lang/NoSuchMethodError'{0x00000007b4577728}: static Lorg/jetbrains/kotlin/incremental/ClasspathChanges$ClasspathSnapshotEnabled;.<clinit>()V> (0x00000007b4577728) 
thrown [s\src\hotspot\share\prims\jni.cpp, line 1139]
Event: 2362.425 Thread 0x0000021bdc266a20 Exception <a 'java/lang/NoSuchMethodError'{0x00000007b4579578}: static Lorg/jetbrains/kotlin/incremental/ClasspathChanges;.<clinit>()V> (0x00000007b4579578) 
thrown [s\src\hotspot\share\prims\jni.cpp, line 1139]
Event: 2362.442 Thread 0x0000021bdc266a20 Exception <a 'java/lang/NoSuchMethodError'{0x00000007b46936a8}: static Lorg/jetbrains/kotlin/gradle/report/GradleBuildMetricsReporter;.<clinit>()V> (0x00000007b46936a8) 
thrown [s\src\hotspot\share\prims\jni.cpp, line 1139]
Event: 2362.442 Thread 0x0000021bdc266a20 Exception <a 'java/lang/NoSuchMethodError'{0x00000007b4696138}: static Lorg/jetbrains/kotlin/build/report/metrics/BuildMetricsReporterImpl;.<clinit>()V> (0x00000007b4696138) 
thrown [s\src\hotspot\share\prims\jni.cpp, line 1139]
Event: 2362.448 Thread 0x0000021bdc266a20 Exception <a 'java/lang/NoSuchMethodError'{0x00000007b46ddb20}: static Lorg/jetbrains/kotlin/build/report/metrics/GcMetrics;.<clinit>()V> (0x00000007b46ddb20) 
thrown [s\src\hotspot\share\prims\jni.cpp, line 1139]
Event: 2362.558 Thread 0x0000021be20d0d40 Exception <a 'java/lang/NoSuchMethodError'{0x00000007b4b1bd20}: 'int java.lang.invoke.DirectMethodHandle$Holder.invokeStatic(java.lang.Object, long)'> (0x00000007b4b1bd20) 
thrown [s\src\hotspot\share\interpreter\linkResolver.cpp, line 784]
Event: 2362.590 Thread 0x0000021be20d0d40 Exception <a 'java/lang/NoSuchMethodError'{0x00000007b4ba6e08}: 'void java.lang.invoke.DirectMethodHandle$Holder.invokeStatic(java.lang.Object, long)'> (0x00000007b4ba6e08) 
thrown [s\src\hotspot\share\interpreter\linkResolver.cpp, line 784]
Event: 2362.593 Thread 0x0000021be20d0d40 Exception <a 'java/lang/NoSuchMethodError'{0x00000007b4bb0c48}: 'java.lang.Object java.lang.invoke.DirectMethodHandle$Holder.invokeStaticInit(java.lang.Object, long, java.lang.Object)'> (0x00000007b4bb0c48) 
thrown [s\src\hotspot\share\interpreter\linkResolver.cpp, line 784]
Event: 2363.722 Thread 0x0000021be20d0d40 Exception <a 'java/lang/NoSuchMethodError'{0x00000007b4d1a7f8}: static Lorg/jetbrains/kotlin/daemon/common/LoopbackNetworkInterface$AbstractClientLoopbackSocketFactory;.<clinit>()V> (0x00000007b4d1a7f8) 
thrown [s\src\hotspot\share\prims\jni.cpp, line 1139]
Event: 2363.723 Thread 0x0000021be20d0d40 Exception <a 'java/lang/NoSuchMethodError'{0x00000007b4d26800}: static Lorg/jetbrains/kotlin/daemon/common/LoopbackNetworkInterface$ClientLoopbackSocketFactory;.<clinit>()V> (0x00000007b4d26800) 
thrown [s\src\hotspot\share\prims\jni.cpp, line 1139]
Event: 2363.743 Thread 0x0000021be20d0d40 Exception <a 'java/lang/NoSuchMethodError'{0x00000007b4d7bfb8}: static [Ljava/rmi/server/ObjID;.<clinit>()V> (0x00000007b4d7bfb8) 
thrown [s\src\hotspot\share\prims\jni.cpp, line 1139]
Event: 2363.763 Thread 0x0000021be20d8360 Exception <a 'java/lang/NoSuchMethodError'{0x00000007b54b9df8}: 'java.lang.Object java.lang.invoke.DirectMethodHandle$Holder.newInvokeSpecial(java.lang.Object, java.lang.Object, int, java.lang.Object, long)'> (0x00000007b54b9df8) 
thrown [s\src\hotspot\share\interpreter\linkResolver.cpp, line 784]
Event: 2363.808 Thread 0x0000021be20d0d40 Exception <a 'java/lang/NoSuchMethodError'{0x00000007b4ddac28}: static Lorg/jetbrains/kotlin/daemon/common/CompileService$CallResult;.<clinit>()V> (0x00000007b4ddac28) 
thrown [s\src\hotspot\share\prims\jni.cpp, line 1139]
Event: 2363.809 Thread 0x0000021be20d0d40 Exception <a 'java/lang/NoSuchMethodError'{0x00000007b4de6cc0}: static Lorg/jetbrains/kotlin/daemon/common/CompileService$CallResult$Good;.<clinit>()V> (0x00000007b4de6cc0) 
thrown [s\src\hotspot\share\prims\jni.cpp, line 1139]
Event: 2363.811 Thread 0x0000021be20d0d40 Exception <a 'java/lang/NoSuchMethodError'{0x00000007b5532668}: static Lorg/jetbrains/kotlin/daemon/common/DaemonJVMOptions;.<clinit>()V> (0x00000007b5532668) 
thrown [s\src\hotspot\share\prims\jni.cpp, line 1139]
Event: 2363.833 Thread 0x0000021be20d0d40 Exception <a 'java/lang/NoSuchMethodError'{0x00000007b554de68}: static Lorg/jetbrains/kotlin/daemon/common/CompileService$CallResult$Ok;.<clinit>()V> (0x00000007b554de68) 
thrown [s\src\hotspot\share\prims\jni.cpp, line 1139]
Event: 2363.901 Thread 0x0000021be20d0d40 Exception <a 'java/lang/NoSuchMethodError'{0x00000007b56fdd78}: static [Ljava/lang/Integer;.<clinit>()V> (0x00000007b56fdd78) 
thrown [s\src\hotspot\share\prims\jni.cpp, line 1139]
Event: 2381.541 Thread 0x0000021bdaa05bd0 Exception <a 'java/lang/NoSuchMethodError'{0x00000007ab241e68}: 'void java.lang.invoke.DirectMethodHandle$Holder.invokeInterface(java.lang.Object, java.lang.Object, int, java.lang.Object)'> (0x00000007ab241e68) 
thrown [s\src\hotspot\share\interpreter\linkResolver.cpp, line 784]
Event: 2381.542 Thread 0x0000021bdaa05bd0 Exception <a 'java/lang/NoSuchMethodError'{0x00000007ab2454f0}: 'void java.lang.invoke.DelegatingMethodHandle$Holder.reinvoke_L(java.lang.Object, java.lang.Object, int, java.lang.Object)'> (0x00000007ab2454f0) 
thrown [s\src\hotspot\share\interpreter\linkResolver.cpp, line 784]
Event: 2381.559 Thread 0x0000021bdaa05bd0 Exception <a 'java/lang/NoSuchMethodError'{0x00000007ab263cf0}: 'void java.lang.invoke.DelegatingMethodHandle$Holder.reinvoke_L(java.lang.Object, java.lang.Object, int, int, java.lang.Object, java.lang.Object)'> (0x00000007ab263cf0) 
thrown [s\src\hotspot\share\interpreter\linkResolver.cpp, line 784]

ZGC Phase Switch (0 events):
No events

VM Operations (20 events):
Event: 2363.776 Executing VM operation: HandshakeAllThreads (Deoptimize)
Event: 2363.777 Executing VM operation: HandshakeAllThreads (Deoptimize) done
Event: 2364.777 Executing VM operation: Cleanup
Event: 2364.778 Executing VM operation: Cleanup done
Event: 2365.778 Executing VM operation: Cleanup
Event: 2365.778 Executing VM operation: Cleanup done
Event: 2367.779 Executing VM operation: Cleanup
Event: 2367.779 Executing VM operation: Cleanup done
Event: 2371.780 Executing VM operation: Cleanup
Event: 2371.780 Executing VM operation: Cleanup done
Event: 2372.781 Executing VM operation: Cleanup
Event: 2372.781 Executing VM operation: Cleanup done
Event: 2375.782 Executing VM operation: Cleanup
Event: 2375.782 Executing VM operation: Cleanup done
Event: 2376.783 Executing VM operation: Cleanup
Event: 2376.783 Executing VM operation: Cleanup done
Event: 2378.784 Executing VM operation: Cleanup
Event: 2378.784 Executing VM operation: Cleanup done
Event: 2380.867 Executing VM operation: ParallelGCFailedAllocation (Allocation Failure)
Event: 2381.146 Executing VM operation: ParallelGCFailedAllocation (Allocation Failure) done

Memory protections (0 events):
No events

Nmethod flushes (20 events):
Event: 2358.141 Thread 0x0000021bca2607a0 flushing  nmethod 0x0000021bb5318c90
Event: 2358.141 Thread 0x0000021bca2607a0 flushing  nmethod 0x0000021bb531de90
Event: 2358.141 Thread 0x0000021bca2607a0 flushing  nmethod 0x0000021bb5331590
Event: 2358.141 Thread 0x0000021bca2607a0 flushing  nmethod 0x0000021bb533e310
Event: 2358.141 Thread 0x0000021bca2607a0 flushing  nmethod 0x0000021bb533e790
Event: 2358.141 Thread 0x0000021bca2607a0 flushing  nmethod 0x0000021bb533f390
Event: 2358.141 Thread 0x0000021bca2607a0 flushing  nmethod 0x0000021bb5341210
Event: 2358.141 Thread 0x0000021bca2607a0 flushing  nmethod 0x0000021bb5341990
Event: 2358.141 Thread 0x0000021bca2607a0 flushing  nmethod 0x0000021bb5342d10
Event: 2358.141 Thread 0x0000021bca2607a0 flushing  nmethod 0x0000021bb5343190
Event: 2358.141 Thread 0x0000021bca2607a0 flushing  nmethod 0x0000021bb5346910
Event: 2358.141 Thread 0x0000021bca2607a0 flushing  nmethod 0x0000021bb5348090
Event: 2358.141 Thread 0x0000021bca2607a0 flushing  nmethod 0x0000021bb5349490
Event: 2358.141 Thread 0x0000021bca2607a0 flushing  nmethod 0x0000021bb5358310
Event: 2358.141 Thread 0x0000021bca2607a0 flushing osr nmethod 0x0000021bb5358910
Event: 2358.141 Thread 0x0000021bca2607a0 flushing  nmethod 0x0000021bb536b610
Event: 2358.141 Thread 0x0000021bca2607a0 flushing  nmethod 0x0000021bb536df10
Event: 2358.141 Thread 0x0000021bca2607a0 flushing  nmethod 0x0000021bb5375910
Event: 2358.141 Thread 0x0000021bca2607a0 flushing  nmethod 0x0000021bb5393710
Event: 2358.141 Thread 0x0000021bca2607a0 flushing  nmethod 0x0000021bb53ffd10

Events (20 events):
Event: 2352.831 Thread 0x0000021be2b54e80 Thread exited: 0x0000021be2b54e80
Event: 2355.887 Thread 0x0000021be20db7e0 Thread added: 0x0000021be2b52db0
Event: 2357.110 Thread 0x0000021be2b52db0 Thread exited: 0x0000021be2b52db0
Event: 2360.267 Loaded shared library C:\Users\Mbongeni\AppData\Local\Temp\sqlite-3.41.2.2-a1d8886c-7377-4772-a0bb-6e01618bd0dc-sqlitejdbc.dll
Event: 2361.071 Thread 0x0000021be20db7e0 Thread added: 0x0000021be2b5b0f0
Event: 2362.136 Thread 0x0000021be2b5b0f0 Thread exited: 0x0000021be2b5b0f0
Event: 2362.200 Thread 0x0000021bd0fdfe10 Thread exited: 0x0000021bd0fdfe10
Event: 2362.449 Thread 0x0000021bdc266a20 Thread added: 0x0000021be20d13d0
Event: 2362.640 Thread 0x0000021be20d0d40 Thread added: 0x0000021be20d7640
Event: 2363.594 Thread 0x0000021be20d7640 Thread exited: 0x0000021be20d7640
Event: 2363.725 Thread 0x0000021be20d0d40 Thread added: 0x0000021be20d7640
Event: 2363.733 Thread 0x0000021be20d0d40 Thread added: 0x0000021be20d8360
Event: 2363.735 Loaded shared library C:\Program Files\Android\Android Studio1\jbr\bin\rmi.dll
Event: 2363.736 Thread 0x0000021be20d0d40 Thread added: 0x0000021be20dec60
Event: 2363.781 Thread 0x0000021bcf1861d0 Thread added: 0x0000021bdccff6b0
Event: 2363.891 Thread 0x0000021be20d0d40 Thread added: 0x0000021bdaa04820
Event: 2363.892 Thread 0x0000021be20d0d40 Thread added: 0x0000021bdaa05540
Event: 2364.308 Thread 0x0000021bdaa04820 Thread added: 0x0000021bdaa05bd0
Event: 2365.779 Thread 0x0000021bdccff6b0 Thread exited: 0x0000021bdccff6b0
Event: 2367.254 Thread 0x0000021bd350a630 Thread exited: 0x0000021bd350a630


Dynamic libraries:
0x00007ff66d670000 - 0x00007ff66d67a000 	C:\Program Files\Android\Android Studio1\jbr\bin\java.exe
0x00007ff87ece0000 - 0x00007ff87ef49000 	C:\WINDOWS\SYSTEM32\ntdll.dll
0x00007ff87daa0000 - 0x00007ff87db69000 	C:\WINDOWS\System32\KERNEL32.DLL
0x00007ff87c050000 - 0x00007ff87c443000 	C:\WINDOWS\System32\KERNELBASE.dll
0x00007ff87be70000 - 0x00007ff87bfbb000 	C:\WINDOWS\System32\ucrtbase.dll
0x00007ff866940000 - 0x00007ff866958000 	C:\Program Files\Android\Android Studio1\jbr\bin\jli.dll
0x00007ff87e710000 - 0x00007ff87e8d4000 	C:\WINDOWS\System32\USER32.dll
0x00007ff87c670000 - 0x00007ff87c697000 	C:\WINDOWS\System32\win32u.dll
0x00007ff87dc20000 - 0x00007ff87dc4b000 	C:\WINDOWS\System32\GDI32.dll
0x00007ff87c8e0000 - 0x00007ff87ca0d000 	C:\WINDOWS\System32\gdi32full.dll
0x00007ff87c5c0000 - 0x00007ff87c663000 	C:\WINDOWS\System32\msvcp_win.dll
0x00007ff867440000 - 0x00007ff86745b000 	C:\Program Files\Android\Android Studio1\jbr\bin\VCRUNTIME140.dll
0x00007ff861630000 - 0x00007ff8618c3000 	C:\WINDOWS\WinSxS\amd64_microsoft.windows.common-controls_6595b64144ccf1df_6.0.26100.5074_none_3e0d6f78e32fd63f\COMCTL32.dll
0x00007ff87dee0000 - 0x00007ff87df89000 	C:\WINDOWS\System32\msvcrt.dll
0x00007ff87e8e0000 - 0x00007ff87e90f000 	C:\WINDOWS\System32\IMM32.DLL
0x00007ff876940000 - 0x00007ff87694c000 	C:\Program Files\Android\Android Studio1\jbr\bin\vcruntime140_1.dll
0x00007ff848eb0000 - 0x00007ff848f3d000 	C:\Program Files\Android\Android Studio1\jbr\bin\msvcp140.dll
0x00007fffeb060000 - 0x00007fffebceb000 	C:\Program Files\Android\Android Studio1\jbr\bin\server\jvm.dll
0x00007ff87d3c0000 - 0x00007ff87d474000 	C:\WINDOWS\System32\ADVAPI32.dll
0x00007ff87db70000 - 0x00007ff87dc16000 	C:\WINDOWS\System32\sechost.dll
0x00007ff87cca0000 - 0x00007ff87cdb8000 	C:\WINDOWS\System32\RPCRT4.dll
0x00007ff87cab0000 - 0x00007ff87cb24000 	C:\WINDOWS\System32\WS2_32.dll
0x00007ff87bcf0000 - 0x00007ff87bd4e000 	C:\WINDOWS\SYSTEM32\POWRPROF.dll
0x00007ff879a50000 - 0x00007ff879a85000 	C:\WINDOWS\SYSTEM32\WINMM.dll
0x00007ff86cd60000 - 0x00007ff86cd6b000 	C:\WINDOWS\SYSTEM32\VERSION.dll
0x00007ff87bcd0000 - 0x00007ff87bce4000 	C:\WINDOWS\SYSTEM32\UMPDC.dll
0x00007ff87ac20000 - 0x00007ff87ac3b000 	C:\WINDOWS\SYSTEM32\kernel.appcore.dll
0x00007ff876930000 - 0x00007ff87693a000 	C:\Program Files\Android\Android Studio1\jbr\bin\jimage.dll
0x00007ff879420000 - 0x00007ff879662000 	C:\WINDOWS\SYSTEM32\DBGHELP.DLL
0x00007ff87e920000 - 0x00007ff87ec9b000 	C:\WINDOWS\System32\combase.dll
0x00007ff87ce80000 - 0x00007ff87cf57000 	C:\WINDOWS\System32\OLEAUT32.dll
0x00007ff85f9e0000 - 0x00007ff85fa1d000 	C:\WINDOWS\SYSTEM32\dbgcore.DLL
0x00007ff87ca10000 - 0x00007ff87caa9000 	C:\WINDOWS\System32\bcryptPrimitives.dll
0x00007ff8671e0000 - 0x00007ff8671ee000 	C:\Program Files\Android\Android Studio1\jbr\bin\instrument.dll
0x00007ff867420000 - 0x00007ff867440000 	C:\Program Files\Android\Android Studio1\jbr\bin\java.dll
0x00007ff8673c0000 - 0x00007ff8673d8000 	C:\Program Files\Android\Android Studio1\jbr\bin\zip.dll
0x00007ff87df90000 - 0x00007ff87e6dd000 	C:\WINDOWS\System32\SHELL32.dll
0x00007ff87c450000 - 0x00007ff87c5bc000 	C:\WINDOWS\System32\wintypes.dll
0x00007ff879ab0000 - 0x00007ff87a309000 	C:\WINDOWS\SYSTEM32\windows.storage.dll
0x00007ff87dcd0000 - 0x00007ff87ddc0000 	C:\WINDOWS\System32\SHCORE.dll
0x00007ff87cbc0000 - 0x00007ff87cc22000 	C:\WINDOWS\System32\shlwapi.dll
0x00007ff87bd90000 - 0x00007ff87bdb9000 	C:\WINDOWS\SYSTEM32\profapi.dll
0x00007ff876790000 - 0x00007ff8767a0000 	C:\Program Files\Android\Android Studio1\jbr\bin\net.dll
0x00007ff86e320000 - 0x00007ff86e43f000 	C:\WINDOWS\SYSTEM32\WINHTTP.dll
0x00007ff87b1d0000 - 0x00007ff87b23b000 	C:\WINDOWS\system32\mswsock.dll
0x00007ff8673a0000 - 0x00007ff8673b6000 	C:\Program Files\Android\Android Studio1\jbr\bin\nio.dll
0x00007ff86f1b0000 - 0x00007ff86f1c0000 	C:\Program Files\Android\Android Studio1\jbr\bin\verify.dll
0x00007ff864840000 - 0x00007ff864867000 	C:\Users\Mbongeni\.gradle\native\1def1411415f61bf3af743bc5b6707747c0891f09f0c88961ee8f79bc544acac\windows-amd64\native-platform.dll
0x00007ff845920000 - 0x00007ff845998000 	C:\Users\Mbongeni\.gradle\native\0.2.7\x86_64-windows-gnu\gradle-fileevents.dll
0x00007ff867390000 - 0x00007ff867399000 	C:\Program Files\Android\Android Studio1\jbr\bin\management.dll
0x00007ff867380000 - 0x00007ff86738b000 	C:\Program Files\Android\Android Studio1\jbr\bin\management_ext.dll
0x00007ff87cc90000 - 0x00007ff87cc98000 	C:\WINDOWS\System32\PSAPI.DLL
0x00007ff87a660000 - 0x00007ff87a694000 	C:\WINDOWS\SYSTEM32\IPHLPAPI.DLL
0x00007ff87e6e0000 - 0x00007ff87e6ea000 	C:\WINDOWS\System32\NSI.dll
0x00007ff867410000 - 0x00007ff867419000 	C:\Program Files\Android\Android Studio1\jbr\bin\extnet.dll
0x00007ff87b470000 - 0x00007ff87b48b000 	C:\WINDOWS\SYSTEM32\CRYPTSP.dll
0x00007ff87ab80000 - 0x00007ff87abbb000 	C:\WINDOWS\system32\rsaenh.dll
0x00007ff87b270000 - 0x00007ff87b29b000 	C:\WINDOWS\SYSTEM32\USERENV.dll
0x00007ff87bd60000 - 0x00007ff87bd86000 	C:\WINDOWS\SYSTEM32\bcrypt.dll
0x00007ff87b490000 - 0x00007ff87b49c000 	C:\WINDOWS\SYSTEM32\CRYPTBASE.dll
0x00007ff867740000 - 0x00007ff867748000 	C:\WINDOWS\system32\wshunix.dll
0x00007ff87a700000 - 0x00007ff87a826000 	C:\WINDOWS\SYSTEM32\DNSAPI.dll
0x00007ff872ce0000 - 0x00007ff872ceb000 	C:\Windows\System32\rasadhlp.dll
0x00007ff86cf90000 - 0x00007ff86d016000 	C:\WINDOWS\System32\fwpuclnt.dll
0x00007ff854920000 - 0x00007ff854938000 	C:\WINDOWS\system32\napinsp.dll
0x00007ff854900000 - 0x00007ff854912000 	C:\WINDOWS\System32\winrnr.dll
0x00007ff8548d0000 - 0x00007ff8548f8000 	C:\WINDOWS\system32\nlansp_c.dll
0x00007ff86ee10000 - 0x00007ff86ee26000 	C:\WINDOWS\system32\wshbth.dll
0x00007ff85aea0000 - 0x00007ff85aee9000 	C:\Users\Mbongeni\AppData\Local\Temp\jna-1116049261\jna12819158058793876815.dll
0x00007ff87d220000 - 0x00007ff87d3b8000 	C:\WINDOWS\System32\Ole32.dll
0x00007ff87cdc0000 - 0x00007ff87ce71000 	C:\WINDOWS\System32\clbcatq.dll
0x00007ff84eb60000 - 0x00007ff84eb7d000 	C:\WINDOWS\SYSTEM32\amsi.dll
0x00007ff84eac0000 - 0x00007ff84eb60000 	C:\ProgramData\Microsoft\Windows Defender\Platform\4.18.25070.5-0\MpOav.dll
0x00007ff852770000 - 0x00007ff8527c6000 	C:\WINDOWS\SYSTEM32\Pdh.dll
0x00007ff800030000 - 0x00007ff800041000 	C:\WINDOWS\System32\perfdisk.dll
0x00007ff8733e0000 - 0x00007ff8733f3000 	C:\WINDOWS\System32\WMICLNT.dll
0x00007ff878230000 - 0x00007ff8782d8000 	C:\WINDOWS\system32\uxtheme.dll
0x00007ffffb740000 - 0x00007ffffb79e000 	C:\Program Files\Huawei\PCManager\plugins\PerfWndMonModule.dll
0x00007ff87ba00000 - 0x00007ff87ba57000 	C:\WINDOWS\SYSTEM32\cfgmgr32.dll
0x00007ff877ff0000 - 0x00007ff87801a000 	C:\WINDOWS\SYSTEM32\Wtsapi32.dll
0x00007ff87c760000 - 0x00007ff87c8d7000 	C:\WINDOWS\System32\CRYPT32.dll
0x00007ff87aed0000 - 0x00007ff87af19000 	C:\WINDOWS\SYSTEM32\SspiCli.dll
0x00007ff87bc20000 - 0x00007ff87bc83000 	C:\WINDOWS\SYSTEM32\WINSTA.dll
0x00007ff87ad50000 - 0x00007ff87ad86000 	C:\WINDOWS\SYSTEM32\ntmarta.dll
0x00007ff84e6a0000 - 0x00007ff84e6b2000 	C:\WINDOWS\System32\perfproc.dll
0x00007ff8594c0000 - 0x00007ff8594d2000 	C:\WINDOWS\system32\wbem\wbemprox.dll
0x00007ff859440000 - 0x00007ff8594ba000 	C:\WINDOWS\SYSTEM32\wbemcomn.dll
0x00007ff84fc50000 - 0x00007ff84fc65000 	C:\WINDOWS\system32\wbem\wbemsvc.dll
0x00007ff851550000 - 0x00007ff851640000 	C:\WINDOWS\system32\wbem\fastprox.dll
0x00007ff8459a0000 - 0x00007ff845b38000 	C:\Program Files\Android\Android Studio1\jbr\bin\awt.dll
0x00007ff878350000 - 0x00007ff87837b000 	C:\WINDOWS\SYSTEM32\dwmapi.dll
0x00007ff866960000 - 0x00007ff8669a4000 	C:\Program Files\Android\Android Studio1\jbr\bin\nvdaControllerClient64.dll
0x00007ff877f20000 - 0x00007ff877fbe000 	C:\WINDOWS\SYSTEM32\apphelp.dll
0x00007ff87d480000 - 0x00007ff87d5d8000 	C:\WINDOWS\System32\MSCTF.dll
0x00007ff81d310000 - 0x00007ff81d3f9000 	C:\Users\Mbongeni\AppData\Local\Temp\sqlite-3.41.2.2-a1d8886c-7377-4772-a0bb-6e01618bd0dc-sqlitejdbc.dll
0x00007ff866d90000 - 0x00007ff866d97000 	C:\Program Files\Android\Android Studio1\jbr\bin\rmi.dll

dbghelp: loaded successfully - version: 4.0.5 - missing functions: none
symbol engine: initialized successfully - sym options: 0x614 - pdb path: .;C:\Program Files\Android\Android Studio1\jbr\bin;C:\WINDOWS\SYSTEM32;C:\WINDOWS\WinSxS\amd64_microsoft.windows.common-controls_6595b64144ccf1df_6.0.26100.5074_none_3e0d6f78e32fd63f;C:\Program Files\Android\Android Studio1\jbr\bin\server;C:\Users\Mbongeni\.gradle\native\1def1411415f61bf3af743bc5b6707747c0891f09f0c88961ee8f79bc544acac\windows-amd64;C:\Users\Mbongeni\.gradle\native\0.2.7\x86_64-windows-gnu;C:\Users\Mbongeni\AppData\Local\Temp\jna-1116049261;C:\ProgramData\Microsoft\Windows Defender\Platform\4.18.25070.5-0;C:\Program Files\Huawei\PCManager\plugins;C:\WINDOWS\system32\wbem;C:\Users\Mbongeni\AppData\Local\Temp

VM Arguments:
jvm_args: --add-opens=java.base/java.lang=ALL-UNNAMED --add-opens=java.base/java.lang.invoke=ALL-UNNAMED --add-opens=java.base/java.util=ALL-UNNAMED --add-opens=java.prefs/java.util.prefs=ALL-UNNAMED --add-exports=jdk.compiler/com.sun.tools.javac.api=ALL-UNNAMED --add-exports=jdk.compiler/com.sun.tools.javac.util=ALL-UNNAMED --add-opens=java.base/java.util=ALL-UNNAMED --add-opens=java.prefs/java.util.prefs=ALL-UNNAMED --add-opens=java.base/java.nio.charset=ALL-UNNAMED --add-opens=java.base/java.net=ALL-UNNAMED --add-opens=java.base/java.util.concurrent.atomic=ALL-UNNAMED --add-opens=java.xml/javax.xml.namespace=ALL-UNNAMED -XX:+UseParallelGC -Xmx4g -Dfile.encoding=UTF-8 -Duser.country=CN -Duser.language=zh -Duser.variant -javaagent:C:\Users\Mbongeni\.gradle\wrapper\dists\gradle-8.14.2-bin\2pb3mgt1p815evrl3weanttgr\gradle-8.14.2\lib\agents\gradle-instrumentation-agent-8.14.2.jar 
java_command: org.gradle.launcher.daemon.bootstrap.GradleDaemon 8.14.2
java_class_path (initial): C:\Users\Mbongeni\.gradle\wrapper\dists\gradle-8.14.2-bin\2pb3mgt1p815evrl3weanttgr\gradle-8.14.2\lib\gradle-daemon-main-8.14.2.jar
Launcher Type: SUN_STANDARD

[Global flags]
     intx CICompilerCount                          = 3                                         {product} {ergonomic}
   size_t InitialHeapSize                          = 132120576                                 {product} {ergonomic}
   size_t MaxHeapSize                              = 4294967296                                {product} {command line}
   size_t MaxNewSize                               = 1431306240                                {product} {ergonomic}
   size_t MinHeapDeltaBytes                        = 524288                                    {product} {ergonomic}
   size_t MinHeapSize                              = 8388608                                   {product} {ergonomic}
   size_t NewSize                                  = 44040192                                  {product} {ergonomic}
    uintx NonNMethodCodeHeapSize                   = 5832780                                {pd product} {ergonomic}
    uintx NonProfiledCodeHeapSize                  = 122912730                              {pd product} {ergonomic}
   size_t OldSize                                  = 88080384                                  {product} {ergonomic}
    uintx ProfiledCodeHeapSize                     = 122912730                              {pd product} {ergonomic}
    uintx ReservedCodeCacheSize                    = 251658240                              {pd product} {ergonomic}
     bool SegmentedCodeCache                       = true                                      {product} {ergonomic}
   size_t SoftMaxHeapSize                          = 4294967296                             {manageable} {ergonomic}
     bool UseCompressedOops                        = true                           {product lp64_product} {ergonomic}
     bool UseLargePagesIndividualAllocation        = false                                  {pd product} {ergonomic}
     bool UseParallelGC                            = true                                      {product} {command line}

Logging:
Log output configuration:
 #0: stdout all=warning uptime,level,tags foldmultilines=false
 #1: stderr all=off uptime,level,tags foldmultilines=false

Environment Variables:
PATH=C:\Program Files\Common Files\Oracle\Java\javapath;C:\Windows\System32\HWAudioDriverLibs;C:\Windows\system32;C:\Windows;C:\Windows\System32\Wbem;C:\Windows\System32\WindowsPowerShell\v1.0\;C:\Windows\System32\OpenSSH\;C:\Windows\system32\config\systemprofile\AppData\Local\Microsoft\WindowsApps;C:\WINDOWS\system32;C:\WINDOWS;C:\WINDOWS\System32\Wbem;C:\WINDOWS\System32\WindowsPowerShell\v1.0\;C:\WINDOWS\System32\OpenSSH\;C:\Program Files\nodejs\;C:\Program Files\apache-maven-3.9.9\bin;C:\Program Files\Microsoft SQL Server\150\Tools\Binn\;C:\Users\Mbongeni\Downloads\ffmpeg-2025-04-14-git-3b2a9410ef-full_build\ffmpeg-2025-04-14-git-3b2a9410ef-full_build\bin;C:\platform-tools;C:\xampp\php;C:\ProgramData\ComposerSetup\bin;C:\dev\flutter\bin;C:\Program Files\Git\cmd;C:\ProgramData\chocolatey\bin;C:\Users\Mbongeni\AppData\Local\Microsoft\WindowsApps;C:\Users\Mbongeni\AppData\Local\Programs\Microsoft VS Code\bin;C:\Users\Mbongeni\AppData\Roaming\npm;C:\Users\Mbongeni\AppData\Local\GitHubDesktop\bin;C:\Users\Mbongeni\.dotnet\tools;C:\msys64\ucrt64\bin;C:\Users\Mbongeni\AppData\Roaming\Composer\vendor\bin;C:\Users\Mbongeni\AppData\Local\Android\Sdk\cmdline-tools\latest\bin;C:\Users\Mbongeni\AppData\Local\Android\Sdk\platform-tools;C:\Users\Mbongeni\AppData\Local\Android\Sdk\cmake\4.1.0\bin;C:\Users\Mbongeni\AppData\Local\Android\Sdk\ndk\29.0.13846066;;C:\tools\dart-sdk\bin;C:\Users\Mbongeni\AppData\Local\Pub\Cache\bin
USERNAME=Mbongeni
OS=Windows_NT
PROCESSOR_IDENTIFIER=Intel64 Family 6 Model 142 Stepping 12, GenuineIntel
TMP=C:\Users\Mbongeni\AppData\Local\Temp
TEMP=C:\Users\Mbongeni\AppData\Local\Temp




Periodic native trim disabled

JNI global refs:
JNI global refs: 40, weak refs: 55

JNI global refs memory usage: 835, weak refs: 833

Process memory usage:
Resident Set Size: 1253520K (15% of 8218416K total physical memory with 855180K free physical memory)

OOME stack traces (most recent first):
Classloader memory used:
Loader java.net.URLClassLoader                                                         : 62732K
Loader org.gradle.internal.classloader.VisitableURLClassLoader$InstrumentingVisitableURLClassLoader: 59770K
Loader org.gradle.internal.classloader.VisitableURLClassLoader                         : 56270K
Loader bootstrap                                                                       : 39285K
Loader org.gradle.initialization.MixInLegacyTypesClassLoader                           : 16823K
Loader org.gradle.internal.classloader.VisitableURLClassLoader                         : 8740K
Loader jdk.internal.reflect.DelegatingClassLoader                                      : 2153K
Loader jdk.internal.loader.ClassLoaders$PlatformClassLoader                            : 915K
Loader org.gradle.groovy.scripts.internal.DefaultScriptCompilationHandler$ScriptClassLoader: 445K
Loader jdk.internal.jrtfs.JrtFileSystemProvider$JrtFsLoader                            : 317K
Loader jdk.internal.loader.ClassLoaders$AppClassLoader                                 : 235K
Loader org.codehaus.groovy.runtime.callsite.CallSiteClassLoader                        : 81520B

Classes loaded by more than one classloader:
Class com.google.common.collect.ImmutableMap$SerializedForm                           : loaded 3 times (x 69B)
Class kotlin.sequences.FlatteningSequence                                             : loaded 3 times (x 71B)
Class kotlin.jvm.KotlinReflectionNotSupportedError                                    : loaded 3 times (x 78B)
Class com.google.common.collect.Iterables                                             : loaded 3 times (x 67B)
Class kotlin.text.StringsKt__StringsKt                                                : loaded 3 times (x 67B)
Class kotlin.NotImplementedError                                                      : loaded 3 times (x 78B)
Class com.google.common.collect.RegularImmutableSet                                   : loaded 3 times (x 145B)
Class com.google.common.collect.Iterators$MergingIterator                             : loaded 3 times (x 77B)
Class kotlin.coroutines.CoroutineContext                                              : loaded 3 times (x 66B)
Class com.google.common.collect.RegularImmutableMap$KeySet                            : loaded 3 times (x 148B)
Class kotlin.coroutines.jvm.internal.DebugProbesKt                                    : loaded 3 times (x 67B)
Class kotlin.ranges.IntProgressionIterator                                            : loaded 3 times (x 78B)
Class kotlin.collections.CollectionsKt                                                : loaded 3 times (x 67B)
Class kotlin.io.NoSuchFileException                                                   : loaded 3 times (x 78B)
Class com.google.common.collect.ImmutableList$SubList                                 : loaded 3 times (x 205B)
Class com.google.common.collect.ForwardingObject                                      : loaded 3 times (x 68B)
Class kotlin.coroutines.jvm.internal.CoroutineStackFrame                              : loaded 3 times (x 66B)
Class kotlin.io.FilesKt__FileTreeWalkKt                                               : loaded 3 times (x 67B)
Class kotlin.jvm.internal.CollectionToArray                                           : loaded 3 times (x 67B)
Class kotlin.sequences.FilteringSequence$iterator$1                                   : loaded 3 times (x 75B)
Class kotlin.sequences.SequencesKt__SequenceBuilderKt                                 : loaded 3 times (x 67B)
Class kotlin.collections.CollectionsKt__ReversedViewsKt                               : loaded 3 times (x 67B)
Class com.google.common.base.CharMatcher$IsEither                                     : loaded 3 times (x 107B)
Class kotlin.coroutines.intrinsics.IntrinsicsKt__IntrinsicsJvmKt                      : loaded 3 times (x 67B)
Class kotlin.jvm.internal.StringCompanionObject                                       : loaded 3 times (x 67B)
Class kotlin.jvm.internal.Ref$BooleanRef                                              : loaded 3 times (x 67B)
Class com.google.common.collect.ImmutableSet$SetBuilderImpl                           : loaded 3 times (x 72B)
Class kotlin.coroutines.jvm.internal.SuspendFunction                                  : loaded 3 times (x 66B)
Class com.google.common.collect.ImmutableList                                         : loaded 3 times (x 202B)
Class kotlin.jvm.internal.markers.KMappedMarker                                       : loaded 3 times (x 66B)
Class com.google.common.collect.ImmutableSet$Builder                                  : loaded 3 times (x 81B)
Class com.google.common.base.CharMatcher$InRange                                      : loaded 3 times (x 107B)
Class com.google.common.collect.ImmutableMapEntrySet$RegularEntrySet                  : loaded 3 times (x 148B)
Class kotlin.NoWhenBranchMatchedException                                             : loaded 3 times (x 78B)
Class com.google.common.collect.ImmutableList$1                                       : loaded 3 times (x 93B)
Class com.google.common.collect.RangeSet                                              : loaded 3 times (x 66B)
Class kotlin.text.StringsKt__StringBuilderKt                                          : loaded 3 times (x 67B)
Class kotlin.jvm.internal.CallableReference$NoReceiver                                : loaded 3 times (x 67B)
Class com.google.common.base.CharMatcher$1                                            : loaded 3 times (x 109B)
Class com.google.common.base.CharMatcher$NamedFastMatcher                             : loaded 3 times (x 108B)
Class com.google.common.base.Joiner$2                                                 : loaded 3 times (x 75B)
Class com.google.common.collect.RangeGwtSerializationDependencies                     : loaded 3 times (x 67B)
Class kotlin.ranges.IntProgression$Companion                                          : loaded 3 times (x 67B)
Class kotlin.collections.ArraysKt__ArraysJVMKt                                        : loaded 3 times (x 67B)
Class com.google.common.collect.RegularImmutableMap                                   : loaded 3 times (x 117B)
Class com.google.common.collect.ImmutableMap$MapViewOfValuesAsSingletonSets           : loaded 3 times (x 122B)
Class com.google.common.collect.PeekingIterator                                       : loaded 3 times (x 66B)
Class com.google.common.base.CharMatcher                                              : loaded 3 times (x 107B)
Class com.google.common.base.Joiner$1                                                 : loaded 3 times (x 76B)
Class kotlin.collections.SetsKt__SetsKt                                               : loaded 3 times (x 67B)
Class kotlin.coroutines.EmptyCoroutineContext                                         : loaded 3 times (x 73B)
Class com.google.common.base.Preconditions                                            : loaded 3 times (x 67B)
Class kotlin.collections.ArraysKt                                                     : loaded 3 times (x 67B)
Class kotlin.text.CharsKt__CharKt                                                     : loaded 3 times (x 67B)
Class kotlin.sequences.TransformingSequence                                           : loaded 3 times (x 71B)
Class kotlin.collections.ArrayDeque$Companion                                         : loaded 3 times (x 67B)
Class com.google.common.base.CharMatcher$Is                                           : loaded 3 times (x 107B)
Class com.google.common.base.CharMatcher$Negated                                      : loaded 3 times (x 109B)
Class kotlin.ranges.RangesKt___RangesKt                                               : loaded 3 times (x 67B)
Class com.google.common.collect.UnmodifiableListIterator                              : loaded 3 times (x 91B)
Class kotlin.KotlinNullPointerException                                               : loaded 3 times (x 79B)
Class kotlin.ranges.OpenEndRange                                                      : loaded 3 times (x 66B)
Class kotlin.sequences.SequenceBuilderIterator                                        : loaded 3 times (x 81B)
Class com.google.common.collect.RegularImmutableMap$BucketOverflowException           : loaded 3 times (x 78B)
Class kotlin.collections.CollectionsKt__IterablesKt                                   : loaded 3 times (x 67B)
Class kotlin.collections.MapsKt                                                       : loaded 3 times (x 67B)
Class kotlin.coroutines.intrinsics.CoroutineSingletons                                : loaded 3 times (x 75B)
Class kotlin.jvm.internal.Intrinsics                                                  : loaded 3 times (x 67B)
Class kotlin.collections.EmptyMap                                                     : loaded 3 times (x 105B)
Class kotlin.ranges.IntRange$Companion                                                : loaded 3 times (x 67B)
Class kotlin.coroutines.intrinsics.IntrinsicsKt                                       : loaded 3 times (x 67B)
Class kotlin.jvm.internal.markers.KMutableCollection                                  : loaded 3 times (x 66B)
Class kotlin.reflect.KAnnotatedElement                                                : loaded 3 times (x 66B)
Class com.google.common.collect.ImmutableSet$RegularSetBuilderImpl                    : loaded 3 times (x 73B)
Class com.google.common.collect.ImmutableRangeSet$ComplementRanges                    : loaded 3 times (x 203B)
Class org.gradle.internal.IoActions                                                   : loaded 3 times (x 67B)
Class kotlin.sequences.SequencesKt___SequencesKt                                      : loaded 3 times (x 67B)
Class kotlin.collections.AbstractList$Companion                                       : loaded 3 times (x 67B)
Class kotlin.collections.CollectionsKt__MutableCollectionsJVMKt                       : loaded 3 times (x 67B)
Class kotlin.enums.EnumEntriesKt                                                      : loaded 3 times (x 67B)
Class kotlin.text.StringsKt___StringsKt                                               : loaded 3 times (x 67B)
Class kotlin.collections.MapsKt__MapWithDefaultKt                                     : loaded 3 times (x 67B)
Class kotlin.sequences.SequencesKt___SequencesKt$flatMap$2                            : loaded 3 times (x 121B)
Class kotlin.collections.ArraysKt___ArraysKt                                          : loaded 3 times (x 67B)
Class [Lcom.google.common.collect.ImmutableMapEntry;                                  : loaded 3 times (x 65B)
Class kotlin.collections.MapsKt___MapsKt                                              : loaded 3 times (x 67B)
Class kotlin.io.FilesKt                                                               : loaded 3 times (x 67B)
Class kotlin.text.StringsKt___StringsJvmKt                                            : loaded 3 times (x 67B)
Class kotlin.reflect.KDeclarationContainer                                            : loaded 3 times (x 66B)
Class kotlin.annotation.Retention                                                     : loaded 3 times (x 66B)
Class org.gradle.api.GradleException                                                  : loaded 3 times (x 78B)
Class kotlin.text.StringsKt__AppendableKt                                             : loaded 3 times (x 67B)
Class com.google.common.collect.ImmutableEntry                                        : loaded 3 times (x 78B)
Class [Lcom.google.common.collect.AbstractMapEntry;                                   : loaded 3 times (x 65B)
Class kotlin.collections.CollectionsKt___CollectionsKt                                : loaded 3 times (x 67B)
Class com.google.common.collect.ImmutableRangeSet                                     : loaded 3 times (x 111B)
Class kotlin.collections.EmptySet                                                     : loaded 3 times (x 118B)
Class kotlin.jvm.functions.Function4                                                  : loaded 3 times (x 66B)
Class kotlin.annotation.Target                                                        : loaded 3 times (x 66B)
Class com.google.common.base.CharMatcher$NegatedFastMatcher                           : loaded 3 times (x 109B)
Class com.google.common.collect.AbstractRangeSet                                      : loaded 3 times (x 110B)
Class kotlin.collections.MapsKt___MapsJvmKt                                           : loaded 3 times (x 67B)
Class com.google.common.collect.ImmutableMap                                          : loaded 3 times (x 116B)
Class com.google.common.base.Predicate                                                : loaded 3 times (x 66B)
Class kotlin.KotlinNothingValueException                                              : loaded 3 times (x 78B)
Class kotlin.jvm.functions.Function2                                                  : loaded 3 times (x 66B)
Class com.google.common.base.CharMatcher$FastMatcher                                  : loaded 3 times (x 107B)
Class com.google.common.collect.ImmutableSet$SerializedForm                           : loaded 3 times (x 69B)
Class kotlin.jvm.functions.Function1                                                  : loaded 3 times (x 66B)
Class kotlin.collections.AbstractMutableList                                          : loaded 3 times (x 202B)
Class org.gradle.internal.Cast                                                        : loaded 3 times (x 67B)
Class org.gradle.api.Action                                                           : loaded 3 times (x 66B)
Class com.google.common.collect.ImmutableList$SerializedForm                          : loaded 3 times (x 69B)
Class kotlin.collections.ArraysUtilJVM                                                : loaded 3 times (x 67B)
Class kotlin.jvm.functions.Function0                                                  : loaded 3 times (x 66B)
Class kotlin.sequences.FlatteningSequence$iterator$1                                  : loaded 3 times (x 75B)
Class kotlin.ranges.RangesKt                                                          : loaded 3 times (x 67B)
Class kotlin.sequences.SequenceScope                                                  : loaded 3 times (x 69B)
Class kotlin.sequences.Sequence                                                       : loaded 3 times (x 66B)
Class kotlin.text.StringsKt__StringNumberConversionsJVMKt                             : loaded 3 times (x 67B)
Class com.google.common.base.CharMatcher$Or                                           : loaded 3 times (x 108B)
Class kotlin.sequences.SequencesKt___SequencesJvmKt                                   : loaded 3 times (x 67B)
Class kotlin.TuplesKt                                                                 : loaded 3 times (x 67B)
Class kotlin.Unit                                                                     : loaded 3 times (x 67B)
Class kotlin.jvm.internal.markers.KMutableIterable                                    : loaded 3 times (x 66B)
Class kotlin.collections.CollectionsKt___CollectionsJvmKt                             : loaded 3 times (x 67B)
Class kotlin.jvm.internal.FunctionReferenceImpl                                       : loaded 3 times (x 118B)
Class com.google.common.collect.ImmutableSet                                          : loaded 3 times (x 141B)
Class com.google.common.collect.RegularImmutableMap$Values                            : loaded 3 times (x 203B)
Class com.google.common.base.CharMatcher$BitSetMatcher                                : loaded 3 times (x 108B)
Class kotlin.sequences.FilteringSequence                                              : loaded 3 times (x 71B)
Class kotlin.text.CharsKt__CharJVMKt                                                  : loaded 3 times (x 67B)
Class kotlin.coroutines.jvm.internal.BaseContinuationImpl                             : loaded 3 times (x 83B)
Class kotlin.collections.CollectionsKt___CollectionsKt$asSequence$$inlined$Sequence$1 : loaded 3 times (x 71B)
Class kotlin.Result$Companion                                                         : loaded 3 times (x 67B)
Class kotlin.comparisons.ComparisonsKt___ComparisonsKt                                : loaded 3 times (x 67B)
Class kotlin.comparisons.ComparisonsKt                                                : loaded 3 times (x 67B)
Class kotlin.sequences.SequencesKt__SequencesKt                                       : loaded 3 times (x 67B)
Class kotlin.ranges.RangesKt__RangesKt                                                : loaded 3 times (x 67B)
Class kotlin.collections.SetsKt___SetsKt                                              : loaded 3 times (x 67B)
Class kotlin.coroutines.Continuation                                                  : loaded 3 times (x 66B)
Class kotlin.comparisons.ComparisonsKt__ComparisonsKt                                 : loaded 3 times (x 67B)
Class com.google.common.collect.ImmutableRangeSet$Builder                             : loaded 3 times (x 73B)
Class kotlin.text.StringsKt__StringBuilderJVMKt                                       : loaded 3 times (x 67B)
Class kotlin.sequences.SequencesKt__SequenceBuilderKt$sequence$$inlined$Sequence$1    : loaded 3 times (x 71B)
Class kotlin.Triple                                                                   : loaded 3 times (x 68B)
Class kotlin.text.Regex                                                               : loaded 3 times (x 68B)
Class kotlin.collections.AbstractCollection                                           : loaded 3 times (x 113B)
Class kotlin.collections.AbstractList                                                 : loaded 3 times (x 193B)
Class kotlin.sequences.SequencesKt__SequencesJVMKt                                    : loaded 3 times (x 67B)
Class kotlin.coroutines.jvm.internal.RestrictedSuspendLambda                          : loaded 3 times (x 87B)
Class kotlin.io.FilePathComponents                                                    : loaded 3 times (x 68B)
Class kotlin.text.StringsKt__RegexExtensionsKt                                        : loaded 3 times (x 67B)
Class kotlin.collections.EmptyIterator                                                : loaded 3 times (x 85B)
Class [Lcom.google.common.collect.ImmutableEntry;                                     : loaded 3 times (x 65B)
Class kotlin.jvm.internal.DefaultConstructorMarker                                    : loaded 3 times (x 67B)
Class kotlin.io.FileSystemException                                                   : loaded 3 times (x 78B)
Class com.google.common.collect.RegularImmutableList                                  : loaded 3 times (x 209B)
Class com.google.common.collect.ImmutableMapEntry$NonTerminalImmutableMapEntry        : loaded 3 times (x 81B)
Class com.google.common.base.Function                                                 : loaded 3 times (x 66B)
Class com.google.common.collect.ImmutableMultimap                                     : loaded 3 times (x 143B)
Class kotlin.enums.EnumEntries                                                        : loaded 3 times (x 66B)
Class kotlin.collections.ArraysKt___ArraysJvmKt                                       : loaded 3 times (x 67B)
Class kotlin.text.StringsKt__RegexExtensionsJVMKt                                     : loaded 3 times (x 67B)
Class kotlin.collections.CollectionsKt__CollectionsKt                                 : loaded 3 times (x 67B)
Class com.google.common.collect.ImmutableMapEntry                                     : loaded 3 times (x 81B)
Class kotlin.ranges.IntRange                                                          : loaded 3 times (x 89B)
Class com.google.common.collect.RegularImmutableSortedSet                             : loaded 3 times (x 296B)
Class kotlin.jvm.internal.CallableReference                                           : loaded 3 times (x 102B)
Class com.google.common.base.CharMatcher$IsNot                                        : loaded 3 times (x 107B)
Class kotlin.ranges.IntProgression                                                    : loaded 3 times (x 77B)
Class com.google.common.collect.ImmutableSortedSet                                    : loaded 3 times (x 296B)
Class kotlin.text.StringsKt__StringNumberConversionsKt                                : loaded 3 times (x 67B)
Class kotlin.io.FilesKt__FileReadWriteKt                                              : loaded 3 times (x 67B)
Class kotlin.text.Regex$Companion                                                     : loaded 3 times (x 67B)
Class kotlin.jvm.internal.markers.KMutableList                                        : loaded 3 times (x 66B)
Class [Lkotlin.Pair;                                                                  : loaded 3 times (x 65B)
Class kotlin.coroutines.jvm.internal.RestrictedContinuationImpl                       : loaded 3 times (x 83B)
Class com.google.common.collect.ImmutableAsList                                       : loaded 3 times (x 205B)
Class com.google.common.collect.Iterators$9                                           : loaded 3 times (x 77B)
Class kotlin.text.StringsKt                                                           : loaded 3 times (x 67B)
Class com.google.common.collect.ImmutableSet$CachingAsList                            : loaded 3 times (x 144B)
Class com.google.common.collect.Lists                                                 : loaded 3 times (x 67B)
Class kotlin.jvm.internal.FunctionReference                                           : loaded 3 times (x 118B)
Class [Lkotlin.coroutines.intrinsics.CoroutineSingletons;                             : loaded 3 times (x 65B)
Class kotlin.jvm.internal.FunctionBase                                                : loaded 3 times (x 66B)
Class kotlin.enums.EnumEntriesList                                                    : loaded 3 times (x 219B)
Class kotlin.collections.CollectionsKt__IteratorsKt                                   : loaded 3 times (x 67B)
Class kotlin.sequences.SequencesKt                                                    : loaded 3 times (x 67B)
Class com.google.common.collect.ImmutableRangeSet$AsSet                               : loaded 3 times (x 296B)
Class com.google.common.collect.ImmutableCollection                                   : loaded 3 times (x 121B)
Class com.google.common.collect.Iterators$ArrayItr                                    : loaded 3 times (x 93B)
Class com.google.common.collect.ImmutableCollection$Builder                           : loaded 3 times (x 72B)
Class com.google.common.base.CharMatcher$AnyOf                                        : loaded 3 times (x 108B)
Class kotlin.collections.CollectionsKt__CollectionsJVMKt                              : loaded 3 times (x 67B)
Class kotlin.comparisons.ComparisonsKt___ComparisonsJvmKt                             : loaded 3 times (x 67B)
Class kotlin.io.FilesKt__UtilsKt                                                      : loaded 3 times (x 67B)
Class com.google.common.base.CharMatcher$ForPredicate                                 : loaded 3 times (x 108B)
Class kotlin.collections.CollectionsKt__IteratorsJVMKt                                : loaded 3 times (x 67B)
Class kotlin.coroutines.intrinsics.IntrinsicsKt__IntrinsicsKt                         : loaded 3 times (x 67B)
Class com.google.common.collect.BaseImmutableMultimap                                 : loaded 3 times (x 119B)
Class com.google.common.collect.Iterators$5                                           : loaded 3 times (x 78B)
Class com.google.common.base.Joiner                                                   : loaded 3 times (x 75B)
Class com.google.common.collect.ImmutableBiMap                                        : loaded 3 times (x 139B)
Class com.google.common.collect.Iterators$4                                           : loaded 3 times (x 78B)
Class com.google.common.collect.SortedIterable                                        : loaded 3 times (x 66B)
Class com.google.common.collect.ImmutableMap$IteratorBasedImmutableMap                : loaded 3 times (x 122B)
Class kotlin.Result                                                                   : loaded 3 times (x 68B)
Class com.google.common.collect.SingletonImmutableSet                                 : loaded 3 times (x 142B)
Class com.google.common.collect.Platform                                              : loaded 3 times (x 67B)
Class kotlin.UninitializedPropertyAccessException                                     : loaded 3 times (x 78B)
Class com.google.common.collect.UnmodifiableIterator                                  : loaded 3 times (x 76B)
Class kotlin.Metadata                                                                 : loaded 3 times (x 66B)
Class com.google.common.collect.Iterators$1                                           : loaded 3 times (x 77B)
Class kotlin.collections.MapsKt__MapsKt                                               : loaded 3 times (x 67B)
Class com.google.common.collect.ImmutableList$ReverseImmutableList                    : loaded 3 times (x 205B)
Class kotlin.reflect.KFunction                                                        : loaded 3 times (x 66B)
Class kotlin.collections.ArrayDeque                                                   : loaded 3 times (x 203B)
Class kotlin.sequences.TransformingSequence$iterator$1                                : loaded 3 times (x 75B)
Class kotlin.Pair                                                                     : loaded 3 times (x 68B)
Class org.gradle.api.UncheckedIOException                                             : loaded 3 times (x 78B)
Class com.google.common.collect.SingletonImmutableList                                : loaded 3 times (x 203B)
Class kotlin.text.StringsKt__IndentKt                                                 : loaded 3 times (x 67B)
Class com.google.common.collect.Iterators$SingletonIterator                           : loaded 3 times (x 77B)
Class com.google.common.collect.AbstractMapEntry                                      : loaded 3 times (x 77B)
Class kotlin.collections.SetsKt                                                       : loaded 3 times (x 67B)
Class kotlin.text.StringsKt__StringsJVMKt                                             : loaded 3 times (x 67B)
Class kotlin.collections.IntIterator                                                  : loaded 3 times (x 78B)
Class com.google.common.collect.Multimap                                              : loaded 3 times (x 66B)
Class kotlin.ranges.ClosedRange                                                       : loaded 3 times (x 66B)
Class com.google.common.collect.ImmutableMap$Builder                                  : loaded 3 times (x 78B)
Class kotlin.internal.ProgressionUtilKt                                               : loaded 3 times (x 67B)
Class kotlin.io.FileAlreadyExistsException                                            : loaded 3 times (x 78B)
Class com.google.common.collect.ImmutableMapEntrySet                                  : loaded 3 times (x 148B)
Class kotlin.collections.CollectionsKt__MutableCollectionsKt                          : loaded 3 times (x 67B)
Class kotlin.Function                                                                 : loaded 3 times (x 66B)
Class kotlin.collections.SetsKt__SetsJVMKt                                            : loaded 3 times (x 67B)
Class com.google.common.collect.AbstractIndexedListIterator                           : loaded 3 times (x 92B)
Class com.google.common.collect.ImmutableList$Builder                                 : loaded 3 times (x 73B)
Class com.google.common.collect.AbstractMultimap                                      : loaded 3 times (x 119B)
Class com.google.common.collect.ObjectArrays                                          : loaded 3 times (x 67B)
Class kotlin.collections.ArraysKt__ArraysKt                                           : loaded 3 times (x 67B)
Class kotlin.Result$Failure                                                           : loaded 3 times (x 68B)
Class com.google.common.collect.AbstractIterator                                      : loaded 3 times (x 78B)
Class kotlin.ResultKt                                                                 : loaded 3 times (x 67B)
Class com.google.common.collect.BiMap                                                 : loaded 3 times (x 66B)
Class kotlin.io.TerminateException                                                    : loaded 3 times (x 78B)
Class kotlin.io.FilesKt__FilePathComponentsKt                                         : loaded 3 times (x 67B)
Class kotlin.reflect.KCallable                                                        : loaded 3 times (x 66B)
Class com.google.common.collect.ImmutableMap$1                                        : loaded 3 times (x 77B)
Class com.google.common.collect.IndexedImmutableSet                                   : loaded 3 times (x 148B)
Class com.google.common.collect.ImmutableRangeSet$1                                   : loaded 3 times (x 206B)
Class com.google.common.collect.RegularImmutableAsList                                : loaded 3 times (x 213B)
Class com.google.common.base.CharMatcher$And                                          : loaded 3 times (x 108B)
Class kotlin.collections.EmptyList                                                    : loaded 3 times (x 170B)
Class kotlin.collections.MapsKt__MapsJVMKt                                            : loaded 3 times (x 67B)
Class com.google.common.collect.Lists$StringAsImmutableList                           : loaded 3 times (x 203B)
Class com.google.common.collect.Iterators                                             : loaded 3 times (x 67B)
Class com.google.common.collect.Range                                                 : loaded 3 times (x 83B)
Class kotlin.text.CharsKt                                                             : loaded 3 times (x 67B)
Class kotlin.collections.AbstractIterator                                             : loaded 2 times (x 79B)
Class com.google.common.util.concurrent.AbstractFuture$Trusted                        : loaded 2 times (x 66B)
Class kotlin.io.LinesSequence$iterator$1                                              : loaded 2 times (x 75B)
Class org.jetbrains.kotlin.idea.gradleTooling.KotlinGradlePluginVersion               : loaded 2 times (x 66B)
Class com.amazon.ion.impl.lite.IonStructLite                                          : loaded 2 times (x 294B)
Class com.amazon.ion.impl._Private_ReaderWriter                                       : loaded 2 times (x 66B)
Class com.amazon.ion.impl.bin.AbstractSymbolTable                                     : loaded 2 times (x 103B)
Class com.amazon.ion.Decimal                                                          : loaded 2 times (x 129B)
Class com.amazon.ion.impl.bin._Private_IonManagedBinaryWriterBuilder$AllocatorMode$1  : loaded 2 times (x 76B)
Class org.jetbrains.plugins.gradle.tooling.serialization.ProjectDependenciesSerializationService$WriteContext: loaded 2 times (x 68B)
Class org.jetbrains.plugins.gradle.tooling.serialization.ProjectDependenciesSerializationService: loaded 2 times (x 73B)
Class com.intellij.compose.ide.plugin.gradleTooling.rt.ComposeResourcesModel          : loaded 2 times (x 66B)
Class org.gradle.tooling.internal.adapter.CollectionMapper                            : loaded 2 times (x 69B)
Class jdk.internal.jimage.ImageLocation                                               : loaded 2 times (x 86B)
Class jdk.internal.jrtfs.JrtDirectoryStream$1                                         : loaded 2 times (x 79B)
Class kotlin.coroutines.ContinuationInterceptor$Key                                   : loaded 2 times (x 67B)
Class kotlin.text.DelimitedRangesSequence$iterator$1                                  : loaded 2 times (x 75B)
Class [Lcom.android.builder.model.v2.ide.LibraryType;                                 : loaded 2 times (x 65B)
Class com.android.builder.model.v2.ide.LibraryType                                    : loaded 2 times (x 75B)
Class org.jetbrains.kotlin.tooling.core.KotlinToolingVersion                          : loaded 2 times (x 71B)
Class org.gradle.internal.impldep.gnu.trove.THash                                     : loaded 2 times (x 77B)
Class com.google.common.util.concurrent.UncheckedExecutionException                   : loaded 2 times (x 78B)
Class com.amazon.ion.impl.lite.IonFloatLite                                           : loaded 2 times (x 182B)
Class com.amazon.ion.impl._Private_IonTextWriterBuilder                               : loaded 2 times (x 98B)
Class com.amazon.ion.impl.bin._Private_IonManagedBinaryWriterBuilder$AllocatorMode$2  : loaded 2 times (x 76B)
Class org.gradle.internal.impldep.gnu.trove.Equality                                  : loaded 2 times (x 66B)
Class com.google.common.collect.ExplicitOrdering                                      : loaded 2 times (x 111B)
Class kotlin.jvm.internal.Ref$IntRef                                                  : loaded 2 times (x 67B)
Class settings_b44s4y3saj0ztwe4nn40vfy2d                                              : loaded 2 times (x 175B)
Class org.jetbrains.plugins.gradle.ExternalDependencyId                               : loaded 2 times (x 66B)
Class com.amazon.ion.impl._Private_RecyclingStack                                     : loaded 2 times (x 75B)
Class com.amazon.ion.impl._Private_IonReaderBuilder                                   : loaded 2 times (x 91B)
Class com.amazon.ion.IonMutableCatalog                                                : loaded 2 times (x 66B)
Class com.intellij.gradle.toolingExtension.impl.model.buildScriptClasspathModel.GradleBuildScriptClasspathSerializationService$WriteContext: loaded 2 times (x 68B)
Class org.gradle.tooling.internal.adapter.ProtocolToModelAdapter                      : loaded 2 times (x 76B)
Class org.gradle.internal.InternalTransformer                                         : loaded 2 times (x 66B)
Class jdk.internal.jimage.ImageBufferCache$1                                          : loaded 2 times (x 79B)
Class kotlin.DeprecationLevel                                                         : loaded 2 times (x 75B)
Class kotlin.collections.ArraysKt___ArraysKt$asSequence$$inlined$Sequence$1           : loaded 2 times (x 71B)
Class kotlin.time.DurationUnitKt__DurationUnitJvmKt                                   : loaded 2 times (x 67B)
Class kotlin.jvm.JvmStatic                                                            : loaded 2 times (x 66B)
Class org.jetbrains.plugins.gradle.tooling.serialization.AnnotationProcessingModelSerializationService$WriteContext: loaded 2 times (x 68B)
Class com.amazon.ion.IonSymbol                                                        : loaded 2 times (x 66B)
Class com.android.builder.model.v2.ide.AndroidGradlePluginProjectFlags$BooleanFlag    : loaded 2 times (x 75B)
Class com.google.common.collect.AbstractMapBasedMultimap$KeySet$1                     : loaded 2 times (x 78B)
Class com.android.ide.common.gradle.Separator                                         : loaded 2 times (x 75B)
Class org.objectweb.asm.ClassWriter                                                   : loaded 2 times (x 102B)
Class com.amazon.ion.impl.bin.utf8.Poolable                                           : loaded 2 times (x 75B)
Class com.google.common.cache.CacheLoader$UnsupportedLoadingOperationException        : loaded 2 times (x 78B)
Class org.gradle.internal.impldep.gnu.trove.TObjectCanonicalHashingStrategy           : loaded 2 times (x 76B)
Class org.gradle.internal.time.DefaultTimer                                           : loaded 2 times (x 76B)
Class org.gradle.internal.classloader.ClasspathUtil$1                                 : loaded 2 times (x 72B)
Class jdk.internal.jimage.ImageBufferCache$2                                          : loaded 2 times (x 87B)
Class kotlin.collections.builders.ListBuilderKt                                       : loaded 2 times (x 67B)
Class com.google.common.base.Objects                                                  : loaded 2 times (x 67B)
Class org.objectweb.asm.FieldVisitor                                                  : loaded 2 times (x 73B)
Class com.android.builder.model.v2.ide.CodeShrinker                                   : loaded 2 times (x 75B)
Class kotlin.coroutines.CoroutineContext$Element                                      : loaded 2 times (x 66B)
Class com.amazon.ion.facet.Faceted                                                    : loaded 2 times (x 66B)
Class com.amazon.ion.impl.bin.PooledBlockAllocatorProvider$PooledBlockAllocator$1     : loaded 2 times (x 75B)
Class com.amazon.ion.impl.lite.IonStringLite                                          : loaded 2 times (x 208B)
Class org.gradle.tooling.internal.adapter.ProtocolToModelAdapter$ViewKey              : loaded 2 times (x 68B)
Class org.gradle.api.internal.classpath.DefaultModuleRegistry$DefaultModule           : loaded 2 times (x 82B)
Class org.jetbrains.plugins.gradle.tooling.serialization.ToolingStreamApiUtils        : loaded 2 times (x 67B)
Class com.android.builder.model.v2.CustomSourceDirectory                              : loaded 2 times (x 66B)
Class com.google.common.primitives.Ints                                               : loaded 2 times (x 67B)
Class com.android.ide.common.repository.AgpVersion                                    : loaded 2 times (x 71B)
Class com.amazon.ion.system.IonWriterBuilder                                          : loaded 2 times (x 70B)
Class com.amazon.ion.impl.bin.Block                                                   : loaded 2 times (x 75B)
Class com.google.common.collect.NullsFirstOrdering                                    : loaded 2 times (x 111B)
Class org.gradle.tooling.internal.adapter.ProtocolToModelAdapter$PropertyCachingMethodInvoker: loaded 2 times (x 72B)
Class kotlin.collections.IndexingIterable                                             : loaded 2 times (x 75B)
Class com.amazon.ion.IonBufferConfiguration$OversizedSymbolTableHandler               : loaded 2 times (x 66B)
Class com.amazon.ion.impl.lite.IonContainerLite                                       : loaded 2 times (x 244B)
Class com.android.builder.model.v2.models.ProjectSyncIssues                           : loaded 2 times (x 66B)
Class com.google.common.cache.LocalCache$2                                            : loaded 2 times (x 138B)
Class com.google.common.collect.Multiset                                              : loaded 2 times (x 66B)
Class com.google.common.collect.ArrayListMultimapGwtSerializationDependencies         : loaded 2 times (x 168B)
Class com.google.common.collect.Sets$ImprovedAbstractSet                              : loaded 2 times (x 131B)
Class com.google.common.math.MathPreconditions                                        : loaded 2 times (x 67B)
Class com.intellij.openapi.externalSystem.model.ExternalSystemException               : loaded 2 times (x 82B)
Class org.jetbrains.plugins.gradle.model.ExternalTask                                 : loaded 2 times (x 66B)
Class com.amazon.ion.impl.bin.utf8.Utf8StringEncoderPool$1                            : loaded 2 times (x 72B)
Class com.amazon.ion.impl.lite.IonLoaderLite                                          : loaded 2 times (x 78B)
Class com.amazon.ion.impl.lite.IonContext                                             : loaded 2 times (x 66B)
Class com.amazon.ion.impl.IonWriterSystemText                                         : loaded 2 times (x 186B)
Class [Lcom.amazon.ion.impl.bin.IonManagedBinaryWriter$ImportedSymbolResolverMode;    : loaded 2 times (x 65B)
Class com.amazon.ion.ValueFactory                                                     : loaded 2 times (x 66B)
Class org.gradle.internal.time.DefaultCountdownTimer                                  : loaded 2 times (x 84B)
Class com.android.builder.model.v2.ide.BytecodeTransformation                         : loaded 2 times (x 75B)
Class kotlin.io.CloseableKt                                                           : loaded 2 times (x 67B)
Class org.apache.commons.io.output.NullOutputStream                                   : loaded 2 times (x 81B)
Class kotlin.reflect.KProperty2                                                       : loaded 2 times (x 66B)
Class com.amazon.ion.impl._Private_IonReaderBuilder$TwoElementSequenceInputStream     : loaded 2 times (x 88B)
Class com.amazon.ion.impl.bin.IonManagedBinaryWriter$SymbolResolver                   : loaded 2 times (x 66B)
Class com.amazon.ion.impl._Private_SymbolToken                                        : loaded 2 times (x 66B)
Class com.amazon.ion.impl.bin._Private_IonManagedBinaryWriterBuilder$AllocatorMode    : loaded 2 times (x 76B)
Class org.jetbrains.plugins.gradle.tooling.util.ObjectCollector                       : loaded 2 times (x 68B)
Class org.jetbrains.plugins.gradle.model.GradleTaskModel                              : loaded 2 times (x 66B)
Class org.gradle.tooling.internal.adapter.ProtocolToModelAdapter$AdaptingMethodInvoker: loaded 2 times (x 72B)
Class org.gradle.tooling.internal.gradle.DefaultBuildIdentifier                       : loaded 2 times (x 75B)
Class org.gradle.api.internal.classpath.Module                                        : loaded 2 times (x 66B)
Class kotlin.KotlinVersion                                                            : loaded 2 times (x 70B)
Class kotlin.reflect.KMutableProperty                                                 : loaded 2 times (x 66B)
Class kotlin.sequences.GeneratorSequence$iterator$1                                   : loaded 2 times (x 75B)
Class org.gradle.tooling.model.UnsupportedMethodException                             : loaded 2 times (x 78B)
Class build_6wkpm5hiy6vgr2v4d5rsnd1qa$_run_closure1                                   : loaded 2 times (x 135B)
Class com.google.common.cache.Weigher                                                 : loaded 2 times (x 66B)
Class com.intellij.openapi.externalSystem.model.project.IExternalSystemSourceType     : loaded 2 times (x 66B)
Class com.amazon.ion.impl._Private_IonReaderBuilder$Mutable                           : loaded 2 times (x 91B)
Class org.gradle.api.internal.classpath.UnknownModuleException                        : loaded 2 times (x 78B)
Class jdk.internal.jimage.ImageHeader                                                 : loaded 2 times (x 67B)
Class kotlin.jvm.internal.PropertyReference                                           : loaded 2 times (x 111B)
Class com.google.common.base.Stopwatch                                                : loaded 2 times (x 68B)
Class com.google.common.cache.LocalCache$Strength                                     : loaded 2 times (x 77B)
Class com.google.common.cache.Cache                                                   : loaded 2 times (x 66B)
Class org.jetbrains.plugins.gradle.tooling.serialization.ProjectDependenciesSerializationService$ReadContext: loaded 2 times (x 68B)
Class org.gradle.internal.impldep.gnu.trove.TObjectIdentityHashingStrategy            : loaded 2 times (x 74B)
Class com.intellij.openapi.externalSystem.model.project.dependencies.ProjectDependencies: loaded 2 times (x 66B)
Class kotlin.collections.IndexingIterator                                             : loaded 2 times (x 75B)
Class com.google.common.util.concurrent.AbstractFuture$Cancellation                   : loaded 2 times (x 68B)
Class org.gradle.tooling.internal.adapter.ProtocolToModelAdapter$SupportedPropertyInvoker: loaded 2 times (x 72B)
Class [Lkotlin.reflect.KAnnotatedElement;                                             : loaded 2 times (x 65B)
Class com.google.common.cache.RemovalListener                                         : loaded 2 times (x 66B)
Class com.amazon.ion.IonBufferConfiguration                                           : loaded 2 times (x 69B)
Class com.amazon.ion.impl.bin.Symbols                                                 : loaded 2 times (x 67B)
Class org.jetbrains.plugins.gradle.tooling.serialization.RepositoriesModelSerializationService: loaded 2 times (x 78B)
Class com.android.ide.gradle.model.artifacts.AdditionalClassifierArtifactsModel       : loaded 2 times (x 66B)
Class org.gradle.tooling.internal.gradle.GradleProjectIdentity                        : loaded 2 times (x 66B)
Class org.gradle.api.internal.DefaultClassPathRegistry                                : loaded 2 times (x 72B)
Class kotlin.annotation.AnnotationTarget                                              : loaded 2 times (x 75B)
Class kotlin.jvm.JvmClassMappingKt                                                    : loaded 2 times (x 67B)
Class kotlin.jvm.internal.Reflection                                                  : loaded 2 times (x 67B)
Class kotlin.reflect.KProperty                                                        : loaded 2 times (x 66B)
Class com.android.ide.gradle.model.GradlePropertiesModel                              : loaded 2 times (x 66B)
Class com.google.common.collect.ImmutableMultimap$Keys                                : loaded 2 times (x 162B)
Class com.android.builder.model.v2.ide.JavaArtifact                                   : loaded 2 times (x 66B)
Class com.google.common.primitives.IntsMethodsForWeb                                  : loaded 2 times (x 67B)
Class com.intellij.gradle.toolingExtension.util.GradleVersionUtil                     : loaded 2 times (x 67B)
Class [Lcom.amazon.ion.impl.bin.AbstractIonWriter$WriteValueOptimization;             : loaded 2 times (x 65B)
Class org.jetbrains.plugins.gradle.tooling.serialization.RepositoriesModelSerializationService$ReadContext: loaded 2 times (x 68B)
Class org.gradle.api.internal.ClassPathRegistry                                       : loaded 2 times (x 66B)
Class org.gradle.internal.classpath.DefaultClassPath$ImmutableUniqueList              : loaded 2 times (x 195B)
Class jdk.internal.jimage.decompressor.ResourceDecompressor                           : loaded 2 times (x 66B)
Class kotlin.jvm.internal.TypeIntrinsics                                              : loaded 2 times (x 67B)
Class com.amazon.ion.impl.bin._Private_IonManagedWriter                               : loaded 2 times (x 66B)
Class com.amazon.ion.impl.bin.Symbols$2                                               : loaded 2 times (x 103B)
Class com.google.common.base.ExtraObjectsMethodsForWeb                                : loaded 2 times (x 67B)
Class org.apache.commons.io.IOUtils                                                   : loaded 2 times (x 67B)
Class org.jetbrains.plugins.gradle.tooling.serialization.internal.adapter.InternalBuildIdentifier: loaded 2 times (x 71B)
Class com.amazon.ion.impl.bin.IonManagedBinaryWriter$UserState                        : loaded 2 times (x 81B)
Class com.amazon.ion.impl._Private_IonWriter                                          : loaded 2 times (x 66B)
Class com.amazon.ion.impl.bin._Private_IonManagedBinaryWriterBuilder                  : loaded 2 times (x 68B)
Class com.intellij.gradle.toolingExtension.impl.model.projectModel.GradleExternalProjectSerializationService$WriteContext: loaded 2 times (x 69B)
Class com.google.common.collect.NullnessCasts                                         : loaded 2 times (x 67B)
Class kotlin.time.DurationUnit                                                        : loaded 2 times (x 75B)
Class com.amazon.ion.impl.IonWriterSystem                                             : loaded 2 times (x 167B)
Class com.google.common.cache.LocalCache$1                                            : loaded 2 times (x 85B)
Class com.android.builder.model.v2.dsl.SigningConfig                                  : loaded 2 times (x 66B)
Class com.android.builder.model.v2.models.AndroidProject                              : loaded 2 times (x 66B)
Class com.android.builder.model.v2.AndroidModel                                       : loaded 2 times (x 66B)
Class com.google.common.cache.CacheBuilder                                            : loaded 2 times (x 68B)
Class com.google.common.collect.SingletonImmutableBiMap                               : loaded 2 times (x 139B)
Class [Lcom.amazon.ion.SymbolToken;                                                   : loaded 2 times (x 65B)
Class com.google.common.base.Ascii                                                    : loaded 2 times (x 67B)
Class org.gradle.internal.classpath.ClassPath                                         : loaded 2 times (x 66B)
Class kotlin.reflect.KProperty1                                                       : loaded 2 times (x 66B)
Class kotlin.reflect.KClass                                                           : loaded 2 times (x 66B)
Class com.google.common.base.JdkPattern                                               : loaded 2 times (x 71B)
Class jdk.internal.jrtfs.JrtFileSystemProvider                                        : loaded 2 times (x 97B)
Class org.jetbrains.plugins.gradle.model.ExternalProjectDependency                    : loaded 2 times (x 66B)
Class org.jetbrains.plugins.gradle.tooling.serialization.KotlinDslScriptsModelSerializationService: loaded 2 times (x 77B)
Class kotlin.time.DurationUnitKt__DurationUnitKt                                      : loaded 2 times (x 67B)
Class [Lkotlin.reflect.KDeclarationContainer;                                         : loaded 2 times (x 65B)
Class kotlin.jvm.internal.Lambda                                                      : loaded 2 times (x 71B)
Class org.gradle.internal.service.ServiceLocator                                      : loaded 2 times (x 66B)
Class org.objectweb.asm.SymbolTable$Entry                                             : loaded 2 times (x 70B)
Class com.amazon.ion.system.IonSystemBuilder$Mutable                                  : loaded 2 times (x 71B)
Class com.amazon.ion.impl.bin.IonManagedBinaryWriter$SymbolResolverBuilder            : loaded 2 times (x 66B)
Class org.jetbrains.plugins.gradle.tooling.serialization.ExternalTestsSerializationService$WriteContext: loaded 2 times (x 68B)
Class org.jetbrains.kotlin.idea.gradleTooling.KotlinGradleModel                       : loaded 2 times (x 66B)
Class jdk.internal.jimage.ImageStringsReader                                          : loaded 2 times (x 76B)
Class com.android.builder.model.v2.ide.Variant                                        : loaded 2 times (x 66B)
Class org.objectweb.asm.Edge                                                          : loaded 2 times (x 68B)
Class com.google.common.base.Suppliers$SupplierOfInstance                             : loaded 2 times (x 75B)
Class org.jetbrains.plugins.gradle.model.IntelliJSettings                             : loaded 2 times (x 66B)
Class com.amazon.ion.impl._Private_RecyclingStack$Recycler                            : loaded 2 times (x 66B)
Class com.amazon.ion.impl.bin.IonManagedBinaryWriter$LocalSymbolTableView             : loaded 2 times (x 103B)
Class com.amazon.ion.impl.bin.IonRawBinaryWriter$ThrowingRunnable                     : loaded 2 times (x 66B)
Class org.gradle.tooling.model.Model                                                  : loaded 2 times (x 66B)
Class kotlin.properties.Delegates                                                     : loaded 2 times (x 67B)
Class org.jetbrains.kotlin.idea.gradleTooling.KotlinSourceSetContainer                : loaded 2 times (x 66B)
Class kotlin.collections.AbstractMutableSet                                           : loaded 2 times (x 138B)
Class com.google.devtools.ksp.processing.KSPJvmConfig                                 : loaded 2 times (x 68B)
Class [Lorg.objectweb.asm.Type;                                                       : loaded 2 times (x 65B)
Class com.android.ide.common.repository.AgpVersion$PreviewKind$WhenMappings           : loaded 2 times (x 67B)
Class com.google.common.cache.LocalCache$ComputingValueReference                      : loaded 2 times (x 92B)
Class com.android.builder.model.v2.ide.TestInfo$Execution                             : loaded 2 times (x 75B)
Class kotlin.reflect.KProperty0                                                       : loaded 2 times (x 66B)
Class com.amazon.ion.UnknownSymbolException                                           : loaded 2 times (x 82B)
Class com.android.ide.gradle.model.composites.BuildMap                                : loaded 2 times (x 66B)
Class kotlin.text.MatchResult$Destructured                                            : loaded 2 times (x 68B)
Class jdk.internal.jimage.ImageReader                                                 : loaded 2 times (x 71B)
Class kotlin.reflect.KProperty$Getter                                                 : loaded 2 times (x 66B)
Class com.android.builder.model.v2.ide.ArtifactDependenciesAdjacencyList              : loaded 2 times (x 66B)
Class com.android.builder.model.v2.ide.Library                                        : loaded 2 times (x 66B)
Class com.android.builder.model.v2.models.Versions                                    : loaded 2 times (x 66B)
Class com.google.common.cache.LocalCache$Segment                                      : loaded 2 times (x 150B)
Class org.jetbrains.plugins.gradle.model.IntelliJProjectSettings                      : loaded 2 times (x 66B)
Class org.gradle.tooling.internal.adapter.ProtocolToModelAdapter$MethodInvocationCache: loaded 2 times (x 69B)
Class jdk.internal.jimage.ImageReader$SharedImageReader                               : loaded 2 times (x 91B)
Class kotlin.time.DurationJvmKt                                                       : loaded 2 times (x 67B)
Class kotlin.SafePublicationLazyImpl                                                  : loaded 2 times (x 72B)
Class com.amazon.ion.impl._Private_IonTextWriterBuilder$Mutable                       : loaded 2 times (x 98B)
Class com.android.builder.model.v2.models.ndk.NativeModule                            : loaded 2 times (x 66B)
Class com.google.common.collect.AbstractListMultimap                                  : loaded 2 times (x 168B)
Class [Lorg.objectweb.asm.SymbolTable$Entry;                                          : loaded 2 times (x 65B)
Class com.google.common.cache.CacheLoader                                             : loaded 2 times (x 70B)
Class com.amazon.ion.impl.bin.IonRawBinaryWriter$ContainerType                        : loaded 2 times (x 75B)
Class com.google.common.base.MoreObjects                                              : loaded 2 times (x 67B)
Class org.jetbrains.plugins.gradle.model.ExternalDependency                           : loaded 2 times (x 66B)
Class com.intellij.util.containers.IntObjectHashMap                                   : loaded 2 times (x 68B)
Class org.gradle.internal.installation.GradleInstallation$1                           : loaded 2 times (x 71B)
Class org.gradle.api.internal.classpath.ModuleRegistry                                : loaded 2 times (x 66B)
Class jdk.internal.jimage.decompressor.ResourceDecompressorFactory                    : loaded 2 times (x 70B)
Class com.google.devtools.ksp.processing.KSPLogger                                    : loaded 2 times (x 66B)
Class com.android.builder.model.v2.ide.PrivacySandboxSdkInfo                          : loaded 2 times (x 66B)
Class org.apache.commons.io.output.NullWriter                                         : loaded 2 times (x 95B)
Class com.google.common.util.concurrent.internal.InternalFutureFailureAccess          : loaded 2 times (x 68B)
Class com.android.ide.common.repository.AgpVersion$PreviewKind$Companion              : loaded 2 times (x 67B)
Class org.apache.commons.io.output.ByteArrayOutputStream                              : loaded 2 times (x 98B)
Class com.google.common.collect.ImmutableSet$JdkBackedSetBuilderImpl                  : loaded 2 times (x 72B)
Class com.amazon.ion.impl.bin.IonManagedBinaryWriter$SymbolState$1                    : loaded 2 times (x 76B)
Class com.amazon.ion.impl.LocalSymbolTableAsStruct$Factory                            : loaded 2 times (x 75B)
Class [Lcom.amazon.ion.IonType;                                                       : loaded 2 times (x 65B)
Class com.intellij.gradle.toolingExtension.impl.model.sourceSetDependencyModel.GradleSourceSetDependencySerialisationService$SourceSetDependencyModelReadContext: loaded 2 times (x 68B)
Class com.intellij.gradle.toolingExtension.impl.model.dependencyModel.DependencyReadContext: loaded 2 times (x 68B)
Class org.jetbrains.plugins.gradle.model.VersionCatalogsModel                         : loaded 2 times (x 66B)
Class org.gradle.tooling.internal.adapter.ObjectGraphAdapter                          : loaded 2 times (x 66B)
Class kotlin.time.Duration$Companion                                                  : loaded 2 times (x 67B)
Class com.google.common.collect.EmptyImmutableListMultimap                            : loaded 2 times (x 172B)
Class com.google.common.collect.ImmutableMultimap$Values                              : loaded 2 times (x 122B)
Class com.android.builder.model.v2.ide.Installation                                   : loaded 2 times (x 66B)
Class kotlin.collections.builders.ListBuilder                                         : loaded 2 times (x 203B)
Class com.google.common.cache.LocalCache$LocalManualCache$1                           : loaded 2 times (x 71B)
Class org.jetbrains.plugins.gradle.model.ProjectImportModelProvider                   : loaded 2 times (x 66B)
Class org.jetbrains.plugins.gradle.model.ExternalSourceSet                            : loaded 2 times (x 66B)
Class com.amazon.ion.impl.bin.IonManagedBinaryWriter$SymbolState$2                    : loaded 2 times (x 76B)
Class com.amazon.ion.IonNull                                                          : loaded 2 times (x 66B)
Class com.intellij.gradle.toolingExtension.impl.model.warmUp.GradleTaskWarmUpRequest  : loaded 2 times (x 66B)
Class com.google.common.collect.ImmutableSortedAsList                                 : loaded 2 times (x 217B)
Class kotlin.text.RegexKt                                                             : loaded 2 times (x 67B)
Class jdk.internal.jimage.ImageReader$Node                                            : loaded 2 times (x 80B)
Class kotlin.collections.builders.ListBuilder$Companion                               : loaded 2 times (x 67B)
Class jdk.internal.jrtfs.SystemImage$2                                                : loaded 2 times (x 72B)
Class com.android.builder.model.v2.models.ModelBuilderParameter                       : loaded 2 times (x 66B)
Class com.amazon.ion.IonValue                                                         : loaded 2 times (x 66B)
Class com.google.common.cache.CacheLoader$FunctionToCacheLoader                       : loaded 2 times (x 71B)
Class com.amazon.ion.impl.bin.IonRawBinaryWriter$ContainerInfo                        : loaded 2 times (x 70B)
Class com.amazon.ion.impl.bin.IonManagedBinaryWriter$SymbolState$3                    : loaded 2 times (x 76B)
Class com.amazon.ion.impl.bin.IonRawBinaryWriter$StreamFlushMode                      : loaded 2 times (x 75B)
Class com.amazon.ion.IonBinaryWriter                                                  : loaded 2 times (x 66B)
Class com.intellij.gradle.toolingExtension.impl.model.sourceSetArtifactIndex.GradleSourceSetArtifactBuildRequest: loaded 2 times (x 66B)
Class com.google.common.collect.Lists$TransformingRandomAccessList                    : loaded 2 times (x 195B)
Class org.gradle.api.internal.classpath.DefaultModuleRegistry                         : loaded 2 times (x 82B)
Class jdk.internal.jimage.BasicImageReader$1                                          : loaded 2 times (x 73B)
Class kotlin.collections.IndexedValue                                                 : loaded 2 times (x 68B)
Class kotlin.KotlinVersionCurrentValue                                                : loaded 2 times (x 67B)
Class kotlin.collections.builders.MapBuilder$Itr                                      : loaded 2 times (x 68B)
Class org.apache.commons.io.output.UnsynchronizedByteArrayOutputStream                : loaded 2 times (x 98B)
Class com.google.common.collect.ImmutableListMultimap                                 : loaded 2 times (x 172B)
Class [Lkotlin.annotation.AnnotationTarget;                                           : loaded 2 times (x 65B)
Class com.google.common.util.concurrent.ListenableFuture                              : loaded 2 times (x 66B)
Class com.google.common.cache.ReferenceEntry                                          : loaded 2 times (x 66B)
Class com.google.common.base.Converter                                                : loaded 2 times (x 86B)
Class jdk.internal.jrtfs.SystemImage$1                                                : loaded 2 times (x 74B)
Class com.amazon.ion.impl.bin.IonManagedBinaryWriter$SymbolState$4                    : loaded 2 times (x 76B)
Class org.jetbrains.plugins.gradle.tooling.serialization.internal.IdeaProjectSerializationService$WriteContext$1: loaded 2 times (x 79B)
Class org.jetbrains.plugins.gradle.model.ExternalProject                              : loaded 2 times (x 66B)
Class kotlin.jvm.internal.markers.KMutableSet                                         : loaded 2 times (x 66B)
Class org.gradle.internal.classloader.InstrumentingClassLoader                        : loaded 2 times (x 66B)
Class [Lcom.android.builder.model.v2.ide.CodeShrinker;                                : loaded 2 times (x 65B)
Class com.google.common.collect.AbstractMapBasedMultimap                              : loaded 2 times (x 135B)
Class com.google.common.util.concurrent.AbstractFuture                                : loaded 2 times (x 102B)
Class com.google.common.base.FunctionalEquivalence                                    : loaded 2 times (x 79B)
Class org.gradle.internal.classpath.TransformedClassPath                              : loaded 2 times (x 92B)
Class org.jetbrains.plugins.gradle.model.ExternalLibraryDependency                    : loaded 2 times (x 66B)
Class com.amazon.ion.impl.bin.utf8.Pool                                               : loaded 2 times (x 70B)
Class com.amazon.ion.impl._Private_SymtabExtendsCache                                 : loaded 2 times (x 68B)
Class org.jetbrains.plugins.gradle.tooling.serialization.internal.IdeaProjectSerializationService$WriteContext$2: loaded 2 times (x 79B)
Class com.google.common.cache.CacheBuilder$NullListener                               : loaded 2 times (x 78B)
Class kotlin.coroutines.CoroutineContext$Key                                          : loaded 2 times (x 66B)
Class kotlin.LazyKt__LazyJVMKt                                                        : loaded 2 times (x 67B)
Class com.google.common.collect.ImmutableMultiset                                     : loaded 2 times (x 159B)
Class org.objectweb.asm.RecordComponentVisitor                                        : loaded 2 times (x 73B)
Class com.google.common.cache.CacheLoader$SupplierToCacheLoader                       : loaded 2 times (x 71B)
Class com.amazon.ion.impl._Private_IonSymbol                                          : loaded 2 times (x 66B)
Class com.amazon.ion.impl.lite.IonValueLite                                           : loaded 2 times (x 143B)
Class com.amazon.ion.IonContainer                                                     : loaded 2 times (x 66B)
Class com.amazon.ion.impl.bin.PooledBlockAllocatorProvider                            : loaded 2 times (x 69B)
Class org.jetbrains.plugins.gradle.tooling.serialization.AnnotationProcessingModelSerializationService$ReadContext: loaded 2 times (x 68B)
Class org.jetbrains.plugins.gradle.tooling.serialization.internal.IdeaProjectSerializationService$WriteContext$3: loaded 2 times (x 79B)
Class org.gradle.util.internal.DefaultGradleVersion$Stage                             : loaded 2 times (x 71B)
Class jdk.internal.jimage.decompressor.Decompressor                                   : loaded 2 times (x 68B)
Class jdk.internal.jimage.ImageReader$Resource                                        : loaded 2 times (x 80B)
Class org.objectweb.asm.FieldWriter                                                   : loaded 2 times (x 74B)
Class kotlin._Assertions                                                              : loaded 2 times (x 67B)
Class com.google.common.collect.AllEqualOrdering                                      : loaded 2 times (x 110B)
Class com.intellij.openapi.externalSystem.model.project.dependencies.ResolutionState  : loaded 2 times (x 75B)
Class com.google.common.collect.Maps$EntryTransformer                                 : loaded 2 times (x 66B)
Class org.jetbrains.kotlin.idea.gradleTooling.AndroidAwareGradleModelProvider         : loaded 2 times (x 75B)
Class org.jetbrains.plugins.gradle.tooling.serialization.internal.IdeaProjectSerializationService$WriteContext$4: loaded 2 times (x 79B)
Class com.intellij.gradle.toolingExtension.impl.model.sourceSetDependencyModel.GradleSourceSetDependencySerialisationService$Companion: loaded 2 times (x 67B)
Class com.google.common.collect.UsingToStringOrdering                                 : loaded 2 times (x 110B)
Class kotlin.text.MatchNamedGroupCollection                                           : loaded 2 times (x 66B)
Class org.gradle.internal.time.MonotonicClock                                         : loaded 2 times (x 73B)
Class org.gradle.internal.service.ServiceLookupException                              : loaded 2 times (x 78B)
Class jdk.internal.jrtfs.JrtFileAttributes                                            : loaded 2 times (x 79B)
Class [Lkotlin.sequences.Sequence;                                                    : loaded 2 times (x 65B)
Class kotlin.jvm.internal.MutablePropertyReference1Impl                               : loaded 2 times (x 133B)
Class com.google.common.collect.Lists$ReverseList                                     : loaded 2 times (x 196B)
Class com.amazon.ion.impl._Private_ByteTransferSink                                   : loaded 2 times (x 66B)
Class [Lorg.jetbrains.kotlin.tooling.core.KotlinToolingVersion$Maturity;              : loaded 2 times (x 65B)
Class [Lcom.google.common.cache.LocalCache$EntryFactory;                              : loaded 2 times (x 65B)
Class com.amazon.ion.BufferConfiguration$Builder                                      : loaded 2 times (x 74B)
Class org.jetbrains.plugins.gradle.tooling.serialization.internal.IdeaProjectSerializationService$WriteContext$5: loaded 2 times (x 79B)
Class com.intellij.gradle.toolingExtension.impl.model.sourceSetDependencyModel.GradleSourceSetDependencySerialisationService$SourceSetDependencyModelWriteContext: loaded 2 times (x 68B)
Class kotlin.sequences.SequencesKt___SequencesKt$sortedWith$1                         : loaded 2 times (x 71B)
Class org.gradle.internal.classloader.ClassLoaderFactory                              : loaded 2 times (x 66B)
Class com.amazon.ion.impl.bin.IonManagedBinaryWriter$ImportedSymbolResolverMode$1$1   : loaded 2 times (x 74B)
Class com.android.builder.model.v2.ide.LibraryInfo                                    : loaded 2 times (x 66B)
Class org.apache.commons.io.CloseableURLConnection                                    : loaded 2 times (x 112B)
Class com.google.common.base.CommonPattern                                            : loaded 2 times (x 70B)
Class com.amazon.ion.impl._Private_RecyclingStack$ElementFactory                      : loaded 2 times (x 66B)
Class com.google.common.cache.LocalCache$LocalManualCache                             : loaded 2 times (x 95B)
Class com.amazon.ion.impl.bin.IntList                                                 : loaded 2 times (x 73B)
Class com.amazon.ion.impl._Private_RecyclingQueue$ElementIterator                     : loaded 2 times (x 78B)
Class com.amazon.ion.impl.lite._Private_LiteDomTrampoline                             : loaded 2 times (x 67B)
Class com.amazon.ion.IonType                                                          : loaded 2 times (x 75B)
Class org.jetbrains.plugins.gradle.tooling.serialization.internal.IdeaProjectSerializationService$WriteContext$6: loaded 2 times (x 79B)
Class org.jetbrains.plugins.gradle.tooling.util.IntObjectMap                          : loaded 2 times (x 69B)
Class org.gradle.internal.service.CachingServiceLocator                               : loaded 2 times (x 78B)
Class com.amazon.ion.IonDatagram                                                      : loaded 2 times (x 66B)
Class kotlin.collections.AbstractList$IteratorImpl                                    : loaded 2 times (x 78B)
Class com.google.common.collect.Streams                                               : loaded 2 times (x 67B)
Class com.google.common.collect.AbstractMapBasedMultimap$KeySet                       : loaded 2 times (x 133B)
Class com.google.common.collect.MapDifference                                         : loaded 2 times (x 66B)
Class org.jetbrains.kotlin.tooling.core.KotlinToolingVersionKt                        : loaded 2 times (x 67B)
Class com.google.common.math.IntMath                                                  : loaded 2 times (x 67B)
Class com.amazon.ion.impl.lite.ValueFactoryLite                                       : loaded 2 times (x 214B)
Class org.jetbrains.plugins.gradle.tooling.serialization.internal.IdeaProjectSerializationService$WriteContext$7: loaded 2 times (x 79B)
Class org.jetbrains.plugins.gradle.model.RepositoryModels                             : loaded 2 times (x 66B)
Class kotlin.collections.AbstractList$SubList                                         : loaded 2 times (x 194B)
Class kotlin.properties.ReadOnlyProperty                                              : loaded 2 times (x 66B)
Class kotlin.jvm.internal.markers.KMutableMap                                         : loaded 2 times (x 66B)
Class com.google.common.cache.LocalCache$Strength$3                                   : loaded 2 times (x 77B)
Class build_6wkpm5hiy6vgr2v4d5rsnd1qa                                                 : loaded 2 times (x 176B)
Class org.objectweb.asm.commons.InstructionAdapter                                    : loaded 2 times (x 184B)
Class com.android.builder.model.v2.ide.AbstractArtifact                               : loaded 2 times (x 66B)
Class com.amazon.ion.impl.bin.WriteBuffer                                             : loaded 2 times (x 74B)
Class com.amazon.ion.impl.bin.IonManagedBinaryWriter                                  : loaded 2 times (x 162B)
Class org.jetbrains.plugins.gradle.tooling.serialization.internal.IdeaProjectSerializationService$WriteContext$8: loaded 2 times (x 79B)
Class [Lorg.gradle.api.JavaVersion;                                                   : loaded 2 times (x 65B)
Class org.gradle.tooling.model.idea.IdeaDependencyScope                               : loaded 2 times (x 66B)
Class org.gradle.internal.time.TimeSource                                             : loaded 2 times (x 66B)
Class org.gradle.tooling.model.kotlin.dsl.KotlinDslScriptsModel                       : loaded 2 times (x 66B)
Class kotlin.reflect.KTypeParameter                                                   : loaded 2 times (x 66B)
Class org.gradle.tooling.model.Dependency                                             : loaded 2 times (x 66B)
Class com.android.builder.model.v2.ide.TestInfo                                       : loaded 2 times (x 66B)
Class com.google.common.base.Equivalence                                              : loaded 2 times (x 78B)
Class org.gradle.api.JavaVersion                                                      : loaded 2 times (x 75B)
Class org.jetbrains.plugins.gradle.tooling.serialization.GradleExtensionsSerializationService: loaded 2 times (x 73B)
Class com.amazon.ion.impl.lite.IonBlobLite                                            : loaded 2 times (x 215B)
Class com.amazon.ion.impl.LocalSymbolTable                                            : loaded 2 times (x 117B)
Class org.jetbrains.plugins.gradle.tooling.serialization.SerializationService         : loaded 2 times (x 66B)
Class org.gradle.tooling.internal.gradle.GradleBuildIdentity                          : loaded 2 times (x 66B)
Class kotlin.jvm.internal.markers.KMutableListIterator                                : loaded 2 times (x 66B)
Class com.android.builder.model.v2.ide.JavaCompileOptions                             : loaded 2 times (x 66B)
Class org.apache.commons.io.output.AbstractByteArrayOutputStream                      : loaded 2 times (x 98B)
Class com.google.common.collect.IndexedImmutableSet$1                                 : loaded 2 times (x 209B)
Class com.google.common.cache.CacheBuilder$OneWeigher                                 : loaded 2 times (x 78B)
Class com.amazon.ion.impl.bin.PooledBlockAllocatorProvider$PooledBlockAllocator       : loaded 2 times (x 77B)
Class com.amazon.ion.IonList                                                          : loaded 2 times (x 66B)
Class org.jetbrains.plugins.gradle.tooling.serialization.internal.adapter.Supplier    : loaded 2 times (x 66B)
Class org.gradle.tooling.internal.adapter.ProtocolToModelAdapter$MixInMappingAction   : loaded 2 times (x 76B)
Class org.gradle.internal.exceptions.ResolutionProvider                               : loaded 2 times (x 66B)
Class jdk.internal.jimage.ImageBufferCache                                            : loaded 2 times (x 67B)
Class jdk.internal.jrtfs.JrtPath                                                      : loaded 2 times (x 114B)
Class com.amazon.ion.IonSystem                                                        : loaded 2 times (x 66B)
Class com.amazon.ion.impl.bin.IonManagedBinaryWriter$ImportedSymbolContext            : loaded 2 times (x 68B)
Class kotlin.text.MatchResult$DefaultImpls                                            : loaded 2 times (x 67B)
Class org.gradle.tooling.model.idea.IdeaCompilerOutput                                : loaded 2 times (x 66B)
Class org.gradle.tooling.model.ProjectIdentifier                                      : loaded 2 times (x 66B)
Class org.gradle.internal.classloader.ClasspathUtil                                   : loaded 2 times (x 67B)
Class kotlin.jvm.internal.PropertyReference0                                          : loaded 2 times (x 123B)
Class kotlin.sequences.EmptySequence                                                  : loaded 2 times (x 74B)
Class com.amazon.ion.IonTimestamp                                                     : loaded 2 times (x 66B)
Class com.android.builder.model.v2.ide.ComponentInfo                                  : loaded 2 times (x 66B)
Class org.jetbrains.kotlin.tooling.core.HasExtras                                     : loaded 2 times (x 66B)
Class com.google.common.util.concurrent.Uninterruptibles                              : loaded 2 times (x 67B)
Class com.android.builder.model.v2.ide.ProjectType                                    : loaded 2 times (x 75B)
Class com.intellij.gradle.toolingExtension.impl.model.sourceSetModel.GradleSourceSetSerialisationService: loaded 2 times (x 73B)
Class com.google.common.cache.LocalCache$Strength$2                                   : loaded 2 times (x 77B)
Class kotlin.jvm.internal.PropertyReference1                                          : loaded 2 times (x 123B)
Class com.android.builder.model.v2.dsl.BaseConfig                                     : loaded 2 times (x 66B)
Class com.google.common.util.concurrent.LazyLogger                                    : loaded 2 times (x 68B)
Class com.google.common.collect.Maps                                                  : loaded 2 times (x 67B)
Class com.amazon.ion.impl.lite.IonIntLite                                             : loaded 2 times (x 185B)
Class com.amazon.ion.util._Private_FastAppendable                                     : loaded 2 times (x 66B)
Class [Lcom.amazon.ion.impl.bin.IonRawBinaryWriter$PreallocationMode;                 : loaded 2 times (x 65B)
Class org.gradle.internal.time.TimeSource$1                                           : loaded 2 times (x 73B)
Class org.gradle.api.specs.Spec                                                       : loaded 2 times (x 66B)
Class jdk.internal.jimage.ImageReader$SharedImageReader$LocationVisitor               : loaded 2 times (x 66B)
Class kotlin.jvm.internal.MutablePropertyReference                                    : loaded 2 times (x 115B)
Class kotlin.UnsafeLazyImpl                                                           : loaded 2 times (x 72B)
Class kotlin.LazyKt__LazyJVMKt$WhenMappings                                           : loaded 2 times (x 67B)
Class com.google.common.util.concurrent.SettableFuture                                : loaded 2 times (x 110B)
Class com.amazon.ion.impl.lite.IonSexpLite                                            : loaded 2 times (x 486B)
Class com.amazon.ion.impl.lite.IonListLite                                            : loaded 2 times (x 486B)
Class com.amazon.ion.IonFloat                                                         : loaded 2 times (x 66B)
Class kotlin.jvm.internal.ArrayIterator                                               : loaded 2 times (x 75B)
Class kotlin.LazyThreadSafetyMode                                                     : loaded 2 times (x 75B)
Class com.google.common.cache.LocalCache$LoadingValueReference                        : loaded 2 times (x 92B)
Class com.amazon.ion.impl.LocalSymbolTable$Factory                                    : loaded 2 times (x 73B)
Class com.amazon.ion.impl.bin.IonManagedBinaryWriter$ImportedSymbolResolverMode       : loaded 2 times (x 76B)
Class com.intellij.gradle.toolingExtension.impl.model.buildScriptClasspathModel.GradleBuildScriptClasspathSerializationService: loaded 2 times (x 73B)
Class jdk.internal.jimage.decompressor.ResourceDecompressorRepository                 : loaded 2 times (x 67B)
Class kotlin.jvm.internal.SpreadBuilder                                               : loaded 2 times (x 72B)
Class org.apache.commons.io.output.QueueOutputStream                                  : loaded 2 times (x 83B)
Class kotlin.SynchronizedLazyImpl                                                     : loaded 2 times (x 72B)
Class kotlin.coroutines.jvm.internal.ContinuationImpl                                 : loaded 2 times (x 83B)
Class com.google.common.base.Platform                                                 : loaded 2 times (x 67B)
Class org.jetbrains.plugins.gradle.model.FileCollectionDependency                     : loaded 2 times (x 66B)
Class com.amazon.ion.impl.LocalSymbolTableAsStruct                                    : loaded 2 times (x 122B)
Class com.amazon.ion.impl.lite.IonTimestampLite                                       : loaded 2 times (x 188B)
Class org.gradle.internal.impldep.gnu.trove.TObjectHashingStrategy                    : loaded 2 times (x 66B)
Class com.intellij.gradle.toolingExtension.impl.model.utilDummyModel.DummyModel       : loaded 2 times (x 66B)
Class org.gradle.internal.time.Clock                                                  : loaded 2 times (x 66B)
Class jdk.internal.jimage.ImageReader$Directory                                       : loaded 2 times (x 80B)
Class kotlin.coroutines.jvm.internal.SuspendLambda                                    : loaded 2 times (x 87B)
Class kotlin.collections.MapWithDefault                                               : loaded 2 times (x 66B)
Class kotlin.jvm.functions.Function22                                                 : loaded 2 times (x 66B)
Class kotlin.annotation.AnnotationRetention                                           : loaded 2 times (x 75B)
Class org.jetbrains.plugins.gradle.model.ClasspathEntryModel                          : loaded 2 times (x 66B)
Class com.google.devtools.ksp.processing.KspGradleLogger$Companion                    : loaded 2 times (x 67B)
Class com.android.builder.model.v2.dsl.ProductFlavor                                  : loaded 2 times (x 66B)
Class [Lcom.android.builder.model.v2.ide.TestInfo$Execution;                          : loaded 2 times (x 65B)
Class com.google.common.collect.AbstractMapBasedMultimap$WrappedList                  : loaded 2 times (x 201B)
Class [Lorg.objectweb.asm.AnnotationWriter;                                           : loaded 2 times (x 65B)
Class com.google.common.collect.Maps$8                                                : loaded 2 times (x 78B)
Class com.amazon.ion.IonString                                                        : loaded 2 times (x 66B)
Class org.jetbrains.plugins.gradle.model.GradleSourceSetDependencyModel               : loaded 2 times (x 66B)
Class com.google.common.collect.CompoundOrdering                                      : loaded 2 times (x 111B)
Class org.gradle.tooling.internal.adapter.TypeInspector                               : loaded 2 times (x 69B)
Class org.gradle.tooling.internal.adapter.ProtocolToModelAdapter$NoOpDecoration       : loaded 2 times (x 75B)
Class org.gradle.tooling.model.Element                                                : loaded 2 times (x 66B)
Class org.jetbrains.kotlin.idea.gradleTooling.KotlinDslScriptAdditionalTask           : loaded 2 times (x 66B)
Class org.jetbrains.kotlin.idea.gradleTooling.model.kapt.KaptGradleModel              : loaded 2 times (x 66B)
Class org.gradle.internal.impldep.gnu.trove.PrimeFinder                               : loaded 2 times (x 67B)
Class kotlin.collections.ArrayAsCollection                                            : loaded 2 times (x 101B)
Class kotlin.LazyKt__LazyKt                                                           : loaded 2 times (x 67B)
Class com.google.common.cache.LocalCache$Strength$1                                   : loaded 2 times (x 77B)
Class com.google.common.collect.Lists$ReverseList$1                                   : loaded 2 times (x 95B)
Class org.objectweb.asm.ModuleVisitor                                                 : loaded 2 times (x 77B)
Class org.jetbrains.kotlin.tooling.core.Extras                                        : loaded 2 times (x 66B)
Class com.google.common.collect.Sets$SetView                                          : loaded 2 times (x 134B)
Class com.google.common.cache.LocalCache$StrongValueReference                         : loaded 2 times (x 86B)
Class com.amazon.ion.BufferConfiguration                                              : loaded 2 times (x 69B)
Class com.amazon.ion.system.SimpleCatalog                                             : loaded 2 times (x 87B)
Class com.intellij.gradle.toolingExtension.impl.model.taskModel.GradleTaskSerialisationService: loaded 2 times (x 72B)
Class com.android.ide.gradle.model.LegacyV1AgpVersionModel                            : loaded 2 times (x 66B)
Class kotlin.jvm.internal.Ref$ObjectRef                                               : loaded 2 times (x 68B)
Class kotlin.jvm.internal.ReflectionFactory                                           : loaded 2 times (x 87B)
Class kotlin.UNINITIALIZED_VALUE                                                      : loaded 2 times (x 67B)
Class org.objectweb.asm.Type                                                          : loaded 2 times (x 68B)
Class org.jetbrains.plugins.gradle.tooling.util.IntObjectMap$1                        : loaded 2 times (x 73B)
Class org.gradle.internal.impldep.com.google.common.base.Preconditions                : loaded 2 times (x 67B)
Class org.gradle.tooling.model.internal.ImmutableDomainObjectSet                      : loaded 2 times (x 151B)
Class org.gradle.internal.classloader.VisitableURLClassLoader$InstrumentingVisitableURLClassLoader: loaded 2 times (x 119B)
Class com.google.common.collect.Sets$4                                                : loaded 2 times (x 135B)
Class kotlin.jvm.internal.ClassBasedDeclarationContainer                              : loaded 2 times (x 66B)
Class kotlin.coroutines.CoroutineContext$Element$DefaultImpls                         : loaded 2 times (x 67B)
Class kotlin.jvm.functions.Function21                                                 : loaded 2 times (x 66B)
Class org.gradle.internal.service.UnknownServiceException                             : loaded 2 times (x 79B)
Class org.gradle.internal.impldep.gnu.trove.TObjectHash$NULL                          : loaded 2 times (x 67B)
Class com.amazon.ion.impl.lite.IonBoolLite                                            : loaded 2 times (x 174B)
Class com.android.builder.model.v2.ide.AndroidGradlePluginProjectFlags                : loaded 2 times (x 66B)
Class [Lcom.android.builder.model.v2.ide.AndroidGradlePluginProjectFlags$BooleanFlag; : loaded 2 times (x 65B)
Class com.android.builder.model.v2.ide.BasicVariant                                   : loaded 2 times (x 66B)
Class org.objectweb.asm.ByteVector                                                    : loaded 2 times (x 75B)
Class [Lcom.google.common.cache.CacheBuilder$NullListener;                            : loaded 2 times (x 65B)
Class com.google.common.math.IntMath$1                                                : loaded 2 times (x 67B)
Class [Lcom.amazon.ion.impl.bin.IonRawBinaryWriter$StreamFlushMode;                   : loaded 2 times (x 65B)
Class com.amazon.ion.UnsupportedIonVersionException                                   : loaded 2 times (x 81B)
Class org.gradle.internal.classloader.VisitableURLClassLoader$Spec                    : loaded 2 times (x 70B)
Class org.gradle.internal.classpath.DefaultClassPath                                  : loaded 2 times (x 86B)
Class jdk.internal.jimage.decompressor.ZipDecompressorFactory                         : loaded 2 times (x 70B)
Class com.google.common.cache.LocalCache$LocalLoadingCache                            : loaded 2 times (x 130B)
Class com.google.common.collect.Sets$3                                                : loaded 2 times (x 135B)
Class [Lorg.objectweb.asm.AnnotationVisitor;                                          : loaded 2 times (x 65B)
Class kotlin.jvm.functions.Function20                                                 : loaded 2 times (x 66B)
Class jdk.internal.jrtfs.SystemImage                                                  : loaded 2 times (x 70B)
Class org.gradle.api.internal.ClassPathProvider                                       : loaded 2 times (x 66B)
Class com.google.devtools.ksp.processing.KspGradleLogger                              : loaded 2 times (x 75B)
Class com.android.builder.model.v2.ide.BundleInfo                                     : loaded 2 times (x 66B)
Class com.android.builder.model.v2.ide.SourceProvider                                 : loaded 2 times (x 66B)
Class org.objectweb.asm.Symbol                                                        : loaded 2 times (x 69B)
Class com.amazon.ion.impl.bin.IonManagedBinaryWriter$SymbolState                      : loaded 2 times (x 76B)
Class com.amazon.ion.IonStruct                                                        : loaded 2 times (x 66B)
Class org.jetbrains.plugins.gradle.model.GradleBuildScriptClasspathModel              : loaded 2 times (x 66B)
Class org.gradle.util.internal.DefaultGradleVersion                                   : loaded 2 times (x 76B)
Class kotlin.reflect.KType                                                            : loaded 2 times (x 66B)
Class [Lorg.gradle.api.internal.ClassPathProvider;                                    : loaded 2 times (x 65B)
Class org.gradle.tooling.ToolingModelContract                                         : loaded 2 times (x 66B)
Class kotlin.text.MatchResult                                                         : loaded 2 times (x 66B)
Class org.gradle.internal.classloader.ClassLoaderSpec                                 : loaded 2 times (x 67B)
Class com.google.common.collect.NaturalOrdering                                       : loaded 2 times (x 111B)
Class kotlin.text.DelimitedRangesSequence                                             : loaded 2 times (x 71B)
Class com.amazon.ion.SymbolToken                                                      : loaded 2 times (x 66B)
Class org.objectweb.asm.AnnotationWriter                                              : loaded 2 times (x 75B)
Class com.google.common.cache.CacheStats                                              : loaded 2 times (x 67B)
Class com.amazon.ion.impl.IonWriterSystemTextMarkup                                   : loaded 2 times (x 188B)
Class com.amazon.ion.impl.bin.BlockAllocator                                          : loaded 2 times (x 76B)
Class kotlin.jdk7.AutoCloseableKt                                                     : loaded 2 times (x 67B)
Class kotlin.time.DurationKt                                                          : loaded 2 times (x 67B)
Class com.amazon.ion.impl.bin.IonRawBinaryWriter                                      : loaded 2 times (x 165B)
Class com.amazon.ion.impl.SharedSymbolTable                                           : loaded 2 times (x 89B)
Class com.amazon.ion.impl._Private_RecyclingStack$$Iterator                           : loaded 2 times (x 95B)
Class com.google.common.collect.Sets$2                                                : loaded 2 times (x 135B)
Class com.google.common.collect.ImmutableMultisetGwtSerializationDependencies         : loaded 2 times (x 121B)
Class org.objectweb.asm.RecordComponentWriter                                         : loaded 2 times (x 74B)
Class [Lcom.android.builder.model.v2.ide.ProjectType;                                 : loaded 2 times (x 65B)
Class com.google.common.util.concurrent.AbstractFuture$Listener                       : loaded 2 times (x 68B)
Class com.android.builder.model.v2.models.BasicAndroidProject                         : loaded 2 times (x 66B)
Class com.amazon.ion.impl._Private_RecyclingQueue                                     : loaded 2 times (x 76B)
Class com.amazon.ion.system.IonWriterBuilderBase                                      : loaded 2 times (x 79B)
Class sync_studio_tooling1_c6cy2nv6xirc71jhb8mls3n2h                                  : loaded 2 times (x 175B)
Class org.gradle.tooling.internal.adapter.ProtocolToModelAdapter$DefaultViewBuilder   : loaded 2 times (x 76B)
Class org.gradle.api.internal.DefaultClassPathProvider                                : loaded 2 times (x 72B)
Class [Lcom.android.builder.model.v2.ide.AaptOptions$Namespacing;                     : loaded 2 times (x 65B)
Class com.android.ide.common.gradle.Version$Companion$ParseState                      : loaded 2 times (x 66B)
Class org.objectweb.asm.Attribute                                                     : loaded 2 times (x 73B)
Class com.google.common.base.Supplier                                                 : loaded 2 times (x 66B)
Class org.gradle.tooling.internal.adapter.ProtocolToModelAdapter$ViewGraphDetails$1   : loaded 2 times (x 73B)
Class org.gradle.internal.classloader.VisitableURLClassLoader                         : loaded 2 times (x 113B)
Class [Lkotlin.DeprecationLevel;                                                      : loaded 2 times (x 65B)
Class kotlin.sequences.GeneratorSequence                                              : loaded 2 times (x 71B)
Class com.google.common.collect.ComparatorOrdering                                    : loaded 2 times (x 111B)
Class org.gradle.internal.impldep.gnu.trove.TObjectIntHashMap                         : loaded 2 times (x 105B)
Class com.intellij.gradle.toolingExtension.impl.model.buildScriptClasspathModel.GradleBuildScriptClasspathSerializationService$ReadContext: loaded 2 times (x 68B)
Class com.amazon.ion.impl._Private_IonContainer                                       : loaded 2 times (x 66B)
Class com.android.ide.common.repository.AgpVersion$Companion                          : loaded 2 times (x 67B)
Class com.amazon.ion.impl.bin.IonRawBinaryWriter$1                                    : loaded 2 times (x 73B)
Class [Lcom.amazon.ion.SymbolTable;                                                   : loaded 2 times (x 65B)
Class com.amazon.ion.impl.bin.IonBinaryWriterAdapter$Factory                          : loaded 2 times (x 66B)
Class com.amazon.ion.impl.BlockedBuffer$BufferedOutputStream                          : loaded 2 times (x 86B)
Class org.jetbrains.plugins.gradle.tooling.serialization.ExternalTestsSerializationService$ReadContext: loaded 2 times (x 68B)
Class com.amazon.ion.impl._Private_RecyclingQueue$ElementFactory                      : loaded 2 times (x 66B)
Class org.objectweb.asm.AnnotationVisitor                                             : loaded 2 times (x 74B)
Class org.gradle.tooling.model.idea.IdeaDependency                                    : loaded 2 times (x 66B)
Class jdk.internal.jimage.decompressor.ZipDecompressor                                : loaded 2 times (x 71B)
Class kotlin.properties.ReadWriteProperty                                             : loaded 2 times (x 66B)
Class com.google.common.collect.Sets$1                                                : loaded 2 times (x 135B)
Class com.android.ide.common.gradle.Numeric                                           : loaded 2 times (x 73B)
Class com.android.builder.model.v2.ide.AaptOptions                                    : loaded 2 times (x 66B)
Class [Lcom.android.builder.model.v2.ide.BytecodeTransformation;                      : loaded 2 times (x 65B)
Class com.android.ide.common.gradle.Version$Companion                                 : loaded 2 times (x 67B)
Class com.google.common.base.Strings                                                  : loaded 2 times (x 67B)
Class com.google.common.collect.Sets                                                  : loaded 2 times (x 67B)
Class org.objectweb.asm.Handler                                                       : loaded 2 times (x 68B)
Class kotlin.jvm.internal.AdaptedFunctionReference                                    : loaded 2 times (x 73B)
Class com.google.common.base.Ticker                                                   : loaded 2 times (x 68B)
Class com.amazon.ion.impl.bin.AbstractIonWriter$WriteValueOptimization                : loaded 2 times (x 75B)
Class kotlin.jvm.internal.markers.KMutableIterator                                    : loaded 2 times (x 66B)
Class [Lkotlin.reflect.KCallable;                                                     : loaded 2 times (x 65B)
Class kotlin.reflect.KProperty$Accessor                                               : loaded 2 times (x 66B)
Class com.google.devtools.ksp.processing.KSPConfig                                    : loaded 2 times (x 68B)
Class com.android.builder.model.v2.models.ndk.NativeModelBuilderParameter             : loaded 2 times (x 66B)
Class [Lcom.google.common.cache.LocalCache$Segment;                                   : loaded 2 times (x 65B)
Class kotlin.jvm.internal.ArrayIteratorKt                                             : loaded 2 times (x 67B)
Class [Lcom.google.common.cache.LocalCache$Strength;                                  : loaded 2 times (x 65B)
Class com.google.common.cache.CacheBuilder$1                                          : loaded 2 times (x 81B)
Class org.gradle.tooling.internal.gradle.DefaultProjectIdentifier                     : loaded 2 times (x 82B)
Class com.amazon.ion.impl.bin.BlockAllocatorProvider                                  : loaded 2 times (x 68B)
Class org.jetbrains.plugins.gradle.tooling.serialization.internal.IdeaProjectSerializationService$WriteContext: loaded 2 times (x 68B)
Class com.intellij.gradle.toolingExtension.impl.model.sourceSetDependencyModel.GradleSourceSetDependencySerialisationService: loaded 2 times (x 73B)
Class org.jetbrains.plugins.gradle.model.GradleSourceSetModel                         : loaded 2 times (x 66B)
Class ijInit2_1bl1hoaj23l0e184err3llq8s                                               : loaded 2 times (x 175B)
Class org.gradle.internal.classpath.DefaultClassPath$ImmutableUniqueList$Builder      : loaded 2 times (x 71B)
Class kotlin.jvm.functions.Function3                                                  : loaded 2 times (x 66B)
Class kotlin.io.FileTreeWalk$WalkState                                                : loaded 2 times (x 69B)
Class com.amazon.ion.IonWriter                                                        : loaded 2 times (x 66B)
Class com.amazon.ion.impl.bin._Private_IonRawWriter                                   : loaded 2 times (x 66B)
Class com.amazon.ion.impl.bin.IonRawBinaryWriter$PreallocationMode                    : loaded 2 times (x 78B)
Class com.google.common.cache.LocalCache                                              : loaded 2 times (x 183B)
Class com.google.common.cache.CacheBuilder$2                                          : loaded 2 times (x 75B)
Class com.amazon.ion.impl.lite.IonSequenceLite                                        : loaded 2 times (x 428B)
Class com.amazon.ion.impl._Private_Utils$1                                            : loaded 2 times (x 85B)
Class com.amazon.ion.impl.SymbolTableAsStruct                                         : loaded 2 times (x 66B)
Class com.android.ide.gradle.model.dependencies.Coordinates                           : loaded 2 times (x 66B)
Class org.gradle.tooling.internal.adapter.WeakIdentityHashMap$AbsentValueProvider     : loaded 2 times (x 66B)
Class com.amazon.ion.impl.lite.IonSystemLite                                          : loaded 2 times (x 271B)
Class com.google.common.collect.ImmutableEnumMap                                      : loaded 2 times (x 122B)
Class com.google.common.collect.ListMultimap                                          : loaded 2 times (x 66B)
Class org.apache.commons.io.output.StringBuilderWriter                                : loaded 2 times (x 96B)
Class com.google.common.collect.ArrayListMultimap                                     : loaded 2 times (x 168B)
Class com.google.common.cache.CacheBuilder$3                                          : loaded 2 times (x 68B)
Class [Lorg.apache.commons.io.StandardLineSeparator;                                  : loaded 2 times (x 65B)
Class com.android.builder.model.v2.models.AndroidDsl                                  : loaded 2 times (x 66B)
Class com.amazon.ion.impl.bin.AbstractIonWriter                                       : loaded 2 times (x 157B)
Class org.jetbrains.plugins.gradle.tooling.util.ObjectCollector$Processor             : loaded 2 times (x 66B)
Class kotlin.coroutines.ContinuationInterceptor                                       : loaded 2 times (x 66B)
Class org.gradle.internal.exceptions.NonGradleCauseExceptionsHolder                   : loaded 2 times (x 66B)
Class org.gradle.tooling.model.idea.IdeaModuleDependency                              : loaded 2 times (x 66B)
Class org.gradle.tooling.internal.adapter.ViewBuilder                                 : loaded 2 times (x 66B)
Class jdk.internal.jimage.ImageStrings                                                : loaded 2 times (x 66B)
Class org.gradle.api.internal.classpath.EffectiveClassPath                            : loaded 2 times (x 86B)
Class kotlin.jvm.functions.Function5                                                  : loaded 2 times (x 66B)
Class com.google.common.collect.Ordering                                              : loaded 2 times (x 110B)
Class org.jetbrains.plugins.gradle.tooling.serialization.internal.IdeaProjectSerializationService: loaded 2 times (x 73B)
Class com.android.builder.model.v2.ide.AndroidLibraryData                             : loaded 2 times (x 66B)
Class com.android.builder.model.v2.ide.ApiVersion                                     : loaded 2 times (x 66B)
Class org.apache.commons.io.StandardLineSeparator                                     : loaded 2 times (x 75B)
Class com.android.ide.common.gradle.Version                                           : loaded 2 times (x 71B)
Class com.google.common.collect.ForwardingMap                                         : loaded 2 times (x 128B)
Class com.google.common.collect.CollectPreconditions                                  : loaded 2 times (x 67B)
Class com.amazon.ion.system.IonReaderBuilder                                          : loaded 2 times (x 89B)
Class org.jetbrains.plugins.gradle.model.AnnotationProcessingConfig                   : loaded 2 times (x 66B)
Class com.amazon.ion.IonReader                                                        : loaded 2 times (x 66B)
Class kotlin.jvm.functions.Function6                                                  : loaded 2 times (x 66B)
Class org.jetbrains.kotlin.idea.projectModel.KotlinTaskProperties                     : loaded 2 times (x 66B)
Class [Lcom.android.ide.common.repository.AgpVersion$PreviewKind;                     : loaded 2 times (x 65B)
Class kotlin.io.FileTreeWalk$FileTreeWalkIterator                                     : loaded 2 times (x 79B)
Class com.android.builder.model.v2.models.Versions$Version                            : loaded 2 times (x 66B)
Class com.google.common.collect.SortedMapDifference                                   : loaded 2 times (x 66B)
Class settings_b44s4y3saj0ztwe4nn40vfy2d$_run_closure1                                : loaded 2 times (x 135B)
Class com.amazon.ion.IonClob                                                          : loaded 2 times (x 66B)
Class org.jetbrains.plugins.gradle.tooling.ModelBuilderService$Parameter              : loaded 2 times (x 66B)
Class [Lkotlin.time.DurationUnit;                                                     : loaded 2 times (x 65B)
Class kotlin.jvm.functions.Function7                                                  : loaded 2 times (x 66B)
Class org.gradle.internal.classloader.ClassLoaderVisitor                              : loaded 2 times (x 72B)
Class com.google.common.cache.LocalCache$WriteThroughEntry                            : loaded 2 times (x 75B)
Class com.google.common.cache.LocalCache$HashIterator                                 : loaded 2 times (x 82B)
Class org.jetbrains.kotlin.tooling.core.KotlinToolingVersion$Maturity                 : loaded 2 times (x 75B)
Class com.google.common.cache.LocalCache$EntryFactory                                 : loaded 2 times (x 79B)
Class com.amazon.ion.impl.lite.IonLobLite                                             : loaded 2 times (x 180B)
Class com.amazon.ion.impl.lite.IonTextLite                                            : loaded 2 times (x 177B)
Class com.amazon.ion.IonNumber                                                        : loaded 2 times (x 66B)
Class org.gradle.internal.impldep.gnu.trove.TObjectIntProcedure                       : loaded 2 times (x 66B)
Class org.gradle.tooling.internal.adapter.ProtocolToModelAdapter$ReflectionMethodInvoker: loaded 2 times (x 72B)
Class [Lkotlin.annotation.AnnotationRetention;                                        : loaded 2 times (x 65B)
Class kotlin.jvm.functions.Function8                                                  : loaded 2 times (x 66B)
Class kotlin.collections.builders.MapBuilder$Companion                                : loaded 2 times (x 67B)
Class kotlin.text.MatcherMatchResult$groupValues$1                                    : loaded 2 times (x 194B)
Class com.google.common.collect.ReverseNaturalOrdering                                : loaded 2 times (x 110B)
Class com.amazon.ion.impl.bin.IonManagedBinaryWriter$ImportedSymbolResolverMode$2     : loaded 2 times (x 76B)
Class [Lcom.android.ide.common.gradle.Separator;                                      : loaded 2 times (x 65B)
Class org.jetbrains.kotlin.tooling.core.HasMutableExtras                              : loaded 2 times (x 66B)
Class com.google.common.cache.LocalCache$AbstractReferenceEntry                       : loaded 2 times (x 103B)
Class [Lcom.amazon.ion.impl.bin.IonManagedBinaryWriter$UserState;                     : loaded 2 times (x 65B)
Class com.amazon.ion.impl.bin.utf8.Utf8StringEncoder                                  : loaded 2 times (x 76B)
Class com.amazon.ion.IonBool                                                          : loaded 2 times (x 66B)
Class com.google.common.collect.NullsLastOrdering                                     : loaded 2 times (x 111B)
Class kotlin.KotlinVersion$Companion                                                  : loaded 2 times (x 67B)
Class kotlin.annotation.MustBeDocumented                                              : loaded 2 times (x 66B)
Class kotlin.jvm.functions.Function10                                                 : loaded 2 times (x 66B)
Class kotlin.jvm.functions.Function9                                                  : loaded 2 times (x 66B)
Class [Lkotlin.reflect.KClassifier;                                                   : loaded 2 times (x 65B)
Class [Lkotlin.LazyThreadSafetyMode;                                                  : loaded 2 times (x 65B)
Class com.android.builder.model.v2.models.VariantDependencies                         : loaded 2 times (x 66B)
Class org.gradle.internal.classloader.DefaultClassLoaderFactory                       : loaded 2 times (x 78B)
Class org.objectweb.asm.SymbolTable                                                   : loaded 2 times (x 68B)
Class com.google.common.cache.CacheLoader$InvalidCacheLoadException                   : loaded 2 times (x 78B)
Class com.intellij.util.containers.IntObjectHashMap$ArrayProducer                     : loaded 2 times (x 66B)
Class com.amazon.ion.IonLoader                                                        : loaded 2 times (x 66B)
Class org.jetbrains.plugins.gradle.model.GradleProperty                               : loaded 2 times (x 66B)
Class org.gradle.internal.classloader.SystemClassLoaderSpec                           : loaded 2 times (x 67B)
Class kotlin.jvm.functions.Function11                                                 : loaded 2 times (x 66B)
Class kotlin.jvm.internal.PropertyReference0Impl                                      : loaded 2 times (x 123B)
Class com.amazon.ion.impl.bin.IonManagedBinaryWriter$ImportedSymbolResolverMode$1     : loaded 2 times (x 76B)
Class com.amazon.ion.impl.lite.IonSymbolLite                                          : loaded 2 times (x 242B)
Class [Lcom.amazon.ion.impl.bin.IonRawBinaryWriter$StreamCloseMode;                   : loaded 2 times (x 65B)
Class org.jetbrains.kotlin.idea.gradleTooling.AndroidAwareGradleModelProvider$Companion: loaded 2 times (x 67B)
Class com.google.common.base.Suppliers                                                : loaded 2 times (x 67B)
Class [Lcom.google.common.cache.CacheBuilder$OneWeigher;                              : loaded 2 times (x 65B)
Class com.android.builder.model.v2.ide.TestedTargetVariant                            : loaded 2 times (x 66B)
Class com.google.common.cache.LocalCache$StrongEntry                                  : loaded 2 times (x 104B)
Class com.google.common.util.concurrent.AbstractFuture$TrustedFuture                  : loaded 2 times (x 110B)
Class com.google.common.cache.LoadingCache                                            : loaded 2 times (x 66B)
Class com.amazon.ion.impl._Private_Utils                                              : loaded 2 times (x 67B)
Class kotlin.text.MatcherMatchResult$groups$1                                         : loaded 2 times (x 147B)
Class org.gradle.internal.exceptions.MultiCauseException                              : loaded 2 times (x 66B)
Class org.gradle.internal.time.CountdownTimer                                         : loaded 2 times (x 66B)
Class jdk.internal.jrtfs.JrtFileSystem                                                : loaded 2 times (x 98B)
Class kotlin.jvm.functions.Function12                                                 : loaded 2 times (x 66B)
Class org.objectweb.asm.MethodTooLargeException                                       : loaded 2 times (x 79B)
Class com.google.common.base.Platform$JdkPatternCompiler                              : loaded 2 times (x 71B)
Class [Lkotlin.reflect.KClass;                                                        : loaded 2 times (x 65B)
Class org.objectweb.asm.MethodWriter                                                  : loaded 2 times (x 102B)
Class [Lcom.google.common.cache.Weigher;                                              : loaded 2 times (x 65B)
Class kotlin.io.LinesSequence                                                         : loaded 2 times (x 71B)
Class com.intellij.gradle.toolingExtension.impl.model.projectModel.GradleExternalProjectSerializationService$ReadContext: loaded 2 times (x 69B)
Class com.intellij.gradle.toolingExtension.impl.model.dependencyModel.DependencyWriteContext: loaded 2 times (x 68B)
Class org.gradle.tooling.model.ProjectModel                                           : loaded 2 times (x 66B)
Class jdk.internal.jimage.decompressor.CompressedResourceHeader                       : loaded 2 times (x 67B)
Class kotlin.text.Charsets                                                            : loaded 2 times (x 67B)
Class kotlin.jvm.functions.Function13                                                 : loaded 2 times (x 66B)
Class org.gradle.internal.operations.MultipleBuildOperationFailures                   : loaded 2 times (x 91B)
Class org.gradle.tooling.internal.adapter.MethodInvocation                            : loaded 2 times (x 81B)
Class com.intellij.util.ThrowableConsumer                                             : loaded 2 times (x 66B)
Class com.google.common.collect.ImmutableMultimap$1                                   : loaded 2 times (x 78B)
Class com.google.common.collect.AbstractMapBasedMultimap$RandomAccessWrappedList      : loaded 2 times (x 201B)
Class com.android.ide.common.gradle.Version$Companion$ParseState$EMPTY                : loaded 2 times (x 70B)
Class org.jetbrains.plugins.gradle.model.GradleConfiguration                          : loaded 2 times (x 66B)
Class com.amazon.ion.impl.bin.utf8.Utf8StringEncoderPool                              : loaded 2 times (x 70B)
Class com.amazon.ion.impl._Private_IonSystem                                          : loaded 2 times (x 66B)
Class com.amazon.ion.BufferConfiguration$OversizedValueHandler                        : loaded 2 times (x 66B)
Class kotlin.jvm.functions.Function14                                                 : loaded 2 times (x 66B)
Class org.objectweb.asm.ClassVisitor                                                  : loaded 2 times (x 84B)
Class com.google.common.collect.ImmutableMultimap$2                                   : loaded 2 times (x 77B)
Class com.android.ide.common.repository.AgpVersion$Companion$WhenMappings             : loaded 2 times (x 67B)
Class com.google.common.collect.RegularImmutableBiMap                                 : loaded 2 times (x 145B)
Class [Lorg.objectweb.asm.Symbol;                                                     : loaded 2 times (x 65B)
Class com.android.utils.FileUtils                                                     : loaded 2 times (x 67B)
Class com.google.common.cache.LocalCache$ValueReference                               : loaded 2 times (x 66B)
Class com.amazon.ion.IonDecimal                                                       : loaded 2 times (x 66B)
Class org.jetbrains.plugins.gradle.model.tests.ExternalTestsModel                     : loaded 2 times (x 66B)
Class org.gradle.tooling.model.idea.IdeaLanguageLevel                                 : loaded 2 times (x 66B)
Class org.gradle.tooling.internal.adapter.ProtocolToModelAdapter$SafeMethodInvoker    : loaded 2 times (x 72B)
Class org.gradle.tooling.internal.adapter.WeakIdentityHashMap$WeakKey                 : loaded 2 times (x 75B)
Class org.gradle.internal.exceptions.DefaultMultiCauseException                       : loaded 2 times (x 91B)
Class kotlin.jvm.functions.Function15                                                 : loaded 2 times (x 66B)
Class com.android.builder.model.v2.ide.AaptOptions$Namespacing                        : loaded 2 times (x 75B)
Class kotlin.collections.builders.ListBuilder$Itr                                     : loaded 2 times (x 90B)
Class jdk.internal.jimage.decompressor.StringSharingDecompressorFactory               : loaded 2 times (x 70B)
Class com.google.common.hash.PrimitiveSink                                            : loaded 2 times (x 66B)
Class com.android.builder.model.v2.ide.ProjectInfo                                    : loaded 2 times (x 66B)
Class com.google.common.base.PatternCompiler                                          : loaded 2 times (x 66B)
Class com.google.common.util.concurrent.AbstractFuture$Failure                        : loaded 2 times (x 68B)
Class com.google.common.base.Equivalence$Equals                                       : loaded 2 times (x 78B)
Class com.google.common.collect.Hashing                                               : loaded 2 times (x 67B)
Class org.gradle.tooling.internal.adapter.TargetTypeProvider                          : loaded 2 times (x 66B)
Class com.amazon.ion.impl.bin.IonRawBinaryWriter$StreamCloseMode                      : loaded 2 times (x 75B)
Class com.amazon.ion.impl._Private_IonBinaryWriterBuilder$Mutable                     : loaded 2 times (x 111B)
Class com.intellij.gradle.toolingExtension.impl.model.projectModel.GradleExternalProjectSerializationService: loaded 2 times (x 73B)
Class org.gradle.tooling.model.HierarchicalElement                                    : loaded 2 times (x 66B)
Class kotlin.jvm.functions.Function16                                                 : loaded 2 times (x 66B)
Class org.jetbrains.plugins.gradle.model.AnnotationProcessingModel                    : loaded 2 times (x 66B)
Class org.jetbrains.plugins.gradle.model.GradleExtensions                             : loaded 2 times (x 66B)
Class kotlin.LazyKt                                                                   : loaded 2 times (x 67B)
Class com.android.builder.model.v2.dsl.DependenciesInfo                               : loaded 2 times (x 66B)
Class com.amazon.ion.system.IonBinaryWriterBuilder                                    : loaded 2 times (x 95B)
Class org.objectweb.asm.Label                                                         : loaded 2 times (x 69B)
Class org.objectweb.asm.CurrentFrame                                                  : loaded 2 times (x 69B)
Class org.objectweb.asm.ClassTooLargeException                                        : loaded 2 times (x 79B)
Class com.amazon.ion.impl.bin.IonManagedBinaryWriter$UserState$4                      : loaded 2 times (x 81B)
Class org.jetbrains.plugins.gradle.model.UnresolvedExternalDependency                 : loaded 2 times (x 66B)
Class com.amazon.ion.impl.bin.IonRawBinaryWriter$PatchPoint                           : loaded 2 times (x 69B)
Class com.amazon.ion.IonBlob                                                          : loaded 2 times (x 66B)
Class com.amazon.ion.IonLob                                                           : loaded 2 times (x 66B)
Class com.amazon.ion.IonSequence                                                      : loaded 2 times (x 66B)
Class org.jetbrains.plugins.gradle.tooling.serialization.ExternalTestsSerializationService: loaded 2 times (x 73B)
Class com.google.common.collect.ImmutableSetMultimap                                  : loaded 2 times (x 176B)
Class com.google.common.collect.ByFunctionOrdering                                    : loaded 2 times (x 111B)
Class org.gradle.internal.time.Time                                                   : loaded 2 times (x 67B)
Class kotlin.InitializedLazyImpl                                                      : loaded 2 times (x 72B)
Class kotlin.jvm.functions.Function17                                                 : loaded 2 times (x 66B)
Class com.android.builder.model.v2.ide.AndroidArtifact                                : loaded 2 times (x 66B)
Class com.android.builder.model.v2.models.ProjectGraph                                : loaded 2 times (x 66B)
Class com.google.common.collect.Maps$IteratorBasedAbstractMap                         : loaded 2 times (x 121B)
Class com.android.ide.common.gradle.Version$Companion$ParseState$NUMERIC              : loaded 2 times (x 70B)
Class kotlin.collections.builders.MapBuilder                                          : loaded 2 times (x 108B)
Class org.gradle.api.internal.classpath.ManifestUtil                                  : loaded 2 times (x 67B)
Class org.objectweb.asm.Frame                                                         : loaded 2 times (x 69B)
Class org.objectweb.asm.MethodVisitor                                                 : loaded 2 times (x 101B)
Class org.gradle.tooling.internal.adapter.ProtocolToModelAdapter$InvocationHandlerImpl: loaded 2 times (x 73B)
Class org.gradle.tooling.model.build.GradleEnvironment                                : loaded 2 times (x 66B)
Class com.google.common.cache.LocalCache$EntryFactory$1                               : loaded 2 times (x 79B)
Class [Lcom.google.common.cache.RemovalListener;                                      : loaded 2 times (x 65B)
Class com.android.ide.common.repository.AgpVersion$PreviewKind                        : loaded 2 times (x 75B)
Class com.amazon.ion.system.IonTextWriterBuilder                                      : loaded 2 times (x 94B)
Class com.amazon.ion.impl.bin.IonManagedBinaryWriter$ImportedSymbolResolverMode$1$1$1 : loaded 2 times (x 72B)
Class com.amazon.ion.impl._Private_LocalSymbolTableFactory                            : loaded 2 times (x 66B)
Class org.jetbrains.plugins.gradle.tooling.serialization.AnnotationProcessingModelSerializationService: loaded 2 times (x 73B)
Class kotlin.jvm.functions.Function18                                                 : loaded 2 times (x 66B)
Class org.jetbrains.plugins.gradle.tooling.util.IntObjectMap$ObjectFactory            : loaded 2 times (x 66B)
Class com.amazon.ion.IonException                                                     : loaded 2 times (x 80B)
Class com.amazon.ion.impl.bin.IonManagedBinaryWriter$UserState$3                      : loaded 2 times (x 81B)
Class com.google.common.cache.LocalCache$EntryFactory$2                               : loaded 2 times (x 79B)
Class com.amazon.ion.impl.lite.IonNullLite                                            : loaded 2 times (x 171B)
Class [Lcom.intellij.openapi.externalSystem.model.project.dependencies.ResolutionState;: loaded 2 times (x 65B)
Class org.gradle.internal.impldep.gnu.trove.TObjectHash                               : loaded 2 times (x 90B)
Class org.jetbrains.plugins.gradle.model.DependencyAccessorsModel                     : loaded 2 times (x 66B)
Class org.gradle.api.internal.classpath.GlobalCacheRootsProvider                      : loaded 2 times (x 66B)
Class kotlin.jvm.functions.Function19                                                 : loaded 2 times (x 66B)
Class kotlin.reflect.KMutableProperty$Setter                                          : loaded 2 times (x 66B)
Class kotlin.Lazy                                                                     : loaded 2 times (x 66B)
Class com.google.common.util.concurrent.ExecutionError                                : loaded 2 times (x 78B)
Class com.android.builder.model.v2.dsl.ClassField                                     : loaded 2 times (x 66B)
Class com.google.common.collect.CollectCollectors                                     : loaded 2 times (x 67B)
Class org.objectweb.asm.ModuleWriter                                                  : loaded 2 times (x 78B)
Class com.google.common.cache.LocalCache$EntryFactory$3                               : loaded 2 times (x 79B)
Class com.google.common.base.Ticker$1                                                 : loaded 2 times (x 68B)
Class com.google.common.collect.Maps$BiMapConverter                                   : loaded 2 times (x 86B)
Class com.google.common.collect.ImmutableEnumSet                                      : loaded 2 times (x 142B)
Class com.amazon.ion.impl.lite.IonClobLite                                            : loaded 2 times (x 216B)
Class com.amazon.ion.impl._Private_ValueFactory                                       : loaded 2 times (x 66B)
Class com.amazon.ion.impl.bin.IonRawBinaryWriter$PreallocationMode$1                  : loaded 2 times (x 78B)
Class [Lcom.amazon.ion.impl.bin._Private_IonManagedBinaryWriterBuilder$AllocatorMode; : loaded 2 times (x 65B)
Class org.jetbrains.kotlin.idea.gradleTooling.KotlinMPPGradleModel                    : loaded 2 times (x 66B)
Class com.intellij.gradle.toolingExtension.impl.model.dependencyDownloadPolicyModel.GradleDependencyDownloadPolicy: loaded 2 times (x 66B)
Class org.gradle.tooling.model.BuildIdentifier                                        : loaded 2 times (x 66B)
Class com.android.builder.model.v2.ide.VectorDrawablesOptions                         : loaded 2 times (x 66B)
Class com.google.common.collect.AbstractMapBasedMultimap$WrappedCollection            : loaded 2 times (x 120B)
Class com.google.common.cache.LocalCache$EntryFactory$4                               : loaded 2 times (x 79B)
Class com.android.builder.model.v2.models.VariantDependenciesAdjacencyList            : loaded 2 times (x 66B)
Class com.amazon.ion.IonInt                                                           : loaded 2 times (x 66B)
Class com.amazon.ion.impl.bin.IonRawBinaryWriter$PreallocationMode$2                  : loaded 2 times (x 78B)
Class org.jetbrains.kotlin.idea.gradleTooling.PrepareKotlinIdeImportTaskModel         : loaded 2 times (x 66B)
Class com.google.common.collect.SetMultimap                                           : loaded 2 times (x 66B)
Class kotlin.sequences.ConstrainedOnceSequence                                        : loaded 2 times (x 71B)
Class com.android.builder.model.v2.ide.Edge                                           : loaded 2 times (x 66B)
Class com.android.builder.model.v2.models.VariantDependenciesFlatList                 : loaded 2 times (x 66B)
Class com.google.common.cache.LocalCache$EntryFactory$5                               : loaded 2 times (x 79B)
Class com.amazon.ion.impl.bin.IonRawBinaryWriter$PreallocationMode$3                  : loaded 2 times (x 78B)
Class com.android.ide.gradle.model.GradlePluginModel                                  : loaded 2 times (x 66B)
Class com.google.common.collect.ReverseOrdering                                       : loaded 2 times (x 111B)
Class org.gradle.tooling.model.build.JavaEnvironment                                  : loaded 2 times (x 66B)
Class kotlin.time.Duration                                                            : loaded 2 times (x 70B)
Class [Lkotlin.reflect.KProperty;                                                     : loaded 2 times (x 65B)
Class kotlin.SafePublicationLazyImpl$Companion                                        : loaded 2 times (x 67B)
Class com.android.builder.model.v2.ide.SourceSetContainer                             : loaded 2 times (x 66B)
Class org.apache.commons.io.output.AppendableWriter                                   : loaded 2 times (x 96B)
Class com.google.common.cache.LocalCache$EntryFactory$6                               : loaded 2 times (x 79B)
Class org.jetbrains.plugins.gradle.model.GradleExtension                              : loaded 2 times (x 66B)
Class com.amazon.ion.impl.lite.IonDecimalLite                                         : loaded 2 times (x 184B)
Class com.amazon.ion.IonBufferConfiguration$Builder                                   : loaded 2 times (x 74B)
Class org.gradle.internal.time.Timer                                                  : loaded 2 times (x 66B)
Class org.gradle.internal.installation.CurrentGradleInstallationLocator               : loaded 2 times (x 67B)
Class [Lkotlin.io.FileWalkDirection;                                                  : loaded 2 times (x 65B)
Class com.google.common.collect.ImmutableMultimap$Builder                             : loaded 2 times (x 82B)
Class com.android.builder.model.v2.ide.LintOptions                                    : loaded 2 times (x 66B)
Class org.apache.commons.io.output.ThresholdingOutputStream                           : loaded 2 times (x 91B)
Class com.google.common.collect.Maps$KeySet                                           : loaded 2 times (x 133B)
Class com.google.common.cache.LocalCache$EntryFactory$7                               : loaded 2 times (x 79B)
Class com.google.common.collect.ImmutableSet$EmptySetBuilderImpl                      : loaded 2 times (x 72B)
Class kotlin.jvm.internal.PropertyReference1Impl                                      : loaded 2 times (x 123B)
Class [Lcom.amazon.ion.impl.bin.IonRawBinaryWriter$ContainerType;                     : loaded 2 times (x 65B)
Class org.gradle.tooling.internal.adapter.ProtocolToModelAdapter$ViewGraphDetails     : loaded 2 times (x 68B)
Class org.gradle.tooling.model.idea.IdeaProject                                       : loaded 2 times (x 66B)
Class org.gradle.tooling.model.DomainObjectSet                                        : loaded 2 times (x 66B)
Class org.gradle.internal.service.DefaultServiceLocator                               : loaded 2 times (x 79B)
Class jdk.internal.jrtfs.JrtDirectoryStream                                           : loaded 2 times (x 85B)
Class kotlin.reflect.KMutableProperty0                                                : loaded 2 times (x 66B)
Class kotlin.reflect.KClassifier                                                      : loaded 2 times (x 66B)
Class kotlin.io.FileTreeWalk                                                          : loaded 2 times (x 71B)
Class kotlin.jvm.internal.MutablePropertyReference1                                   : loaded 2 times (x 133B)
Class com.google.common.collect.ImmutableMultimap$EntryCollection                     : loaded 2 times (x 124B)
Class com.android.builder.model.v2.ide.BasicArtifact                                  : loaded 2 times (x 66B)
Class com.google.common.cache.LocalCache$EntryFactory$8                               : loaded 2 times (x 79B)
Class org.gradle.internal.classloader.ClassLoaderHierarchy                            : loaded 2 times (x 66B)
Class com.amazon.ion.impl.bin.utf8.Utf8StringEncoder$Result                           : loaded 2 times (x 70B)
Class com.amazon.ion.impl.bin.utf8.Pool$Allocator                                     : loaded 2 times (x 66B)
Class com.amazon.ion.IonText                                                          : loaded 2 times (x 66B)
Class com.amazon.ion.impl.SymbolTokenImpl                                             : loaded 2 times (x 77B)
Class com.amazon.ion.SubstituteSymbolTableException                                   : loaded 2 times (x 80B)
Class org.gradle.util.GradleVersion                                                   : loaded 2 times (x 75B)
Class org.gradle.internal.installation.CurrentGradleInstallation                      : loaded 2 times (x 69B)
Class com.intellij.gradle.toolingExtension.impl.model.sourceSetModel.GradleSourceSetSerialisationService$Companion: loaded 2 times (x 67B)
Class com.amazon.ion.impl._Private_IonValue                                           : loaded 2 times (x 66B)
Class kotlin.reflect.KMutableProperty1                                                : loaded 2 times (x 66B)
Class com.amazon.ion.impl.bin.IonManagedBinaryWriter$UserState$2                      : loaded 2 times (x 81B)
Class jdk.internal.jimage.BasicImageReader                                            : loaded 2 times (x 91B)
Class com.google.common.cache.CacheLoader$1                                           : loaded 2 times (x 71B)
Class org.gradle.internal.classloader.FilteringClassLoader                            : loaded 2 times (x 101B)
Class kotlin.text.MatcherMatchResult                                                  : loaded 2 times (x 76B)
Class com.amazon.ion.impl.bin.IonManagedBinaryWriter$ImportDescriptor                 : loaded 2 times (x 72B)
Class com.amazon.ion.SymbolTable                                                      : loaded 2 times (x 66B)
Class org.jetbrains.plugins.gradle.tooling.serialization.GradleExtensionsSerializationService$WriteContext: loaded 2 times (x 68B)
Class com.intellij.gradle.toolingExtension.impl.model.taskModel.GradleTaskSerialisationService$Companion: loaded 2 times (x 67B)
Class org.jetbrains.plugins.gradle.javaModel.JavaGradleManifestModel                  : loaded 2 times (x 66B)
Class org.gradle.tooling.internal.adapter.ProtocolToModelAdapter$MethodInvocationCache$MethodInvocationKey: loaded 2 times (x 69B)
Class org.gradle.util.internal.GUtil                                                  : loaded 2 times (x 67B)
Class kotlin.reflect.KMutableProperty2                                                : loaded 2 times (x 66B)
Class kotlin.text.MatchGroupCollection                                                : loaded 2 times (x 66B)
Class com.android.ide.gradle.model.dependencies.DeclaredDependencies                  : loaded 2 times (x 66B)
Class com.android.utils.StringHelper                                                  : loaded 2 times (x 67B)
Class com.google.common.cache.AbstractCache$StatsCounter                              : loaded 2 times (x 66B)
Class [Lcom.amazon.ion.impl.bin.IonManagedBinaryWriter$SymbolState;                   : loaded 2 times (x 65B)
Class com.amazon.ion.impl._Private_IonWriterBase                                      : loaded 2 times (x 158B)
Class com.amazon.ion.system.IonSystemBuilder                                          : loaded 2 times (x 71B)
Class com.amazon.ion.IonCatalog                                                       : loaded 2 times (x 66B)
Class com.intellij.gradle.toolingExtension.impl.model.sourceSetModel.GradleSourceSetSerialisationService$SourceSetModelReadContext: loaded 2 times (x 68B)
Class com.intellij.gradle.toolingExtension.impl.model.utilTurnOffDefaultTasksModel.TurnOffDefaultTasks: loaded 2 times (x 66B)
Class kotlin.time.DurationUnitKt                                                      : loaded 2 times (x 67B)
Class org.jetbrains.plugins.gradle.tooling.serialization.internal.IdeaProjectSerializationService$ReadContext: loaded 2 times (x 68B)
Class com.amazon.ion.impl.bin.IonManagedBinaryWriter$UserState$1                      : loaded 2 times (x 81B)
Class com.google.common.base.Equivalence$Identity                                     : loaded 2 times (x 78B)
Class com.android.builder.model.v2.dsl.BuildType                                      : loaded 2 times (x 66B)
Class com.google.common.base.PairwiseEquivalence                                      : loaded 2 times (x 79B)
Class com.android.builder.model.v2.ide.ViewBindingOptions                             : loaded 2 times (x 66B)
Class com.intellij.gradle.toolingExtension.impl.model.sourceSetModel.GradleSourceSetSerialisationService$SourceSetModelWriteContext: loaded 2 times (x 68B)
Class org.gradle.tooling.internal.adapter.WeakIdentityHashMap                         : loaded 2 times (x 72B)
Class org.gradle.tooling.GradleConnectionException                                    : loaded 2 times (x 79B)
Class org.gradle.tooling.internal.adapter.ProtocolToModelAdapter$1                    : loaded 2 times (x 71B)
Class org.gradle.tooling.internal.adapter.ProtocolToModelAdapter$ViewDecoration       : loaded 2 times (x 66B)
Class org.gradle.internal.installation.GradleInstallation                             : loaded 2 times (x 71B)
Class jdk.internal.jimage.decompressor.ResourceDecompressor$StringsProvider           : loaded 2 times (x 66B)
Class kotlin.coroutines.jvm.internal.CompletedContinuation                            : loaded 2 times (x 71B)
Class com.amazon.ion.impl._Private_RecyclingQueue$Recycler                            : loaded 2 times (x 66B)
Class com.amazon.ion.impl.lite.ContainerlessContext                                   : loaded 2 times (x 76B)
Class org.jetbrains.plugins.gradle.tooling.serialization.GradleExtensionsSerializationService$ReadContext: loaded 2 times (x 68B)
Class com.google.common.collect.ForwardingCollection                                  : loaded 2 times (x 126B)
Class com.google.common.collect.LexicographicalOrdering                               : loaded 2 times (x 111B)
Class org.gradle.tooling.internal.adapter.MethodInvoker                               : loaded 2 times (x 66B)
Class kotlin.io.FileWalkDirection                                                     : loaded 2 times (x 75B)
Class kotlin.sequences.DropTakeSequence                                               : loaded 2 times (x 66B)
Class kotlin.io.TextStreamsKt                                                         : loaded 2 times (x 67B)
Class com.android.ide.common.gradle.Part                                              : loaded 2 times (x 73B)
Class com.google.common.collect.Lists$RandomAccessReverseList                         : loaded 2 times (x 196B)
Class com.amazon.ion.UnexpectedEofException                                           : loaded 2 times (x 80B)
Class com.amazon.ion.IonSexp                                                          : loaded 2 times (x 66B)
Class com.amazon.ion.ReadOnlyValueException                                           : loaded 2 times (x 80B)
Class com.amazon.ion.impl._Private_LocalSymbolTable                                   : loaded 2 times (x 66B)
Class com.amazon.ion.BufferConfiguration$DataHandler                                  : loaded 2 times (x 66B)
Class com.amazon.ion.impl._Private_IonBinaryWriterBuilder                             : loaded 2 times (x 111B)
Class org.jetbrains.plugins.gradle.tooling.serialization.RepositoriesModelSerializationService$WriteContext: loaded 2 times (x 68B)
Class com.android.ide.gradle.model.LegacyAndroidGradlePluginProperties                : loaded 2 times (x 66B)
Class org.gradle.tooling.model.gradle.GradleScript                                    : loaded 2 times (x 66B)

---------------  S Y S T E M  ---------------

OS:
 Windows 11 , 64 bit Build 26100 (10.0.26100.5074)
OS uptime: 1 days 6:36 hours
Hyper-V role detected

CPU: total 4 (initial active 4) (2 cores per cpu, 2 threads per core) family 6 model 142 stepping 12 microcode 0xde, cx8, cmov, fxsr, ht, mmx, 3dnowpref, sse, sse2, sse3, ssse3, sse4.1, sse4.2, popcnt, lzcnt, tsc, tscinvbit, avx, avx2, aes, erms, clmul, bmi1, bmi2, adx, fma, vzeroupper, clflush, clflushopt, hv, rdtscp, f16c
Processor Information for processor 0
  Max Mhz: 2592, Current Mhz: 1495, Mhz Limit: 2073
Processor Information for processor 1
  Max Mhz: 2592, Current Mhz: 1495, Mhz Limit: 2073
Processor Information for processor 2
  Max Mhz: 2592, Current Mhz: 2592, Mhz Limit: 2073
Processor Information for processor 3
  Max Mhz: 2592, Current Mhz: 2592, Mhz Limit: 2073

Memory: 4k page, system-wide physical 8025M (754M free)
TotalPageFile size 13688M (AvailPageFile size 16M)
current process WorkingSet (physical memory assigned to process): 1225M, peak: 1255M
current process commit charge ("private bytes"): 1509M, peak: 1537M

vm_info: OpenJDK 64-Bit Server VM (21.0.6+-13391695-b895.109) for windows-amd64 JRE (21.0.6+-13391695-b895.109), built on 2025-04-22T21:19:17Z by "builder" with MS VC++ 16.10 / 16.11 (VS2019)

END.
