#
# There is insufficient memory for the Java Runtime Environment to continue.
# Native memory allocation (malloc) failed to allocate 1104816 bytes. Error detail: Chunk::new
# Possible reasons:
#   The system is out of physical RAM or swap space
#   This process is running with CompressedOops enabled, and the Java Heap may be blocking the growth of the native heap
# Possible solutions:
#   Reduce memory load on the system
#   Increase physical memory or swap space
#   Check if swap backing store is full
#   Decrease Java heap size (-Xmx/-Xms)
#   Decrease number of Java threads
#   Decrease Java thread stack sizes (-Xss)
#   Set larger code cache with -XX:ReservedCodeCacheSize=
#   JVM is running with Zero Based Compressed Oops mode in which the Java heap is
#     placed in the first 32GB address space. The Java Heap base address is the
#     maximum limit for the native heap growth. Please use -XX:HeapBaseMinAddress
#     to set the Java Heap base and to place the Java Heap above 32GB virtual address.
# This output file may be truncated or incomplete.
#
#  Out of Memory Error (arena.cpp:168), pid=8004, tid=1240
#
# JRE version: OpenJDK Runtime Environment (21.0.6) (build 21.0.6+-13391695-b895.109)
# Java VM: OpenJDK 64-Bit Server VM (21.0.6+-13391695-b895.109, mixed mode, tiered, compressed oops, compressed class ptrs, parallel gc, windows-amd64)
# No core dump will be written. Minidumps are not enabled by default on client versions of Windows
#

---------------  S U M M A R Y ------------

Command Line: --add-opens=java.base/java.lang=ALL-UNNAMED --add-opens=java.base/java.lang.invoke=ALL-UNNAMED --add-opens=java.base/java.util=ALL-UNNAMED --add-opens=java.prefs/java.util.prefs=ALL-UNNAMED --add-exports=jdk.compiler/com.sun.tools.javac.api=ALL-UNNAMED --add-exports=jdk.compiler/com.sun.tools.javac.util=ALL-UNNAMED --add-opens=java.base/java.util=ALL-UNNAMED --add-opens=java.prefs/java.util.prefs=ALL-UNNAMED --add-opens=java.base/java.nio.charset=ALL-UNNAMED --add-opens=java.base/java.net=ALL-UNNAMED --add-opens=java.base/java.util.concurrent.atomic=ALL-UNNAMED --add-opens=java.xml/javax.xml.namespace=ALL-UNNAMED -XX:+UseParallelGC -Xmx4g -Dfile.encoding=UTF-8 -Duser.country=CN -Duser.language=zh -Duser.variant -javaagent:C:\Users\Mbongeni\.gradle\wrapper\dists\gradle-8.14.2-bin\2pb3mgt1p815evrl3weanttgr\gradle-8.14.2\lib\agents\gradle-instrumentation-agent-8.14.2.jar org.gradle.launcher.daemon.bootstrap.GradleDaemon 8.14.2

Host: Intel(R) Core(TM) i3-10110U CPU @ 2.10GHz, 4 cores, 7G,  Windows 11 , 64 bit Build 26100 (10.0.26100.5074)
Time: Sun Sep  7 18:06:35 2025 South Africa Standard Time elapsed time: 356.204006 seconds (0d 0h 5m 56s)

---------------  T H R E A D  ---------------

Current thread (0x0000017f2e673200):  JavaThread "C2 CompilerThread0" daemon [_thread_in_native, id=1240, stack(0x0000007891f00000,0x0000007892000000) (1024K)]


Current CompileTask:
C2:356204 53473       4       org.jetbrains.kotlin.fir.resolve.calls.tower.DispatchReceiverMemberScopeTowerLevel::processMembers (587 bytes)

Stack: [0x0000007891f00000,0x0000007892000000]
Native frames: (J=compiled Java code, j=interpreted, Vv=VM code, C=native code)
V  [jvm.dll+0x6d0639]
V  [jvm.dll+0x85eb03]
V  [jvm.dll+0x86105e]
V  [jvm.dll+0x861743]
V  [jvm.dll+0x27e6e6]
V  [jvm.dll+0xbff6d]
V  [jvm.dll+0xc04a3]
V  [jvm.dll+0x2f2780]
V  [jvm.dll+0x5fa409]
V  [jvm.dll+0x250d92]
V  [jvm.dll+0x25114f]
V  [jvm.dll+0x2498f5]
V  [jvm.dll+0x24714e]
V  [jvm.dll+0x1c5f04]
V  [jvm.dll+0x2569ac]
V  [jvm.dll+0x254ef6]
V  [jvm.dll+0x3f0e96]
V  [jvm.dll+0x806ed8]
V  [jvm.dll+0x6cef0d]
C  [ucrtbase.dll+0x37b0]
C  [KERNEL32.DLL+0x2e8d7]
C  [ntdll.dll+0x8d9c]


---------------  P R O C E S S  ---------------

Threads class SMR info:
_java_thread_list=0x0000017f4cd93390, length=119, elements={
0x0000017f0c0679f0, 0x0000017f2979ae70, 0x0000017f2979d960, 0x0000017f2979f720,
0x0000017f297a0270, 0x0000017f297a1830, 0x0000017f2e672480, 0x0000017f2e673200,
0x0000017f2e67a270, 0x0000017f0e4aff80, 0x0000017f2e9def10, 0x0000017f2f8381e0,
0x0000017f2eb987c0, 0x0000017f2f9f8830, 0x0000017f2f6fbe80, 0x0000017f2f6fc4e0,
0x0000017f304d7d80, 0x0000017f304f6270, 0x0000017f30278010, 0x0000017f3027a4d0,
0x0000017f3027bf10, 0x0000017f302797b0, 0x0000017f30278a90, 0x0000017f3027b1f0,
0x0000017f3027b880, 0x0000017f30279120, 0x0000017f30279e40, 0x0000017f3027ab60,
0x0000017f31b2caa0, 0x0000017f31b2b060, 0x0000017f31b2e4e0, 0x0000017f31b2bd80,
0x0000017f31b2d130, 0x0000017f33c26130, 0x0000017f33c267c0, 0x0000017f33c25aa0,
0x0000017f33c24d80, 0x0000017f33c27b70, 0x0000017f33c2a960, 0x0000017f33c28f20,
0x0000017f33c2b680, 0x0000017f3503c920, 0x0000017f3503e360, 0x0000017f3503aee0,
0x0000017f3503e9f0, 0x0000017f3503f080, 0x0000017f3503bc00, 0x0000017f3503c290,
0x0000017f3503f710, 0x0000017f3503fda0, 0x0000017f35040430, 0x0000017f3503cfb0,
0x0000017f35041150, 0x0000017f350417e0, 0x0000017f35041e70, 0x0000017f35042500,
0x0000017f3495cee0, 0x0000017f3495d570, 0x0000017f3495e290, 0x0000017f3495dc00,
0x0000017f3495c1c0, 0x0000017f3495e920, 0x0000017f3495b4a0, 0x0000017f3495efb0,
0x0000017f34961080, 0x0000017f3495fcd0, 0x0000017f34960360, 0x0000017f349609f0,
0x0000017f34961710, 0x0000017f34961da0, 0x0000017f34962430, 0x0000017f34962ac0,
0x0000017f3495f640, 0x0000017f3210ca20, 0x0000017f3210b670, 0x0000017f32109c30,
0x0000017f3210bd00, 0x0000017f3210d0b0, 0x0000017f3210c390, 0x0000017f3210d740,
0x0000017f3210a2c0, 0x0000017f3210ddd0, 0x0000017f3210a950, 0x0000017f3210e460,
0x0000017f3210afe0, 0x0000017f3210f810, 0x0000017f32110530, 0x0000017f3210fea0,
0x0000017f32110bc0, 0x0000017f32111250, 0x0000017f3210eaf0, 0x0000017f3210f180,
0x0000017f338266a0, 0x0000017f33826010, 0x0000017f338252f0, 0x0000017f33826d30,
0x0000017f338273c0, 0x0000017f33823f40, 0x0000017f33827a50, 0x0000017f3a326370,
0x0000017f3a327720, 0x0000017f3ae97a10, 0x0000017f3ae96660, 0x0000017f3afa59d0,
0x0000017f3afa2550, 0x0000017f3afa6d80, 0x0000017f3afa7410, 0x0000017f3afa66f0,
0x0000017f33c295b0, 0x0000017f33c29c40, 0x0000017f451d2e50, 0x0000017f451d2130,
0x0000017f451d34e0, 0x0000017f451d55b0, 0x0000017f451dab00, 0x0000017f451db190,
0x0000017f451dc540, 0x0000017f45752020, 0x0000017f457554a0
}

Java Threads: ( => current thread )
  0x0000017f0c0679f0 JavaThread "main"                              [_thread_blocked, id=10292, stack(0x0000007891500000,0x0000007891600000) (1024K)]
  0x0000017f2979ae70 JavaThread "Reference Handler"          daemon [_thread_blocked, id=12812, stack(0x0000007891900000,0x0000007891a00000) (1024K)]
  0x0000017f2979d960 JavaThread "Finalizer"                  daemon [_thread_blocked, id=2248, stack(0x0000007891a00000,0x0000007891b00000) (1024K)]
  0x0000017f2979f720 JavaThread "Signal Dispatcher"          daemon [_thread_blocked, id=12888, stack(0x0000007891b00000,0x0000007891c00000) (1024K)]
  0x0000017f297a0270 JavaThread "Attach Listener"            daemon [_thread_blocked, id=12236, stack(0x0000007891c00000,0x0000007891d00000) (1024K)]
  0x0000017f297a1830 JavaThread "Service Thread"             daemon [_thread_blocked, id=11968, stack(0x0000007891d00000,0x0000007891e00000) (1024K)]
  0x0000017f2e672480 JavaThread "Monitor Deflation Thread"   daemon [_thread_blocked, id=4504, stack(0x0000007891e00000,0x0000007891f00000) (1024K)]
=>0x0000017f2e673200 JavaThread "C2 CompilerThread0"         daemon [_thread_in_native, id=1240, stack(0x0000007891f00000,0x0000007892000000) (1024K)]
  0x0000017f2e67a270 JavaThread "C1 CompilerThread0"         daemon [_thread_blocked, id=7896, stack(0x0000007892000000,0x0000007892100000) (1024K)]
  0x0000017f0e4aff80 JavaThread "Common-Cleaner"             daemon [_thread_blocked, id=11844, stack(0x0000007892100000,0x0000007892200000) (1024K)]
  0x0000017f2e9def10 JavaThread "Notification Thread"        daemon [_thread_blocked, id=11916, stack(0x0000007892200000,0x0000007892300000) (1024K)]
  0x0000017f2f8381e0 JavaThread "Daemon health stats"               [_thread_blocked, id=8592, stack(0x0000007892700000,0x0000007892800000) (1024K)]
  0x0000017f2eb987c0 JavaThread "Incoming local TCP Connector on port 37833"        [_thread_in_native, id=8664, stack(0x0000007892800000,0x0000007892900000) (1024K)]
  0x0000017f2f9f8830 JavaThread "Daemon periodic checks"            [_thread_blocked, id=13732, stack(0x0000007892900000,0x0000007892a00000) (1024K)]
  0x0000017f2f6fbe80 JavaThread "Daemon"                            [_thread_blocked, id=14068, stack(0x0000007892a00000,0x0000007892b00000) (1024K)]
  0x0000017f2f6fc4e0 JavaThread "Handler for socket connection from /127.0.0.1:37833 to /127.0.0.1:37834"        [_thread_in_native, id=10160, stack(0x0000007892b00000,0x0000007892c00000) (1024K)]
  0x0000017f304d7d80 JavaThread "Cancel handler"                    [_thread_blocked, id=11120, stack(0x0000007892c00000,0x0000007892d00000) (1024K)]
  0x0000017f304f6270 JavaThread "Daemon worker"                     [_thread_blocked, id=12588, stack(0x0000007892d00000,0x0000007892e00000) (1024K)]
  0x0000017f30278010 JavaThread "Asynchronous log dispatcher for DefaultDaemonConnection: socket connection from /127.0.0.1:37833 to /127.0.0.1:37834"        [_thread_blocked, id=7516, stack(0x0000007892e00000,0x0000007892f00000) (1024K)]
  0x0000017f3027a4d0 JavaThread "Stdin handler"                     [_thread_blocked, id=10944, stack(0x0000007892f00000,0x0000007893000000) (1024K)]
  0x0000017f3027bf10 JavaThread "Daemon client event forwarder"        [_thread_blocked, id=10004, stack(0x0000007893000000,0x0000007893100000) (1024K)]
  0x0000017f302797b0 JavaThread "Cache worker for journal cache (C:\Users\Mbongeni\.gradle\caches\journal-1)"        [_thread_blocked, id=14220, stack(0x0000007892600000,0x0000007892700000) (1024K)]
  0x0000017f30278a90 JavaThread "File lock request listener"        [_thread_in_native, id=6780, stack(0x0000007893100000,0x0000007893200000) (1024K)]
  0x0000017f3027b1f0 JavaThread "Cache worker for file hash cache (C:\Users\Mbongeni\.gradle\caches\8.14.2\fileHashes)"        [_thread_blocked, id=13900, stack(0x0000007893200000,0x0000007893300000) (1024K)]
  0x0000017f3027b880 JavaThread "Cache worker for file hash cache (C:\Users\Mbongeni\OneDrive\Documents\GitHub\Lost\.gradle\8.14.2\fileHashes)"        [_thread_blocked, id=7528, stack(0x0000007893400000,0x0000007893500000) (1024K)]
  0x0000017f30279120 JavaThread "Cache worker for checksums cache (C:\Users\Mbongeni\OneDrive\Documents\GitHub\Lost\.gradle\8.14.2\checksums)"        [_thread_blocked, id=1096, stack(0x0000007893500000,0x0000007893600000) (1024K)]
  0x0000017f30279e40 JavaThread "Cache worker for Build Output Cleanup Cache (C:\Users\Mbongeni\OneDrive\Documents\GitHub\Lost\.gradle\buildOutputCleanup)"        [_thread_blocked, id=9920, stack(0x0000007893600000,0x0000007893700000) (1024K)]
  0x0000017f3027ab60 JavaThread "Cache worker for file content cache (C:\Users\Mbongeni\.gradle\caches\8.14.2\fileContent)"        [_thread_blocked, id=4204, stack(0x0000007893700000,0x0000007893800000) (1024K)]
  0x0000017f31b2caa0 JavaThread "File watcher server"        daemon [_thread_in_native, id=6000, stack(0x0000007893800000,0x0000007893900000) (1024K)]
  0x0000017f31b2b060 JavaThread "File watcher consumer"      daemon [_thread_blocked, id=9108, stack(0x0000007893900000,0x0000007893a00000) (1024K)]
  0x0000017f31b2e4e0 JavaThread "gradle-enterprise-worker-0"        [_thread_blocked, id=10620, stack(0x0000007893a00000,0x0000007893b00000) (1024K)]
  0x0000017f31b2bd80 JavaThread "Develocity resource usage"  daemon [_thread_blocked, id=6624, stack(0x0000007893b00000,0x0000007893c00000) (1024K)]
  0x0000017f31b2d130 JavaThread "JNA Cleaner"                daemon [_thread_blocked, id=336, stack(0x0000007893300000,0x0000007893400000) (1024K)]
  0x0000017f33c26130 JavaThread "build event listener"              [_thread_blocked, id=8016, stack(0x0000007894300000,0x0000007894400000) (1024K)]
  0x0000017f33c267c0 JavaThread "build event listener"              [_thread_blocked, id=12056, stack(0x0000007894400000,0x0000007894500000) (1024K)]
  0x0000017f33c25aa0 JavaThread "build event listener"              [_thread_blocked, id=4720, stack(0x0000007894600000,0x0000007894700000) (1024K)]
  0x0000017f33c24d80 JavaThread "Build operations"                  [_thread_blocked, id=9816, stack(0x0000007894700000,0x0000007894800000) (1024K)]
  0x0000017f33c27b70 JavaThread "Build operations Thread 2"         [_thread_blocked, id=5280, stack(0x0000007894800000,0x0000007894900000) (1024K)]
  0x0000017f33c2a960 JavaThread "ForkJoinPool.commonPool-worker-1" daemon [_thread_blocked, id=2816, stack(0x0000007894900000,0x0000007894a00000) (1024K)]
  0x0000017f33c28f20 JavaThread "ForkJoinPool.commonPool-worker-2" daemon [_thread_blocked, id=10412, stack(0x0000007894a00000,0x0000007894b00000) (1024K)]
  0x0000017f33c2b680 JavaThread "ForkJoinPool.commonPool-worker-3" daemon [_thread_blocked, id=4824, stack(0x0000007894b00000,0x0000007894c00000) (1024K)]
  0x0000017f3503c920 JavaThread "Memory manager"                    [_thread_blocked, id=11668, stack(0x0000007894c00000,0x0000007894d00000) (1024K)]
  0x0000017f3503e360 JavaThread "Resource Usage Collector SystemCpu" daemon [_thread_blocked, id=8176, stack(0x0000007894200000,0x0000007894300000) (1024K)]
  0x0000017f3503aee0 JavaThread "Resource Usage Collector Monitoring 0" daemon [_thread_blocked, id=8068, stack(0x0000007894d00000,0x0000007894e00000) (1024K)]
  0x0000017f3503e9f0 JavaThread "Resource Usage Collector Memory" daemon [_thread_blocked, id=13280, stack(0x0000007894e00000,0x0000007894f00000) (1024K)]
  0x0000017f3503f080 JavaThread "Resource Usage Collector Monitoring 1" daemon [_thread_blocked, id=8020, stack(0x0000007894f00000,0x0000007895000000) (1024K)]
  0x0000017f3503bc00 JavaThread "Resource Usage Collector NetworkSpeed" daemon [_thread_in_native, id=10468, stack(0x0000007895000000,0x0000007895100000) (1024K)]
  0x0000017f3503c290 JavaThread "Resource Usage Collector Monitoring 2" daemon [_thread_blocked, id=4788, stack(0x0000007895100000,0x0000007895200000) (1024K)]
  0x0000017f3503f710 JavaThread "Resource Usage Collector DiskSpeed" daemon [_thread_in_native, id=14012, stack(0x0000007895200000,0x0000007895300000) (1024K)]
  0x0000017f3503fda0 JavaThread "Resource Usage Collector Monitoring 3" daemon [_thread_blocked, id=12092, stack(0x0000007895300000,0x0000007895400000) (1024K)]
  0x0000017f35040430 JavaThread "Resource Usage Collector Processes" daemon [_thread_in_native, id=12136, stack(0x0000007895400000,0x0000007895500000) (1024K)]
  0x0000017f3503cfb0 JavaThread "Resource Usage Collector Monitoring 4" daemon [_thread_blocked, id=5484, stack(0x0000007895500000,0x0000007895600000) (1024K)]
  0x0000017f35041150 JavaThread "included builds"                   [_thread_blocked, id=3348, stack(0x0000007895600000,0x0000007895700000) (1024K)]
  0x0000017f350417e0 JavaThread "Execution worker"                  [_thread_blocked, id=9780, stack(0x0000007895700000,0x0000007895800000) (1024K)]
  0x0000017f35041e70 JavaThread "Execution worker Thread 2"         [_thread_blocked, id=11492, stack(0x0000007895800000,0x0000007895900000) (1024K)]
  0x0000017f35042500 JavaThread "Execution worker Thread 3"         [_thread_blocked, id=3500, stack(0x0000007895900000,0x0000007895a00000) (1024K)]
  0x0000017f3495cee0 JavaThread "Cache worker for execution history cache (C:\Users\Mbongeni\OneDrive\Documents\GitHub\Lost\.gradle\8.14.2\executionHistory)"        [_thread_blocked, id=14164, stack(0x0000007895a00000,0x0000007895b00000) (1024K)]
  0x0000017f3495d570 JavaThread "pool-2-thread-1"                   [_thread_blocked, id=2736, stack(0x0000007895c00000,0x0000007895d00000) (1024K)]
  0x0000017f3495e290 JavaThread "Unconstrained build operations"        [_thread_blocked, id=6912, stack(0x0000007895d00000,0x0000007895e00000) (1024K)]
  0x0000017f3495dc00 JavaThread "Unconstrained build operations Thread 2"        [_thread_blocked, id=7240, stack(0x0000007895e00000,0x0000007895f00000) (1024K)]
  0x0000017f3495c1c0 JavaThread "Unconstrained build operations Thread 3"        [_thread_blocked, id=3424, stack(0x0000007895f00000,0x0000007896000000) (1024K)]
  0x0000017f3495e920 JavaThread "Unconstrained build operations Thread 4"        [_thread_blocked, id=1232, stack(0x0000007896000000,0x0000007896100000) (1024K)]
  0x0000017f3495b4a0 JavaThread "Unconstrained build operations Thread 5"        [_thread_blocked, id=8612, stack(0x0000007896100000,0x0000007896200000) (1024K)]
  0x0000017f3495efb0 JavaThread "Unconstrained build operations Thread 6"        [_thread_blocked, id=1724, stack(0x0000007896200000,0x0000007896300000) (1024K)]
  0x0000017f34961080 JavaThread "Unconstrained build operations Thread 7"        [_thread_blocked, id=6580, stack(0x0000007896300000,0x0000007896400000) (1024K)]
  0x0000017f3495fcd0 JavaThread "Unconstrained build operations Thread 8"        [_thread_blocked, id=9908, stack(0x0000007896400000,0x0000007896500000) (1024K)]
  0x0000017f34960360 JavaThread "Unconstrained build operations Thread 9"        [_thread_blocked, id=9016, stack(0x0000007896500000,0x0000007896600000) (1024K)]
  0x0000017f349609f0 JavaThread "Unconstrained build operations Thread 10"        [_thread_blocked, id=11560, stack(0x0000007896600000,0x0000007896700000) (1024K)]
  0x0000017f34961710 JavaThread "Unconstrained build operations Thread 11"        [_thread_blocked, id=10824, stack(0x0000007895b00000,0x0000007895c00000) (1024K)]
  0x0000017f34961da0 JavaThread "Unconstrained build operations Thread 12"        [_thread_blocked, id=7332, stack(0x0000007896700000,0x0000007896800000) (1024K)]
  0x0000017f34962430 JavaThread "Unconstrained build operations Thread 13"        [_thread_blocked, id=13444, stack(0x0000007896800000,0x0000007896900000) (1024K)]
  0x0000017f34962ac0 JavaThread "Unconstrained build operations Thread 14"        [_thread_blocked, id=9392, stack(0x0000007896a00000,0x0000007896b00000) (1024K)]
  0x0000017f3495f640 JavaThread "Unconstrained build operations Thread 15"        [_thread_blocked, id=2144, stack(0x0000007896b00000,0x0000007896c00000) (1024K)]
  0x0000017f3210ca20 JavaThread "Unconstrained build operations Thread 16"        [_thread_blocked, id=10524, stack(0x0000007896c00000,0x0000007896d00000) (1024K)]
  0x0000017f3210b670 JavaThread "Unconstrained build operations Thread 17"        [_thread_blocked, id=9900, stack(0x0000007896d00000,0x0000007896e00000) (1024K)]
  0x0000017f32109c30 JavaThread "Unconstrained build operations Thread 18"        [_thread_blocked, id=7988, stack(0x0000007896e00000,0x0000007896f00000) (1024K)]
  0x0000017f3210bd00 JavaThread "Unconstrained build operations Thread 19"        [_thread_blocked, id=8580, stack(0x0000007896f00000,0x0000007897000000) (1024K)]
  0x0000017f3210d0b0 JavaThread "Unconstrained build operations Thread 20"        [_thread_blocked, id=9608, stack(0x0000007897000000,0x0000007897100000) (1024K)]
  0x0000017f3210c390 JavaThread "Unconstrained build operations Thread 21"        [_thread_blocked, id=9744, stack(0x0000007897100000,0x0000007897200000) (1024K)]
  0x0000017f3210d740 JavaThread "Unconstrained build operations Thread 22"        [_thread_blocked, id=6928, stack(0x0000007897200000,0x0000007897300000) (1024K)]
  0x0000017f3210a2c0 JavaThread "Unconstrained build operations Thread 23"        [_thread_blocked, id=4936, stack(0x0000007897300000,0x0000007897400000) (1024K)]
  0x0000017f3210ddd0 JavaThread "Unconstrained build operations Thread 24"        [_thread_blocked, id=14028, stack(0x0000007897400000,0x0000007897500000) (1024K)]
  0x0000017f3210a950 JavaThread "Unconstrained build operations Thread 25"        [_thread_blocked, id=5028, stack(0x0000007897500000,0x0000007897600000) (1024K)]
  0x0000017f3210e460 JavaThread "Unconstrained build operations Thread 26"        [_thread_blocked, id=10284, stack(0x0000007896900000,0x0000007896a00000) (1024K)]
  0x0000017f3210afe0 JavaThread "Unconstrained build operations Thread 27"        [_thread_blocked, id=7744, stack(0x0000007897600000,0x0000007897700000) (1024K)]
  0x0000017f3210f810 JavaThread "Unconstrained build operations Thread 28"        [_thread_blocked, id=12360, stack(0x0000007897700000,0x0000007897800000) (1024K)]
  0x0000017f32110530 JavaThread "Unconstrained build operations Thread 29"        [_thread_blocked, id=1576, stack(0x0000007897800000,0x0000007897900000) (1024K)]
  0x0000017f3210fea0 JavaThread "Unconstrained build operations Thread 30"        [_thread_blocked, id=9148, stack(0x0000007897900000,0x0000007897a00000) (1024K)]
  0x0000017f32110bc0 JavaThread "Unconstrained build operations Thread 31"        [_thread_blocked, id=7620, stack(0x0000007897a00000,0x0000007897b00000) (1024K)]
  0x0000017f32111250 JavaThread "Unconstrained build operations Thread 32"        [_thread_blocked, id=14316, stack(0x0000007897b00000,0x0000007897c00000) (1024K)]
  0x0000017f3210eaf0 JavaThread "Unconstrained build operations Thread 33"        [_thread_blocked, id=9412, stack(0x0000007897c00000,0x0000007897d00000) (1024K)]
  0x0000017f3210f180 JavaThread "Unconstrained build operations Thread 34"        [_thread_blocked, id=9996, stack(0x0000007897d00000,0x0000007897e00000) (1024K)]
  0x0000017f338266a0 JavaThread "Unconstrained build operations Thread 35"        [_thread_blocked, id=8840, stack(0x0000007897e00000,0x0000007897f00000) (1024K)]
  0x0000017f33826010 JavaThread "Unconstrained build operations Thread 36"        [_thread_blocked, id=1480, stack(0x0000007897f00000,0x0000007898000000) (1024K)]
  0x0000017f338252f0 JavaThread "Unconstrained build operations Thread 37"        [_thread_blocked, id=12652, stack(0x0000007898000000,0x0000007898100000) (1024K)]
  0x0000017f33826d30 JavaThread "Unconstrained build operations Thread 38"        [_thread_blocked, id=12864, stack(0x0000007898100000,0x0000007898200000) (1024K)]
  0x0000017f338273c0 JavaThread "Unconstrained build operations Thread 39"        [_thread_blocked, id=13092, stack(0x0000007898200000,0x0000007898300000) (1024K)]
  0x0000017f33823f40 JavaThread "Unconstrained build operations Thread 40"        [_thread_blocked, id=11880, stack(0x0000007898300000,0x0000007898400000) (1024K)]
  0x0000017f33827a50 JavaThread "WorkerExecutor Queue"              [_thread_in_Java, id=7872, stack(0x0000007893c00000,0x0000007893d00000) (1024K)]
  0x0000017f3a326370 JavaThread "Periodic tasks thread"      daemon [_thread_blocked, id=11908, stack(0x0000007898800000,0x0000007898900000) (1024K)]
  0x0000017f3a327720 JavaThread "ApplicationImpl pooled thread 1" daemon [_thread_blocked, id=10512, stack(0x0000007898900000,0x0000007898a00000) (1024K)]
  0x0000017f3ae97a10 JavaThread "Java2D Disposer"            daemon [_thread_blocked, id=1500, stack(0x0000007898b00000,0x0000007898c00000) (1024K)]
  0x0000017f3ae96660 JavaThread "AWT-Windows"                daemon [_thread_in_native, id=2764, stack(0x0000007898d00000,0x0000007898e00000) (1024K)]
  0x0000017f3afa59d0 JavaThread "WorkerExecutor Queue Thread 3"        [_thread_blocked, id=13724, stack(0x0000007898400000,0x0000007898500000) (1024K)]
  0x0000017f3afa2550 JavaThread "RMI Scheduler(0)"           daemon [_thread_blocked, id=12256, stack(0x0000007898c00000,0x0000007898d00000) (1024K)]
  0x0000017f3afa6d80 JavaThread "RMI GC Daemon"              daemon [_thread_blocked, id=8136, stack(0x0000007898f00000,0x0000007899000000) (1024K)]
  0x0000017f3afa7410 JavaThread "RMI TCP Accept-0"           daemon [_thread_in_native, id=9248, stack(0x0000007899100000,0x0000007899200000) (1024K)]
  0x0000017f3afa66f0 JavaThread "RMI Reaper"                        [_thread_blocked, id=13912, stack(0x0000007899200000,0x0000007899300000) (1024K)]
  0x0000017f33c295b0 JavaThread "WorkerExecutor Queue Thread 4"        [_thread_in_Java, id=8984, stack(0x0000007899000000,0x0000007899100000) (1024K)]
  0x0000017f33c29c40 JavaThread "WorkerExecutor Queue Thread 5"        [_thread_blocked, id=11696, stack(0x0000007899400000,0x0000007899500000) (1024K)]
  0x0000017f451d2e50 JavaThread "DefaultDispatcher-worker-1" daemon [_thread_blocked, id=2008, stack(0x0000007893d00000,0x0000007893e00000) (1024K)]
  0x0000017f451d2130 JavaThread "DefaultDispatcher-worker-2" daemon [_thread_blocked, id=6068, stack(0x0000007898a00000,0x0000007898b00000) (1024K)]
  0x0000017f451d34e0 JavaThread "DefaultDispatcher-worker-3" daemon [_thread_blocked, id=7356, stack(0x0000007898e00000,0x0000007898f00000) (1024K)]
  0x0000017f451d55b0 JavaThread "ForkJoinPool-1-worker-1"    daemon [_thread_blocked, id=13292, stack(0x0000007891400000,0x0000007891500000) (1024K)]
  0x0000017f451dab00 JavaThread "ForkJoinPool-1-worker-2"    daemon [_thread_blocked, id=14324, stack(0x0000007899500000,0x0000007899600000) (1024K)]
  0x0000017f451db190 JavaThread "ForkJoinPool-1-worker-3"    daemon [_thread_blocked, id=11256, stack(0x0000007899600000,0x0000007899700000) (1024K)]
  0x0000017f451dc540 JavaThread "ForkJoinPool-1-worker-4"    daemon [_thread_blocked, id=9440, stack(0x0000007899700000,0x0000007899800000) (1024K)]
  0x0000017f45752020 JavaThread "Periodic tasks thread"      daemon [_thread_blocked, id=8064, stack(0x0000007899800000,0x0000007899900000) (1024K)]
  0x0000017f457554a0 JavaThread "ApplicationImpl pooled thread 1"        [_thread_blocked, id=10976, stack(0x0000007899900000,0x0000007899a00000) (1024K)]
Total: 119

Other Threads:
  0x0000017f297407a0 VMThread "VM Thread"                           [id=3320, stack(0x0000007891800000,0x0000007891900000) (1024K)]
  0x0000017f2968ba00 WatcherThread "VM Periodic Task Thread"        [id=9304, stack(0x0000007891700000,0x0000007891800000) (1024K)]
  0x0000017f0e463e00 WorkerThread "GC Thread#0"                     [id=11072, stack(0x0000007891600000,0x0000007891700000) (1024K)]
  0x0000017f2ea827f0 WorkerThread "GC Thread#1"                     [id=5940, stack(0x0000007892300000,0x0000007892400000) (1024K)]
  0x0000017f2ea9dbb0 WorkerThread "GC Thread#2"                     [id=2312, stack(0x0000007892400000,0x0000007892500000) (1024K)]
  0x0000017f2ea16ac0 WorkerThread "GC Thread#3"                     [id=13392, stack(0x0000007892500000,0x0000007892600000) (1024K)]
Total: 6

Threads with active compile tasks:
C2 CompilerThread0  356270 53473       4       org.jetbrains.kotlin.fir.resolve.calls.tower.DispatchReceiverMemberScopeTowerLevel::processMembers (587 bytes)
Total: 1

VM state: not at safepoint (normal execution)

VM Mutex/Monitor currently owned by a thread: None

Heap address: 0x0000000700000000, size: 4096 MB, Compressed Oops mode: Zero based, Oop shift amount: 3

CDS archive(s) not mapped
Compressed class space mapped at: 0x0000000800000000-0x0000000840000000, reserved size: 1073741824
Narrow klass base: 0x0000000800000000, Narrow klass shift: 0, Narrow klass range: 0x40000000

GC Precious Log:
 CardTable entry size: 512
 CPUs: 4 total, 4 available
 Memory: 8025M
 Large Page Support: Disabled
 NUMA Support: Disabled
 Compressed Oops: Enabled (Zero based)
 Alignments: Space 512K, Generation 512K, Heap 2M
 Heap Min Capacity: 8M
 Heap Initial Capacity: 126M
 Heap Max Capacity: 4G
 Pre-touch: Disabled
 Parallel Workers: 4

Heap:
 PSYoungGen      total 1234944K, used 485065K [0x00000007aab00000, 0x0000000800000000, 0x0000000800000000)
  eden space 1085440K, 35% used [0x00000007aab00000,0x00000007c213a788,0x00000007ecf00000)
  from space 149504K, 68% used [0x00000007ecf00000,0x00000007f3277ed0,0x00000007f6100000)
  to   space 158208K, 0% used [0x00000007f6580000,0x00000007f6580000,0x0000000800000000)
 ParOldGen       total 1095680K, used 941308K [0x0000000700000000, 0x0000000742e00000, 0x00000007aab00000)
  object space 1095680K, 85% used [0x0000000700000000,0x000000073973f0c0,0x0000000742e00000)
 Metaspace       used 289059K, committed 292032K, reserved 1310720K
  class space    used 35393K, committed 36928K, reserved 1048576K

Card table byte_map: [0x0000017f205a0000,0x0000017f20db0000] _byte_map_base: 0x0000017f1cda0000

Marking Bits: (ParMarkBitMap*) 0x00007ffeebe23300
 Begin Bits: [0x0000017f20db0000, 0x0000017f24db0000)
 End Bits:   [0x0000017f24db0000, 0x0000017f28db0000)

Polling page: 0x0000017f0c750000

Metaspace:

Usage:
  Non-class:    247.72 MB used.
      Class:     34.56 MB used.
       Both:    282.28 MB used.

Virtual space:
  Non-class space:      256.00 MB reserved,     249.12 MB ( 97%) committed,  4 nodes.
      Class space:        1.00 GB reserved,      36.06 MB (  4%) committed,  1 nodes.
             Both:        1.25 GB reserved,     285.19 MB ( 22%) committed. 

Chunk freelists:
   Non-Class:  6.42 MB
       Class:  11.84 MB
        Both:  18.27 MB

MaxMetaspaceSize: unlimited
CompressedClassSpaceSize: 1.00 GB
Initial GC threshold: 21.00 MB
Current GC threshold: 469.31 MB
CDS: off
 - commit_granule_bytes: 65536.
 - commit_granule_words: 8192.
 - virtual_space_node_default_size: 8388608.
 - enlarge_chunks_in_place: 1.
 - use_allocation_guard: 0.


Internal statistics:

num_allocs_failed_limit: 19.
num_arena_births: 6082.
num_arena_deaths: 30.
num_vsnodes_births: 5.
num_vsnodes_deaths: 0.
num_space_committed: 4564.
num_space_uncommitted: 5.
num_chunks_returned_to_freelist: 88.
num_chunks_taken_from_freelist: 19017.
num_chunk_merges: 35.
num_chunk_splits: 12608.
num_chunks_enlarged: 8117.
num_inconsistent_stats: 0.

CodeHeap 'non-profiled nmethods': size=120000Kb used=31278Kb max_used=31278Kb free=88721Kb
 bounds [0x0000017f19070000, 0x0000017f1afa0000, 0x0000017f205a0000]
CodeHeap 'profiled nmethods': size=120000Kb used=69462Kb max_used=74545Kb free=50537Kb
 bounds [0x0000017f115a0000, 0x0000017f16140000, 0x0000017f18ad0000]
CodeHeap 'non-nmethods': size=5760Kb used=2200Kb max_used=2327Kb free=3559Kb
 bounds [0x0000017f18ad0000, 0x0000017f18d50000, 0x0000017f19070000]
 total_blobs=25117 nmethods=23787 adapters=1233
 compilation: enabled
              stopped_count=0, restarted_count=0
 full_count=0

Compilation events (20 events):
Event: 355.497 Thread 0x0000017f2e673200 53468       4       org.jetbrains.kotlin.fir.resolve.dfa.FirDataFlowAnalyzer::resetSmartCastPositionTo (161 bytes)
Event: 355.499 Thread 0x0000017f2e67a270 nmethod 53469 0x0000017f126af210 code [0x0000017f126af640, 0x0000017f126b1988]
Event: 355.575 Thread 0x0000017f2e67a270 53470       3       org.jetbrains.kotlin.analysis.api.fir.utils.FirUtilsKt::unwrap (122 bytes)
Event: 355.577 Thread 0x0000017f2e67a270 nmethod 53470 0x0000017f126b2a10 code [0x0000017f126b2fe0, 0x0000017f126b6538]
Event: 355.614 Thread 0x0000017f2e67a270 53471       3       org.jetbrains.uast.kotlin.internal.FirKotlinInternalUastUtilsKt::getKtType (52 bytes)
Event: 355.615 Thread 0x0000017f2e67a270 nmethod 53471 0x0000017f13048910 code [0x0000017f13048c80, 0x0000017f1304a160]
Event: 355.615 Thread 0x0000017f2e67a270 53472       3       org.jetbrains.uast.kotlin.internal.FirKotlinInternalUastUtilsKt::isInheritedGenericType (46 bytes)
Event: 355.617 Thread 0x0000017f2e67a270 nmethod 53472 0x0000017f131afd90 code [0x0000017f131b0060, 0x0000017f131b0ea8]
Event: 355.664 Thread 0x0000017f2e673200 nmethod 53468 0x0000017f1a504890 code [0x0000017f1a504e20, 0x0000017f1a507dd0]
Event: 355.905 Thread 0x0000017f2e673200 53473       4       org.jetbrains.kotlin.fir.resolve.calls.tower.DispatchReceiverMemberScopeTowerLevel::processMembers (587 bytes)
Event: 355.994 Thread 0x0000017f2e67a270 53474       3       com.gradle.scan.plugin.internal.dep.picocli.CommandLine$Tracer::isDebug (11 bytes)
Event: 355.995 Thread 0x0000017f2e67a270 nmethod 53474 0x0000017f13048210 code [0x0000017f130483c0, 0x0000017f130485c0]
Event: 356.029 Thread 0x0000017f2e67a270 53475       3       com.gradle.scan.plugin.internal.dep.picocli.CommandLine$TraceLevel::lookup (43 bytes)
Event: 356.030 Thread 0x0000017f2e67a270 nmethod 53475 0x0000017f131aed90 code [0x0000017f131af000, 0x0000017f131af868]
Event: 356.078 Thread 0x0000017f2e67a270 53477       3       com.gradle.scan.plugin.internal.dep.picocli.CommandLine::tracer (42 bytes)
Event: 356.082 Thread 0x0000017f2e67a270 nmethod 53477 0x0000017f15a3a910 code [0x0000017f15a3ab80, 0x0000017f15a3b4b0]
Event: 356.082 Thread 0x0000017f2e67a270 53478       3       com.gradle.scan.plugin.internal.dep.picocli.CommandLine$Tracer::access$24902 (7 bytes)
Event: 356.082 Thread 0x0000017f2e67a270 nmethod 53478 0x0000017f159fa490 code [0x0000017f159fa620, 0x0000017f159fa730]
Event: 356.082 Thread 0x0000017f2e67a270 53479       3       com.gradle.scan.plugin.internal.dep.picocli.CommandLine$Tracer::access$1302 (7 bytes)
Event: 356.082 Thread 0x0000017f2e67a270 nmethod 53479 0x0000017f159f9e90 code [0x0000017f159fa020, 0x0000017f159fa130]

GC Heap History (20 events):
Event: 262.540 GC heap before
{Heap before GC invocations=49 (full 9):
 PSYoungGen      total 1052672K, used 1039380K [0x00000007aab00000, 0x00000007fdf00000, 0x0000000800000000)
  eden space 1009664K, 100% used [0x00000007aab00000,0x00000007e8500000,0x00000007e8500000)
  from space 43008K, 69% used [0x00000007e8500000,0x00000007ea205248,0x00000007eaf00000)
  to   space 177152K, 0% used [0x00000007f3200000,0x00000007f3200000,0x00000007fdf00000)
 ParOldGen       total 1024512K, used 1024304K [0x0000000700000000, 0x000000073e880000, 0x00000007aab00000)
  object space 1024512K, 99% used [0x0000000700000000,0x000000073e84c048,0x000000073e880000)
 Metaspace       used 278325K, committed 281216K, reserved 1310720K
  class space    used 34207K, committed 35712K, reserved 1048576K
}
Event: 263.071 GC heap after
{Heap after GC invocations=49 (full 9):
 PSYoungGen      total 1196032K, used 74324K [0x00000007aab00000, 0x0000000800000000, 0x0000000800000000)
  eden space 1018880K, 0% used [0x00000007aab00000,0x00000007aab00000,0x00000007e8e00000)
  from space 177152K, 41% used [0x00000007f3200000,0x00000007f7a95090,0x00000007fdf00000)
  to   space 167936K, 0% used [0x00000007e8e00000,0x00000007e8e00000,0x00000007f3200000)
 ParOldGen       total 1048576K, used 1048111K [0x0000000700000000, 0x0000000740000000, 0x00000007aab00000)
  object space 1048576K, 99% used [0x0000000700000000,0x000000073ff8bc40,0x0000000740000000)
 Metaspace       used 278325K, committed 281216K, reserved 1310720K
  class space    used 34207K, committed 35712K, reserved 1048576K
}
Event: 266.915 GC heap before
{Heap before GC invocations=50 (full 9):
 PSYoungGen      total 1196032K, used 216014K [0x00000007aab00000, 0x0000000800000000, 0x0000000800000000)
  eden space 1018880K, 13% used [0x00000007aab00000,0x00000007b355e9f0,0x00000007e8e00000)
  from space 177152K, 41% used [0x00000007f3200000,0x00000007f7a95090,0x00000007fdf00000)
  to   space 167936K, 0% used [0x00000007e8e00000,0x00000007e8e00000,0x00000007f3200000)
 ParOldGen       total 1048576K, used 1048111K [0x0000000700000000, 0x0000000740000000, 0x00000007aab00000)
  object space 1048576K, 99% used [0x0000000700000000,0x000000073ff8bc40,0x0000000740000000)
 Metaspace       used 279422K, committed 282304K, reserved 1310720K
  class space    used 34335K, committed 35840K, reserved 1048576K
}
Event: 267.023 GC heap after
{Heap after GC invocations=50 (full 9):
 PSYoungGen      total 1186816K, used 6859K [0x00000007aab00000, 0x0000000800000000, 0x0000000800000000)
  eden space 1018880K, 0% used [0x00000007aab00000,0x00000007aab00000,0x00000007e8e00000)
  from space 167936K, 4% used [0x00000007e8e00000,0x00000007e94b2e18,0x00000007f3200000)
  to   space 168960K, 0% used [0x00000007f5b00000,0x00000007f5b00000,0x0000000800000000)
 ParOldGen       total 1095680K, used 1095662K [0x0000000700000000, 0x0000000742e00000, 0x00000007aab00000)
  object space 1095680K, 99% used [0x0000000700000000,0x0000000742dfbae8,0x0000000742e00000)
 Metaspace       used 279422K, committed 282304K, reserved 1310720K
  class space    used 34335K, committed 35840K, reserved 1048576K
}
Event: 267.023 GC heap before
{Heap before GC invocations=51 (full 10):
 PSYoungGen      total 1186816K, used 6859K [0x00000007aab00000, 0x0000000800000000, 0x0000000800000000)
  eden space 1018880K, 0% used [0x00000007aab00000,0x00000007aab00000,0x00000007e8e00000)
  from space 167936K, 4% used [0x00000007e8e00000,0x00000007e94b2e18,0x00000007f3200000)
  to   space 168960K, 0% used [0x00000007f5b00000,0x00000007f5b00000,0x0000000800000000)
 ParOldGen       total 1095680K, used 1095662K [0x0000000700000000, 0x0000000742e00000, 0x00000007aab00000)
  object space 1095680K, 99% used [0x0000000700000000,0x0000000742dfbae8,0x0000000742e00000)
 Metaspace       used 279422K, committed 282304K, reserved 1310720K
  class space    used 34335K, committed 35840K, reserved 1048576K
}
Event: 269.620 GC heap after
{Heap after GC invocations=51 (full 10):
 PSYoungGen      total 1186816K, used 0K [0x00000007aab00000, 0x0000000800000000, 0x0000000800000000)
  eden space 1018880K, 0% used [0x00000007aab00000,0x00000007aab00000,0x00000007e8e00000)
  from space 167936K, 0% used [0x00000007e8e00000,0x00000007e8e00000,0x00000007f3200000)
  to   space 168960K, 0% used [0x00000007f5b00000,0x00000007f5b00000,0x0000000800000000)
 ParOldGen       total 1095680K, used 1001132K [0x0000000700000000, 0x0000000742e00000, 0x00000007aab00000)
  object space 1095680K, 91% used [0x0000000700000000,0x000000073d1ab258,0x0000000742e00000)
 Metaspace       used 279416K, committed 282304K, reserved 1310720K
  class space    used 34334K, committed 35840K, reserved 1048576K
}
Event: 276.848 GC heap before
{Heap before GC invocations=52 (full 10):
 PSYoungGen      total 1186816K, used 1018880K [0x00000007aab00000, 0x0000000800000000, 0x0000000800000000)
  eden space 1018880K, 100% used [0x00000007aab00000,0x00000007e8e00000,0x00000007e8e00000)
  from space 167936K, 0% used [0x00000007e8e00000,0x00000007e8e00000,0x00000007f3200000)
  to   space 168960K, 0% used [0x00000007f5b00000,0x00000007f5b00000,0x0000000800000000)
 ParOldGen       total 1095680K, used 1001132K [0x0000000700000000, 0x0000000742e00000, 0x00000007aab00000)
  object space 1095680K, 91% used [0x0000000700000000,0x000000073d1ab258,0x0000000742e00000)
 Metaspace       used 279998K, committed 282944K, reserved 1310720K
  class space    used 34426K, committed 35968K, reserved 1048576K
}
Event: 276.912 GC heap after
{Heap after GC invocations=52 (full 10):
 PSYoungGen      total 1223680K, used 24213K [0x00000007aab00000, 0x00000007ffa00000, 0x0000000800000000)
  eden space 1060864K, 0% used [0x00000007aab00000,0x00000007aab00000,0x00000007eb700000)
  from space 162816K, 14% used [0x00000007f5b00000,0x00000007f72a5738,0x00000007ffa00000)
  to   space 165376K, 0% used [0x00000007eb700000,0x00000007eb700000,0x00000007f5880000)
 ParOldGen       total 1095680K, used 1001140K [0x0000000700000000, 0x0000000742e00000, 0x00000007aab00000)
  object space 1095680K, 91% used [0x0000000700000000,0x000000073d1ad258,0x0000000742e00000)
 Metaspace       used 279998K, committed 282944K, reserved 1310720K
  class space    used 34426K, committed 35968K, reserved 1048576K
}
Event: 285.246 GC heap before
{Heap before GC invocations=53 (full 10):
 PSYoungGen      total 1223680K, used 1085077K [0x00000007aab00000, 0x00000007ffa00000, 0x0000000800000000)
  eden space 1060864K, 100% used [0x00000007aab00000,0x00000007eb700000,0x00000007eb700000)
  from space 162816K, 14% used [0x00000007f5b00000,0x00000007f72a5738,0x00000007ffa00000)
  to   space 165376K, 0% used [0x00000007eb700000,0x00000007eb700000,0x00000007f5880000)
 ParOldGen       total 1095680K, used 1001140K [0x0000000700000000, 0x0000000742e00000, 0x00000007aab00000)
  object space 1095680K, 91% used [0x0000000700000000,0x000000073d1ad258,0x0000000742e00000)
 Metaspace       used 280242K, committed 283200K, reserved 1310720K
  class space    used 34426K, committed 35968K, reserved 1048576K
}
Event: 285.309 GC heap after
{Heap after GC invocations=53 (full 10):
 PSYoungGen      total 1226240K, used 17712K [0x00000007aab00000, 0x00000007ffb80000, 0x0000000800000000)
  eden space 1060864K, 0% used [0x00000007aab00000,0x00000007aab00000,0x00000007eb700000)
  from space 165376K, 10% used [0x00000007eb700000,0x00000007ec84c1b0,0x00000007f5880000)
  to   space 161792K, 0% used [0x00000007f5d80000,0x00000007f5d80000,0x00000007ffb80000)
 ParOldGen       total 1095680K, used 1018434K [0x0000000700000000, 0x0000000742e00000, 0x00000007aab00000)
  object space 1095680K, 92% used [0x0000000700000000,0x000000073e290b70,0x0000000742e00000)
 Metaspace       used 280242K, committed 283200K, reserved 1310720K
  class space    used 34426K, committed 35968K, reserved 1048576K
}
Event: 289.198 GC heap before
{Heap before GC invocations=54 (full 10):
 PSYoungGen      total 1226240K, used 1078576K [0x00000007aab00000, 0x00000007ffb80000, 0x0000000800000000)
  eden space 1060864K, 100% used [0x00000007aab00000,0x00000007eb700000,0x00000007eb700000)
  from space 165376K, 10% used [0x00000007eb700000,0x00000007ec84c1b0,0x00000007f5880000)
  to   space 161792K, 0% used [0x00000007f5d80000,0x00000007f5d80000,0x00000007ffb80000)
 ParOldGen       total 1095680K, used 1018434K [0x0000000700000000, 0x0000000742e00000, 0x00000007aab00000)
  object space 1095680K, 92% used [0x0000000700000000,0x000000073e290b70,0x0000000742e00000)
 Metaspace       used 280404K, committed 283328K, reserved 1310720K
  class space    used 34441K, committed 35968K, reserved 1048576K
}
Event: 289.249 GC heap after
{Heap after GC invocations=54 (full 10):
 PSYoungGen      total 1225216K, used 17916K [0x00000007aab00000, 0x00000007ff480000, 0x0000000800000000)
  eden space 1070592K, 0% used [0x00000007aab00000,0x00000007aab00000,0x00000007ec080000)
  from space 154624K, 11% used [0x00000007f5d80000,0x00000007f6eff3c0,0x00000007ff480000)
  to   space 157696K, 0% used [0x00000007ec080000,0x00000007ec080000,0x00000007f5a80000)
 ParOldGen       total 1095680K, used 1030903K [0x0000000700000000, 0x0000000742e00000, 0x00000007aab00000)
  object space 1095680K, 94% used [0x0000000700000000,0x000000073eebdff0,0x0000000742e00000)
 Metaspace       used 280404K, committed 283328K, reserved 1310720K
  class space    used 34441K, committed 35968K, reserved 1048576K
}
Event: 298.019 GC heap before
{Heap before GC invocations=55 (full 10):
 PSYoungGen      total 1225216K, used 1088508K [0x00000007aab00000, 0x00000007ff480000, 0x0000000800000000)
  eden space 1070592K, 100% used [0x00000007aab00000,0x00000007ec080000,0x00000007ec080000)
  from space 154624K, 11% used [0x00000007f5d80000,0x00000007f6eff3c0,0x00000007ff480000)
  to   space 157696K, 0% used [0x00000007ec080000,0x00000007ec080000,0x00000007f5a80000)
 ParOldGen       total 1095680K, used 1030903K [0x0000000700000000, 0x0000000742e00000, 0x00000007aab00000)
  object space 1095680K, 94% used [0x0000000700000000,0x000000073eebdff0,0x0000000742e00000)
 Metaspace       used 280985K, committed 283904K, reserved 1310720K
  class space    used 34486K, committed 36032K, reserved 1048576K
}
Event: 298.123 GC heap after
{Heap after GC invocations=55 (full 10):
 PSYoungGen      total 1228288K, used 24539K [0x00000007aab00000, 0x00000007ff700000, 0x0000000800000000)
  eden space 1070592K, 0% used [0x00000007aab00000,0x00000007aab00000,0x00000007ec080000)
  from space 157696K, 15% used [0x00000007ec080000,0x00000007ed876cc8,0x00000007f5a80000)
  to   space 151552K, 0% used [0x00000007f6300000,0x00000007f6300000,0x00000007ff700000)
 ParOldGen       total 1095680K, used 1044915K [0x0000000700000000, 0x0000000742e00000, 0x00000007aab00000)
  object space 1095680K, 95% used [0x0000000700000000,0x000000073fc6cdb0,0x0000000742e00000)
 Metaspace       used 280985K, committed 283904K, reserved 1310720K
  class space    used 34486K, committed 36032K, reserved 1048576K
}
Event: 324.449 GC heap before
{Heap before GC invocations=56 (full 10):
 PSYoungGen      total 1228288K, used 978177K [0x00000007aab00000, 0x00000007ff700000, 0x0000000800000000)
  eden space 1070592K, 89% used [0x00000007aab00000,0x00000007e4e49978,0x00000007ec080000)
  from space 157696K, 15% used [0x00000007ec080000,0x00000007ed876cc8,0x00000007f5a80000)
  to   space 151552K, 0% used [0x00000007f6300000,0x00000007f6300000,0x00000007ff700000)
 ParOldGen       total 1095680K, used 1044915K [0x0000000700000000, 0x0000000742e00000, 0x00000007aab00000)
  object space 1095680K, 95% used [0x0000000700000000,0x000000073fc6cdb0,0x0000000742e00000)
 Metaspace       used 285483K, committed 288320K, reserved 1310720K
  class space    used 35038K, committed 36544K, reserved 1048576K
}
Event: 324.640 GC heap after
{Heap after GC invocations=56 (full 10):
 PSYoungGen      total 1232896K, used 70214K [0x00000007aab00000, 0x00000007ff300000, 0x0000000800000000)
  eden space 1085440K, 0% used [0x00000007aab00000,0x00000007aab00000,0x00000007ecf00000)
  from space 147456K, 47% used [0x00000007f6300000,0x00000007fa791bc0,0x00000007ff300000)
  to   space 149504K, 0% used [0x00000007ecf00000,0x00000007ecf00000,0x00000007f6100000)
 ParOldGen       total 1095680K, used 1058323K [0x0000000700000000, 0x0000000742e00000, 0x00000007aab00000)
  object space 1095680K, 96% used [0x0000000700000000,0x0000000740984f00,0x0000000742e00000)
 Metaspace       used 285483K, committed 288320K, reserved 1310720K
  class space    used 35038K, committed 36544K, reserved 1048576K
}
Event: 324.640 GC heap before
{Heap before GC invocations=57 (full 11):
 PSYoungGen      total 1232896K, used 70214K [0x00000007aab00000, 0x00000007ff300000, 0x0000000800000000)
  eden space 1085440K, 0% used [0x00000007aab00000,0x00000007aab00000,0x00000007ecf00000)
  from space 147456K, 47% used [0x00000007f6300000,0x00000007fa791bc0,0x00000007ff300000)
  to   space 149504K, 0% used [0x00000007ecf00000,0x00000007ecf00000,0x00000007f6100000)
 ParOldGen       total 1095680K, used 1058323K [0x0000000700000000, 0x0000000742e00000, 0x00000007aab00000)
  object space 1095680K, 96% used [0x0000000700000000,0x0000000740984f00,0x0000000742e00000)
 Metaspace       used 285483K, committed 288320K, reserved 1310720K
  class space    used 35038K, committed 36544K, reserved 1048576K
}
Event: 327.223 GC heap after
{Heap after GC invocations=57 (full 11):
 PSYoungGen      total 1232896K, used 0K [0x00000007aab00000, 0x00000007ff300000, 0x0000000800000000)
  eden space 1085440K, 0% used [0x00000007aab00000,0x00000007aab00000,0x00000007ecf00000)
  from space 147456K, 0% used [0x00000007f6300000,0x00000007f6300000,0x00000007ff300000)
  to   space 149504K, 0% used [0x00000007ecf00000,0x00000007ecf00000,0x00000007f6100000)
 ParOldGen       total 1095680K, used 941300K [0x0000000700000000, 0x0000000742e00000, 0x00000007aab00000)
  object space 1095680K, 85% used [0x0000000700000000,0x000000073973d0c0,0x0000000742e00000)
 Metaspace       used 285480K, committed 288320K, reserved 1310720K
  class space    used 35037K, committed 36544K, reserved 1048576K
}
Event: 346.462 GC heap before
{Heap before GC invocations=58 (full 11):
 PSYoungGen      total 1232896K, used 1085440K [0x00000007aab00000, 0x00000007ff300000, 0x0000000800000000)
  eden space 1085440K, 100% used [0x00000007aab00000,0x00000007ecf00000,0x00000007ecf00000)
  from space 147456K, 0% used [0x00000007f6300000,0x00000007f6300000,0x00000007ff300000)
  to   space 149504K, 0% used [0x00000007ecf00000,0x00000007ecf00000,0x00000007f6100000)
 ParOldGen       total 1095680K, used 941300K [0x0000000700000000, 0x0000000742e00000, 0x00000007aab00000)
  object space 1095680K, 85% used [0x0000000700000000,0x000000073973d0c0,0x0000000742e00000)
 Metaspace       used 288725K, committed 291648K, reserved 1310720K
  class space    used 35380K, committed 36928K, reserved 1048576K
}
Event: 346.646 GC heap after
{Heap after GC invocations=58 (full 11):
 PSYoungGen      total 1234944K, used 101855K [0x00000007aab00000, 0x0000000800000000, 0x0000000800000000)
  eden space 1085440K, 0% used [0x00000007aab00000,0x00000007aab00000,0x00000007ecf00000)
  from space 149504K, 68% used [0x00000007ecf00000,0x00000007f3277ed0,0x00000007f6100000)
  to   space 158208K, 0% used [0x00000007f6580000,0x00000007f6580000,0x0000000800000000)
 ParOldGen       total 1095680K, used 941308K [0x0000000700000000, 0x0000000742e00000, 0x00000007aab00000)
  object space 1095680K, 85% used [0x0000000700000000,0x000000073973f0c0,0x0000000742e00000)
 Metaspace       used 288725K, committed 291648K, reserved 1310720K
  class space    used 35380K, committed 36928K, reserved 1048576K
}

Dll operation events (4 events):
Event: 0.031 Loaded shared library C:\Program Files\Android\Android Studio1\jbr\bin\java.dll
Event: 0.041 Loaded shared library C:\Program Files\Android\Android Studio1\jbr\bin\zip.dll
Event: 3.691 Loaded shared library C:\Program Files\Android\Android Studio1\jbr\bin\verify.dll
Event: 91.352 Unloaded dll "C:\Users\Mbongeni\AppData\Local\Temp\sqlite-3.41.2.2-917ec3c0-19cb-4042-9c15-c9847c4553dc-sqlitejdbc.dll" [0x00007fff1c1c0000]

Deoptimization events (20 events):
Event: 353.893 Thread 0x0000017f33827a50 Uncommon trap: trap_request=0xffffffde fr.pc=0x0000017f1a786160 relative=0x00000000000030a0
Event: 353.893 Thread 0x0000017f33827a50 Uncommon trap: reason=class_check action=maybe_recompile pc=0x0000017f1a786160 method=org.jetbrains.kotlin.fir.java.enhancement.FirLazyJavaAnnotationList.isEmpty()Z @ 16 c2
Event: 353.893 Thread 0x0000017f33827a50 DEOPT PACKING pc=0x0000017f1a786160 sp=0x0000007893cf8500
Event: 353.893 Thread 0x0000017f33827a50 DEOPT UNPACKING pc=0x0000017f18b23aa2 sp=0x0000007893cf8428 mode 2
Event: 355.277 Thread 0x0000017f33827a50 Uncommon trap: trap_request=0xffffffc6 fr.pc=0x0000017f1a4a7198 relative=0x0000000000006798
Event: 355.277 Thread 0x0000017f33827a50 Uncommon trap: reason=bimorphic_or_optimized_type_check action=maybe_recompile pc=0x0000017f1a4a7198 method=org.jetbrains.kotlin.fir.resolve.calls.stages.ResolutionStagesKt.isSuperCall(Lorg/jetbrains/kotlin/fir/FirElement;)Z @ 17 c2
Event: 355.277 Thread 0x0000017f33827a50 DEOPT PACKING pc=0x0000017f1a4a7198 sp=0x0000007893cf7050
Event: 355.277 Thread 0x0000017f33827a50 DEOPT UNPACKING pc=0x0000017f18b23aa2 sp=0x0000007893cf6f40 mode 2
Event: 355.279 Thread 0x0000017f33827a50 Uncommon trap: trap_request=0xffffffc6 fr.pc=0x0000017f1a4a7198 relative=0x0000000000006798
Event: 355.300 Thread 0x0000017f33827a50 Uncommon trap: reason=bimorphic_or_optimized_type_check action=maybe_recompile pc=0x0000017f1a4a7198 method=org.jetbrains.kotlin.fir.resolve.calls.stages.ResolutionStagesKt.isSuperCall(Lorg/jetbrains/kotlin/fir/FirElement;)Z @ 17 c2
Event: 355.300 Thread 0x0000017f33827a50 DEOPT PACKING pc=0x0000017f1a4a7198 sp=0x0000007893cf7050
Event: 355.300 Thread 0x0000017f33827a50 DEOPT UNPACKING pc=0x0000017f18b23aa2 sp=0x0000007893cf6f40 mode 2
Event: 355.836 Thread 0x0000017f33827a50 Uncommon trap: trap_request=0xffffffde fr.pc=0x0000017f193d96b8 relative=0x0000000000000358
Event: 355.836 Thread 0x0000017f33827a50 Uncommon trap: reason=class_check action=maybe_recompile pc=0x0000017f193d96b8 method=org.jetbrains.kotlin.fir.resolve.TypeExpansionUtilsKt.fullyExpandedType(Lorg/jetbrains/kotlin/fir/types/ConeClassLikeType;Lorg/jetbrains/kotlin/fir/FirSession;Lkotlin/jv
Event: 355.836 Thread 0x0000017f33827a50 DEOPT PACKING pc=0x0000017f193d96b8 sp=0x0000007893cf3890
Event: 355.836 Thread 0x0000017f33827a50 DEOPT UNPACKING pc=0x0000017f18b23aa2 sp=0x0000007893cf3818 mode 2
Event: 355.944 Thread 0x0000017f35040430 Uncommon trap: trap_request=0xffffffd6 fr.pc=0x0000017f1950a614 relative=0x0000000000000e94
Event: 355.944 Thread 0x0000017f35040430 Uncommon trap: reason=array_check action=maybe_recompile pc=0x0000017f1950a614 method=com.sun.jna.Pointer.readArray(JLjava/lang/Object;Ljava/lang/Class;)V @ 316 c2
Event: 355.944 Thread 0x0000017f35040430 DEOPT PACKING pc=0x0000017f1950a614 sp=0x00000078954fe0f0
Event: 355.944 Thread 0x0000017f35040430 DEOPT UNPACKING pc=0x0000017f18b23aa2 sp=0x00000078954fe060 mode 2

Classes loaded (20 events):
Event: 150.881 Loading class org/w3c/dom/CDATASection done
Event: 150.881 Loading class com/sun/org/apache/xerces/internal/dom/CDATASectionImpl done
Event: 152.151 Loading class java/util/EnumMap$Values
Event: 152.152 Loading class java/util/EnumMap$Values done
Event: 152.152 Loading class java/util/EnumMap$ValueIterator
Event: 152.152 Loading class java/util/EnumMap$ValueIterator done
Event: 152.162 Loading class java/nio/file/ProviderNotFoundException
Event: 152.162 Loading class java/nio/file/ProviderNotFoundException done
Event: 178.951 Loading class java/util/AbstractList$RandomAccessSpliterator
Event: 178.952 Loading class java/util/AbstractList$RandomAccessSpliterator done
Event: 182.637 Loading class java/util/AbstractList$RandomAccessSubList
Event: 182.637 Loading class java/util/AbstractList$RandomAccessSubList done
Event: 234.301 Loading class java/util/IdentityHashMap$EntryIterator
Event: 234.318 Loading class java/util/IdentityHashMap$EntryIterator done
Event: 234.328 Loading class java/util/IdentityHashMap$EntryIterator$Entry
Event: 234.330 Loading class java/util/IdentityHashMap$EntryIterator$Entry done
Event: 248.069 Loading class java/util/ArrayDeque$DescendingIterator
Event: 248.114 Loading class java/util/ArrayDeque$DescendingIterator done
Event: 264.609 Loading class java/util/concurrent/ConcurrentHashMap$KeySpliterator
Event: 264.645 Loading class java/util/concurrent/ConcurrentHashMap$KeySpliterator done

Classes unloaded (20 events):
Event: 90.435 Thread 0x0000017f297407a0 Unloading class 0x00000008014a54b0 'androidx/room/DatabaseProcessingStep'
Event: 90.435 Thread 0x0000017f297407a0 Unloading class 0x00000008014a52a0 'androidx/room/compiler/processing/XProcessingStep'
Event: 90.435 Thread 0x0000017f297407a0 Unloading class 0x00000008014a5000 'androidx/room/RoomKspProcessor'
Event: 90.435 Thread 0x0000017f297407a0 Unloading class 0x00000008014a4c00 'androidx/room/compiler/processing/ksp/KspBasicAnnotationProcessor'
Event: 90.435 Thread 0x0000017f297407a0 Unloading class 0x0000000800fa0460 'androidx/room/compiler/processing/XBasicAnnotationProcessor'
Event: 90.435 Thread 0x0000017f297407a0 Unloading class 0x0000000800fa0230 'com/bumptech/glide/annotation/ksp/GlideSymbolProcessorProvider'
Event: 90.435 Thread 0x0000017f297407a0 Unloading class 0x0000000800fa0000 'androidx/room/RoomKspProcessor$Provider'
Event: 227.740 Thread 0x0000017f297407a0 Unloading class 0x0000000802234000 'java/lang/invoke/LambdaForm$DMH+0x0000000802234000'
Event: 227.740 Thread 0x0000017f297407a0 Unloading class 0x000000080222d000 'java/lang/invoke/LambdaForm$MH+0x000000080222d000'
Event: 227.740 Thread 0x0000017f297407a0 Unloading class 0x000000080222c400 'java/lang/invoke/LambdaForm$MH+0x000000080222c400'
Event: 227.740 Thread 0x0000017f297407a0 Unloading class 0x0000000802221c00 'java/lang/invoke/LambdaForm$DMH+0x0000000802221c00'
Event: 227.740 Thread 0x0000017f297407a0 Unloading class 0x0000000802221800 'java/lang/invoke/LambdaForm$MH+0x0000000802221800'
Event: 227.740 Thread 0x0000017f297407a0 Unloading class 0x0000000802221400 'java/lang/invoke/LambdaForm$MH+0x0000000802221400'
Event: 227.740 Thread 0x0000017f297407a0 Unloading class 0x0000000802221000 'java/lang/invoke/LambdaForm$DMH+0x0000000802221000'
Event: 227.740 Thread 0x0000017f297407a0 Unloading class 0x0000000802214c00 'java/lang/invoke/LambdaForm$DMH+0x0000000802214c00'
Event: 267.733 Thread 0x0000017f297407a0 Unloading class 0x00000008022f4800 'java/lang/invoke/LambdaForm$DMH+0x00000008022f4800'
Event: 267.733 Thread 0x0000017f297407a0 Unloading class 0x00000008022f4c00 'java/lang/invoke/LambdaForm$DMH+0x00000008022f4c00'
Event: 267.733 Thread 0x0000017f297407a0 Unloading class 0x00000008022f4000 'java/lang/invoke/LambdaForm$DMH+0x00000008022f4000'
Event: 325.693 Thread 0x0000017f297407a0 Unloading class 0x000000080237c800 'java/lang/invoke/LambdaForm$DMH+0x000000080237c800'
Event: 325.693 Thread 0x0000017f297407a0 Unloading class 0x000000080237c400 'java/lang/invoke/LambdaForm$DMH+0x000000080237c400'

Classes redefined (0 events):
No events

Internal exceptions (20 events):
Event: 292.589 Thread 0x0000017f33827a50 Implicit null exception at 0x0000017f19458660 to 0x0000017f1945a6dc
Event: 295.068 Thread 0x0000017f451db190 Implicit null exception at 0x0000017f195dda0d to 0x0000017f195de480
Event: 306.262 Thread 0x0000017f33827a50 Implicit null exception at 0x0000017f19a97197 to 0x0000017f19a99470
Event: 309.130 Thread 0x0000017f451db190 Implicit null exception at 0x0000017f1a4f3b44 to 0x0000017f1a4f3e6c
Event: 309.222 Thread 0x0000017f451dc540 Implicit null exception at 0x0000017f1972cc31 to 0x0000017f1972cda4
Event: 310.032 Thread 0x0000017f33827a50 Implicit null exception at 0x0000017f1ae5c607 to 0x0000017f1ae616f8
Event: 312.320 Thread 0x0000017f33c295b0 Implicit null exception at 0x0000017f1a22bd60 to 0x0000017f1a22bdf0
Event: 316.861 Thread 0x0000017f451dab00 Exception <a 'java/lang/NoSuchMethodError'{0x00000007c5160668}: 'java.lang.Object java.lang.invoke.DirectMethodHandle$Holder.invokeStatic(java.lang.Object, java.lang.Object, java.lang.Object, java.lang.Object, java.lang.Object, int, java.lang.Object)'> (0x00000007c5160668) 
thrown [s\src\hotspot\share\interpreter\linkResolver.cpp, line 784]
Event: 316.866 Thread 0x0000017f451dc540 Exception <a 'java/lang/NoSuchMethodError'{0x00000007cc654e28}: 'java.lang.Object java.lang.invoke.DirectMethodHandle$Holder.invokeStatic(java.lang.Object, java.lang.Object, java.lang.Object, java.lang.Object, java.lang.Object, int, java.lang.Object)'> (0x00000007cc654e28) 
thrown [s\src\hotspot\share\interpreter\linkResolver.cpp, line 784]
Event: 316.866 Thread 0x0000017f451d55b0 Exception <a 'java/lang/NoSuchMethodError'{0x00000007cd021a18}: 'java.lang.Object java.lang.invoke.DirectMethodHandle$Holder.invokeStatic(java.lang.Object, java.lang.Object, java.lang.Object, java.lang.Object, java.lang.Object, int, java.lang.Object)'> (0x00000007cd021a18) 
thrown [s\src\hotspot\share\interpreter\linkResolver.cpp, line 784]
Event: 320.489 Thread 0x0000017f33827a50 Implicit null exception at 0x0000017f1ae80f03 to 0x0000017f1ae86044
Event: 321.138 Thread 0x0000017f33c295b0 Implicit null exception at 0x0000017f19f67280 to 0x0000017f19f679ec
Event: 321.665 Thread 0x0000017f451dab00 Implicit null exception at 0x0000017f1a5f9e00 to 0x0000017f1a5f9f50
Event: 321.665 Thread 0x0000017f451db190 Implicit null exception at 0x0000017f1a5f9e00 to 0x0000017f1a5f9f50
Event: 322.454 Thread 0x0000017f33c295b0 Exception <a 'java/lang/IncompatibleClassChangeError'{0x00000007e299bab8}: Found class java.lang.Object, but interface was expected> (0x00000007e299bab8) 
thrown [s\src\hotspot\share\interpreter\linkResolver.cpp, line 851]
Event: 327.511 Thread 0x0000017f33827a50 Implicit null exception at 0x0000017f1a1e1c2f to 0x0000017f1a1e1d26
Event: 328.809 Thread 0x0000017f33827a50 Implicit null exception at 0x0000017f1a90bc89 to 0x0000017f1a90c748
Event: 328.915 Thread 0x0000017f33827a50 Implicit null exception at 0x0000017f1a19a80e to 0x0000017f1a19b560
Event: 332.951 Thread 0x0000017f451d55b0 Exception <a 'java/lang/NoSuchMethodError'{0x00000007b8b25410}: 'int java.lang.invoke.DirectMethodHandle$Holder.invokeStatic(java.lang.Object, java.lang.Object, int, java.lang.Object)'> (0x00000007b8b25410) 
thrown [s\src\hotspot\share\interpreter\linkResolver.cpp, line 784]
Event: 339.285 Thread 0x0000017f33c295b0 Exception <a 'java/lang/IncompatibleClassChangeError'{0x00000007d0184358}: Found class java.lang.Object, but interface was expected> (0x00000007d0184358) 
thrown [s\src\hotspot\share\interpreter\linkResolver.cpp, line 851]

ZGC Phase Switch (0 events):
No events

VM Operations (20 events):
Event: 348.653 Executing VM operation: Cleanup
Event: 348.669 Executing VM operation: Cleanup done
Event: 349.672 Executing VM operation: Cleanup
Event: 349.688 Executing VM operation: Cleanup done
Event: 350.699 Executing VM operation: Cleanup
Event: 350.715 Executing VM operation: Cleanup done
Event: 351.725 Executing VM operation: Cleanup
Event: 351.737 Executing VM operation: Cleanup done
Event: 352.746 Executing VM operation: Cleanup
Event: 352.793 Executing VM operation: Cleanup done
Event: 353.798 Executing VM operation: Cleanup
Event: 353.844 Executing VM operation: Cleanup done
Event: 354.849 Executing VM operation: Cleanup
Event: 354.864 Executing VM operation: Cleanup done
Event: 355.148 Executing VM operation: HandshakeAllThreads (Deoptimize)
Event: 355.149 Executing VM operation: HandshakeAllThreads (Deoptimize) done
Event: 355.172 Executing VM operation: HandshakeAllThreads (Deoptimize)
Event: 355.172 Executing VM operation: HandshakeAllThreads (Deoptimize) done
Event: 356.173 Executing VM operation: Cleanup
Event: 356.189 Executing VM operation: Cleanup done

Memory protections (0 events):
No events

Nmethod flushes (20 events):
Event: 325.872 Thread 0x0000017f297407a0 flushing  nmethod 0x0000017f15d63690
Event: 325.872 Thread 0x0000017f297407a0 flushing  nmethod 0x0000017f15d6a190
Event: 325.872 Thread 0x0000017f297407a0 flushing osr nmethod 0x0000017f15d89090
Event: 325.872 Thread 0x0000017f297407a0 flushing  nmethod 0x0000017f15dbf310
Event: 325.872 Thread 0x0000017f297407a0 flushing  nmethod 0x0000017f15dc1010
Event: 325.872 Thread 0x0000017f297407a0 flushing  nmethod 0x0000017f15dc2690
Event: 325.872 Thread 0x0000017f297407a0 flushing  nmethod 0x0000017f15dc4d90
Event: 325.872 Thread 0x0000017f297407a0 flushing  nmethod 0x0000017f15dc9290
Event: 325.872 Thread 0x0000017f297407a0 flushing  nmethod 0x0000017f15dca990
Event: 325.872 Thread 0x0000017f297407a0 flushing  nmethod 0x0000017f15dd0710
Event: 325.872 Thread 0x0000017f297407a0 flushing  nmethod 0x0000017f15dd3a10
Event: 325.872 Thread 0x0000017f297407a0 flushing  nmethod 0x0000017f15dd6210
Event: 325.872 Thread 0x0000017f297407a0 flushing  nmethod 0x0000017f15dd9490
Event: 325.872 Thread 0x0000017f297407a0 flushing  nmethod 0x0000017f15de0090
Event: 325.872 Thread 0x0000017f297407a0 flushing  nmethod 0x0000017f15de6790
Event: 325.872 Thread 0x0000017f297407a0 flushing  nmethod 0x0000017f15de7090
Event: 325.872 Thread 0x0000017f297407a0 flushing  nmethod 0x0000017f15e2df90
Event: 325.872 Thread 0x0000017f297407a0 flushing  nmethod 0x0000017f15e48e10
Event: 325.872 Thread 0x0000017f297407a0 flushing  nmethod 0x0000017f15e5be10
Event: 325.872 Thread 0x0000017f297407a0 flushing  nmethod 0x0000017f15e5d990

Events (20 events):
Event: 316.815 Thread 0x0000017f2e67a270 Thread added: 0x0000017f46190420
Event: 320.476 Thread 0x0000017f46190420 Thread exited: 0x0000017f46190420
Event: 320.609 Thread 0x0000017f2e673200 Thread added: 0x0000017f46190420
Event: 323.170 Thread 0x0000017f46190420 Thread exited: 0x0000017f46190420
Event: 323.752 Thread 0x0000017f2e67a270 Thread added: 0x0000017f46191f60
Event: 327.926 Thread 0x0000017f46191f60 Thread exited: 0x0000017f46191f60
Event: 329.824 Thread 0x0000017f2e67a270 Thread added: 0x0000017f46191f60
Event: 330.117 Thread 0x0000017f46191f60 Thread exited: 0x0000017f46191f60
Event: 330.979 Thread 0x0000017f2e67a270 Thread added: 0x0000017f46194170
Event: 337.621 Thread 0x0000017f46194170 Thread exited: 0x0000017f46194170
Event: 342.102 Thread 0x0000017f2e67a270 Thread added: 0x0000017f46197120
Event: 342.915 Thread 0x0000017f46197120 Thread exited: 0x0000017f46197120
Event: 343.086 Thread 0x0000017f2e67a270 Thread added: 0x0000017f46197120
Event: 343.864 Thread 0x0000017f46197120 Thread exited: 0x0000017f46197120
Event: 344.079 Thread 0x0000017f2e67a270 Thread added: 0x0000017f34fee130
Event: 346.072 Thread 0x0000017f34fee130 Thread exited: 0x0000017f34fee130
Event: 347.084 Thread 0x0000017f2e67a270 Thread added: 0x0000017f34fee130
Event: 347.288 Thread 0x0000017f34fee130 Thread exited: 0x0000017f34fee130
Event: 348.973 Thread 0x0000017f2e67a270 Thread added: 0x0000017f3ad13560
Event: 349.639 Thread 0x0000017f3ad13560 Thread exited: 0x0000017f3ad13560


Dynamic libraries:
0x00007ff6f0d50000 - 0x00007ff6f0d5a000 	C:\Program Files\Android\Android Studio1\jbr\bin\java.exe
0x00007fff55060000 - 0x00007fff552c9000 	C:\WINDOWS\SYSTEM32\ntdll.dll
0x00007fff54690000 - 0x00007fff54759000 	C:\WINDOWS\System32\KERNEL32.DLL
0x00007fff52220000 - 0x00007fff52613000 	C:\WINDOWS\System32\KERNELBASE.dll
0x00007fff52620000 - 0x00007fff5276b000 	C:\WINDOWS\System32\ucrtbase.dll
0x00007fff32410000 - 0x00007fff32428000 	C:\Program Files\Android\Android Studio1\jbr\bin\jli.dll
0x00007fff54470000 - 0x00007fff54634000 	C:\WINDOWS\System32\USER32.dll
0x00007fff521f0000 - 0x00007fff52217000 	C:\WINDOWS\System32\win32u.dll
0x00007fff52e70000 - 0x00007fff52e9b000 	C:\WINDOWS\System32\GDI32.dll
0x00007fff52c70000 - 0x00007fff52d9d000 	C:\WINDOWS\System32\gdi32full.dll
0x00007fff52770000 - 0x00007fff52813000 	C:\WINDOWS\System32\msvcp_win.dll
0x00007fff3ab50000 - 0x00007fff3ab6b000 	C:\Program Files\Android\Android Studio1\jbr\bin\VCRUNTIME140.dll
0x00007fff37920000 - 0x00007fff37bb3000 	C:\WINDOWS\WinSxS\amd64_microsoft.windows.common-controls_6595b64144ccf1df_6.0.26100.5074_none_3e0d6f78e32fd63f\COMCTL32.dll
0x00007fff53050000 - 0x00007fff530f9000 	C:\WINDOWS\System32\msvcrt.dll
0x00007fff53850000 - 0x00007fff5387f000 	C:\WINDOWS\System32\IMM32.DLL
0x00007fff4ca00000 - 0x00007fff4ca0c000 	C:\Program Files\Android\Android Studio1\jbr\bin\vcruntime140_1.dll
0x00007fff19ee0000 - 0x00007fff19f6d000 	C:\Program Files\Android\Android Studio1\jbr\bin\msvcp140.dll
0x00007ffeeb270000 - 0x00007ffeebefb000 	C:\Program Files\Android\Android Studio1\jbr\bin\server\jvm.dll
0x00007fff53d20000 - 0x00007fff53dd4000 	C:\WINDOWS\System32\ADVAPI32.dll
0x00007fff54f70000 - 0x00007fff55016000 	C:\WINDOWS\System32\sechost.dll
0x00007fff547e0000 - 0x00007fff548f8000 	C:\WINDOWS\System32\RPCRT4.dll
0x00007fff54760000 - 0x00007fff547d4000 	C:\WINDOWS\System32\WS2_32.dll
0x00007fff52070000 - 0x00007fff520ce000 	C:\WINDOWS\SYSTEM32\POWRPROF.dll
0x00007fff4fc70000 - 0x00007fff4fca5000 	C:\WINDOWS\SYSTEM32\WINMM.dll
0x00007fff44640000 - 0x00007fff4464b000 	C:\WINDOWS\SYSTEM32\VERSION.dll
0x00007fff52050000 - 0x00007fff52064000 	C:\WINDOWS\SYSTEM32\UMPDC.dll
0x00007fff50fa0000 - 0x00007fff50fbb000 	C:\WINDOWS\SYSTEM32\kernel.appcore.dll
0x00007fff466b0000 - 0x00007fff466ba000 	C:\Program Files\Android\Android Studio1\jbr\bin\jimage.dll
0x00007fff4f7a0000 - 0x00007fff4f9e2000 	C:\WINDOWS\SYSTEM32\DBGHELP.DLL
0x00007fff540f0000 - 0x00007fff5446b000 	C:\WINDOWS\System32\combase.dll
0x00007fff54e10000 - 0x00007fff54ee7000 	C:\WINDOWS\System32\OLEAUT32.dll
0x00007fff37830000 - 0x00007fff3786d000 	C:\WINDOWS\SYSTEM32\dbgcore.DLL
0x00007fff52820000 - 0x00007fff528b9000 	C:\WINDOWS\System32\bcryptPrimitives.dll
0x00007fff45760000 - 0x00007fff4576e000 	C:\Program Files\Android\Android Studio1\jbr\bin\instrument.dll
0x00007fff39fd0000 - 0x00007fff39ff0000 	C:\Program Files\Android\Android Studio1\jbr\bin\java.dll
0x00007fff2c660000 - 0x00007fff2c678000 	C:\Program Files\Android\Android Studio1\jbr\bin\zip.dll
0x00007fff53100000 - 0x00007fff5384d000 	C:\WINDOWS\System32\SHELL32.dll
0x00007fff528c0000 - 0x00007fff52a2c000 	C:\WINDOWS\System32\wintypes.dll
0x00007fff4fe30000 - 0x00007fff50689000 	C:\WINDOWS\SYSTEM32\windows.storage.dll
0x00007fff54b30000 - 0x00007fff54c20000 	C:\WINDOWS\System32\SHCORE.dll
0x00007fff52f70000 - 0x00007fff52fd2000 	C:\WINDOWS\System32\shlwapi.dll
0x00007fff52110000 - 0x00007fff52139000 	C:\WINDOWS\SYSTEM32\profapi.dll
0x00007fff454d0000 - 0x00007fff454e0000 	C:\Program Files\Android\Android Studio1\jbr\bin\net.dll
0x00007fff44650000 - 0x00007fff4476f000 	C:\WINDOWS\SYSTEM32\WINHTTP.dll
0x00007fff51550000 - 0x00007fff515bb000 	C:\WINDOWS\system32\mswsock.dll
0x00007fff2c640000 - 0x00007fff2c656000 	C:\Program Files\Android\Android Studio1\jbr\bin\nio.dll
0x00007fff343e0000 - 0x00007fff343f0000 	C:\Program Files\Android\Android Studio1\jbr\bin\verify.dll
0x00007fff1f400000 - 0x00007fff1f427000 	C:\Users\Mbongeni\.gradle\native\1def1411415f61bf3af743bc5b6707747c0891f09f0c88961ee8f79bc544acac\windows-amd64\native-platform.dll
0x00007fff19b40000 - 0x00007fff19bb8000 	C:\Users\Mbongeni\.gradle\native\0.2.7\x86_64-windows-gnu\gradle-fileevents.dll
0x00007fff2be20000 - 0x00007fff2be29000 	C:\Program Files\Android\Android Studio1\jbr\bin\management.dll
0x00007fff18c60000 - 0x00007fff18c6b000 	C:\Program Files\Android\Android Studio1\jbr\bin\management_ext.dll
0x00007fff52e30000 - 0x00007fff52e38000 	C:\WINDOWS\System32\PSAPI.DLL
0x00007fff50990000 - 0x00007fff509c4000 	C:\WINDOWS\SYSTEM32\IPHLPAPI.DLL
0x00007fff52f60000 - 0x00007fff52f6a000 	C:\WINDOWS\System32\NSI.dll
0x00007fff2be30000 - 0x00007fff2be39000 	C:\Program Files\Android\Android Studio1\jbr\bin\extnet.dll
0x00007fff517f0000 - 0x00007fff5180b000 	C:\WINDOWS\SYSTEM32\CRYPTSP.dll
0x00007fff50f00000 - 0x00007fff50f3b000 	C:\WINDOWS\system32\rsaenh.dll
0x00007fff515f0000 - 0x00007fff5161b000 	C:\WINDOWS\SYSTEM32\USERENV.dll
0x00007fff520e0000 - 0x00007fff52106000 	C:\WINDOWS\SYSTEM32\bcrypt.dll
0x00007fff51810000 - 0x00007fff5181c000 	C:\WINDOWS\SYSTEM32\CRYPTBASE.dll
0x00007fff2f220000 - 0x00007fff2f228000 	C:\WINDOWS\system32\wshunix.dll
0x00007fff2cab0000 - 0x00007fff2cac8000 	C:\WINDOWS\system32\napinsp.dll
0x00007fff50a80000 - 0x00007fff50ba6000 	C:\WINDOWS\SYSTEM32\DNSAPI.dll
0x00007fff2ca50000 - 0x00007fff2ca62000 	C:\WINDOWS\System32\winrnr.dll
0x00007fff2ca20000 - 0x00007fff2ca48000 	C:\WINDOWS\system32\nlansp_c.dll
0x00007fff43cb0000 - 0x00007fff43cc6000 	C:\WINDOWS\system32\wshbth.dll
0x00007fff43ca0000 - 0x00007fff43cab000 	C:\Windows\System32\rasadhlp.dll
0x00007fff432a0000 - 0x00007fff43326000 	C:\WINDOWS\System32\fwpuclnt.dll
0x00007fff281e0000 - 0x00007fff28229000 	C:\Users\Mbongeni\AppData\Local\Temp\jna-1116049261\jna9799729157406450732.dll
0x00007fff53de0000 - 0x00007fff53f78000 	C:\WINDOWS\System32\Ole32.dll
0x00007fff52ea0000 - 0x00007fff52f51000 	C:\WINDOWS\System32\clbcatq.dll
0x00007fff1f9a0000 - 0x00007fff1f9bd000 	C:\WINDOWS\SYSTEM32\amsi.dll
0x00007fff1f900000 - 0x00007fff1f9a0000 	C:\ProgramData\Microsoft\Windows Defender\Platform\4.18.25070.5-0\MpOav.dll
0x00007fff1c760000 - 0x00007fff1c7b6000 	C:\WINDOWS\SYSTEM32\Pdh.dll
0x00007fff33b80000 - 0x00007fff33b91000 	C:\WINDOWS\System32\perfdisk.dll
0x00007fff49790000 - 0x00007fff497a3000 	C:\WINDOWS\System32\WMICLNT.dll
0x00007fff4e5b0000 - 0x00007fff4e658000 	C:\WINDOWS\system32\uxtheme.dll
0x00007fff283d0000 - 0x00007fff2842e000 	C:\Program Files\Huawei\PCManager\plugins\PerfWndMonModule.dll
0x00007fff51d80000 - 0x00007fff51dd7000 	C:\WINDOWS\SYSTEM32\cfgmgr32.dll
0x00007fff1c3c0000 - 0x00007fff1c3d2000 	C:\WINDOWS\System32\perfproc.dll
0x00007fff4e2b0000 - 0x00007fff4e2da000 	C:\WINDOWS\SYSTEM32\Wtsapi32.dll
0x00007fff52af0000 - 0x00007fff52c67000 	C:\WINDOWS\System32\CRYPT32.dll
0x00007fff51250000 - 0x00007fff51299000 	C:\WINDOWS\SYSTEM32\SspiCli.dll
0x00007fff51fa0000 - 0x00007fff52003000 	C:\WINDOWS\SYSTEM32\WINSTA.dll
0x00007fff12450000 - 0x00007fff125e8000 	C:\Program Files\Android\Android Studio1\jbr\bin\awt.dll
0x00007fff4e6d0000 - 0x00007fff4e6fb000 	C:\WINDOWS\SYSTEM32\dwmapi.dll
0x00007fff13940000 - 0x00007fff13984000 	C:\Program Files\Android\Android Studio1\jbr\bin\nvdaControllerClient64.dll
0x00007fff4e320000 - 0x00007fff4e3be000 	C:\WINDOWS\SYSTEM32\apphelp.dll
0x00007fff53f80000 - 0x00007fff540d8000 	C:\WINDOWS\System32\MSCTF.dll
0x00007fff2e590000 - 0x00007fff2e5a2000 	C:\WINDOWS\system32\wbem\wbemprox.dll
0x00007fff2e510000 - 0x00007fff2e58a000 	C:\WINDOWS\SYSTEM32\wbemcomn.dll
0x00007fff1ff40000 - 0x00007fff1ff55000 	C:\WINDOWS\system32\wbem\wbemsvc.dll
0x00007fff1ffd0000 - 0x00007fff200c0000 	C:\WINDOWS\system32\wbem\fastprox.dll
0x00007fff510d0000 - 0x00007fff51106000 	C:\WINDOWS\SYSTEM32\ntmarta.dll
0x00007fff45500000 - 0x00007fff45507000 	C:\Program Files\Android\Android Studio1\jbr\bin\rmi.dll

dbghelp: loaded successfully - version: 4.0.5 - missing functions: none
symbol engine: initialized successfully - sym options: 0x614 - pdb path: .;C:\Program Files\Android\Android Studio1\jbr\bin;C:\WINDOWS\SYSTEM32;C:\WINDOWS\WinSxS\amd64_microsoft.windows.common-controls_6595b64144ccf1df_6.0.26100.5074_none_3e0d6f78e32fd63f;C:\Program Files\Android\Android Studio1\jbr\bin\server;C:\Users\Mbongeni\.gradle\native\1def1411415f61bf3af743bc5b6707747c0891f09f0c88961ee8f79bc544acac\windows-amd64;C:\Users\Mbongeni\.gradle\native\0.2.7\x86_64-windows-gnu;C:\Users\Mbongeni\AppData\Local\Temp\jna-1116049261;C:\ProgramData\Microsoft\Windows Defender\Platform\4.18.25070.5-0;C:\Program Files\Huawei\PCManager\plugins;C:\WINDOWS\system32\wbem;C:\Users\Mbongeni\AppData\Local\Temp

VM Arguments:
jvm_args: --add-opens=java.base/java.lang=ALL-UNNAMED --add-opens=java.base/java.lang.invoke=ALL-UNNAMED --add-opens=java.base/java.util=ALL-UNNAMED --add-opens=java.prefs/java.util.prefs=ALL-UNNAMED --add-exports=jdk.compiler/com.sun.tools.javac.api=ALL-UNNAMED --add-exports=jdk.compiler/com.sun.tools.javac.util=ALL-UNNAMED --add-opens=java.base/java.util=ALL-UNNAMED --add-opens=java.prefs/java.util.prefs=ALL-UNNAMED --add-opens=java.base/java.nio.charset=ALL-UNNAMED --add-opens=java.base/java.net=ALL-UNNAMED --add-opens=java.base/java.util.concurrent.atomic=ALL-UNNAMED --add-opens=java.xml/javax.xml.namespace=ALL-UNNAMED -XX:+UseParallelGC -Xmx4g -Dfile.encoding=UTF-8 -Duser.country=CN -Duser.language=zh -Duser.variant -javaagent:C:\Users\Mbongeni\.gradle\wrapper\dists\gradle-8.14.2-bin\2pb3mgt1p815evrl3weanttgr\gradle-8.14.2\lib\agents\gradle-instrumentation-agent-8.14.2.jar 
java_command: org.gradle.launcher.daemon.bootstrap.GradleDaemon 8.14.2
java_class_path (initial): C:\Users\Mbongeni\.gradle\wrapper\dists\gradle-8.14.2-bin\2pb3mgt1p815evrl3weanttgr\gradle-8.14.2\lib\gradle-daemon-main-8.14.2.jar
Launcher Type: SUN_STANDARD

[Global flags]
     intx CICompilerCount                          = 3                                         {product} {ergonomic}
   size_t InitialHeapSize                          = 132120576                                 {product} {ergonomic}
   size_t MaxHeapSize                              = 4294967296                                {product} {command line}
   size_t MaxNewSize                               = 1431306240                                {product} {ergonomic}
   size_t MinHeapDeltaBytes                        = 524288                                    {product} {ergonomic}
   size_t MinHeapSize                              = 8388608                                   {product} {ergonomic}
   size_t NewSize                                  = 44040192                                  {product} {ergonomic}
    uintx NonNMethodCodeHeapSize                   = 5832780                                {pd product} {ergonomic}
    uintx NonProfiledCodeHeapSize                  = 122912730                              {pd product} {ergonomic}
   size_t OldSize                                  = 88080384                                  {product} {ergonomic}
    uintx ProfiledCodeHeapSize                     = 122912730                              {pd product} {ergonomic}
    uintx ReservedCodeCacheSize                    = 251658240                              {pd product} {ergonomic}
     bool SegmentedCodeCache                       = true                                      {product} {ergonomic}
   size_t SoftMaxHeapSize                          = 4294967296                             {manageable} {ergonomic}
     bool UseCompressedOops                        = true                           {product lp64_product} {ergonomic}
     bool UseLargePagesIndividualAllocation        = false                                  {pd product} {ergonomic}
     bool UseParallelGC                            = true                                      {product} {command line}

Logging:
Log output configuration:
 #0: stdout all=warning uptime,level,tags foldmultilines=false
 #1: stderr all=off uptime,level,tags foldmultilines=false

Environment Variables:
PATH=C:\Program Files\Common Files\Oracle\Java\javapath;C:\Windows\System32\HWAudioDriverLibs;C:\Windows\system32;C:\Windows;C:\Windows\System32\Wbem;C:\Windows\System32\WindowsPowerShell\v1.0\;C:\Windows\System32\OpenSSH\;C:\Windows\system32\config\systemprofile\AppData\Local\Microsoft\WindowsApps;C:\WINDOWS\system32;C:\WINDOWS;C:\WINDOWS\System32\Wbem;C:\WINDOWS\System32\WindowsPowerShell\v1.0\;C:\WINDOWS\System32\OpenSSH\;C:\Program Files\nodejs\;C:\Program Files\apache-maven-3.9.9\bin;C:\Program Files\Microsoft SQL Server\150\Tools\Binn\;C:\Users\Mbongeni\Downloads\ffmpeg-2025-04-14-git-3b2a9410ef-full_build\ffmpeg-2025-04-14-git-3b2a9410ef-full_build\bin;C:\platform-tools;C:\xampp\php;C:\ProgramData\ComposerSetup\bin;C:\dev\flutter\bin;C:\Program Files\Git\cmd;C:\ProgramData\chocolatey\bin;C:\Users\Mbongeni\AppData\Local\Microsoft\WindowsApps;C:\Users\Mbongeni\AppData\Local\Programs\Microsoft VS Code\bin;C:\Users\Mbongeni\AppData\Roaming\npm;C:\Users\Mbongeni\AppData\Local\GitHubDesktop\bin;C:\Users\Mbongeni\.dotnet\tools;C:\msys64\ucrt64\bin;C:\Users\Mbongeni\AppData\Roaming\Composer\vendor\bin;C:\Users\Mbongeni\AppData\Local\Android\Sdk\cmdline-tools\latest\bin;C:\Users\Mbongeni\AppData\Local\Android\Sdk\platform-tools;C:\Users\Mbongeni\AppData\Local\Android\Sdk\cmake\4.1.0\bin;C:\Users\Mbongeni\AppData\Local\Android\Sdk\ndk\29.0.13846066;;C:\tools\dart-sdk\bin;C:\Users\Mbongeni\AppData\Local\Pub\Cache\bin
USERNAME=Mbongeni
OS=Windows_NT
PROCESSOR_IDENTIFIER=Intel64 Family 6 Model 142 Stepping 12, GenuineIntel
TMP=C:\Users\Mbongeni\AppData\Local\Temp
TEMP=C:\Users\Mbongeni\AppData\Local\Temp




Periodic native trim disabled

JNI global refs:
JNI global refs: 40, weak refs: 47

JNI global refs memory usage: 835, weak refs: 833

Process memory usage:
Resident Set Size: 2894476K (35% of 8218416K total physical memory with 543252K free physical memory)

OOME stack traces (most recent first):
Classloader memory used:
Loader java.net.URLClassLoader                                                         : 136M
Loader org.gradle.internal.classloader.VisitableURLClassLoader$InstrumentingVisitableURLClassLoader: 59240K
Loader org.gradle.internal.classloader.VisitableURLClassLoader                         : 40050K
Loader bootstrap                                                                       : 38786K
Loader org.gradle.initialization.MixInLegacyTypesClassLoader                           : 7838K
Loader jdk.internal.reflect.DelegatingClassLoader                                      : 1888K
Loader jdk.internal.loader.ClassLoaders$PlatformClassLoader                            : 897K
Loader com.intellij.util.lang.UrlClassLoader                                           : 433K
Loader jdk.internal.jrtfs.JrtFileSystemProvider$JrtFsLoader                            : 289K
Loader jdk.internal.loader.ClassLoaders$AppClassLoader                                 : 236K
Loader org.gradle.internal.classloader.VisitableURLClassLoader                         : 6848B
Loader sun.reflect.misc.MethodUtil                                                     : 2952B

Classes loaded by more than one classloader:
Class com.google.common.base.PairwiseEquivalence                                      : loaded 3 times (x 79B)
Class com.google.common.base.Equivalence$Identity                                     : loaded 3 times (x 78B)
Class com.google.common.collect.RegularImmutableMap$KeySet                            : loaded 3 times (x 148B)
Class kotlin.coroutines.jvm.internal.CompletedContinuation                            : loaded 3 times (x 71B)
Class kotlin.jvm.KotlinReflectionNotSupportedError                                    : loaded 3 times (x 78B)
Class kotlin.io.TextStreamsKt                                                         : loaded 3 times (x 67B)
Class kotlin.sequences.DropTakeSequence                                               : loaded 3 times (x 66B)
Class kotlin.ranges.IntProgression                                                    : loaded 3 times (x 77B)
Class com.google.common.base.Splitter$Strategy                                        : loaded 3 times (x 66B)
Class com.google.common.collect.RegularImmutableSet                                   : loaded 3 times (x 145B)
Class kotlin.sequences.FlatteningSequence                                             : loaded 3 times (x 71B)
Class kotlin.coroutines.CoroutineContext                                              : loaded 3 times (x 66B)
Class kotlin.text.StringsKt__StringsKt                                                : loaded 3 times (x 67B)
Class kotlin.NotImplementedError                                                      : loaded 3 times (x 78B)
Class kotlin.coroutines.jvm.internal.DebugProbesKt                                    : loaded 3 times (x 67B)
Class kotlin.ranges.IntProgressionIterator                                            : loaded 3 times (x 78B)
Class [Lcom.google.common.collect.MapMakerInternalMap$Segment;                        : loaded 3 times (x 65B)
Class com.google.common.collect.SortedSetMultimap                                     : loaded 3 times (x 66B)
Class com.google.common.collect.Iterators$MergingIterator                             : loaded 3 times (x 77B)
Class com.google.common.collect.MapMakerInternalMap$1                                 : loaded 3 times (x 79B)
Class kotlin.collections.CollectionsKt                                                : loaded 3 times (x 67B)
Class kotlin.reflect.KMutableProperty2                                                : loaded 3 times (x 66B)
Class kotlin.coroutines.jvm.internal.CoroutineStackFrame                              : loaded 3 times (x 66B)
Class kotlin.coroutines.intrinsics.IntrinsicsKt__IntrinsicsJvmKt                      : loaded 3 times (x 67B)
Class kotlin.reflect.KMutableProperty1                                                : loaded 3 times (x 66B)
Class kotlin.jvm.internal.CollectionToArray                                           : loaded 3 times (x 67B)
Class kotlin.io.FilesKt__FileTreeWalkKt                                               : loaded 3 times (x 67B)
Class kotlin.sequences.FilteringSequence$iterator$1                                   : loaded 3 times (x 75B)
Class kotlin.collections.CollectionsKt__ReversedViewsKt                               : loaded 3 times (x 67B)
Class kotlin.sequences.SequencesKt__SequenceBuilderKt                                 : loaded 3 times (x 67B)
Class [Lcom.google.common.base.AbstractIterator$State;                                : loaded 3 times (x 65B)
Class com.google.common.base.CharMatcher$IsEither                                     : loaded 3 times (x 107B)
Class com.google.common.collect.ImmutableList$SubList                                 : loaded 3 times (x 205B)
Class kotlin.jvm.internal.Ref$BooleanRef                                              : loaded 3 times (x 67B)
Class com.google.common.collect.AbstractMapBasedMultimap$WrappedCollection            : loaded 3 times (x 120B)
Class com.google.common.collect.ImmutableList$1                                       : loaded 3 times (x 93B)
Class kotlin.jvm.internal.StringCompanionObject                                       : loaded 3 times (x 67B)
Class com.google.common.collect.ImmutableSet$SetBuilderImpl                           : loaded 3 times (x 72B)
Class kotlin.jvm.internal.PropertyReference1Impl                                      : loaded 3 times (x 123B)
Class kotlin.SafePublicationLazyImpl$Companion                                        : loaded 3 times (x 67B)
Class kotlin.jvm.internal.MutablePropertyReference1                                   : loaded 3 times (x 133B)
Class kotlin.coroutines.jvm.internal.SuspendFunction                                  : loaded 3 times (x 66B)
Class kotlin.reflect.KClassifier                                                      : loaded 3 times (x 66B)
Class com.google.common.collect.ImmutableEnumSet                                      : loaded 3 times (x 142B)
Class kotlin.reflect.KMutableProperty0                                                : loaded 3 times (x 66B)
Class com.google.common.collect.ImmutableList                                         : loaded 3 times (x 202B)
Class org.objectweb.asm.ClassReader                                                   : loaded 3 times (x 90B)
Class com.google.common.collect.RegularImmutableMap                                   : loaded 3 times (x 117B)
Class com.google.common.collect.ImmutableMap$MapViewOfValuesAsSingletonSets           : loaded 3 times (x 122B)
Class com.google.common.collect.ImmutableSet$EmptySetBuilderImpl                      : loaded 3 times (x 72B)
Class kotlin.jvm.internal.markers.KMappedMarker                                       : loaded 3 times (x 66B)
Class kotlin.collections.builders.MapBuilder                                          : loaded 3 times (x 108B)
Class kotlin.ranges.IntProgression$Companion                                          : loaded 3 times (x 67B)
Class [Lkotlin.reflect.KProperty;                                                     : loaded 3 times (x 65B)
Class kotlin.sequences.ConstrainedOnceSequence                                        : loaded 3 times (x 71B)
Class com.google.common.base.CharMatcher$InRange                                      : loaded 3 times (x 107B)
Class com.google.common.collect.UnmodifiableListIterator                              : loaded 3 times (x 91B)
Class org.objectweb.asm.ClassVisitor                                                  : loaded 3 times (x 84B)
Class com.google.common.collect.ImmutableSet$Builder                                  : loaded 3 times (x 81B)
Class com.google.common.collect.SetMultimap                                           : loaded 3 times (x 66B)
Class com.google.common.collect.Maps$BiMapConverter                                   : loaded 3 times (x 86B)
Class kotlin.NoWhenBranchMatchedException                                             : loaded 3 times (x 78B)
Class kotlin.sequences.TransformingSequence                                           : loaded 3 times (x 71B)
Class kotlin.Lazy                                                                     : loaded 3 times (x 66B)
Class kotlin.jvm.functions.Function19                                                 : loaded 3 times (x 66B)
Class kotlin.reflect.KMutableProperty$Setter                                          : loaded 3 times (x 66B)
Class com.google.common.collect.ImmutableMapEntrySet$RegularEntrySet                  : loaded 3 times (x 148B)
Class com.google.common.collect.MapMakerInternalMap$Strength                          : loaded 3 times (x 76B)
Class com.google.common.collect.CollectCollectors                                     : loaded 3 times (x 67B)
Class com.google.common.collect.Multimaps                                             : loaded 3 times (x 67B)
Class [Lkotlin.reflect.KClass;                                                        : loaded 3 times (x 65B)
Class kotlin.io.LinesSequence                                                         : loaded 3 times (x 71B)
Class kotlin.text.StringsKt__StringBuilderKt                                          : loaded 3 times (x 67B)
Class kotlin.jvm.internal.CallableReference$NoReceiver                                : loaded 3 times (x 67B)
Class kotlin.jvm.functions.Function18                                                 : loaded 3 times (x 66B)
Class com.google.common.collect.RangeSet                                              : loaded 3 times (x 66B)
Class com.google.common.base.Platform$JdkPatternCompiler                              : loaded 3 times (x 71B)
Class com.google.common.base.CharMatcher$NamedFastMatcher                             : loaded 3 times (x 108B)
Class com.google.common.base.CharMatcher$1                                            : loaded 3 times (x 109B)
Class kotlin.collections.ArraysKt__ArraysJVMKt                                        : loaded 3 times (x 67B)
Class kotlin.jvm.functions.Function17                                                 : loaded 3 times (x 66B)
Class org.objectweb.asm.MethodVisitor                                                 : loaded 3 times (x 101B)
Class com.google.common.collect.RangeGwtSerializationDependencies                     : loaded 3 times (x 67B)
Class com.google.common.base.Joiner$2                                                 : loaded 3 times (x 75B)
Class com.google.common.collect.Table                                                 : loaded 3 times (x 66B)
Class kotlin.KotlinVersion$Companion                                                  : loaded 3 times (x 67B)
Class com.google.common.collect.MapMakerInternalMap$InternalEntryHelper               : loaded 3 times (x 66B)
Class kotlin.InitializedLazyImpl                                                      : loaded 3 times (x 72B)
Class com.google.common.base.CharMatcher                                              : loaded 3 times (x 107B)
Class kotlin.sequences.SequencesKt___SequencesKt                                      : loaded 3 times (x 67B)
Class kotlin.collections.SetsKt__SetsKt                                               : loaded 3 times (x 67B)
Class com.google.common.base.CharMatcher$None                                         : loaded 3 times (x 108B)
Class kotlin.collections.AbstractList$Companion                                       : loaded 3 times (x 67B)
Class kotlin.LazyKt                                                                   : loaded 3 times (x 67B)
Class kotlin.coroutines.EmptyCoroutineContext                                         : loaded 3 times (x 73B)
Class [Lcom.google.common.collect.ImmutableMapEntry;                                  : loaded 3 times (x 65B)
Class kotlin.jvm.functions.Function16                                                 : loaded 3 times (x 66B)
Class org.objectweb.asm.Label                                                         : loaded 3 times (x 69B)
Class com.google.common.base.Joiner$1                                                 : loaded 3 times (x 76B)
Class com.google.common.collect.PeekingIterator                                       : loaded 3 times (x 66B)
Class kotlin.sequences.SequencesKt___SequencesKt$flatMap$2                            : loaded 3 times (x 121B)
Class com.google.common.base.Preconditions                                            : loaded 3 times (x 67B)
Class kotlin.collections.ArraysKt                                                     : loaded 3 times (x 67B)
Class com.google.common.collect.ListMultimap                                          : loaded 3 times (x 66B)
Class com.google.common.collect.ImmutableRangeSet                                     : loaded 3 times (x 111B)
Class kotlin.text.CharsKt__CharKt                                                     : loaded 3 times (x 67B)
Class kotlin.coroutines.ContinuationInterceptor                                       : loaded 3 times (x 66B)
Class kotlin.text.StringsKt__AppendableKt                                             : loaded 3 times (x 67B)
Class com.google.common.collect.ImmutableEnumMap                                      : loaded 3 times (x 122B)
Class com.google.common.collect.Iterators$EmptyModifiableIterator                     : loaded 3 times (x 82B)
Class kotlin.jvm.internal.AdaptedFunctionReference                                    : loaded 3 times (x 73B)
Class com.google.common.base.PatternCompiler                                          : loaded 3 times (x 66B)
Class com.google.common.collect.Hashing                                               : loaded 3 times (x 67B)
Class kotlin.reflect.KProperty$Accessor                                               : loaded 3 times (x 66B)
Class [Lkotlin.reflect.KCallable;                                                     : loaded 3 times (x 65B)
Class kotlin.jvm.functions.Function15                                                 : loaded 3 times (x 66B)
Class com.google.common.base.Equivalence$Equals                                       : loaded 3 times (x 78B)
Class kotlin.jvm.internal.ArrayIteratorKt                                             : loaded 3 times (x 67B)
Class com.google.common.base.Splitter                                                 : loaded 3 times (x 68B)
Class com.google.common.collect.Sets$1                                                : loaded 3 times (x 135B)
Class com.google.common.base.CharMatcher$Is                                           : loaded 3 times (x 107B)
Class com.google.common.base.CharMatcher$Negated                                      : loaded 3 times (x 109B)
Class kotlin.ranges.RangesKt___RangesKt                                               : loaded 3 times (x 67B)
Class kotlin.jvm.functions.Function14                                                 : loaded 3 times (x 66B)
Class com.google.common.collect.MapMakerInternalMap$Strength$1                        : loaded 3 times (x 76B)
Class kotlin.sequences.SequenceScope                                                  : loaded 3 times (x 69B)
Class com.google.common.collect.RegularImmutableBiMap                                 : loaded 3 times (x 145B)
Class kotlin.KotlinNullPointerException                                               : loaded 3 times (x 79B)
Class kotlin.text.Charsets                                                            : loaded 3 times (x 67B)
Class kotlin.ranges.OpenEndRange                                                      : loaded 3 times (x 66B)
Class kotlin.jvm.functions.Function13                                                 : loaded 3 times (x 66B)
Class kotlin.sequences.SequenceBuilderIterator                                        : loaded 3 times (x 81B)
Class kotlin.sequences.Sequence                                                       : loaded 3 times (x 66B)
Class kotlin.text.StringsKt__StringNumberConversionsJVMKt                             : loaded 3 times (x 67B)
Class com.google.common.collect.Sets$2                                                : loaded 3 times (x 135B)
Class kotlin.collections.CollectionsKt__IterablesKt                                   : loaded 3 times (x 67B)
Class kotlin.collections.MapsKt                                                       : loaded 3 times (x 67B)
Class com.google.common.collect.MapMakerInternalMap$Strength$2                        : loaded 3 times (x 76B)
Class kotlin.jvm.functions.Function20                                                 : loaded 3 times (x 66B)
Class kotlin.coroutines.intrinsics.CoroutineSingletons                                : loaded 3 times (x 75B)
Class kotlin.jvm.functions.Function12                                                 : loaded 3 times (x 66B)
Class com.google.common.collect.RegularImmutableMap$BucketOverflowException           : loaded 3 times (x 78B)
Class org.objectweb.asm.MethodWriter                                                  : loaded 3 times (x 102B)
Class kotlin.jvm.internal.Intrinsics                                                  : loaded 3 times (x 67B)
Class kotlin.collections.CollectionsKt___CollectionsKt$asSequence$$inlined$Sequence$1 : loaded 3 times (x 71B)
Class com.google.common.base.AbstractIterator$State                                   : loaded 3 times (x 75B)
Class com.google.common.collect.Sets$3                                                : loaded 3 times (x 135B)
Class kotlin.reflect.KAnnotatedElement                                                : loaded 3 times (x 66B)
Class kotlin.collections.EmptyMap                                                     : loaded 3 times (x 105B)
Class kotlin.ranges.IntRange$Companion                                                : loaded 3 times (x 67B)
Class kotlin.coroutines.intrinsics.IntrinsicsKt                                       : loaded 3 times (x 67B)
Class com.google.common.collect.MapMakerInternalMap$StrongValueEntry                  : loaded 3 times (x 66B)
Class kotlin.jvm.functions.Function21                                                 : loaded 3 times (x 66B)
Class kotlin.jvm.internal.markers.KMutableCollection                                  : loaded 3 times (x 66B)
Class kotlin.jvm.functions.Function11                                                 : loaded 3 times (x 66B)
Class com.google.common.collect.Sets$4                                                : loaded 3 times (x 135B)
Class kotlin.jvm.internal.PropertyReference0Impl                                      : loaded 3 times (x 123B)
Class com.google.common.collect.ImmutableSet$RegularSetBuilderImpl                    : loaded 3 times (x 73B)
Class [Lkotlin.LazyThreadSafetyMode;                                                  : loaded 3 times (x 65B)
Class kotlin.annotation.AnnotationRetention                                           : loaded 3 times (x 75B)
Class [Lkotlin.reflect.KClassifier;                                                   : loaded 3 times (x 65B)
Class kotlin.collections.MapWithDefault                                               : loaded 3 times (x 66B)
Class kotlin.jvm.functions.Function22                                                 : loaded 3 times (x 66B)
Class kotlin.jvm.functions.Function9                                                  : loaded 3 times (x 66B)
Class kotlin.jvm.functions.Function10                                                 : loaded 3 times (x 66B)
Class kotlin.coroutines.jvm.internal.SuspendLambda                                    : loaded 3 times (x 87B)
Class kotlin.coroutines.jvm.internal.ContinuationImpl                                 : loaded 3 times (x 83B)
Class com.google.common.collect.ImmutableRangeSet$ComplementRanges                    : loaded 3 times (x 203B)
Class kotlin.annotation.MustBeDocumented                                              : loaded 3 times (x 66B)
Class com.google.common.collect.ImmutableMapKeySet                                    : loaded 3 times (x 148B)
Class kotlin.enums.EnumEntriesKt                                                      : loaded 3 times (x 67B)
Class kotlin.reflect.KTypeParameter                                                   : loaded 3 times (x 66B)
Class kotlin.text.StringsKt___StringsKt                                               : loaded 3 times (x 67B)
Class kotlin.collections.CollectionsKt__MutableCollectionsJVMKt                       : loaded 3 times (x 67B)
Class kotlin.collections.builders.MapBuilder$Companion                                : loaded 3 times (x 67B)
Class kotlin.jvm.functions.Function8                                                  : loaded 3 times (x 66B)
Class [Lkotlin.annotation.AnnotationRetention;                                        : loaded 3 times (x 65B)
Class kotlin.collections.CollectionsKt__CollectionsKt                                 : loaded 3 times (x 67B)
Class kotlin.collections.ArraysKt___ArraysJvmKt                                       : loaded 3 times (x 67B)
Class com.google.common.base.Splitter$1                                               : loaded 3 times (x 73B)
Class kotlin.text.StringsKt__RegexExtensionsJVMKt                                     : loaded 3 times (x 67B)
Class com.google.common.collect.MapDifference                                         : loaded 3 times (x 66B)
Class kotlin.collections.MapsKt__MapWithDefaultKt                                     : loaded 3 times (x 67B)
Class kotlin.jvm.functions.Function7                                                  : loaded 3 times (x 66B)
Class com.google.common.collect.SortedMapDifference                                   : loaded 3 times (x 66B)
Class kotlin.collections.ArraysKt___ArraysKt                                          : loaded 3 times (x 67B)
Class kotlin._Assertions                                                              : loaded 3 times (x 67B)
Class kotlin.text.Regex$Companion                                                     : loaded 3 times (x 67B)
Class kotlin.collections.MapsKt___MapsKt                                              : loaded 3 times (x 67B)
Class kotlin.io.FilesKt                                                               : loaded 3 times (x 67B)
Class kotlin.jvm.functions.Function6                                                  : loaded 3 times (x 66B)
Class [Lcom.google.common.collect.MapMakerInternalMap$Strength;                       : loaded 3 times (x 65B)
Class kotlin.text.StringsKt___StringsJvmKt                                            : loaded 3 times (x 67B)
Class kotlin.reflect.KDeclarationContainer                                            : loaded 3 times (x 66B)
Class [Lkotlin.annotation.AnnotationTarget;                                           : loaded 3 times (x 65B)
Class com.google.common.collect.CollectPreconditions                                  : loaded 3 times (x 67B)
Class com.google.common.collect.Iterators$ArrayItr                                    : loaded 3 times (x 93B)
Class com.google.common.collect.ImmutableRangeSet$AsSet                               : loaded 3 times (x 296B)
Class com.google.common.collect.ImmutableCollection$Builder                           : loaded 3 times (x 72B)
Class kotlin.jvm.functions.Function5                                                  : loaded 3 times (x 66B)
Class [Lkotlin.coroutines.intrinsics.CoroutineSingletons;                             : loaded 3 times (x 65B)
Class kotlin.annotation.Retention                                                     : loaded 3 times (x 66B)
Class kotlin.collections.CollectionsKt___CollectionsKt                                : loaded 3 times (x 67B)
Class kotlin.collections.EmptySet                                                     : loaded 3 times (x 118B)
Class kotlin.jvm.internal.FunctionReference                                           : loaded 3 times (x 118B)
Class kotlin.jvm.internal.FunctionBase                                                : loaded 3 times (x 66B)
Class kotlin.enums.EnumEntriesList                                                    : loaded 3 times (x 219B)
Class kotlin.jvm.functions.Function4                                                  : loaded 3 times (x 66B)
Class kotlin.annotation.Target                                                        : loaded 3 times (x 66B)
Class com.google.common.collect.ImmutableEntry                                        : loaded 3 times (x 78B)
Class [Lcom.google.common.collect.AbstractMapEntry;                                   : loaded 3 times (x 65B)
Class com.google.common.collect.ArrayListMultimap                                     : loaded 3 times (x 168B)
Class com.google.common.base.MoreObjects                                              : loaded 3 times (x 67B)
Class com.google.common.base.Joiner                                                   : loaded 3 times (x 75B)
Class com.google.common.base.CharMatcher$NegatedFastMatcher                           : loaded 3 times (x 109B)
Class kotlin.collections.MapsKt___MapsJvmKt                                           : loaded 3 times (x 67B)
Class kotlin.jvm.functions.Function3                                                  : loaded 3 times (x 66B)
Class com.google.common.collect.AbstractRangeSet                                      : loaded 3 times (x 110B)
Class com.google.common.collect.MapMakerInternalMap$WeakValueReference                : loaded 3 times (x 66B)
Class kotlin.collections.CollectionsKt__IteratorsJVMKt                                : loaded 3 times (x 67B)
Class kotlin.comparisons.ComparisonsKt___ComparisonsJvmKt                             : loaded 3 times (x 67B)
Class kotlin.KotlinNothingValueException                                              : loaded 3 times (x 78B)
Class kotlin.jvm.functions.Function2                                                  : loaded 3 times (x 66B)
Class com.google.common.collect.ImmutableMap                                          : loaded 3 times (x 116B)
Class com.google.common.base.Predicate                                                : loaded 3 times (x 66B)
Class com.google.common.collect.Platform                                              : loaded 3 times (x 67B)
Class [Lorg.objectweb.asm.Type;                                                       : loaded 3 times (x 65B)
Class kotlin.jvm.internal.markers.KMutableIterator                                    : loaded 3 times (x 66B)
Class kotlin.reflect.KProperty0                                                       : loaded 3 times (x 66B)
Class kotlin.Result                                                                   : loaded 3 times (x 68B)
Class com.google.common.collect.Sets                                                  : loaded 3 times (x 67B)
Class com.google.common.base.CharMatcher$FastMatcher                                  : loaded 3 times (x 107B)
Class kotlin.jvm.functions.Function1                                                  : loaded 3 times (x 66B)
Class com.google.common.base.Strings                                                  : loaded 3 times (x 67B)
Class com.google.common.collect.UnmodifiableIterator                                  : loaded 3 times (x 76B)
Class com.google.common.collect.MapMakerInternalMap                                   : loaded 3 times (x 157B)
Class com.google.common.collect.SingletonImmutableBiMap                               : loaded 3 times (x 139B)
Class com.google.common.collect.Iterators$SingletonIterator                           : loaded 3 times (x 77B)
Class com.google.common.collect.AbstractMapEntry                                      : loaded 3 times (x 77B)
Class kotlin.reflect.KClass                                                           : loaded 3 times (x 66B)
Class kotlin.reflect.KProperty1                                                       : loaded 3 times (x 66B)
Class kotlin.Pair                                                                     : loaded 3 times (x 68B)
Class kotlin.properties.ReadWriteProperty                                             : loaded 3 times (x 66B)
Class kotlin.sequences.TransformingSequence$iterator$1                                : loaded 3 times (x 75B)
Class kotlin.sequences.FlatteningSequence$iterator$1                                  : loaded 3 times (x 75B)
Class kotlin.jvm.functions.Function0                                                  : loaded 3 times (x 66B)
Class kotlin.collections.ArraysUtilJVM                                                : loaded 3 times (x 67B)
Class com.google.common.collect.AbstractMultimap                                      : loaded 3 times (x 119B)
Class com.google.common.collect.ImmutableList$Builder                                 : loaded 3 times (x 73B)
Class kotlin.sequences.GeneratorSequence$iterator$1                                   : loaded 3 times (x 75B)
Class kotlin.reflect.KProperty2                                                       : loaded 3 times (x 66B)
Class kotlin.sequences.GeneratorSequence                                              : loaded 3 times (x 71B)
Class kotlin.io.CloseableKt                                                           : loaded 3 times (x 67B)
Class [Lkotlin.DeprecationLevel;                                                      : loaded 3 times (x 65B)
Class kotlin.collections.CollectionsKt__MutableCollectionsKt                          : loaded 3 times (x 67B)
Class kotlin.ranges.RangesKt                                                          : loaded 3 times (x 67B)
Class org.objectweb.asm.Attribute                                                     : loaded 3 times (x 73B)
Class com.google.common.base.Supplier                                                 : loaded 3 times (x 66B)
Class com.google.common.base.CharMatcher$Or                                           : loaded 3 times (x 108B)
Class kotlin.sequences.SequencesKt___SequencesJvmKt                                   : loaded 3 times (x 67B)
Class com.google.common.io.Closer$Suppressor                                          : loaded 3 times (x 66B)
Class com.google.common.collect.ImmutableRangeSet$1                                   : loaded 3 times (x 206B)
Class kotlin.Unit                                                                     : loaded 3 times (x 67B)
Class kotlin.TuplesKt                                                                 : loaded 3 times (x 67B)
Class kotlin.jvm.internal.markers.KMutableIterable                                    : loaded 3 times (x 66B)
Class kotlin.jdk7.AutoCloseableKt                                                     : loaded 3 times (x 67B)
Class kotlin.coroutines.CoroutineContext$Element                                      : loaded 3 times (x 66B)
Class com.google.common.collect.RegularImmutableAsList                                : loaded 3 times (x 213B)
Class kotlin.io.FilesKt__FilePathComponentsKt                                         : loaded 3 times (x 67B)
Class kotlin.reflect.KCallable                                                        : loaded 3 times (x 66B)
Class kotlin.jvm.internal.FunctionReferenceImpl                                       : loaded 3 times (x 118B)
Class kotlin.collections.AbstractIterator                                             : loaded 3 times (x 79B)
Class com.google.common.collect.Iterators                                             : loaded 3 times (x 67B)
Class com.google.common.collect.Range                                                 : loaded 3 times (x 83B)
Class kotlin.collections.CollectionsKt___CollectionsJvmKt                             : loaded 3 times (x 67B)
Class kotlin.io.LinesSequence$iterator$1                                              : loaded 3 times (x 75B)
Class kotlin.text.DelimitedRangesSequence                                             : loaded 3 times (x 71B)
Class kotlin.text.CharsKt                                                             : loaded 3 times (x 67B)
Class com.google.common.collect.ImmutableSet                                          : loaded 3 times (x 141B)
Class com.google.common.base.CharMatcher$BitSetMatcher                                : loaded 3 times (x 108B)
Class com.google.common.io.Closer                                                     : loaded 3 times (x 74B)
Class kotlin.reflect.KType                                                            : loaded 3 times (x 66B)
Class com.google.common.collect.RegularImmutableMap$Values                            : loaded 3 times (x 203B)
Class com.google.common.base.AbstractIterator                                         : loaded 3 times (x 76B)
Class kotlin.comparisons.ComparisonsKt___ComparisonsKt                                : loaded 3 times (x 67B)
Class kotlin.coroutines.ContinuationInterceptor$Key                                   : loaded 3 times (x 67B)
Class kotlin.text.DelimitedRangesSequence$iterator$1                                  : loaded 3 times (x 75B)
Class kotlin.comparisons.ComparisonsKt                                                : loaded 3 times (x 67B)
Class kotlin.text.CharsKt__CharJVMKt                                                  : loaded 3 times (x 67B)
Class com.google.common.collect.Lists$StringAsImmutableList                           : loaded 3 times (x 203B)
Class kotlin.sequences.FilteringSequence                                              : loaded 3 times (x 71B)
Class kotlin.coroutines.jvm.internal.BaseContinuationImpl                             : loaded 3 times (x 83B)
Class kotlin.Result$Companion                                                         : loaded 3 times (x 67B)
Class kotlin.comparisons.ComparisonsKt__ComparisonsKt                                 : loaded 3 times (x 67B)
Class kotlin.sequences.SequencesKt__SequencesKt                                       : loaded 3 times (x 67B)
Class kotlin.collections.SetsKt___SetsKt                                              : loaded 3 times (x 67B)
Class kotlin.ranges.RangesKt__RangesKt                                                : loaded 3 times (x 67B)
Class com.google.common.math.IntMath$1                                                : loaded 3 times (x 67B)
Class kotlin.DeprecationLevel                                                         : loaded 3 times (x 75B)
Class kotlin.coroutines.Continuation                                                  : loaded 3 times (x 66B)
Class kotlin.jvm.JvmStatic                                                            : loaded 3 times (x 66B)
Class kotlin.jvm.internal.ClassBasedDeclarationContainer                              : loaded 3 times (x 66B)
Class kotlin.UNINITIALIZED_VALUE                                                      : loaded 3 times (x 67B)
Class kotlin.jvm.internal.Ref$ObjectRef                                               : loaded 3 times (x 68B)
Class kotlin.jvm.internal.ReflectionFactory                                           : loaded 3 times (x 87B)
Class org.objectweb.asm.Type                                                          : loaded 3 times (x 68B)
Class kotlin.collections.MapsKt__MapsJVMKt                                            : loaded 3 times (x 67B)
Class kotlin.collections.EmptyList                                                    : loaded 3 times (x 170B)
Class com.google.common.collect.Sets$SetView                                          : loaded 3 times (x 134B)
Class kotlin.collections.ArraysKt___ArraysKt$asSequence$$inlined$Sequence$1           : loaded 3 times (x 71B)
Class kotlin.text.StringsKt__StringBuilderJVMKt                                       : loaded 3 times (x 67B)
Class com.google.common.base.CharMatcher$And                                          : loaded 3 times (x 108B)
Class kotlin.text.Regex                                                               : loaded 3 times (x 68B)
Class kotlin.LazyKt__LazyKt                                                           : loaded 3 times (x 67B)
Class kotlin.collections.ArrayAsCollection                                            : loaded 3 times (x 101B)
Class kotlin.sequences.SequencesKt__SequenceBuilderKt$sequence$$inlined$Sequence$1    : loaded 3 times (x 71B)
Class com.google.common.base.Objects                                                  : loaded 3 times (x 67B)
Class com.google.common.collect.AbstractMapBasedMultimap$Itr                          : loaded 3 times (x 79B)
Class com.google.common.collect.IndexedImmutableSet                                   : loaded 3 times (x 148B)
Class com.google.common.collect.ImmutableMap$1                                        : loaded 3 times (x 77B)
Class kotlin.Triple                                                                   : loaded 3 times (x 68B)
Class com.google.common.collect.ImmutableRangeSet$Builder                             : loaded 3 times (x 73B)
Class [Lcom.google.common.collect.Iterators$EmptyModifiableIterator;                  : loaded 3 times (x 65B)
Class kotlin.collections.builders.ListBuilderKt                                       : loaded 3 times (x 67B)
Class kotlin.collections.AbstractCollection                                           : loaded 3 times (x 113B)
Class kotlin.collections.AbstractList                                                 : loaded 3 times (x 193B)
Class com.google.common.collect.BiMap                                                 : loaded 3 times (x 66B)
Class com.google.common.collect.Maps$8                                                : loaded 3 times (x 78B)
Class kotlin.sequences.SequencesKt__SequencesJVMKt                                    : loaded 3 times (x 67B)
Class kotlin.coroutines.jvm.internal.RestrictedSuspendLambda                          : loaded 3 times (x 87B)
Class kotlin.text.StringsKt__RegexExtensionsKt                                        : loaded 3 times (x 67B)
Class kotlin.SynchronizedLazyImpl                                                     : loaded 3 times (x 72B)
Class com.google.common.collect.AbstractIterator                                      : loaded 3 times (x 78B)
Class kotlin.collections.EmptyIterator                                                : loaded 3 times (x 85B)
Class kotlin.ResultKt                                                                 : loaded 3 times (x 67B)
Class com.google.common.primitives.Ints                                               : loaded 3 times (x 67B)
Class com.google.common.base.Platform                                                 : loaded 3 times (x 67B)
Class kotlin.jvm.internal.SpreadBuilder                                               : loaded 3 times (x 72B)
Class kotlin.jvm.internal.ArrayIterator                                               : loaded 3 times (x 75B)
Class kotlin.LazyThreadSafetyMode                                                     : loaded 3 times (x 75B)
Class kotlin.collections.IndexingIterable                                             : loaded 3 times (x 75B)
Class com.google.common.collect.Multiset                                              : loaded 3 times (x 66B)
Class com.google.common.collect.ArrayListMultimapGwtSerializationDependencies         : loaded 3 times (x 168B)
Class com.google.common.collect.ObjectArrays                                          : loaded 3 times (x 67B)
Class com.google.common.collect.AbstractIndexedListIterator                           : loaded 3 times (x 92B)
Class kotlin.Result$Failure                                                           : loaded 3 times (x 68B)
Class kotlin.LazyKt__LazyJVMKt$WhenMappings                                           : loaded 3 times (x 67B)
Class com.google.common.math.MathPreconditions                                        : loaded 3 times (x 67B)
Class kotlin.collections.ArraysKt__ArraysKt                                           : loaded 3 times (x 67B)
Class kotlin.UnsafeLazyImpl                                                           : loaded 3 times (x 72B)
Class com.google.common.collect.ImmutableMapEntrySet                                  : loaded 3 times (x 148B)
Class kotlin.jvm.internal.MutablePropertyReference                                    : loaded 3 times (x 115B)
Class [Lcom.google.common.collect.ImmutableEntry;                                     : loaded 3 times (x 65B)
Class com.google.common.collect.MapMaker                                              : loaded 3 times (x 68B)
Class com.google.common.collect.Maps                                                  : loaded 3 times (x 67B)
Class kotlin.jvm.internal.PropertyReference1                                          : loaded 3 times (x 123B)
Class kotlin.jvm.internal.DefaultConstructorMarker                                    : loaded 3 times (x 67B)
Class kotlin.collections.SetsKt__SetsJVMKt                                            : loaded 3 times (x 67B)
Class kotlin.sequences.EmptySequence                                                  : loaded 3 times (x 74B)
Class kotlin.Function                                                                 : loaded 3 times (x 66B)
Class kotlin.jvm.internal.PropertyReference0                                          : loaded 3 times (x 123B)
Class kotlin.KotlinVersion                                                            : loaded 3 times (x 70B)
Class com.google.common.collect.RegularImmutableList                                  : loaded 3 times (x 209B)
Class com.google.common.collect.IndexedImmutableSet$1                                 : loaded 3 times (x 209B)
Class kotlin.enums.EnumEntries                                                        : loaded 3 times (x 66B)
Class kotlin.reflect.KMutableProperty                                                 : loaded 3 times (x 66B)
Class com.google.common.base.Function                                                 : loaded 3 times (x 66B)
Class kotlin.internal.ProgressionUtilKt                                               : loaded 3 times (x 67B)
Class com.google.common.collect.ImmutableMapEntry$NonTerminalImmutableMapEntry        : loaded 3 times (x 81B)
Class com.google.common.base.Equivalence                                              : loaded 3 times (x 78B)
Class kotlin.ranges.IntRange                                                          : loaded 3 times (x 89B)
Class kotlin.jvm.internal.markers.KMutableMap                                         : loaded 3 times (x 66B)
Class kotlin.properties.ReadOnlyProperty                                              : loaded 3 times (x 66B)
Class kotlin.jvm.internal.PropertyReference                                           : loaded 3 times (x 111B)
Class com.google.common.collect.ImmutableMapEntry                                     : loaded 3 times (x 81B)
Class com.google.common.collect.MapMakerInternalMap$InternalEntry                     : loaded 3 times (x 66B)
Class kotlin.jvm.internal.CallableReference                                           : loaded 3 times (x 102B)
Class com.google.common.math.IntMath                                                  : loaded 3 times (x 67B)
Class kotlin.collections.AbstractList$IteratorImpl                                    : loaded 3 times (x 78B)
Class com.google.common.collect.RegularImmutableSortedSet                             : loaded 3 times (x 296B)
Class com.google.common.base.CommonPattern                                            : loaded 3 times (x 70B)
Class com.google.common.base.CharMatcher$IsNot                                        : loaded 3 times (x 107B)
Class [Lkotlin.sequences.Sequence;                                                    : loaded 3 times (x 65B)
Class kotlin.collections.IndexingIterator                                             : loaded 3 times (x 75B)
Class com.google.common.collect.ImmutableMap$Builder                                  : loaded 3 times (x 78B)
Class kotlin.jvm.internal.MutablePropertyReference1Impl                               : loaded 3 times (x 133B)
Class com.google.common.collect.ImmutableSortedSet                                    : loaded 3 times (x 296B)
Class com.google.common.collect.Maps$EntryTransformer                                 : loaded 3 times (x 66B)
Class kotlin.text.StringsKt__StringNumberConversionsKt                                : loaded 3 times (x 67B)
Class kotlin.io.FilesKt__FileReadWriteKt                                              : loaded 3 times (x 67B)
Class com.google.common.base.NullnessCasts                                            : loaded 3 times (x 67B)
Class [Lkotlin.Pair;                                                                  : loaded 3 times (x 65B)
Class kotlin.LazyKt__LazyJVMKt                                                        : loaded 3 times (x 67B)
Class com.google.common.collect.AbstractMapBasedMultimap$WrappedCollection$WrappedIterator: loaded 3 times (x 80B)
Class kotlin.coroutines.CoroutineContext$Key                                          : loaded 3 times (x 66B)
Class kotlin.coroutines.jvm.internal.RestrictedContinuationImpl                       : loaded 3 times (x 83B)
Class kotlin.text.StringsKt                                                           : loaded 3 times (x 67B)
Class com.google.common.collect.ImmutableAsList                                       : loaded 3 times (x 205B)
Class [Lkotlin.reflect.KAnnotatedElement;                                             : loaded 3 times (x 65B)
Class kotlin.jvm.internal.markers.KMutableSet                                         : loaded 3 times (x 66B)
Class com.google.common.collect.AbstractMapBasedMultimap                              : loaded 3 times (x 135B)
Class com.google.common.collect.Iterators$9                                           : loaded 3 times (x 77B)
Class com.google.common.base.FunctionalEquivalence                                    : loaded 3 times (x 79B)
Class com.google.common.collect.Lists                                                 : loaded 3 times (x 67B)
Class kotlin.annotation.AnnotationTarget                                              : loaded 3 times (x 75B)
Class kotlin.jvm.JvmClassMappingKt                                                    : loaded 3 times (x 67B)
Class com.google.common.base.Converter                                                : loaded 3 times (x 86B)
Class kotlin.sequences.SequencesKt                                                    : loaded 3 times (x 67B)
Class kotlin.jvm.internal.Reflection                                                  : loaded 3 times (x 67B)
Class kotlin.reflect.KProperty                                                        : loaded 3 times (x 66B)
Class kotlin.collections.CollectionsKt__IteratorsKt                                   : loaded 3 times (x 67B)
Class com.google.common.primitives.IntsMethodsForWeb                                  : loaded 3 times (x 67B)
Class com.google.common.collect.Multimap                                              : loaded 3 times (x 66B)
Class kotlin.ranges.ClosedRange                                                       : loaded 3 times (x 66B)
Class com.google.common.collect.ImmutableSet$CachingAsList                            : loaded 3 times (x 144B)
Class kotlin.KotlinVersionCurrentValue                                                : loaded 3 times (x 67B)
Class kotlin.collections.builders.MapBuilder$Itr                                      : loaded 3 times (x 68B)
Class kotlin.collections.IndexedValue                                                 : loaded 3 times (x 68B)
Class com.google.common.collect.ImmutableCollection                                   : loaded 3 times (x 121B)
Class com.google.common.base.CharMatcher$AnyOf                                        : loaded 3 times (x 108B)
Class kotlin.collections.CollectionsKt__CollectionsJVMKt                              : loaded 3 times (x 67B)
Class kotlin.io.FilesKt__UtilsKt                                                      : loaded 3 times (x 67B)
Class com.google.common.collect.MapMakerInternalMap$Segment                           : loaded 3 times (x 138B)
Class com.google.common.base.CharMatcher$ForPredicate                                 : loaded 3 times (x 108B)
Class com.google.common.base.ExtraObjectsMethodsForWeb                                : loaded 3 times (x 67B)
Class com.google.common.collect.NullnessCasts                                         : loaded 3 times (x 67B)
Class kotlin.collections.IntIterator                                                  : loaded 3 times (x 78B)
Class kotlin.coroutines.intrinsics.IntrinsicsKt__IntrinsicsKt                         : loaded 3 times (x 67B)
Class com.google.common.base.Splitter$SplittingIterator                               : loaded 3 times (x 80B)
Class com.google.common.collect.ImmutableSet$JdkBackedSetBuilderImpl                  : loaded 3 times (x 72B)
Class com.google.common.collect.Iterators$5                                           : loaded 3 times (x 78B)
Class kotlin.SafePublicationLazyImpl                                                  : loaded 3 times (x 72B)
Class com.google.common.collect.ImmutableBiMap                                        : loaded 3 times (x 139B)
Class com.google.common.collect.SortedIterable                                        : loaded 3 times (x 66B)
Class kotlin.jvm.internal.TypeIntrinsics                                              : loaded 3 times (x 67B)
Class com.google.common.collect.AbstractListMultimap                                  : loaded 3 times (x 168B)
Class com.google.common.collect.Iterators$4                                           : loaded 3 times (x 78B)
Class kotlin.text.StringsKt__StringsJVMKt                                             : loaded 3 times (x 67B)
Class kotlin.reflect.KProperty$Getter                                                 : loaded 3 times (x 66B)
Class kotlin.UninitializedPropertyAccessException                                     : loaded 3 times (x 78B)
Class com.google.common.collect.SingletonImmutableList                                : loaded 3 times (x 203B)
Class com.google.common.collect.ImmutableMap$IteratorBasedImmutableMap                : loaded 3 times (x 122B)
Class com.google.common.collect.SingletonImmutableSet                                 : loaded 3 times (x 142B)
Class kotlin.collections.SetsKt                                                       : loaded 3 times (x 67B)
Class kotlin.collections.AbstractMutableSet                                           : loaded 3 times (x 138B)
Class kotlin.text.StringsKt__IndentKt                                                 : loaded 3 times (x 67B)
Class kotlin.Metadata                                                                 : loaded 3 times (x 66B)
Class kotlin.properties.Delegates                                                     : loaded 3 times (x 67B)
Class com.google.common.collect.Iterators$1                                           : loaded 3 times (x 77B)
Class kotlin.jvm.internal.Lambda                                                      : loaded 3 times (x 71B)
Class com.google.common.collect.ImmutableList$ReverseImmutableList                    : loaded 3 times (x 205B)
Class kotlin.collections.MapsKt__MapsKt                                               : loaded 3 times (x 67B)
Class [Lkotlin.reflect.KDeclarationContainer;                                         : loaded 3 times (x 65B)
Class com.google.common.base.JdkPattern                                               : loaded 3 times (x 71B)
Class kotlin.reflect.KFunction                                                        : loaded 3 times (x 66B)
Class kotlin.reflect.jvm.internal.KClassImpl$Data$$Lambda$7                           : loaded 2 times (x 72B)
Class [Lkotlin.reflect.jvm.internal.impl.name.FqName;                                 : loaded 2 times (x 65B)
Class com.android.tools.lint.model.PathVariables$Companion$PATH_COMPARATOR$4          : loaded 2 times (x 74B)
Class com.google.common.io.Files$FileByteSource                                       : loaded 2 times (x 81B)
Class com.google.common.collect.Interners$InternerBuilder                             : loaded 2 times (x 72B)
Class kotlin.time.DurationUnitKt__DurationUnitKt                                      : loaded 2 times (x 67B)
Class kotlin.reflect.jvm.internal.KClassImpl$Data$$Lambda$8                           : loaded 2 times (x 72B)
Class kotlin.reflect.jvm.internal.KPackageImpl                                        : loaded 2 times (x 81B)
Class [Lkotlinx.coroutines.CoroutineStart;                                            : loaded 2 times (x 65B)
Class kotlinx.coroutines.CoroutineDispatcher$Key                                      : loaded 2 times (x 68B)
Class it.unimi.dsi.fastutil.objects.ObjectIterable                                    : loaded 2 times (x 66B)
Class com.android.tools.lint.model.DefaultLintModelAndroidLibrary                     : loaded 2 times (x 107B)
Class kotlin.collections.ArrayDeque                                                   : loaded 2 times (x 203B)
Class com.android.sdklib.AndroidApiLevel$Companion                                    : loaded 2 times (x 67B)
Class com.android.prefs.AndroidLocationsProvider                                      : loaded 2 times (x 66B)
Class kotlin.sequences.TakeWhileSequence$iterator$1                                   : loaded 2 times (x 75B)
Class org.objectweb.asm.SymbolTable$Entry                                             : loaded 2 times (x 70B)
Class kotlin.jvm.internal.markers.KMutableMap$Entry                                   : loaded 2 times (x 66B)
Class org.gradle.api.UncheckedIOException                                             : loaded 2 times (x 78B)
Class kotlin.reflect.jvm.internal.KClassImpl$Data$$Lambda$9                           : loaded 2 times (x 72B)
Class jdk.internal.jimage.ImageStringsReader                                          : loaded 2 times (x 76B)
Class com.google.common.base.Suppliers$SupplierOfInstance                             : loaded 2 times (x 75B)
Class org.gradle.internal.classpath.ClassPath                                         : loaded 2 times (x 66B)
Class com.google.common.cache.CacheBuilder                                            : loaded 2 times (x 68B)
Class com.android.tools.lint.model.PathVariables$Companion$PATH_COMPARATOR$3          : loaded 2 times (x 74B)
Class kotlinx.coroutines.ExecutorCoroutineDispatcher$Key$1                            : loaded 2 times (x 74B)
Class kotlin.reflect.jvm.internal.KClassImpl$Data$$Lambda$6                           : loaded 2 times (x 72B)
Class kotlin.text.MatchResult$Destructured                                            : loaded 2 times (x 68B)
Class com.google.common.io.ByteSink                                                   : loaded 2 times (x 72B)
Class kotlin.time.DurationUnit                                                        : loaded 2 times (x 75B)
Class com.google.devtools.ksp.processing.KSPJvmConfig                                 : loaded 2 times (x 68B)
Class com.google.common.reflect.TypeToken$1                                           : loaded 2 times (x 106B)
Class com.google.common.cache.LocalCache$ComputingValueReference                      : loaded 2 times (x 92B)
Class com.google.common.reflect.TypeToken                                             : loaded 2 times (x 69B)
Class jdk.internal.jimage.ImageReader                                                 : loaded 2 times (x 71B)
Class com.google.common.reflect.TypeToken$2                                           : loaded 2 times (x 106B)
Class com.google.common.cache.LocalCache$Segment                                      : loaded 2 times (x 150B)
Class kotlin.time.DurationJvmKt                                                       : loaded 2 times (x 67B)
Class com.android.tools.lint.model.PathVariables$Companion$PATH_COMPARATOR$2          : loaded 2 times (x 74B)
Class com.android.prefs.PathLocator$singlePathOf$values$2                             : loaded 2 times (x 74B)
Class it.unimi.dsi.fastutil.ints.Int2ObjectOpenHashMap                                : loaded 2 times (x 218B)
Class kotlinx.coroutines.ThreadContextElement                                         : loaded 2 times (x 66B)
Class kotlin.reflect.jvm.internal.ReflectProperties                                   : loaded 2 times (x 67B)
Class kotlinx.coroutines.internal.SystemPropsKt__SystemProps_commonKt                 : loaded 2 times (x 67B)
Class it.unimi.dsi.fastutil.objects.ObjectIterator                                    : loaded 2 times (x 66B)
Class com.android.tools.lint.model.LintModelSeverity$Companion                        : loaded 2 times (x 67B)
Class jdk.internal.jimage.ImageReader$SharedImageReader                               : loaded 2 times (x 91B)
Class [Lorg.objectweb.asm.SymbolTable$Entry;                                          : loaded 2 times (x 65B)
Class com.google.common.cache.CacheLoader                                             : loaded 2 times (x 70B)
Class org.gradle.internal.installation.GradleInstallation$1                           : loaded 2 times (x 71B)
Class org.gradle.api.internal.classpath.ModuleRegistry                                : loaded 2 times (x 66B)
Class kotlin.jvm.internal.DoubleCompanionObject                                       : loaded 2 times (x 67B)
Class kotlinx.coroutines.DispatchedTaskKt                                             : loaded 2 times (x 67B)
Class com.android.resources.ResourceType$Kind                                         : loaded 2 times (x 75B)
Class kotlin.reflect.jvm.internal.ComputableClassValue                                : loaded 2 times (x 76B)
Class com.android.ide.common.repository.AgpVersion$PreviewKind$Companion              : loaded 2 times (x 67B)
Class com.android.ProgressManagerAdapter                                              : loaded 2 times (x 69B)
Class kotlin.reflect.jvm.internal.KClassImpl$Data$$Lambda$5                           : loaded 2 times (x 72B)
Class com.google.devtools.ksp.processing.KSPLogger                                    : loaded 2 times (x 66B)
Class com.google.common.util.concurrent.internal.InternalFutureFailureAccess          : loaded 2 times (x 68B)
Class kotlin.time.Duration$Companion                                                  : loaded 2 times (x 67B)
Class kotlin.reflect.jvm.internal.KDeclarationContainerImpl                           : loaded 2 times (x 80B)
Class kotlin.reflect.jvm.internal.impl.resolve.jvm.JvmPrimitiveType                   : loaded 2 times (x 75B)
Class kotlinx.coroutines.Job$Key                                                      : loaded 2 times (x 67B)
Class kotlinx.coroutines.DefaultExecutor                                              : loaded 2 times (x 116B)
Class kotlin.text.RegexKt                                                             : loaded 2 times (x 67B)
Class com.google.common.collect.Table$Cell                                            : loaded 2 times (x 66B)
Class com.google.common.collect.ImmutableMultimap$Values                              : loaded 2 times (x 122B)
Class com.google.common.cache.LocalCache$LocalManualCache$1                           : loaded 2 times (x 71B)
Class com.google.common.collect.Multimaps$CustomListMultimap                          : loaded 2 times (x 170B)
Class org.gradle.internal.classpath.DefaultClassPath$ImmutableUniqueList              : loaded 2 times (x 195B)
Class org.gradle.api.internal.ClassPathRegistry                                       : loaded 2 times (x 66B)
Class [Lcom.android.prefs.Global;                                                     : loaded 2 times (x 65B)
Class com.google.common.collect.ImmutableMultimap$Keys                                : loaded 2 times (x 162B)
Class com.google.common.reflect.Invokable$ConstructorInvokable                        : loaded 2 times (x 103B)
Class jdk.internal.jimage.ImageReader$Node                                            : loaded 2 times (x 80B)
Class com.google.common.collect.Multimaps$CustomSetMultimap                           : loaded 2 times (x 174B)
Class org.gradle.api.internal.classpath.DefaultModuleRegistry                         : loaded 2 times (x 82B)
Class com.android.tools.lint.model.PathVariables$Companion$PATH_COMPARATOR$1          : loaded 2 times (x 74B)
Class com.android.prefs.PathLocator$singlePathOf$values$1                             : loaded 2 times (x 75B)
Class com.android.tools.lint.model.LintModelLintOptions                               : loaded 2 times (x 66B)
Class kotlin.reflect.jvm.internal.impl.name.SpecialNames                              : loaded 2 times (x 67B)
Class kotlin.reflect.jvm.internal.impl.builtins.functions.FunctionTypeKind$KFunction  : loaded 2 times (x 68B)
Class kotlinx.coroutines.EventLoop                                                    : loaded 2 times (x 101B)
Class kotlin.collections.AbstractSet                                                  : loaded 2 times (x 131B)
Class com.android.sdklib.AndroidApiLevel                                              : loaded 2 times (x 70B)
Class org.jetbrains.kotlin.cli.common.messages.MessageCollector                       : loaded 2 times (x 66B)
Class kotlin.reflect.jvm.internal.KPropertyImpl                                       : loaded 2 times (x 111B)
Class kotlin.reflect.jvm.internal.KClassImpl$Data$$Lambda$4                           : loaded 2 times (x 72B)
Class kotlin.jvm.internal.ShortCompanionObject                                        : loaded 2 times (x 67B)
Class jdk.internal.jimage.BasicImageReader$1                                          : loaded 2 times (x 73B)
Class com.google.common.util.concurrent.ListenableFuture                              : loaded 2 times (x 66B)
Class com.google.common.cache.ReferenceEntry                                          : loaded 2 times (x 66B)
Class kotlin.properties.NotNullVar                                                    : loaded 2 times (x 75B)
Class org.gradle.api.internal.DefaultClassPathRegistry                                : loaded 2 times (x 72B)
Class com.google.common.cache.RemovalListener                                         : loaded 2 times (x 66B)
Class com.google.common.base.Present                                                  : loaded 2 times (x 77B)
Class com.google.common.collect.ImmutableMap$IteratorBasedImmutableMap$1EntrySetImpl  : loaded 2 times (x 150B)
Class kotlin.reflect.jvm.internal.ReflectProperties$LazySoftVal                       : loaded 2 times (x 74B)
Class com.android.tools.lint.model.LintModelSerialization                             : loaded 2 times (x 72B)
Class kotlin.reflect.jvm.internal.KClassImpl$Data$$Lambda$3                           : loaded 2 times (x 72B)
Class com.google.common.collect.ImmutableMapValues                                    : loaded 2 times (x 122B)
Class com.google.common.util.concurrent.AbstractFuture                                : loaded 2 times (x 102B)
Class kotlin.reflect.jvm.internal.impl.builtins.StandardNames                         : loaded 2 times (x 67B)
Class [Lkotlin.reflect.jvm.internal.impl.builtins.PrimitiveType;                      : loaded 2 times (x 65B)
Class com.google.common.util.concurrent.AbstractFuture$Cancellation                   : loaded 2 times (x 68B)
Class com.google.common.collect.ImmutableMultiset                                     : loaded 2 times (x 159B)
Class org.objectweb.asm.RecordComponentVisitor                                        : loaded 2 times (x 73B)
Class com.google.common.cache.CacheLoader$SupplierToCacheLoader                       : loaded 2 times (x 71B)
Class kotlin.jvm.internal.markers.KMutableList                                        : loaded 2 times (x 66B)
Class org.jetbrains.kotlin.cli.common.CompilerSystemProperties$value$1                : loaded 2 times (x 121B)
Class kotlinx.coroutines.ChildJob                                                     : loaded 2 times (x 66B)
Class kotlinx.coroutines.scheduling.TasksKt                                           : loaded 2 times (x 67B)
Class kotlinx.coroutines.internal.SystemPropsKt__SystemPropsKt                        : loaded 2 times (x 67B)
Class com.google.common.collect.AbstractMultimap$Entries                              : loaded 2 times (x 116B)
Class [Lcom.android.tools.lint.model.LintModelSerialization$TargetFile;               : loaded 2 times (x 65B)
Class kotlin.text.MatchNamedGroupCollection                                           : loaded 2 times (x 66B)
Class com.android.tools.lint.model.LintModelAndroidArtifact                           : loaded 2 times (x 66B)
Class kotlin.coroutines.CombinedContext                                               : loaded 2 times (x 74B)
Class jdk.internal.jimage.decompressor.Decompressor                                   : loaded 2 times (x 68B)
Class jdk.internal.jimage.ImageReader$Resource                                        : loaded 2 times (x 80B)
Class org.gradle.internal.service.ServiceLookupException                              : loaded 2 times (x 78B)
Class [Lcom.android.resources.ResourceEnum;                                           : loaded 2 times (x 65B)
Class kotlin.reflect.jvm.internal.KClassImpl$Data$$Lambda$2                           : loaded 2 times (x 72B)
Class kotlin.reflect.jvm.internal.KPackageImpl$$Lambda$0                              : loaded 2 times (x 72B)
Class kotlinx.coroutines.ChildHandleNode                                              : loaded 2 times (x 90B)
Class kotlinx.coroutines.scheduling.SchedulerCoroutineDispatcher                      : loaded 2 times (x 108B)
Class org.jetbrains.kotlin.cli.common.CompilerSystemProperties$value$2                : loaded 2 times (x 121B)
Class com.google.common.cache.Cache                                                   : loaded 2 times (x 66B)
Class com.android.tools.lint.model.LintModelBuildFeatures                             : loaded 2 times (x 66B)
Class jdk.internal.jrtfs.JrtFileAttributes                                            : loaded 2 times (x 79B)
Class [Lcom.google.common.cache.LocalCache$EntryFactory;                              : loaded 2 times (x 65B)
Class org.gradle.internal.classloader.ClassLoaderFactory                              : loaded 2 times (x 66B)
Class kotlin.reflect.jvm.internal.impl.builtins.PrimitiveType                         : loaded 2 times (x 75B)
Class kotlinx.coroutines.CompletionHandlerBase                                        : loaded 2 times (x 76B)
Class com.google.common.cache.LocalCache$Strength                                     : loaded 2 times (x 77B)
Class com.google.common.base.Stopwatch                                                : loaded 2 times (x 68B)
Class com.google.common.cache.LocalCache$LocalManualCache                             : loaded 2 times (x 95B)
Class org.gradle.internal.service.CachingServiceLocator                               : loaded 2 times (x 78B)
Class kotlin.collections.AbstractMap                                                  : loaded 2 times (x 118B)
Class jdk.internal.jimage.ImageHeader                                                 : loaded 2 times (x 67B)
Class it.unimi.dsi.fastutil.objects.AbstractObjectCollection                          : loaded 2 times (x 139B)
Class com.android.prefs.AbstractAndroidLocations$Companion                            : loaded 2 times (x 67B)
Class com.android.prefs.VariableValue                                                 : loaded 2 times (x 80B)
Class kotlin.collections.AbstractList$SubList                                         : loaded 2 times (x 194B)
Class org.jetbrains.kotlin.config.ApiVersion                                          : loaded 2 times (x 82B)
Class kotlinx.coroutines.internal.LockFreeTaskQueueCore                               : loaded 2 times (x 68B)
Class kotlinx.coroutines.JobCancellingNode                                            : loaded 2 times (x 86B)
Class kotlin.reflect.jvm.internal.KClassImpl$Data$$Lambda$1                           : loaded 2 times (x 72B)
Class kotlin.reflect.jvm.internal.impl.descriptors.runtime.structure.ReflectClassUtilKt: loaded 2 times (x 67B)
Class kotlin.sequences.DistinctIterator                                               : loaded 2 times (x 79B)
Class kotlinx.coroutines.BlockingEventLoop                                            : loaded 2 times (x 113B)
Class kotlin.coroutines.AbstractCoroutineContextElement                               : loaded 2 times (x 85B)
Class kotlinx.coroutines.ThreadLocalEventLoop                                         : loaded 2 times (x 67B)
Class org.gradle.api.internal.classpath.UnknownModuleException                        : loaded 2 times (x 78B)
Class kotlin.sequences.DropWhileSequence                                              : loaded 2 times (x 71B)
Class com.google.common.cache.Weigher                                                 : loaded 2 times (x 66B)
Class kotlin.io.FileAlreadyExistsException                                            : loaded 2 times (x 78B)
Class kotlinx.coroutines.CompletionStateKt                                            : loaded 2 times (x 67B)
Class com.android.prefs.LocationValue                                                 : loaded 2 times (x 66B)
Class kotlinx.coroutines.internal.DispatchedContinuationKt                            : loaded 2 times (x 67B)
Class kotlin.reflect.jvm.internal.KClassifierImpl                                     : loaded 2 times (x 66B)
Class com.google.common.collect.ImmutableMultimap                                     : loaded 2 times (x 143B)
Class kotlin.reflect.jvm.internal.KClassImpl$Data$$Lambda$0                           : loaded 2 times (x 72B)
Class com.google.common.collect.AbstractMultimap$Values                               : loaded 2 times (x 114B)
Class kotlin.jvm.internal.markers.KMutableListIterator                                : loaded 2 times (x 66B)
Class kotlinx.coroutines.CoroutineDispatcher$Key$1                                    : loaded 2 times (x 74B)
Class kotlinx.coroutines.CoroutineDispatcher                                          : loaded 2 times (x 95B)
Class [Lorg.jetbrains.kotlin.cli.common.CompilerSystemProperties;                     : loaded 2 times (x 65B)
Class com.google.gson.JsonParseException                                              : loaded 2 times (x 78B)
Class com.android.tools.lint.model.DefaultLintModelJavaLibrary                        : loaded 2 times (x 99B)
Class com.android.prefs.PathLocator                                                   : loaded 2 times (x 69B)
Class com.google.common.cache.CacheBuilder$OneWeigher                                 : loaded 2 times (x 78B)
Class com.android.builder.model.MavenCoordinates                                      : loaded 2 times (x 66B)
Class kotlin.reflect.jvm.internal.KDeclarationContainerImpl$Companion                 : loaded 2 times (x 67B)
Class com.android.Version                                                             : loaded 2 times (x 67B)
Class com.android.sdklib.AndroidVersion                                               : loaded 2 times (x 71B)
Class com.android.tools.lint.model.LintModelLibraryResolver                           : loaded 2 times (x 66B)
Class kotlin.text.MatchResult$DefaultImpls                                            : loaded 2 times (x 67B)
Class com.android.tools.lint.model.LintModelSerialization$LintModelSerializationAdapter: loaded 2 times (x 66B)
Class jdk.internal.jimage.ImageBufferCache                                            : loaded 2 times (x 67B)
Class jdk.internal.jrtfs.JrtPath                                                      : loaded 2 times (x 114B)
Class org.gradle.internal.classloader.ClasspathUtil                                   : loaded 2 times (x 67B)
Class org.gradle.api.internal.classpath.Module                                        : loaded 2 times (x 66B)
Class kotlin.collections.builders.SetBuilder                                          : loaded 2 times (x 139B)
Class kotlinx.coroutines.NonDisposableHandle                                          : loaded 2 times (x 74B)
Class it.unimi.dsi.fastutil.Hash                                                      : loaded 2 times (x 66B)
Class com.android.tools.lint.model.LintModelMavenName$Companion                       : loaded 2 times (x 67B)
Class kotlin.io.FileSystemException                                                   : loaded 2 times (x 78B)
Class com.google.common.util.concurrent.Uninterruptibles                              : loaded 2 times (x 67B)
Class kotlin.sequences.DistinctSequence                                               : loaded 2 times (x 71B)
Class kotlin.reflect.jvm.internal.impl.builtins.functions.FunctionTypeKind$KSuspendFunction: loaded 2 times (x 68B)
Class kotlin.reflect.jvm.internal.KClassImpl$$Lambda$0                                : loaded 2 times (x 72B)
Class com.android.tools.lint.model.DefaultLintModelVariant$artifact$2                 : loaded 2 times (x 75B)
Class kotlin.reflect.full.IllegalCallableAccessException                              : loaded 2 times (x 78B)
Class it.unimi.dsi.fastutil.ints.Int2ObjectMap$FastEntrySet                           : loaded 2 times (x 66B)
Class com.android.tools.lint.model.LintModelNamespacingMode                           : loaded 2 times (x 75B)
Class kotlinx.coroutines.Job                                                          : loaded 2 times (x 66B)
Class com.google.common.collect.AbstractMapBasedMultimap$WrappedSet                   : loaded 2 times (x 138B)
Class com.google.common.util.concurrent.LazyLogger                                    : loaded 2 times (x 68B)
Class org.gradle.api.specs.Spec                                                       : loaded 2 times (x 66B)
Class kotlin.reflect.jvm.internal.KotlinReflectionInternalError                       : loaded 2 times (x 78B)
Class kotlin.reflect.jvm.internal.impl.builtins.jvm.JavaToKotlinClassMap              : loaded 2 times (x 67B)
Class kotlin.reflect.jvm.internal.CachesKt$$Lambda$0                                  : loaded 2 times (x 71B)
Class it.unimi.dsi.fastutil.objects.ObjectBidirectionalIterator                       : loaded 2 times (x 66B)
Class kotlin.jvm.internal.PropertyReference2                                          : loaded 2 times (x 123B)
Class com.google.common.collect.FluentIterable$3                                      : loaded 2 times (x 77B)
Class kotlinx.coroutines.ExecutorCoroutineDispatcher                                  : loaded 2 times (x 103B)
Class com.android.tools.lint.model.LintModelExternalLibrary                           : loaded 2 times (x 66B)
Class jdk.internal.jimage.ImageReader$SharedImageReader$LocationVisitor               : loaded 2 times (x 66B)
Class [Lkotlin.reflect.jvm.internal.impl.builtins.jvm.JavaToKotlinClassMap$PlatformMutabilityMapping;: loaded 2 times (x 65B)
Class kotlin.reflect.jvm.internal.CachesKt$$Lambda$1                                  : loaded 2 times (x 71B)
Class kotlin.reflect.full.IllegalPropertyDelegateAccessException                      : loaded 2 times (x 78B)
Class com.google.common.collect.FluentIterable$2                                      : loaded 2 times (x 77B)
Class kotlinx.coroutines.CoroutineContextKt                                           : loaded 2 times (x 67B)
Class it.unimi.dsi.fastutil.HashCommon                                                : loaded 2 times (x 67B)
Class com.android.tools.lint.model.LintModelVariant                                   : loaded 2 times (x 66B)
Class com.google.common.base.Absent                                                   : loaded 2 times (x 76B)
Class com.google.common.cache.LocalCache$LoadingValueReference                        : loaded 2 times (x 92B)
Class com.android.ide.common.repository.AgpVersion                                    : loaded 2 times (x 71B)
Class kotlin.reflect.jvm.internal.CachesKt$$Lambda$2                                  : loaded 2 times (x 71B)
Class kotlinx.coroutines.internal.DispatchedContinuation                              : loaded 2 times (x 86B)
Class kotlinx.coroutines.internal.Symbol                                              : loaded 2 times (x 68B)
Class com.android.tools.lint.model.DefaultLintModelDependencies                       : loaded 2 times (x 75B)
Class kotlin.reflect.jvm.internal.ClassValueCache                                     : loaded 2 times (x 70B)
Class androidx.navigation.lint.BaseWrongStartDestinationTypeDetectorKt                : loaded 2 times (x 67B)
Class [Lcom.android.tools.lint.model.LintModelArtifactType;                           : loaded 2 times (x 65B)
Class com.android.tools.lint.model.LintModelMavenName                                 : loaded 2 times (x 66B)
Class org.gradle.api.internal.classpath.DefaultModuleRegistry$DefaultModule           : loaded 2 times (x 82B)
Class com.google.common.reflect.Invokable$MethodInvokable                             : loaded 2 times (x 103B)
Class com.google.common.collect.Multimaps$Entries                                     : loaded 2 times (x 114B)
Class com.google.common.collect.MapMakerInternalMap$StrongKeyDummyValueEntry          : loaded 2 times (x 78B)
Class androidx.navigation.lint.BaseWrongStartDestinationTypeDetector                  : loaded 2 times (x 168B)
Class kotlin.jvm.internal.CharCompanionObject                                         : loaded 2 times (x 67B)
Class kotlin.collections.AbstractList$ListIteratorImpl                                : loaded 2 times (x 95B)
Class com.google.common.collect.AbstractMapBasedMultimap$WrappedList                  : loaded 2 times (x 201B)
Class kotlin.reflect.jvm.internal.KMutableProperty1Impl$$Lambda$0                     : loaded 2 times (x 72B)
Class com.google.common.collect.FluentIterable$1                                      : loaded 2 times (x 77B)
Class kotlin.reflect.jvm.internal.CachesKt$$Lambda$3                                  : loaded 2 times (x 71B)
Class com.android.tools.lint.model.LintModelLibrary                                   : loaded 2 times (x 66B)
Class org.objectweb.asm.FieldVisitor                                                  : loaded 2 times (x 73B)
Class jdk.internal.jimage.ImageBufferCache$2                                          : loaded 2 times (x 87B)
Class com.android.tools.lint.model.LintModelDependencyGraph                           : loaded 2 times (x 66B)
Class kotlinx.coroutines.JobSupport                                                   : loaded 2 times (x 128B)
Class jdk.internal.jimage.ImageReader$Directory                                       : loaded 2 times (x 80B)
Class kotlin.io.FilePathComponents                                                    : loaded 2 times (x 68B)
Class com.google.devtools.ksp.processing.KspGradleLogger$Companion                    : loaded 2 times (x 67B)
Class [Lorg.objectweb.asm.AnnotationWriter;                                           : loaded 2 times (x 65B)
Class kotlin.coroutines.ContinuationKt                                                : loaded 2 times (x 67B)
Class it.unimi.dsi.fastutil.objects.ObjectOpenHashSet                                 : loaded 2 times (x 183B)
Class kotlin.reflect.jvm.internal.impl.builtins.StandardNames$FqNames                 : loaded 2 times (x 67B)
Class org.gradle.internal.classloader.ClasspathUtil$1                                 : loaded 2 times (x 72B)
Class kotlin.reflect.jvm.internal.CachesKt$$Lambda$4                                  : loaded 2 times (x 71B)
Class kotlinx.coroutines.EventLoopKt                                                  : loaded 2 times (x 67B)
Class com.google.common.cache.CacheLoader$UnsupportedLoadingOperationException        : loaded 2 times (x 78B)
Class org.objectweb.asm.ClassWriter                                                   : loaded 2 times (x 102B)
Class jdk.internal.jimage.ImageBufferCache$1                                          : loaded 2 times (x 79B)
Class com.android.utils.EnvironmentProvider                                           : loaded 2 times (x 66B)
Class com.android.tools.lint.model.PathVariables$Companion                            : loaded 2 times (x 67B)
Class [Lcom.android.prefs.VariableValue;                                              : loaded 2 times (x 65B)
Class com.google.common.cache.LocalCache$StrongValueReference                         : loaded 2 times (x 86B)
Class com.google.common.collect.RegularImmutableBiMap$Inverse                         : loaded 2 times (x 139B)
Class com.android.tools.lint.model.LintModelSourceProvider                            : loaded 2 times (x 66B)
Class com.google.common.graph.SuccessorsFunction                                      : loaded 2 times (x 66B)
Class com.android.ide.common.gradle.Separator                                         : loaded 2 times (x 75B)
Class it.unimi.dsi.fastutil.ints.Int2ObjectFunction                                   : loaded 2 times (x 66B)
Class kotlin.collections.builders.SetBuilder$Companion                                : loaded 2 times (x 67B)
Class org.gradle.internal.classloader.VisitableURLClassLoader$InstrumentingVisitableURLClassLoader: loaded 2 times (x 119B)
Class kotlin.collections.ReversedListReadOnly$listIterator$1                          : loaded 2 times (x 86B)
Class com.google.common.collect.MapMakerInternalMap$AbstractWeakKeyEntry              : loaded 2 times (x 83B)
Class com.google.common.io.Files$FileByteSink                                         : loaded 2 times (x 73B)
Class [Lkotlin.reflect.jvm.internal.impl.resolve.jvm.JvmPrimitiveType;                : loaded 2 times (x 65B)
Class kotlin.reflect.jvm.internal.ReflectionFactoryImpl                               : loaded 2 times (x 87B)
Class kotlinx.coroutines.Job$DefaultImpls                                             : loaded 2 times (x 67B)
Class kotlin.coroutines.CoroutineContext$Element$DefaultImpls                         : loaded 2 times (x 67B)
Class kotlin.time.DurationUnitKt__DurationUnitJvmKt                                   : loaded 2 times (x 67B)
Class com.google.common.collect.ImmutableBiMap$Builder                                : loaded 2 times (x 78B)
Class org.gradle.internal.InternalTransformer                                         : loaded 2 times (x 66B)
Class com.android.tools.lint.model.LintModelArtifactType                              : loaded 2 times (x 75B)
Class com.android.tools.lint.model.LintModelModuleLoader                              : loaded 2 times (x 66B)
Class kotlin.jvm.internal.Ref$IntRef                                                  : loaded 2 times (x 67B)
Class kotlin.collections.builders.MapBuilder$EntriesItr                               : loaded 2 times (x 77B)
Class org.objectweb.asm.ByteVector                                                    : loaded 2 times (x 75B)
Class com.google.common.collect.MapMakerInternalMap$StrongKeyDummyValueEntry$Helper   : loaded 2 times (x 75B)
Class [Lcom.google.common.cache.CacheBuilder$NullListener;                            : loaded 2 times (x 65B)
Class org.gradle.internal.classloader.VisitableURLClassLoader$Spec                    : loaded 2 times (x 70B)
Class org.gradle.internal.classpath.DefaultClassPath                                  : loaded 2 times (x 86B)
Class com.google.common.util.concurrent.UncheckedExecutionException                   : loaded 2 times (x 78B)
Class jdk.internal.jrtfs.JrtDirectoryStream$1                                         : loaded 2 times (x 79B)
Class it.unimi.dsi.fastutil.Hash$Strategy                                             : loaded 2 times (x 66B)
Class kotlin.text.MatchGroup                                                          : loaded 2 times (x 68B)
Class jdk.internal.jimage.ImageLocation                                               : loaded 2 times (x 86B)
Class com.android.tools.lint.model.LintModelDependencies                              : loaded 2 times (x 66B)
Class com.android.tools.lint.model.DefaultLintModelLibraryResolver                    : loaded 2 times (x 72B)
Class it.unimi.dsi.fastutil.Function                                                  : loaded 2 times (x 66B)
Class kotlin.reflect.jvm.internal.impl.builtins.functions.FunctionTypeKind$SuspendFunction: loaded 2 times (x 68B)
Class kotlin.reflect.jvm.internal.KMutableProperty1Impl                               : loaded 2 times (x 131B)
Class com.google.devtools.ksp.processing.KspGradleLogger                              : loaded 2 times (x 75B)
Class org.objectweb.asm.Symbol                                                        : loaded 2 times (x 69B)
Class com.android.resources.Density                                                   : loaded 2 times (x 88B)
Class kotlin.jvm.internal.IntCompanionObject                                          : loaded 2 times (x 67B)
Class org.jetbrains.kotlin.config.ApiVersion$Companion                                : loaded 2 times (x 67B)
Class com.google.common.util.concurrent.AbstractFuture$Trusted                        : loaded 2 times (x 66B)
Class com.google.common.base.Optional                                                 : loaded 2 times (x 76B)
Class com.android.io.CancellableFileIo                                                : loaded 2 times (x 67B)
Class org.gradle.internal.classloader.ClassLoaderSpec                                 : loaded 2 times (x 67B)
Class kotlin.jvm.internal.LongCompanionObject                                         : loaded 2 times (x 67B)
Class com.google.common.collect.AbstractMapBasedMultimap$1                            : loaded 2 times (x 80B)
Class com.google.common.collect.CollectCollectors$EnumSetAccumulator                  : loaded 2 times (x 68B)
Class kotlin.collections.ReversedListReadOnly                                         : loaded 2 times (x 194B)
Class kotlin.reflect.jvm.internal.ReflectProperties$Val$1                             : loaded 2 times (x 67B)
Class com.android.tools.lint.model.LintModelSeverity                                  : loaded 2 times (x 75B)
Class com.android.tools.lint.model.LintModelSerialization$LintModelSerializationFileAdapter: loaded 2 times (x 85B)
Class org.jetbrains.kotlin.cli.common.messages.MessageCollector$Companion             : loaded 2 times (x 67B)
Class com.android.prefs.VariableType                                                  : loaded 2 times (x 75B)
Class kotlin.io.TerminateException                                                    : loaded 2 times (x 78B)
Class org.objectweb.asm.AnnotationWriter                                              : loaded 2 times (x 75B)
Class com.google.common.cache.CacheStats                                              : loaded 2 times (x 67B)
Class kotlin.time.DurationKt                                                          : loaded 2 times (x 67B)
Class kotlinx.coroutines.internal.LimitedDispatcherKt                                 : loaded 2 times (x 67B)
Class com.android.resources.ResourceType                                              : loaded 2 times (x 75B)
Class com.google.common.io.LineProcessor                                              : loaded 2 times (x 66B)
Class kotlinx.coroutines.scheduling.CoroutineScheduler$Worker                         : loaded 2 times (x 106B)
Class kotlin.reflect.jvm.internal.CacheByClass                                        : loaded 2 times (x 69B)
Class kotlinx.coroutines.CoroutineStart$WhenMappings                                  : loaded 2 times (x 67B)
Class kotlin.reflect.jvm.internal.impl.utils.CollectionsKt                            : loaded 2 times (x 67B)
Class [Lcom.android.resources.ResourceType$Kind;                                      : loaded 2 times (x 65B)
Class [Lcom.android.resources.Density;                                                : loaded 2 times (x 65B)
Class com.google.common.collect.Tables$1                                              : loaded 2 times (x 80B)
Class com.android.tools.lint.model.PathVariables                                      : loaded 2 times (x 68B)
Class com.google.common.cache.LocalCache$2                                            : loaded 2 times (x 138B)
Class com.google.common.collect.AbstractMapBasedMultimap$2                            : loaded 2 times (x 81B)
Class com.google.common.collect.ImmutableMultisetGwtSerializationDependencies         : loaded 2 times (x 121B)
Class org.objectweb.asm.RecordComponentWriter                                         : loaded 2 times (x 74B)
Class com.google.common.collect.Interners                                             : loaded 2 times (x 67B)
Class com.google.common.util.concurrent.AbstractFuture$Listener                       : loaded 2 times (x 68B)
Class com.google.common.collect.AbstractSetMultimap                                   : loaded 2 times (x 170B)
Class com.google.common.collect.MapMakerInternalMap$AbstractStrongKeyEntry            : loaded 2 times (x 76B)
Class kotlin.collections.AbstractSet$Companion                                        : loaded 2 times (x 67B)
Class com.android.ide.common.gradle.Version$Companion$ParseState                      : loaded 2 times (x 66B)
Class com.google.common.reflect.TypeToken$SimpleTypeToken                             : loaded 2 times (x 69B)
Class org.gradle.internal.classloader.VisitableURLClassLoader                         : loaded 2 times (x 113B)
Class com.android.tools.lint.model.LintModelDependency                                : loaded 2 times (x 66B)
Class kotlinx.coroutines.scheduling.GlobalQueue                                       : loaded 2 times (x 68B)
Class kotlin.reflect.jvm.internal.KClassImpl                                          : loaded 2 times (x 111B)
Class com.google.common.cache.LocalCache$1                                            : loaded 2 times (x 85B)
Class jdk.internal.jrtfs.JrtFileSystemProvider                                        : loaded 2 times (x 97B)
Class com.android.ide.common.repository.AgpVersion$Companion                          : loaded 2 times (x 67B)
Class [Lkotlin.Function;                                                              : loaded 2 times (x 65B)
Class com.android.prefs.AbstractAndroidLocations                                      : loaded 2 times (x 78B)
Class com.google.common.collect.ImmutableList$SerializedForm                          : loaded 2 times (x 69B)
Class org.gradle.internal.Cast                                                        : loaded 2 times (x 67B)
Class org.gradle.api.Action                                                           : loaded 2 times (x 66B)
Class com.android.tools.lint.model.LintModelModuleType                                : loaded 2 times (x 75B)
Class org.gradle.internal.service.ServiceLocator                                      : loaded 2 times (x 66B)
Class kotlin.collections.AbstractMutableList                                          : loaded 2 times (x 202B)
Class kotlin.reflect.jvm.internal.impl.name.ClassId$Companion                         : loaded 2 times (x 67B)
Class kotlinx.coroutines.CompletedExceptionally                                       : loaded 2 times (x 68B)
Class kotlin.coroutines.AbstractCoroutineContextKey                                   : loaded 2 times (x 68B)
Class org.jetbrains.kotlin.cli.common.messages.GradleStyleMessageRenderer             : loaded 2 times (x 74B)
Class com.android.ide.common.gradle.Version$Companion                                 : loaded 2 times (x 67B)
Class com.google.common.base.Splitter$5                                               : loaded 2 times (x 76B)
Class com.android.tools.lint.model.DefaultLintModelMavenName                          : loaded 2 times (x 83B)
Class it.unimi.dsi.fastutil.ints.IntCollection                                        : loaded 2 times (x 66B)
Class kotlinx.coroutines.BuildersKt__BuildersKt                                       : loaded 2 times (x 67B)
Class kotlinx.coroutines.scheduling.NanoTimeSource                                    : loaded 2 times (x 68B)
Class org.objectweb.asm.Handler                                                       : loaded 2 times (x 68B)
Class com.google.common.base.Ticker                                                   : loaded 2 times (x 68B)
Class [Lorg.objectweb.asm.Attribute;                                                  : loaded 2 times (x 65B)
Class kotlin.reflect.jvm.internal.KClassImpl$Data$$Lambda$10                          : loaded 2 times (x 72B)
Class kotlin.reflect.jvm.internal.KDeclarationContainerImpl$Data$$Lambda$0            : loaded 2 times (x 72B)
Class com.android.SdkConstants                                                        : loaded 2 times (x 67B)
Class kotlin.jvm.internal.BooleanCompanionObject                                      : loaded 2 times (x 67B)
Class com.google.common.collect.BaseImmutableMultimap                                 : loaded 2 times (x 119B)
Class com.google.common.collect.EmptyImmutableListMultimap                            : loaded 2 times (x 172B)
Class jdk.internal.jrtfs.SystemImage$2                                                : loaded 2 times (x 72B)
Class com.google.devtools.ksp.processing.KSPConfig                                    : loaded 2 times (x 68B)
Class [Lcom.google.common.cache.LocalCache$Segment;                                   : loaded 2 times (x 65B)
Class [Lcom.google.common.cache.LocalCache$Strength;                                  : loaded 2 times (x 65B)
Class com.google.common.cache.CacheBuilder$1                                          : loaded 2 times (x 81B)
Class org.gradle.internal.classpath.DefaultClassPath$ImmutableUniqueList$Builder      : loaded 2 times (x 71B)
Class kotlinx.coroutines.scheduling.CoroutineScheduler$Companion                      : loaded 2 times (x 67B)
Class com.google.common.collect.RowSortedTable                                        : loaded 2 times (x 66B)
Class kotlin.reflect.jvm.internal.impl.name.StandardClassIdsKt                        : loaded 2 times (x 67B)
Class kotlin.reflect.jvm.internal.KClassImpl$Data$$Lambda$11                          : loaded 2 times (x 72B)
Class kotlin.reflect.jvm.internal.KDeclarationContainerImpl$Data                      : loaded 2 times (x 68B)
Class kotlin.reflect.jvm.internal.impl.name.FqNamesUtilKt                             : loaded 2 times (x 67B)
Class kotlinx.coroutines.CoroutineStart                                               : loaded 2 times (x 75B)
Class kotlinx.coroutines.scheduling.UnlimitedIoScheduler                              : loaded 2 times (x 98B)
Class kotlin.collections.builders.ListBuilder                                         : loaded 2 times (x 203B)
Class [Lcom.android.prefs.LocationValue;                                              : loaded 2 times (x 65B)
Class kotlin.collections.builders.ListBuilder$Companion                               : loaded 2 times (x 67B)
Class kotlin.io.FileTreeWalk$WalkState                                                : loaded 2 times (x 69B)
Class com.google.common.cache.LocalCache                                              : loaded 2 times (x 183B)
Class com.google.common.cache.CacheBuilder$2                                          : loaded 2 times (x 75B)
Class com.google.common.collect.ImmutableMapEntry$NonTerminalImmutableBiMapEntry      : loaded 2 times (x 81B)
Class kotlin.collections.builders.AbstractMapBuilderEntrySet                          : loaded 2 times (x 140B)
Class com.google.common.cache.CacheLoader$FunctionToCacheLoader                       : loaded 2 times (x 71B)
Class com.google.common.collect.ImmutableListMultimap                                 : loaded 2 times (x 172B)
Class kotlin.reflect.jvm.internal.impl.builtins.PrimitiveType$Companion               : loaded 2 times (x 67B)
Class jdk.internal.jrtfs.SystemImage$1                                                : loaded 2 times (x 74B)
Class kotlin.reflect.jvm.internal.KClassImpl$Data$$Lambda$12                          : loaded 2 times (x 72B)
Class kotlin.reflect.jvm.internal.KClassImpl$Data                                     : loaded 2 times (x 68B)
Class kotlinx.coroutines.CoroutineId                                                  : loaded 2 times (x 89B)
Class kotlinx.coroutines.EventLoopImplBase                                            : loaded 2 times (x 113B)
Class com.android.tools.lint.model.DefaultLintModelArtifact                           : loaded 2 times (x 80B)
Class it.unimi.dsi.fastutil.objects.ReferenceCollection                               : loaded 2 times (x 66B)
Class com.google.common.cache.CacheBuilder$3                                          : loaded 2 times (x 68B)
Class org.gradle.api.GradleException                                                  : loaded 2 times (x 78B)
Class kotlin.collections.AbstractMap$Companion                                        : loaded 2 times (x 67B)
Class kotlinx.coroutines.DisposableHandle                                             : loaded 2 times (x 66B)
Class kotlin.reflect.jvm.internal.impl.name.StandardClassIds                          : loaded 2 times (x 67B)
Class kotlin.reflect.jvm.internal.KClassImpl$Data$$Lambda$13                          : loaded 2 times (x 72B)
Class com.google.common.collect.Tables$AbstractCell                                   : loaded 2 times (x 77B)
Class com.android.ide.common.gradle.Version                                           : loaded 2 times (x 71B)
Class org.gradle.internal.classloader.InstrumentingClassLoader                        : loaded 2 times (x 66B)
Class org.gradle.internal.classpath.TransformedClassPath                              : loaded 2 times (x 92B)
Class jdk.internal.jimage.ImageStrings                                                : loaded 2 times (x 66B)
Class com.google.common.base.Suppliers$MemoizingSupplier                              : loaded 2 times (x 75B)
Class com.google.common.collect.ForwardingMap                                         : loaded 2 times (x 128B)
Class com.google.common.cache.CacheBuilder$NullListener                               : loaded 2 times (x 78B)
Class com.google.common.collect.MapMaker$Dummy                                        : loaded 2 times (x 75B)
Class kotlin.reflect.jvm.internal.KClassImpl$Data$$Lambda$14                          : loaded 2 times (x 72B)
Class kotlin.reflect.jvm.internal.KTypeParameterOwnerImpl                             : loaded 2 times (x 66B)
Class kotlinx.coroutines.DefaultExecutorKt                                            : loaded 2 times (x 67B)
Class kotlinx.coroutines.Unconfined                                                   : loaded 2 times (x 95B)
Class kotlinx.coroutines.GlobalScope                                                  : loaded 2 times (x 70B)
Class org.objectweb.asm.FieldWriter                                                   : loaded 2 times (x 74B)
Class com.google.common.reflect.Invokable                                             : loaded 2 times (x 99B)
Class kotlin.reflect.jvm.internal.impl.builtins.functions.FunctionTypeKind            : loaded 2 times (x 68B)
Class com.google.common.cache.LocalCache$Strength$3                                   : loaded 2 times (x 77B)
Class kotlin.collections.builders.MapBuilder$KeysItr                                  : loaded 2 times (x 77B)
Class [Lkotlin.time.DurationUnit;                                                     : loaded 2 times (x 65B)
Class com.google.common.io.Files                                                      : loaded 2 times (x 67B)
Class com.google.common.collect.Interner                                              : loaded 2 times (x 66B)
Class kotlin.reflect.jvm.internal.impl.name.Name                                      : loaded 2 times (x 71B)
Class kotlin.reflect.jvm.internal.KClassImpl$Data$$Lambda$15                          : loaded 2 times (x 72B)
Class kotlin.reflect.jvm.internal.KPropertyImpl$Companion                             : loaded 2 times (x 67B)
Class kotlinx.coroutines.AbstractCoroutine                                            : loaded 2 times (x 139B)
Class it.unimi.dsi.fastutil.objects.ObjectSet                                         : loaded 2 times (x 66B)
Class com.android.tools.lint.model.DefaultLintModelSourceProvider                     : loaded 2 times (x 80B)
Class com.google.common.collect.Interners$InternerImpl                                : loaded 2 times (x 71B)
Class [Lcom.android.prefs.VariableType;                                               : loaded 2 times (x 65B)
Class com.google.common.collect.MapMakerInternalMap$StrongKeyDummyValueSegment        : loaded 2 times (x 138B)
Class com.google.common.cache.LocalCache$EntryFactory                                 : loaded 2 times (x 79B)
Class com.android.tools.lint.model.LintModelSerialization$TargetFile                  : loaded 2 times (x 75B)
Class [Lcom.android.tools.lint.model.LintModelNamespacingMode;                        : loaded 2 times (x 65B)
Class kotlin.reflect.jvm.internal.impl.name.FqNameUnsafe                              : loaded 2 times (x 68B)
Class kotlin.reflect.jvm.internal.KClassImpl$Data$$Lambda$16                          : loaded 2 times (x 72B)
Class com.android.tools.lint.model.LintModelModuleLibrary                             : loaded 2 times (x 66B)
Class [Lcom.android.ide.common.gradle.Separator;                                      : loaded 2 times (x 65B)
Class com.android.prefs.QueryResult                                                   : loaded 2 times (x 80B)
Class kotlinx.coroutines.scheduling.DefaultIoScheduler                                : loaded 2 times (x 109B)
Class com.google.common.base.CharMatcher$Whitespace                                   : loaded 2 times (x 108B)
Class com.google.common.base.Splitter$1$1                                             : loaded 2 times (x 82B)
Class kotlinx.coroutines.DispatchedTask                                               : loaded 2 times (x 77B)
Class org.objectweb.asm.Handle                                                        : loaded 2 times (x 68B)
Class com.google.common.reflect.TypeParameter                                         : loaded 2 times (x 68B)
Class [Lcom.google.common.collect.MapMaker$Dummy;                                     : loaded 2 times (x 65B)
Class com.google.common.cache.LocalCache$AbstractReferenceEntry                       : loaded 2 times (x 103B)
Class org.gradle.internal.IoActions                                                   : loaded 2 times (x 67B)
Class com.google.common.collect.TransformedIterator                                   : loaded 2 times (x 76B)
Class com.google.common.cache.LocalCache$Strength$2                                   : loaded 2 times (x 77B)
Class com.google.common.util.concurrent.SettableFuture                                : loaded 2 times (x 110B)
Class [Lkotlin.reflect.jvm.internal.impl.name.ClassId;                                : loaded 2 times (x 65B)
Class kotlinx.coroutines.internal.SystemPropsKt                                       : loaded 2 times (x 67B)
Class it.unimi.dsi.fastutil.objects.ObjectSpliterator                                 : loaded 2 times (x 66B)
Class kotlin.reflect.jvm.internal.KClassImpl$Data$$Lambda$17                          : loaded 2 times (x 72B)
Class kotlin.reflect.jvm.internal.KCallableImpl$$Lambda$0                             : loaded 2 times (x 72B)
Class [Lcom.android.resources.ResourceType;                                           : loaded 2 times (x 65B)
Class kotlin.reflect.jvm.internal.EmptyContainerForLocal                              : loaded 2 times (x 80B)
Class kotlin.collections.builders.MapBuilderEntries                                   : loaded 2 times (x 141B)
Class kotlinx.coroutines.scheduling.TaskContext                                       : loaded 2 times (x 66B)
Class it.unimi.dsi.fastutil.objects.AbstractObjectSet                                 : loaded 2 times (x 175B)
Class com.google.common.cache.LocalCache$Strength$1                                   : loaded 2 times (x 77B)
Class org.objectweb.asm.SymbolTable                                                   : loaded 2 times (x 68B)
Class com.google.common.cache.CacheLoader$InvalidCacheLoadException                   : loaded 2 times (x 78B)
Class org.gradle.internal.classloader.SystemClassLoaderSpec                           : loaded 2 times (x 67B)
Class org.objectweb.asm.ModuleVisitor                                                 : loaded 2 times (x 77B)
Class kotlinx.coroutines.IncompleteStateBox                                           : loaded 2 times (x 68B)
Class kotlin.reflect.jvm.internal.KCallableImpl$$Lambda$1                             : loaded 2 times (x 72B)
Class kotlinx.coroutines.internal.LockFreeLinkedListNode                              : loaded 2 times (x 71B)
Class kotlin.reflect.jvm.internal.impl.name.ClassId                                   : loaded 2 times (x 68B)
Class org.gradle.internal.service.UnknownServiceException                             : loaded 2 times (x 79B)
Class kotlin.coroutines.CoroutineContext$DefaultImpls                                 : loaded 2 times (x 67B)
Class com.google.common.cache.LocalCache$LocalLoadingCache                            : loaded 2 times (x 130B)
Class [Lorg.objectweb.asm.AnnotationVisitor;                                          : loaded 2 times (x 65B)
Class kotlin.text.MatcherMatchResult$groups$1                                         : loaded 2 times (x 147B)
Class jdk.internal.jrtfs.SystemImage                                                  : loaded 2 times (x 70B)
Class org.jetbrains.kotlin.cli.common.CompilerSystemProperties                        : loaded 2 times (x 76B)
Class com.google.common.collect.FluentIterable                                        : loaded 2 times (x 77B)
Class com.google.common.cache.LocalCache$StrongEntry                                  : loaded 2 times (x 104B)
Class com.google.common.util.concurrent.AbstractFuture$TrustedFuture                  : loaded 2 times (x 110B)
Class com.google.common.cache.LoadingCache                                            : loaded 2 times (x 66B)
Class kotlin.sequences.TakeWhileSequence                                              : loaded 2 times (x 71B)
Class kotlinx.coroutines.Delay                                                        : loaded 2 times (x 66B)
Class kotlinx.coroutines.ParentJob                                                    : loaded 2 times (x 66B)
Class it.unimi.dsi.fastutil.BidirectionalIterator                                     : loaded 2 times (x 66B)
Class kotlinx.coroutines.JobNode                                                      : loaded 2 times (x 86B)
Class kotlin.reflect.jvm.internal.KCallableImpl$$Lambda$2                             : loaded 2 times (x 72B)
Class kotlin.reflect.jvm.internal.KProperty1Impl$$Lambda$1                            : loaded 2 times (x 72B)
Class it.unimi.dsi.fastutil.objects.ObjectCollection                                  : loaded 2 times (x 66B)
Class org.gradle.api.internal.ClassPathProvider                                       : loaded 2 times (x 66B)
Class com.android.tools.lint.model.DefaultLintModelModule                             : loaded 2 times (x 94B)
Class [Lorg.gradle.api.internal.ClassPathProvider;                                    : loaded 2 times (x 65B)
Class jdk.internal.jrtfs.JrtFileSystem                                                : loaded 2 times (x 98B)
Class com.google.common.base.Suppliers$NonSerializableMemoizingSupplier               : loaded 2 times (x 75B)
Class [Lcom.google.common.cache.Weigher;                                              : loaded 2 times (x 65B)
Class com.google.common.collect.AbstractMapBasedMultimap$RandomAccessWrappedList      : loaded 2 times (x 201B)
Class kotlin.text.MatchResult                                                         : loaded 2 times (x 66B)
Class it.unimi.dsi.fastutil.ints.IntIterable                                          : loaded 2 times (x 66B)
Class kotlin.reflect.jvm.internal.KCallableImpl$$Lambda$3                             : loaded 2 times (x 72B)
Class kotlinx.coroutines.internal.LockFreeTaskQueueCore$Companion                     : loaded 2 times (x 67B)
Class org.jetbrains.kotlin.cli.common.CompilerSystemProperties$Companion              : loaded 2 times (x 67B)
Class com.android.ide.common.gradle.Version$Companion$ParseState$EMPTY                : loaded 2 times (x 70B)
Class it.unimi.dsi.fastutil.ints.IntSet                                               : loaded 2 times (x 66B)
Class kotlin.coroutines.ContinuationInterceptor$DefaultImpls                          : loaded 2 times (x 67B)
Class kotlin.reflect.jvm.internal.KProperty1Impl$$Lambda$0                            : loaded 2 times (x 72B)
Class com.google.common.collect.ImmutableMultimap$1                                   : loaded 2 times (x 78B)
Class kotlin.reflect.jvm.internal.impl.builtins.jvm.JavaToKotlinClassMap$PlatformMutabilityMapping: loaded 2 times (x 68B)
Class kotlin.collections.builders.MapBuilder$EntryRef                                 : loaded 2 times (x 77B)
Class kotlin.reflect.jvm.internal.KCallableImpl$$Lambda$4                             : loaded 2 times (x 72B)
Class org.gradle.api.internal.DefaultClassPathProvider                                : loaded 2 times (x 72B)
Class com.android.ide.common.repository.AgpVersion$Companion$WhenMappings             : loaded 2 times (x 67B)
Class com.google.common.collect.ImmutableSet$SerializedForm                           : loaded 2 times (x 69B)
Class org.objectweb.asm.AnnotationVisitor                                             : loaded 2 times (x 74B)
Class com.google.common.collect.ImmutableMultimap$2                                   : loaded 2 times (x 77B)
Class com.google.common.collect.AbstractIterator$State                                : loaded 2 times (x 75B)
Class com.google.common.cache.LocalCache$ValueReference                               : loaded 2 times (x 66B)
Class kotlin.coroutines.jvm.internal.Boxing                                           : loaded 2 times (x 67B)
Class com.android.ide.common.gradle.Numeric                                           : loaded 2 times (x 73B)
Class kotlin.collections.ArrayDeque$Companion                                         : loaded 2 times (x 67B)
Class kotlinx.coroutines.EventLoop_commonKt                                           : loaded 2 times (x 67B)
Class kotlin.reflect.jvm.internal.KCallableImpl$$Lambda$5                             : loaded 2 times (x 72B)
Class it.unimi.dsi.fastutil.ints.AbstractInt2ObjectMap                                : loaded 2 times (x 211B)
Class kotlin.reflect.jvm.internal.KCallableImpl                                       : loaded 2 times (x 101B)
Class kotlin.reflect.jvm.internal.impl.builtins.functions.FunctionTypeKind$Function   : loaded 2 times (x 68B)
Class com.android.tools.lint.model.LintModelAndroidLibrary                            : loaded 2 times (x 66B)
Class kotlinx.coroutines.DebugKt                                                      : loaded 2 times (x 67B)
Class org.gradle.api.internal.classpath.EffectiveClassPath                            : loaded 2 times (x 86B)
Class kotlin.io.FileTreeWalk$FileTreeWalkIterator                                     : loaded 2 times (x 79B)
Class com.google.common.util.concurrent.AbstractFuture$Failure                        : loaded 2 times (x 68B)
Class [Lcom.android.ide.common.repository.AgpVersion$PreviewKind;                     : loaded 2 times (x 65B)
Class com.android.ide.common.resources.DataFile                                       : loaded 2 times (x 79B)
Class com.android.sdklib.SdkVersionInfo                                               : loaded 2 times (x 67B)
Class it.unimi.dsi.fastutil.ints.Int2ObjectMap                                        : loaded 2 times (x 66B)
Class kotlin.reflect.jvm.internal.KProperty0Impl                                      : loaded 2 times (x 124B)
Class kotlin.reflect.jvm.internal.KProperty1Impl                                      : loaded 2 times (x 124B)
Class kotlin.reflect.jvm.internal.CacheByClassKt                                      : loaded 2 times (x 67B)
Class org.gradle.internal.classloader.ClassLoaderVisitor                              : loaded 2 times (x 72B)
Class [Lcom.google.common.collect.AbstractIterator$State;                             : loaded 2 times (x 65B)
Class com.android.utils.EnvironmentProvider$DirectEnvironmentProvider                 : loaded 2 times (x 76B)
Class kotlin.text.MatcherMatchResult$groupValues$1                                    : loaded 2 times (x 194B)
Class org.objectweb.asm.CurrentFrame                                                  : loaded 2 times (x 69B)
Class org.objectweb.asm.ClassTooLargeException                                        : loaded 2 times (x 79B)
Class kotlinx.coroutines.CopyableThreadContextElement                                 : loaded 2 times (x 66B)
Class kotlin.reflect.jvm.internal.KPropertyImpl$$Lambda$1                             : loaded 2 times (x 72B)
Class kotlin.sequences.SequencesKt___SequencesKt$flatMap$1                            : loaded 2 times (x 121B)
Class com.google.common.collect.Maps$IteratorBasedAbstractMap                         : loaded 2 times (x 121B)
Class kotlin.jvm.internal.FloatCompanionObject                                        : loaded 2 times (x 67B)
Class org.gradle.internal.classloader.DefaultClassLoaderFactory                       : loaded 2 times (x 78B)
Class com.google.common.base.Suppliers                                                : loaded 2 times (x 67B)
Class org.jetbrains.kotlin.cli.common.messages.MessageCollector$Companion$NONE$1      : loaded 2 times (x 72B)
Class [Lcom.google.common.cache.CacheBuilder$OneWeigher;                              : loaded 2 times (x 65B)
Class com.android.ide.common.gradle.Version$Companion$ParseState$NUMERIC              : loaded 2 times (x 70B)
Class com.android.ide.common.repository.AgpVersion$PreviewKind                        : loaded 2 times (x 75B)
Class [Lcom.android.tools.lint.model.LintModelModuleType;                             : loaded 2 times (x 65B)
Class com.android.tools.lint.model.LintModelSerialization$LintModelSerializationFileAdapter$WhenMappings: loaded 2 times (x 67B)
Class com.google.common.collect.MapMakerInternalMap$StrongKeyDummyValueEntry$LinkedStrongKeyDummyValueEntry: loaded 2 times (x 78B)
Class org.objectweb.asm.MethodTooLargeException                                       : loaded 2 times (x 79B)
Class com.android.tools.lint.model.LintModelModule                                    : loaded 2 times (x 66B)
Class org.objectweb.asm.Frame                                                         : loaded 2 times (x 69B)
Class com.google.common.cache.LocalCache$EntryFactory$1                               : loaded 2 times (x 79B)
Class [Lcom.google.common.cache.RemovalListener;                                      : loaded 2 times (x 65B)
Class androidx.navigation.lint.BaseTypeSafeDestinationMissingAnnotationDetectorKt     : loaded 2 times (x 67B)
Class com.google.common.collect.RegularImmutableBiMap$Inverse$InverseEntrySet         : loaded 2 times (x 148B)
Class com.google.gson.JsonSyntaxException                                             : loaded 2 times (x 78B)
Class kotlinx.coroutines.EventLoopImplPlatform                                        : loaded 2 times (x 103B)
Class kotlin.reflect.jvm.internal.CachesKt                                            : loaded 2 times (x 67B)
Class kotlinx.coroutines.scheduling.TaskContextImpl                                   : loaded 2 times (x 71B)
Class kotlinx.coroutines.scheduling.SchedulerTimeSource                               : loaded 2 times (x 68B)
Class kotlinx.coroutines.scheduling.CoroutineScheduler                                : loaded 2 times (x 77B)
Class com.google.common.cache.LocalCache$EntryFactory$2                               : loaded 2 times (x 79B)
Class org.gradle.api.internal.classpath.GlobalCacheRootsProvider                      : loaded 2 times (x 66B)
Class kotlin.reflect.jvm.internal.KPropertyImpl$$Lambda$0                             : loaded 2 times (x 72B)
Class kotlin.reflect.jvm.internal.impl.name.FqName                                    : loaded 2 times (x 68B)
Class [Lorg.objectweb.asm.Symbol;                                                     : loaded 2 times (x 65B)
Class com.google.common.reflect.TypeCapture                                           : loaded 2 times (x 67B)
Class com.android.utils.ILogger                                                       : loaded 2 times (x 66B)
Class com.android.utils.NullLogger                                                    : loaded 2 times (x 81B)
Class com.android.prefs.Global                                                        : loaded 2 times (x 76B)
Class it.unimi.dsi.fastutil.objects.ReferenceSet                                      : loaded 2 times (x 66B)
Class kotlinx.coroutines.CoroutineScope                                               : loaded 2 times (x 66B)
Class org.objectweb.asm.ModuleWriter                                                  : loaded 2 times (x 78B)
Class com.google.common.cache.LocalCache$EntryFactory$3                               : loaded 2 times (x 79B)
Class com.google.common.base.Ticker$1                                                 : loaded 2 times (x 68B)
Class kotlinx.coroutines.ChildHandle                                                  : loaded 2 times (x 66B)
Class kotlin.collections.builders.ListBuilder$Itr                                     : loaded 2 times (x 90B)
Class kotlinx.coroutines.Incomplete                                                   : loaded 2 times (x 66B)
Class org.jetbrains.kotlin.cli.common.messages.MessageRenderer                        : loaded 2 times (x 66B)
Class [Lkotlin.jvm.functions.Function1;                                               : loaded 2 times (x 65B)
Class com.android.utils.FileUtils                                                     : loaded 2 times (x 67B)
Class com.google.common.cache.LocalCache$EntryFactory$4                               : loaded 2 times (x 79B)
Class kotlin.concurrent.LocksKt                                                       : loaded 2 times (x 67B)
Class com.google.common.collect.Tables$ImmutableCell                                  : loaded 2 times (x 78B)
Class kotlinx.coroutines.AbstractTimeSourceKt                                         : loaded 2 times (x 67B)
Class it.unimi.dsi.fastutil.ints.AbstractInt2ObjectFunction                           : loaded 2 times (x 117B)
Class com.google.common.cache.LocalCache$EntryFactory$5                               : loaded 2 times (x 79B)
Class kotlin.jvm.internal.ByteCompanionObject                                         : loaded 2 times (x 67B)
Class kotlin.time.Duration                                                            : loaded 2 times (x 70B)
Class com.google.common.collect.Tables                                                : loaded 2 times (x 67B)
Class com.android.tools.lint.model.DefaultLintModelAndroidArtifact                    : loaded 2 times (x 89B)
Class kotlin.jvm.internal.MutablePropertyReference2                                   : loaded 2 times (x 133B)
Class com.google.common.cache.LocalCache$EntryFactory$6                               : loaded 2 times (x 79B)
Class org.gradle.internal.installation.CurrentGradleInstallationLocator               : loaded 2 times (x 67B)
Class kotlin.reflect.jvm.internal.ReflectProperties$Val                               : loaded 2 times (x 70B)
Class androidx.navigation.lint.BaseTypeSafeDestinationMissingAnnotationDetector       : loaded 2 times (x 169B)
Class kotlinx.coroutines.internal.OpDescriptor                                        : loaded 2 times (x 69B)
Class kotlinx.coroutines.Empty                                                        : loaded 2 times (x 71B)
Class com.android.tools.lint.model.DefaultLintModelDependencyGraph                    : loaded 2 times (x 74B)
Class com.android.tools.lint.model.DefaultLintModelLintOptions                        : loaded 2 times (x 99B)
Class org.gradle.api.internal.classpath.ManifestUtil                                  : loaded 2 times (x 67B)
Class [Lkotlin.io.FileWalkDirection;                                                  : loaded 2 times (x 65B)
Class com.google.common.collect.ImmutableMultimap$Builder                             : loaded 2 times (x 82B)
Class com.google.common.cache.LocalCache$EntryFactory$7                               : loaded 2 times (x 79B)
Class org.gradle.internal.service.DefaultServiceLocator                               : loaded 2 times (x 79B)
Class org.jetbrains.kotlin.util.capitalizeDecapitalize.CapitalizeDecapitalizeKt       : loaded 2 times (x 67B)
Class com.google.common.util.concurrent.ExecutionError                                : loaded 2 times (x 78B)
Class com.android.tools.lint.model.DefaultLintModelVariant$mainArtifact$2             : loaded 2 times (x 75B)
Class com.android.sdklib.IAndroidTarget                                               : loaded 2 times (x 66B)
Class kotlin.reflect.jvm.internal.KProperty0Impl$$Lambda$1                            : loaded 2 times (x 72B)
Class jdk.internal.jrtfs.JrtDirectoryStream                                           : loaded 2 times (x 85B)
Class kotlin.io.FileTreeWalk                                                          : loaded 2 times (x 71B)
Class com.google.common.collect.ImmutableMultimap$EntryCollection                     : loaded 2 times (x 124B)
Class com.google.common.cache.LocalCache$EntryFactory$8                               : loaded 2 times (x 79B)
Class org.gradle.internal.installation.CurrentGradleInstallation                      : loaded 2 times (x 69B)
Class com.android.ide.common.blame.SourcePosition                                     : loaded 2 times (x 67B)
Class org.gradle.internal.classloader.ClassLoaderHierarchy                            : loaded 2 times (x 66B)
Class jdk.internal.jimage.BasicImageReader                                            : loaded 2 times (x 91B)
Class kotlinx.coroutines.BuildersKt                                                   : loaded 2 times (x 67B)
Class kotlinx.coroutines.scheduling.Task                                              : loaded 2 times (x 72B)
Class kotlinx.coroutines.CoroutineContextKt$hasCopyableElements$1                     : loaded 2 times (x 74B)
Class kotlinx.coroutines.BlockingCoroutine                                            : loaded 2 times (x 140B)
Class kotlinx.coroutines.internal.ThreadContextKt                                     : loaded 2 times (x 67B)
Class com.android.tools.lint.model.DefaultLintModelVariant                            : loaded 2 times (x 97B)
Class com.android.tools.lint.model.LintModelArtifact                                  : loaded 2 times (x 66B)
Class com.google.common.collect.ForwardingObject                                      : loaded 2 times (x 68B)
Class com.google.common.cache.CacheLoader$1                                           : loaded 2 times (x 71B)
Class org.gradle.util.internal.GUtil                                                  : loaded 2 times (x 67B)
Class com.android.resources.ResourceEnum                                              : loaded 2 times (x 66B)
Class com.google.common.io.ByteSource                                                 : loaded 2 times (x 80B)
Class kotlin.jvm.internal.MutablePropertyReference0                                   : loaded 2 times (x 133B)
Class kotlinx.coroutines.internal.LockFreeTaskQueue                                   : loaded 2 times (x 68B)
Class kotlinx.coroutines.scheduling.DefaultScheduler                                  : loaded 2 times (x 108B)
Class kotlinx.coroutines.Dispatchers                                                  : loaded 2 times (x 67B)
Class [Lcom.android.tools.lint.model.LintModelSeverity;                               : loaded 2 times (x 65B)
Class kotlin.reflect.jvm.internal.impl.builtins.CompanionObjectMapping                : loaded 2 times (x 67B)
Class com.android.prefs.PathLocator$WhenMappings                                      : loaded 2 times (x 67B)
Class kotlin.io.NoSuchFileException                                                   : loaded 2 times (x 78B)
Class com.google.common.cache.AbstractCache$StatsCounter                              : loaded 2 times (x 66B)
Class it.unimi.dsi.fastutil.Stack                                                     : loaded 2 times (x 66B)
Class kotlin.time.DurationUnitKt                                                      : loaded 2 times (x 67B)
Class com.google.common.collect.AbstractTable                                         : loaded 2 times (x 116B)
Class kotlin.reflect.jvm.internal.KProperty0Impl$$Lambda$0                            : loaded 2 times (x 72B)
Class org.objectweb.asm.Context                                                       : loaded 2 times (x 68B)
Class kotlin.sequences.DropWhileSequence$iterator$1                                   : loaded 2 times (x 75B)
Class kotlin.reflect.jvm.internal.RuntimeTypeMapper                                   : loaded 2 times (x 67B)
Class org.gradle.internal.classloader.FilteringClassLoader                            : loaded 2 times (x 101B)
Class kotlinx.coroutines.intrinsics.CancellableKt                                     : loaded 2 times (x 67B)
Class com.android.prefs.AndroidPathLocator                                            : loaded 2 times (x 69B)
Class kotlin.text.MatcherMatchResult                                                  : loaded 2 times (x 76B)
Class com.android.tools.lint.model.DefaultLintModelDependency                         : loaded 2 times (x 82B)
Class com.android.tools.lint.model.DefaultLintModelLibrary                            : loaded 2 times (x 82B)
Class com.android.tools.lint.model.DefaultLintModelBuildFeatures                      : loaded 2 times (x 73B)
Class org.gradle.internal.installation.GradleInstallation                             : loaded 2 times (x 71B)
Class kotlin.collections.ReversedList                                                 : loaded 2 times (x 203B)
Class kotlin.reflect.jvm.internal.impl.builtins.PrimitiveType$$Lambda$0               : loaded 2 times (x 72B)
Class com.android.prefs.AndroidLocationsException                                     : loaded 2 times (x 78B)
Class kotlin.text.MatchGroupCollection                                                : loaded 2 times (x 66B)
Class com.google.common.collect.Iterables                                             : loaded 2 times (x 67B)
Class kotlin.collections.ReversedList$listIterator$1                                  : loaded 2 times (x 90B)
Class kotlin.reflect.jvm.internal.impl.builtins.PrimitiveType$$Lambda$1               : loaded 2 times (x 72B)
Class kotlinx.coroutines.JobSupportKt                                                 : loaded 2 times (x 67B)
Class kotlinx.coroutines.ExecutorCoroutineDispatcher$Key                              : loaded 2 times (x 68B)
Class com.android.ide.common.gradle.Part                                              : loaded 2 times (x 73B)
Class com.android.utils.XmlUtils                                                      : loaded 2 times (x 67B)
Class com.android.tools.lint.model.LintModelJavaLibrary                               : loaded 2 times (x 66B)
Class kotlinx.coroutines.internal.ResizableAtomicArray                                : loaded 2 times (x 68B)
Class kotlin.io.FileWalkDirection                                                     : loaded 2 times (x 75B)

---------------  S Y S T E M  ---------------

OS:
 Windows 11 , 64 bit Build 26100 (10.0.26100.5074)
OS uptime: 0 days 1:52 hours
Hyper-V role detected

CPU: total 4 (initial active 4) (2 cores per cpu, 2 threads per core) family 6 model 142 stepping 12 microcode 0xde, cx8, cmov, fxsr, ht, mmx, 3dnowpref, sse, sse2, sse3, ssse3, sse4.1, sse4.2, popcnt, lzcnt, tsc, tscinvbit, avx, avx2, aes, erms, clmul, bmi1, bmi2, adx, fma, vzeroupper, clflush, clflushopt, hv, rdtscp, f16c
Processor Information for the first 4 processors :
  Max Mhz: 2592, Current Mhz: 2592, Mhz Limit: 2073

Memory: 4k page, system-wide physical 8025M (516M free)
TotalPageFile size 13928M (AvailPageFile size 21M)
current process WorkingSet (physical memory assigned to process): 2828M, peak: 2845M
current process commit charge ("private bytes"): 3252M, peak: 3258M

vm_info: OpenJDK 64-Bit Server VM (21.0.6+-13391695-b895.109) for windows-amd64 JRE (21.0.6+-13391695-b895.109), built on 2025-04-22T21:19:17Z by "builder" with MS VC++ 16.10 / 16.11 (VS2019)

END.
