#
# There is insufficient memory for the Java Runtime Environment to continue.
# Native memory allocation (malloc) failed to allocate 32744 bytes. Error detail: Chunk::new
# Possible reasons:
#   The system is out of physical RAM or swap space
#   This process is running with CompressedOops enabled, and the Java Heap may be blocking the growth of the native heap
# Possible solutions:
#   Reduce memory load on the system
#   Increase physical memory or swap space
#   Check if swap backing store is full
#   Decrease Java heap size (-Xmx/-Xms)
#   Decrease number of Java threads
#   Decrease Java thread stack sizes (-Xss)
#   Set larger code cache with -XX:ReservedCodeCacheSize=
#   JVM is running with Zero Based Compressed Oops mode in which the Java heap is
#     placed in the first 32GB address space. The Java Heap base address is the
#     maximum limit for the native heap growth. Please use -XX:HeapBaseMinAddress
#     to set the Java Heap base and to place the Java Heap above 32GB virtual address.
# This output file may be truncated or incomplete.
#
#  Out of Memory Error (arena.cpp:168), pid=18120, tid=3496
#
# JRE version: OpenJDK Runtime Environment (21.0.6) (build 21.0.6+-13391695-b895.109)
# Java VM: OpenJDK 64-Bit Server VM (21.0.6+-13391695-b895.109, mixed mode, tiered, compressed oops, compressed class ptrs, parallel gc, windows-amd64)
# No core dump will be written. Minidumps are not enabled by default on client versions of Windows
#

---------------  S U M M A R Y ------------

Command Line: --add-opens=java.base/java.lang=ALL-UNNAMED --add-opens=java.base/java.lang.invoke=ALL-UNNAMED --add-opens=java.base/java.util=ALL-UNNAMED --add-opens=java.prefs/java.util.prefs=ALL-UNNAMED --add-exports=jdk.compiler/com.sun.tools.javac.api=ALL-UNNAMED --add-exports=jdk.compiler/com.sun.tools.javac.util=ALL-UNNAMED --add-opens=java.base/java.util=ALL-UNNAMED --add-opens=java.prefs/java.util.prefs=ALL-UNNAMED --add-opens=java.base/java.nio.charset=ALL-UNNAMED --add-opens=java.base/java.net=ALL-UNNAMED --add-opens=java.base/java.util.concurrent.atomic=ALL-UNNAMED --add-opens=java.xml/javax.xml.namespace=ALL-UNNAMED -XX:+UseParallelGC -Xmx4g -Dfile.encoding=UTF-8 -Duser.country=CN -Duser.language=zh -Duser.variant -javaagent:C:\Users\Mbongeni\.gradle\wrapper\dists\gradle-8.14.2-bin\2pb3mgt1p815evrl3weanttgr\gradle-8.14.2\lib\agents\gradle-instrumentation-agent-8.14.2.jar org.gradle.launcher.daemon.bootstrap.GradleDaemon 8.14.2

Host: Intel(R) Core(TM) i3-10110U CPU @ 2.10GHz, 4 cores, 7G,  Windows 11 , 64 bit Build 26100 (10.0.26100.5074)
Time: Wed Sep 10 02:26:36 2025 South Africa Standard Time elapsed time: 4473.065535 seconds (0d 1h 14m 33s)

---------------  T H R E A D  ---------------

Current thread (0x00000240fff30540):  JavaThread "C2 CompilerThread0" daemon [_thread_in_native, id=3496, stack(0x0000009823000000,0x0000009823100000) (1024K)]


Current CompileTask:
C2:4473065 267489       4       com.android.tools.r8.internal.rT::b (503 bytes)

Stack: [0x0000009823000000,0x0000009823100000]
Native frames: (J=compiled Java code, j=interpreted, Vv=VM code, C=native code)
V  [jvm.dll+0x6d0639]
V  [jvm.dll+0x85eb03]
V  [jvm.dll+0x86105e]
V  [jvm.dll+0x861743]
V  [jvm.dll+0x27e6e6]
V  [jvm.dll+0xbff6d]
V  [jvm.dll+0xc04a3]
V  [jvm.dll+0xc0095]
V  [jvm.dll+0x6ad437]
V  [jvm.dll+0x6abd88]
V  [jvm.dll+0x66f38b]
V  [jvm.dll+0x66838e]
V  [jvm.dll+0x3938c9]
V  [jvm.dll+0x391002]
V  [jvm.dll+0x39a81a]
V  [jvm.dll+0x1c9af1]
V  [jvm.dll+0x2f1984]
V  [jvm.dll+0x6eab46]
V  [jvm.dll+0x6e2d9b]
V  [jvm.dll+0x6e2242]
V  [jvm.dll+0x6e040a]
V  [jvm.dll+0x1c90dc]
V  [jvm.dll+0x1c9c8a]
V  [jvm.dll+0x2f1984]
V  [jvm.dll+0x6eab46]
V  [jvm.dll+0x6e2d9b]
V  [jvm.dll+0x6e2242]
V  [jvm.dll+0x6e040a]
V  [jvm.dll+0x1c90dc]
V  [jvm.dll+0x246ded]
V  [jvm.dll+0x1c5f04]
V  [jvm.dll+0x2569ac]
V  [jvm.dll+0x254ef6]
V  [jvm.dll+0x3f0e96]
V  [jvm.dll+0x806ed8]
V  [jvm.dll+0x6cef0d]
C  [ucrtbase.dll+0x37b0]
C  [KERNEL32.DLL+0x2e8d7]
C  [ntdll.dll+0x8d9c]


---------------  P R O C E S S  ---------------

Threads class SMR info:
_java_thread_list=0x00000240a2595900, length=79, elements={
0x00000240f43dc6c0, 0x0000024094670480, 0x00000240ffef9fd0, 0x00000240fff33020,
0x00000240fff35a80, 0x00000240fff38350, 0x00000240fff29b70, 0x00000240fff30540,
0x00000240fff3d810, 0x00000240947e16b0, 0x00000240947e0990, 0x00000240947e1020,
0x00000240947e0300, 0x00000240947e23d0, 0x00000240963a5a20, 0x00000240963a4d00,
0x00000240963a25a0, 0x00000240963a3950, 0x00000240963a8180, 0x00000240963a6dd0,
0x00000240963a9530, 0x0000024097cf9970, 0x00000240a1473ba0, 0x00000240a0b6e620,
0x00000240a0b6df90, 0x00000240a0b6f340, 0x00000240a0b6f9d0, 0x00000240a2106d90,
0x00000240ac06cbb0, 0x00000240ac06ec80, 0x0000024097e3b1a0, 0x00000240a1477020,
0x000002409a8dba20, 0x00000240a9717d80, 0x00000240a1bd55f0, 0x00000240a9711480,
0x00000240a9710760, 0x00000240a9712830, 0x00000240a9712ec0, 0x00000240a9710df0,
0x00000240a9713550, 0x00000240a97100d0, 0x00000240a9714270, 0x00000240a9717060,
0x00000240a9713be0, 0x00000240a971b200, 0x00000240a97197c0, 0x00000240a971ab70,
0x00000240a971ed10, 0x00000240a1bd00a0, 0x00000240a1bd1450, 0x00000240a1bcfa10,
0x00000240a1bd0730, 0x00000240a1bce660, 0x00000240a1bcecf0, 0x00000240a1bd2800,
0x00000240a1bcf380, 0x00000240a1bd4240, 0x00000240a1bd2e90, 0x00000240a1bd4f60,
0x00000240a1bd3520, 0x00000240a1bd3bb0, 0x00000240a1bd48d0, 0x0000024097e39760,
0x0000024097e3ab10, 0x0000024097e390d0, 0x0000024097e3a480, 0x0000024097e38a40,
0x0000024097e39df0, 0x0000024097e37d20, 0x0000024097e3b830, 0x00000240a9715620,
0x00000240a97121a0, 0x00000240a9719130, 0x00000240a9719e50, 0x00000240ac7e5d90,
0x00000240ac7e6420, 0x00000240ac7e3630, 0x00000240ac7e6ab0
}

Java Threads: ( => current thread )
  0x00000240f43dc6c0 JavaThread "main"                              [_thread_blocked, id=7596, stack(0x0000009822600000,0x0000009822700000) (1024K)]
  0x0000024094670480 JavaThread "Reference Handler"          daemon [_thread_blocked, id=9840, stack(0x0000009822a00000,0x0000009822b00000) (1024K)]
  0x00000240ffef9fd0 JavaThread "Finalizer"                  daemon [_thread_blocked, id=5628, stack(0x0000009822b00000,0x0000009822c00000) (1024K)]
  0x00000240fff33020 JavaThread "Signal Dispatcher"          daemon [_thread_blocked, id=11384, stack(0x0000009822c00000,0x0000009822d00000) (1024K)]
  0x00000240fff35a80 JavaThread "Attach Listener"            daemon [_thread_blocked, id=16272, stack(0x0000009822d00000,0x0000009822e00000) (1024K)]
  0x00000240fff38350 JavaThread "Service Thread"             daemon [_thread_blocked, id=12684, stack(0x0000009822e00000,0x0000009822f00000) (1024K)]
  0x00000240fff29b70 JavaThread "Monitor Deflation Thread"   daemon [_thread_blocked, id=7236, stack(0x0000009822f00000,0x0000009823000000) (1024K)]
=>0x00000240fff30540 JavaThread "C2 CompilerThread0"         daemon [_thread_in_native, id=3496, stack(0x0000009823000000,0x0000009823100000) (1024K)]
  0x00000240fff3d810 JavaThread "C1 CompilerThread0"         daemon [_thread_blocked, id=16188, stack(0x0000009823100000,0x0000009823200000) (1024K)]
  0x00000240947e16b0 JavaThread "Common-Cleaner"             daemon [_thread_blocked, id=14064, stack(0x0000009823200000,0x0000009823300000) (1024K)]
  0x00000240947e0990 JavaThread "Notification Thread"        daemon [_thread_blocked, id=3652, stack(0x0000009823300000,0x0000009823400000) (1024K)]
  0x00000240947e1020 JavaThread "Daemon health stats"               [_thread_blocked, id=17820, stack(0x0000009823800000,0x0000009823900000) (1024K)]
  0x00000240947e0300 JavaThread "Incoming local TCP Connector on port 29815"        [_thread_in_native, id=15392, stack(0x0000009823900000,0x0000009823a00000) (1024K)]
  0x00000240947e23d0 JavaThread "Daemon periodic checks"            [_thread_blocked, id=9288, stack(0x0000009823a00000,0x0000009823b00000) (1024K)]
  0x00000240963a5a20 JavaThread "Cache worker for journal cache (C:\Users\Mbongeni\.gradle\caches\journal-1)"        [_thread_blocked, id=16224, stack(0x0000009824200000,0x0000009824300000) (1024K)]
  0x00000240963a4d00 JavaThread "File lock request listener"        [_thread_in_native, id=8604, stack(0x0000009824300000,0x0000009824400000) (1024K)]
  0x00000240963a25a0 JavaThread "Cache worker for file hash cache (C:\Users\Mbongeni\.gradle\caches\8.14.2\fileHashes)"        [_thread_blocked, id=6664, stack(0x0000009824400000,0x0000009824500000) (1024K)]
  0x00000240963a3950 JavaThread "Cache worker for file content cache (C:\Users\Mbongeni\.gradle\caches\8.14.2\fileContent)"        [_thread_blocked, id=13800, stack(0x0000009824800000,0x0000009824900000) (1024K)]
  0x00000240963a8180 JavaThread "File watcher server"        daemon [_thread_in_native, id=2916, stack(0x0000009824900000,0x0000009824a00000) (1024K)]
  0x00000240963a6dd0 JavaThread "File watcher consumer"      daemon [_thread_in_vm, id=12304, stack(0x0000009824a00000,0x0000009824b00000) (1024K)]
  0x00000240963a9530 JavaThread "JNA Cleaner"                daemon [_thread_blocked, id=6640, stack(0x0000009824d00000,0x0000009824e00000) (1024K)]
  0x0000024097cf9970 JavaThread "Memory manager"                    [_thread_blocked, id=17436, stack(0x0000009825c00000,0x0000009825d00000) (1024K)]
  0x00000240a1473ba0 JavaThread "pool-2-thread-1"                   [_thread_blocked, id=7136, stack(0x0000009827500000,0x0000009827600000) (1024K)]
  0x00000240a0b6e620 JavaThread "Java2D Disposer"            daemon [_thread_blocked, id=15356, stack(0x0000009829700000,0x0000009829800000) (1024K)]
  0x00000240a0b6df90 JavaThread "AWT-Windows"                daemon [_thread_in_native, id=18168, stack(0x0000009829900000,0x0000009829a00000) (1024K)]
  0x00000240a0b6f340 JavaThread "DefaultDispatcher-worker-1" daemon [_thread_blocked, id=11596, stack(0x0000009829b00000,0x0000009829c00000) (1024K)]
  0x00000240a0b6f9d0 JavaThread "DefaultDispatcher-worker-2" daemon [_thread_blocked, id=16944, stack(0x0000009829c00000,0x0000009829d00000) (1024K)]
  0x00000240a2106d90 JavaThread "DefaultDispatcher-worker-3" daemon [_thread_blocked, id=9084, stack(0x0000009829d00000,0x0000009829e00000) (1024K)]
  0x00000240ac06cbb0 JavaThread "Periodic tasks thread"      daemon [_thread_blocked, id=11088, stack(0x0000009824e00000,0x0000009824f00000) (1024K)]
  0x00000240ac06ec80 JavaThread "ApplicationImpl pooled thread 1"        [_thread_blocked, id=16124, stack(0x000000982a000000,0x000000982a100000) (1024K)]
  0x0000024097e3b1a0 JavaThread "pool-8-thread-1"                   [_thread_blocked, id=1152, stack(0x0000009825f00000,0x0000009826000000) (1024K)]
  0x00000240a1477020 JavaThread "pool-10-thread-1"                  [_thread_blocked, id=16368, stack(0x0000009826000000,0x0000009826100000) (1024K)]
  0x000002409a8dba20 JavaThread "DefaultDispatcher-worker-4" daemon [_thread_blocked, id=13700, stack(0x0000009827300000,0x0000009827400000) (1024K)]
  0x00000240a9717d80 JavaThread "pool-16-thread-1"                  [_thread_blocked, id=16464, stack(0x0000009826a00000,0x0000009826b00000) (1024K)]
  0x00000240a1bd55f0 JavaThread "pool-18-thread-1"                  [_thread_blocked, id=15912, stack(0x0000009825e00000,0x0000009825f00000) (1024K)]
  0x00000240a9711480 JavaThread "Daemon Thread 6"                   [_thread_blocked, id=1076, stack(0x0000009822500000,0x0000009822600000) (1024K)]
  0x00000240a9710760 JavaThread "Handler for socket connection from /127.0.0.1:29815 to /127.0.0.1:30505"        [_thread_in_native, id=16028, stack(0x0000009823400000,0x0000009823500000) (1024K)]
  0x00000240a9712830 JavaThread "Cancel handler"                    [_thread_blocked, id=6028, stack(0x0000009823c00000,0x0000009823d00000) (1024K)]
  0x00000240a9712ec0 JavaThread "Daemon worker Thread 6"            [_thread_blocked, id=9172, stack(0x0000009823d00000,0x0000009823e00000) (1024K)]
  0x00000240a9710df0 JavaThread "Asynchronous log dispatcher for DefaultDaemonConnection: socket connection from /127.0.0.1:29815 to /127.0.0.1:30505"        [_thread_blocked, id=7188, stack(0x0000009823e00000,0x0000009823f00000) (1024K)]
  0x00000240a9713550 JavaThread "Stdin handler"                     [_thread_blocked, id=10588, stack(0x0000009823f00000,0x0000009824000000) (1024K)]
  0x00000240a97100d0 JavaThread "Daemon client event forwarder"        [_thread_blocked, id=12216, stack(0x0000009824000000,0x0000009824100000) (1024K)]
  0x00000240a9714270 JavaThread "Cache worker for file hash cache (C:\Users\Mbongeni\OneDrive\Documents\GitHub\Lost\.gradle\8.14.2\fileHashes)"        [_thread_blocked, id=6988, stack(0x0000009824100000,0x0000009824200000) (1024K)]
  0x00000240a9717060 JavaThread "Cache worker for checksums cache (C:\Users\Mbongeni\OneDrive\Documents\GitHub\Lost\.gradle\8.14.2\checksums)"        [_thread_blocked, id=17344, stack(0x0000009824500000,0x0000009824600000) (1024K)]
  0x00000240a9713be0 JavaThread "Cache worker for Build Output Cleanup Cache (C:\Users\Mbongeni\OneDrive\Documents\GitHub\Lost\.gradle\buildOutputCleanup)"        [_thread_blocked, id=12788, stack(0x0000009824600000,0x0000009824700000) (1024K)]
  0x00000240a971b200 JavaThread "gradle-enterprise-worker-5"        [_thread_blocked, id=17976, stack(0x0000009824700000,0x0000009824800000) (1024K)]
  0x00000240a97197c0 JavaThread "Develocity resource usage"  daemon [_thread_blocked, id=15660, stack(0x0000009824c00000,0x0000009824d00000) (1024K)]
  0x00000240a971ab70 JavaThread "build event listener"              [_thread_blocked, id=15256, stack(0x0000009825200000,0x0000009825300000) (1024K)]
  0x00000240a971ed10 JavaThread "build event listener"              [_thread_blocked, id=7008, stack(0x0000009825400000,0x0000009825500000) (1024K)]
  0x00000240a1bd00a0 JavaThread "build event listener"              [_thread_blocked, id=8660, stack(0x0000009825500000,0x0000009825600000) (1024K)]
  0x00000240a1bd1450 JavaThread "Build operations"                  [_thread_blocked, id=9620, stack(0x0000009825600000,0x0000009825700000) (1024K)]
  0x00000240a1bcfa10 JavaThread "Build operations Thread 2"         [_thread_blocked, id=14880, stack(0x0000009825700000,0x0000009825800000) (1024K)]
  0x00000240a1bd0730 JavaThread "ForkJoinPool.commonPool-worker-14" daemon [_thread_blocked, id=14232, stack(0x0000009822300000,0x0000009822400000) (1024K)]
  0x00000240a1bce660 JavaThread "ForkJoinPool.commonPool-worker-15" daemon [_thread_blocked, id=5588, stack(0x0000009822400000,0x0000009822500000) (1024K)]
  0x00000240a1bcecf0 JavaThread "ForkJoinPool.commonPool-worker-16" daemon [_thread_blocked, id=15528, stack(0x0000009825100000,0x0000009825200000) (1024K)]
  0x00000240a1bd2800 JavaThread "Resource Usage Collector SystemCpu" daemon [_thread_blocked, id=17380, stack(0x0000009825800000,0x0000009825900000) (1024K)]
  0x00000240a1bcf380 JavaThread "Resource Usage Collector Monitoring 0" daemon [_thread_blocked, id=6196, stack(0x0000009825900000,0x0000009825a00000) (1024K)]
  0x00000240a1bd4240 JavaThread "Resource Usage Collector Memory" daemon [_thread_blocked, id=6064, stack(0x0000009825a00000,0x0000009825b00000) (1024K)]
  0x00000240a1bd2e90 JavaThread "Resource Usage Collector Monitoring 1" daemon [_thread_blocked, id=4216, stack(0x0000009825b00000,0x0000009825c00000) (1024K)]
  0x00000240a1bd4f60 JavaThread "Resource Usage Collector NetworkSpeed" daemon [_thread_in_native, id=6700, stack(0x0000009825d00000,0x0000009825e00000) (1024K)]
  0x00000240a1bd3520 JavaThread "Resource Usage Collector Monitoring 2" daemon [_thread_blocked, id=10624, stack(0x0000009826100000,0x0000009826200000) (1024K)]
  0x00000240a1bd3bb0 JavaThread "Resource Usage Collector DiskSpeed" daemon [_thread_in_native, id=10320, stack(0x0000009826200000,0x0000009826300000) (1024K)]
  0x00000240a1bd48d0 JavaThread "Resource Usage Collector Monitoring 3" daemon [_thread_blocked, id=15276, stack(0x0000009826300000,0x0000009826400000) (1024K)]
  0x0000024097e39760 JavaThread "Resource Usage Collector Processes" daemon [_thread_blocked, id=13180, stack(0x0000009826400000,0x0000009826500000) (1024K)]
  0x0000024097e3ab10 JavaThread "Resource Usage Collector Monitoring 4" daemon [_thread_blocked, id=13216, stack(0x0000009826500000,0x0000009826600000) (1024K)]
  0x0000024097e390d0 JavaThread "included builds"                   [_thread_blocked, id=10960, stack(0x0000009826600000,0x0000009826700000) (1024K)]
  0x0000024097e3a480 JavaThread "Execution worker"                  [_thread_blocked, id=15492, stack(0x0000009826700000,0x0000009826800000) (1024K)]
  0x0000024097e38a40 JavaThread "Execution worker Thread 2"         [_thread_blocked, id=2892, stack(0x0000009826800000,0x0000009826900000) (1024K)]
  0x0000024097e39df0 JavaThread "Execution worker Thread 3"         [_thread_blocked, id=17620, stack(0x0000009826900000,0x0000009826a00000) (1024K)]
  0x0000024097e37d20 JavaThread "Cache worker for execution history cache (C:\Users\Mbongeni\OneDrive\Documents\GitHub\Lost\.gradle\8.14.2\executionHistory)"        [_thread_blocked, id=8544, stack(0x0000009826b00000,0x0000009826c00000) (1024K)]
  0x0000024097e3b830 JavaThread "pool-24-thread-1"                  [_thread_blocked, id=11344, stack(0x0000009826c00000,0x0000009826d00000) (1024K)]
  0x00000240a9715620 JavaThread "WorkerExecutor Queue"              [_thread_blocked, id=17264, stack(0x0000009823b00000,0x0000009823c00000) (1024K)]
  0x00000240a97121a0 JavaThread "WorkerExecutor Queue Thread 2"        [_thread_blocked, id=10464, stack(0x0000009824f00000,0x0000009825000000) (1024K)]
  0x00000240a9719130 JavaThread "WorkerExecutor Queue Thread 3"        [_thread_blocked, id=13924, stack(0x0000009826e00000,0x0000009826f00000) (1024K)]
  0x00000240a9719e50 JavaThread "WorkerExecutor Queue Thread 4"        [_thread_blocked, id=12016, stack(0x0000009827000000,0x0000009827100000) (1024K)]
  0x00000240ac7e5d90 JavaThread "ForkJoinPool-4-worker-1"    daemon [_thread_in_vm, id=9612, stack(0x0000009827600000,0x0000009827700000) (1024K)]
  0x00000240ac7e6420 JavaThread "ForkJoinPool-4-worker-2"    daemon [_thread_in_Java, id=6140, stack(0x0000009827700000,0x0000009827800000) (1024K)]
  0x00000240ac7e3630 JavaThread "ForkJoinPool-4-worker-3"    daemon [_thread_in_Java, id=17216, stack(0x0000009827800000,0x0000009827900000) (1024K)]
  0x00000240ac7e6ab0 JavaThread "ForkJoinPool-4-worker-4"    daemon [_thread_in_Java, id=16520, stack(0x0000009827900000,0x0000009827a00000) (1024K)]
Total: 79

Other Threads:
  0x00000240ffed0f10 VMThread "VM Thread"                           [id=1236, stack(0x0000009822900000,0x0000009822a00000) (1024K)]
  0x00000240ffe1ba00 WatcherThread "VM Periodic Task Thread"        [id=16656, stack(0x0000009822800000,0x0000009822900000) (1024K)]
  0x00000240f43f4880 WorkerThread "GC Thread#0"                     [id=12148, stack(0x0000009822700000,0x0000009822800000) (1024K)]
  0x0000024094c49f90 WorkerThread "GC Thread#1"                     [id=14204, stack(0x0000009823500000,0x0000009823600000) (1024K)]
  0x000002409516bb10 WorkerThread "GC Thread#2"                     [id=17456, stack(0x0000009823600000,0x0000009823700000) (1024K)]
  0x00000240951253d0 WorkerThread "GC Thread#3"                     [id=956, stack(0x0000009823700000,0x0000009823800000) (1024K)]
Total: 6

Threads with active compile tasks:
C2 CompilerThread0  4473150 267489       4       com.android.tools.r8.internal.rT::b (503 bytes)
Total: 1

VM state: not at safepoint (normal execution)

VM Mutex/Monitor currently owned by a thread: None

Heap address: 0x0000000700000000, size: 4096 MB, Compressed Oops mode: Zero based, Oop shift amount: 3

CDS archive(s) not mapped
Compressed class space mapped at: 0x0000000800000000-0x0000000840000000, reserved size: 1073741824
Narrow klass base: 0x0000000800000000, Narrow klass shift: 0, Narrow klass range: 0x40000000

GC Precious Log:
 CardTable entry size: 512
 CPUs: 4 total, 4 available
 Memory: 8025M
 Large Page Support: Disabled
 NUMA Support: Disabled
 Compressed Oops: Enabled (Zero based)
 Alignments: Space 512K, Generation 512K, Heap 2M
 Heap Min Capacity: 8M
 Heap Initial Capacity: 126M
 Heap Max Capacity: 4G
 Pre-touch: Disabled
 Parallel Workers: 4

Heap:
 PSYoungGen      total 1234944K, used 923732K [0x00000007aab00000, 0x00000007fef00000, 0x0000000800000000)
  eden space 1217536K, 75% used [0x00000007aab00000,0x00000007e3115358,0x00000007f5000000)
  from space 17408K, 0% used [0x00000007f5000000,0x00000007f5000000,0x00000007f6100000)
  to   space 81408K, 0% used [0x00000007f9f80000,0x00000007f9f80000,0x00000007fef00000)
 ParOldGen       total 1266688K, used 725749K [0x0000000700000000, 0x000000074d500000, 0x00000007aab00000)
  object space 1266688K, 57% used [0x0000000700000000,0x000000072c4bd678,0x000000074d500000)
 Metaspace       used 304074K, committed 307456K, reserved 1376256K
  class space    used 35881K, committed 37888K, reserved 1048576K

Card table byte_map: [0x00000240f7530000,0x00000240f7d40000] _byte_map_base: 0x00000240f3d30000

Marking Bits: (ParMarkBitMap*) 0x00007ffbeaf03300
 Begin Bits: [0x00000240f7d40000, 0x00000240fbd40000)
 End Bits:   [0x00000240fbd40000, 0x00000240ffd40000)

Polling page: 0x00000240f21e0000

Metaspace:

Usage:
  Non-class:    261.91 MB used.
      Class:     35.04 MB used.
       Both:    296.95 MB used.

Virtual space:
  Non-class space:      320.00 MB reserved,     263.25 MB ( 82%) committed,  5 nodes.
      Class space:        1.00 GB reserved,      37.00 MB (  4%) committed,  1 nodes.
             Both:        1.31 GB reserved,     300.25 MB ( 22%) committed. 

Chunk freelists:
   Non-Class:  8.62 MB
       Class:  11.72 MB
        Both:  20.35 MB

MaxMetaspaceSize: unlimited
CompressedClassSpaceSize: 1.00 GB
Initial GC threshold: 21.00 MB
Current GC threshold: 500.44 MB
CDS: off
 - commit_granule_bytes: 65536.
 - commit_granule_words: 8192.
 - virtual_space_node_default_size: 8388608.
 - enlarge_chunks_in_place: 1.
 - use_allocation_guard: 0.


Internal statistics:

num_allocs_failed_limit: 18.
num_arena_births: 6324.
num_arena_deaths: 1884.
num_vsnodes_births: 6.
num_vsnodes_deaths: 0.
num_space_committed: 4794.
num_space_uncommitted: 0.
num_chunks_returned_to_freelist: 2158.
num_chunks_taken_from_freelist: 20804.
num_chunk_merges: 699.
num_chunk_splits: 13144.
num_chunks_enlarged: 8052.
num_inconsistent_stats: 0.

CodeHeap 'non-profiled nmethods': size=120000Kb used=84603Kb max_used=85909Kb free=35396Kb
 bounds [0x0000024087ad0000, 0x000002408cec0000, 0x000002408f000000]
CodeHeap 'profiled nmethods': size=120000Kb used=51106Kb max_used=90190Kb free=68893Kb
 bounds [0x0000024080000000, 0x0000024085830000, 0x0000024087530000]
CodeHeap 'non-nmethods': size=5760Kb used=2222Kb max_used=2390Kb free=3537Kb
 bounds [0x0000024087530000, 0x00000240877c0000, 0x0000024087ad0000]
 total_blobs=33736 nmethods=32392 adapters=1242
 compilation: enabled
              stopped_count=0, restarted_count=0
 full_count=0

Compilation events (20 events):
Event: 4466.062 Thread 0x00000240fff3d810 nmethod 267479 0x0000024084c47710 code [0x0000024084c478c0, 0x0000024084c479f8]
Event: 4466.829 Thread 0x00000240fff30540 267480       4       com.android.tools.r8.internal.kp::a (17 bytes)
Event: 4466.834 Thread 0x00000240fff30540 nmethod 267480 0x000002408cb5d010 code [0x000002408cb5d1a0, 0x000002408cb5d330]
Event: 4466.834 Thread 0x00000240fff30540 267481       4       com.android.tools.r8.internal.gV::a (426 bytes)
Event: 4466.932 Thread 0x00000240fff30540 nmethod 267481 0x000002408cb58d90 code [0x000002408cb59240, 0x000002408cb5b380]
Event: 4467.030 Thread 0x00000240fff3d810 267482       3       com.android.tools.r8.internal.sq0::b (40 bytes)
Event: 4467.031 Thread 0x00000240fff3d810 nmethod 267482 0x0000024083a9fe10 code [0x0000024083aa0040, 0x0000024083aa06e0]
Event: 4467.342 Thread 0x00000240fff3d810 267483       1       com.android.tools.r8.internal.xh::r2 (4 bytes)
Event: 4467.343 Thread 0x00000240fff3d810 nmethod 267483 0x000002408cb58a90 code [0x000002408cb58c20, 0x000002408cb58ce8]
Event: 4472.210 Thread 0x00000240fff30540 267484       4       com.android.tools.r8.internal.rT$$Lambda/0x00000008021fd848::test (12 bytes)
Event: 4472.212 Thread 0x00000240fff30540 nmethod 267484 0x000002408cb58690 code [0x000002408cb58820, 0x000002408cb58958]
Event: 4472.553 Thread 0x00000240fff30540 267485       4       com.android.tools.r8.internal.BB::D (241 bytes)
Event: 4472.597 Thread 0x00000240fff30540 nmethod 267485 0x000002408cb56d10 code [0x000002408cb56f80, 0x000002408cb57c68]
Event: 4472.755 Thread 0x00000240fff30540 267486       4       com.android.tools.r8.internal.aC::b (51 bytes)
Event: 4472.756 Thread 0x00000240fff3d810 267487       3       com.android.tools.r8.internal.pt::c (10 bytes)
Event: 4472.757 Thread 0x00000240fff3d810 nmethod 267487 0x0000024085261410 code [0x00000240852615c0, 0x00000240852617c0]
Event: 4472.768 Thread 0x00000240fff30540 nmethod 267486 0x000002408cb55f90 code [0x000002408cb561a0, 0x000002408cb567d8]
Event: 4472.789 Thread 0x00000240fff30540 267488       4       com.android.tools.r8.internal.rT::l (363 bytes)
Event: 4472.882 Thread 0x00000240fff30540 nmethod 267488 0x000002408cb52290 code [0x000002408cb52700, 0x000002408cb54740]
Event: 4473.019 Thread 0x00000240fff30540 267489       4       com.android.tools.r8.internal.rT::b (503 bytes)

GC Heap History (20 events):
Event: 4365.311 GC heap before
{Heap before GC invocations=372 (full 54):
 PSYoungGen      total 1335296K, used 1285760K [0x00000007aab00000, 0x00000007ffd00000, 0x0000000800000000)
  eden space 1277952K, 100% used [0x00000007aab00000,0x00000007f8b00000,0x00000007f8b00000)
  from space 57344K, 13% used [0x00000007f8b00000,0x00000007f92a0010,0x00000007fc300000)
  to   space 54784K, 0% used [0x00000007fc780000,0x00000007fc780000,0x00000007ffd00000)
 ParOldGen       total 1255424K, used 1255341K [0x0000000700000000, 0x000000074ca00000, 0x00000007aab00000)
  object space 1255424K, 99% used [0x0000000700000000,0x000000074c9eb5e0,0x000000074ca00000)
 Metaspace       used 304053K, committed 307456K, reserved 1376256K
  class space    used 35881K, committed 37888K, reserved 1048576K
}
Event: 4365.341 GC heap after
{Heap after GC invocations=372 (full 54):
 PSYoungGen      total 1336832K, used 7648K [0x00000007aab00000, 0x00000007ff980000, 0x0000000800000000)
  eden space 1285632K, 0% used [0x00000007aab00000,0x00000007aab00000,0x00000007f9280000)
  from space 51200K, 14% used [0x00000007fc780000,0x00000007fcef8020,0x00000007ff980000)
  to   space 52736K, 0% used [0x00000007f9280000,0x00000007f9280000,0x00000007fc600000)
 ParOldGen       total 1259008K, used 1258675K [0x0000000700000000, 0x000000074cd80000, 0x00000007aab00000)
  object space 1259008K, 99% used [0x0000000700000000,0x000000074cd2cc18,0x000000074cd80000)
 Metaspace       used 304053K, committed 307456K, reserved 1376256K
  class space    used 35881K, committed 37888K, reserved 1048576K
}
Event: 4369.821 GC heap before
{Heap before GC invocations=373 (full 54):
 PSYoungGen      total 1336832K, used 1293280K [0x00000007aab00000, 0x00000007ff980000, 0x0000000800000000)
  eden space 1285632K, 100% used [0x00000007aab00000,0x00000007f9280000,0x00000007f9280000)
  from space 51200K, 14% used [0x00000007fc780000,0x00000007fcef8020,0x00000007ff980000)
  to   space 52736K, 0% used [0x00000007f9280000,0x00000007f9280000,0x00000007fc600000)
 ParOldGen       total 1259008K, used 1258675K [0x0000000700000000, 0x000000074cd80000, 0x00000007aab00000)
  object space 1259008K, 99% used [0x0000000700000000,0x000000074cd2cc18,0x000000074cd80000)
 Metaspace       used 304054K, committed 307456K, reserved 1376256K
  class space    used 35881K, committed 37888K, reserved 1048576K
}
Event: 4369.883 GC heap after
{Heap after GC invocations=373 (full 54):
 PSYoungGen      total 1338368K, used 10358K [0x00000007aab00000, 0x00000007ffb80000, 0x0000000800000000)
  eden space 1285632K, 0% used [0x00000007aab00000,0x00000007aab00000,0x00000007f9280000)
  from space 52736K, 19% used [0x00000007f9280000,0x00000007f9c9db90,0x00000007fc600000)
  to   space 49664K, 0% used [0x00000007fcb00000,0x00000007fcb00000,0x00000007ffb80000)
 ParOldGen       total 1262080K, used 1261852K [0x0000000700000000, 0x000000074d080000, 0x00000007aab00000)
  object space 1262080K, 99% used [0x0000000700000000,0x000000074d0472c8,0x000000074d080000)
 Metaspace       used 304054K, committed 307456K, reserved 1376256K
  class space    used 35881K, committed 37888K, reserved 1048576K
}
Event: 4371.905 GC heap before
{Heap before GC invocations=374 (full 54):
 PSYoungGen      total 1338368K, used 223200K [0x00000007aab00000, 0x00000007ffb80000, 0x0000000800000000)
  eden space 1285632K, 16% used [0x00000007aab00000,0x00000007b7ada750,0x00000007f9280000)
  from space 52736K, 19% used [0x00000007f9280000,0x00000007f9c9db90,0x00000007fc600000)
  to   space 49664K, 0% used [0x00000007fcb00000,0x00000007fcb00000,0x00000007ffb80000)
 ParOldGen       total 1262080K, used 1261852K [0x0000000700000000, 0x000000074d080000, 0x00000007aab00000)
  object space 1262080K, 99% used [0x0000000700000000,0x000000074d0472c8,0x000000074d080000)
 Metaspace       used 304054K, committed 307456K, reserved 1376256K
  class space    used 35881K, committed 37888K, reserved 1048576K
}
Event: 4371.979 GC heap after
{Heap after GC invocations=374 (full 54):
 PSYoungGen      total 1338880K, used 35726K [0x00000007aab00000, 0x0000000800000000, 0x0000000800000000)
  eden space 1289216K, 0% used [0x00000007aab00000,0x00000007aab00000,0x00000007f9600000)
  from space 49664K, 71% used [0x00000007fcb00000,0x00000007fede38f8,0x00000007ffb80000)
  to   space 54272K, 0% used [0x00000007f9600000,0x00000007f9600000,0x00000007fcb00000)
 ParOldGen       total 1266688K, used 1266298K [0x0000000700000000, 0x000000074d500000, 0x00000007aab00000)
  object space 1266688K, 99% used [0x0000000700000000,0x000000074d49eaf0,0x000000074d500000)
 Metaspace       used 304054K, committed 307456K, reserved 1376256K
  class space    used 35881K, committed 37888K, reserved 1048576K
}
Event: 4371.979 GC heap before
{Heap before GC invocations=375 (full 55):
 PSYoungGen      total 1338880K, used 35726K [0x00000007aab00000, 0x0000000800000000, 0x0000000800000000)
  eden space 1289216K, 0% used [0x00000007aab00000,0x00000007aab00000,0x00000007f9600000)
  from space 49664K, 71% used [0x00000007fcb00000,0x00000007fede38f8,0x00000007ffb80000)
  to   space 54272K, 0% used [0x00000007f9600000,0x00000007f9600000,0x00000007fcb00000)
 ParOldGen       total 1266688K, used 1266298K [0x0000000700000000, 0x000000074d500000, 0x00000007aab00000)
  object space 1266688K, 99% used [0x0000000700000000,0x000000074d49eaf0,0x000000074d500000)
 Metaspace       used 304054K, committed 307456K, reserved 1376256K
  class space    used 35881K, committed 37888K, reserved 1048576K
}
Event: 4374.966 GC heap after
{Heap after GC invocations=375 (full 55):
 PSYoungGen      total 1338880K, used 0K [0x00000007aab00000, 0x0000000800000000, 0x0000000800000000)
  eden space 1289216K, 0% used [0x00000007aab00000,0x00000007aab00000,0x00000007f9600000)
  from space 49664K, 0% used [0x00000007fcb00000,0x00000007fcb00000,0x00000007ffb80000)
  to   space 54272K, 0% used [0x00000007f9600000,0x00000007f9600000,0x00000007fcb00000)
 ParOldGen       total 1266688K, used 752426K [0x0000000700000000, 0x000000074d500000, 0x00000007aab00000)
  object space 1266688K, 59% used [0x0000000700000000,0x000000072decaab8,0x000000074d500000)
 Metaspace       used 304054K, committed 307456K, reserved 1376256K
  class space    used 35881K, committed 37888K, reserved 1048576K
}
Event: 4398.838 GC heap before
{Heap before GC invocations=376 (full 55):
 PSYoungGen      total 1338880K, used 1289216K [0x00000007aab00000, 0x0000000800000000, 0x0000000800000000)
  eden space 1289216K, 100% used [0x00000007aab00000,0x00000007f9600000,0x00000007f9600000)
  from space 49664K, 0% used [0x00000007fcb00000,0x00000007fcb00000,0x00000007ffb80000)
  to   space 54272K, 0% used [0x00000007f9600000,0x00000007f9600000,0x00000007fcb00000)
 ParOldGen       total 1266688K, used 752426K [0x0000000700000000, 0x000000074d500000, 0x00000007aab00000)
  object space 1266688K, 59% used [0x0000000700000000,0x000000072decaab8,0x000000074d500000)
 Metaspace       used 304054K, committed 307456K, reserved 1376256K
  class space    used 35881K, committed 37888K, reserved 1048576K
}
Event: 4399.029 GC heap after
{Heap after GC invocations=376 (full 55):
 PSYoungGen      total 1343488K, used 54240K [0x00000007aab00000, 0x0000000800000000, 0x0000000800000000)
  eden space 1289216K, 0% used [0x00000007aab00000,0x00000007aab00000,0x00000007f9600000)
  from space 54272K, 99% used [0x00000007f9600000,0x00000007fcaf8180,0x00000007fcb00000)
  to   space 54272K, 0% used [0x00000007fcb00000,0x00000007fcb00000,0x0000000800000000)
 ParOldGen       total 1266688K, used 774450K [0x0000000700000000, 0x000000074d500000, 0x00000007aab00000)
  object space 1266688K, 61% used [0x0000000700000000,0x000000072f44cae8,0x000000074d500000)
 Metaspace       used 304054K, committed 307456K, reserved 1376256K
  class space    used 35881K, committed 37888K, reserved 1048576K
}
Event: 4409.582 GC heap before
{Heap before GC invocations=377 (full 55):
 PSYoungGen      total 1343488K, used 1343456K [0x00000007aab00000, 0x0000000800000000, 0x0000000800000000)
  eden space 1289216K, 100% used [0x00000007aab00000,0x00000007f9600000,0x00000007f9600000)
  from space 54272K, 99% used [0x00000007f9600000,0x00000007fcaf8180,0x00000007fcb00000)
  to   space 54272K, 0% used [0x00000007fcb00000,0x00000007fcb00000,0x0000000800000000)
 ParOldGen       total 1266688K, used 774450K [0x0000000700000000, 0x000000074d500000, 0x00000007aab00000)
  object space 1266688K, 61% used [0x0000000700000000,0x000000072f44cae8,0x000000074d500000)
 Metaspace       used 304060K, committed 307456K, reserved 1376256K
  class space    used 35881K, committed 37888K, reserved 1048576K
}
Event: 4409.801 GC heap after
{Heap after GC invocations=377 (full 55):
 PSYoungGen      total 1269760K, used 54248K [0x00000007aab00000, 0x0000000800000000, 0x0000000800000000)
  eden space 1215488K, 0% used [0x00000007aab00000,0x00000007aab00000,0x00000007f4e00000)
  from space 54272K, 99% used [0x00000007fcb00000,0x00000007ffffa1a8,0x0000000800000000)
  to   space 91136K, 0% used [0x00000007f4e00000,0x00000007f4e00000,0x00000007fa700000)
 ParOldGen       total 1266688K, used 808135K [0x0000000700000000, 0x000000074d500000, 0x00000007aab00000)
  object space 1266688K, 63% used [0x0000000700000000,0x0000000731531c88,0x000000074d500000)
 Metaspace       used 304060K, committed 307456K, reserved 1376256K
  class space    used 35881K, committed 37888K, reserved 1048576K
}
Event: 4419.856 GC heap before
{Heap before GC invocations=378 (full 55):
 PSYoungGen      total 1269760K, used 1269736K [0x00000007aab00000, 0x0000000800000000, 0x0000000800000000)
  eden space 1215488K, 100% used [0x00000007aab00000,0x00000007f4e00000,0x00000007f4e00000)
  from space 54272K, 99% used [0x00000007fcb00000,0x00000007ffffa1a8,0x0000000800000000)
  to   space 91136K, 0% used [0x00000007f4e00000,0x00000007f4e00000,0x00000007fa700000)
 ParOldGen       total 1266688K, used 808135K [0x0000000700000000, 0x000000074d500000, 0x00000007aab00000)
  object space 1266688K, 63% used [0x0000000700000000,0x0000000731531c88,0x000000074d500000)
 Metaspace       used 304069K, committed 307456K, reserved 1376256K
  class space    used 35881K, committed 37888K, reserved 1048576K
}
Event: 4420.040 GC heap after
{Heap after GC invocations=378 (full 55):
 PSYoungGen      total 1306624K, used 40441K [0x00000007aab00000, 0x0000000800000000, 0x0000000800000000)
  eden space 1215488K, 0% used [0x00000007aab00000,0x00000007aab00000,0x00000007f4e00000)
  from space 91136K, 44% used [0x00000007f4e00000,0x00000007f757e6e8,0x00000007fa700000)
  to   space 89088K, 0% used [0x00000007fa900000,0x00000007fa900000,0x0000000800000000)
 ParOldGen       total 1266688K, used 837783K [0x0000000700000000, 0x000000074d500000, 0x00000007aab00000)
  object space 1266688K, 66% used [0x0000000700000000,0x0000000733225fe0,0x000000074d500000)
 Metaspace       used 304069K, committed 307456K, reserved 1376256K
  class space    used 35881K, committed 37888K, reserved 1048576K
}
Event: 4423.874 GC heap before
{Heap before GC invocations=379 (full 55):
 PSYoungGen      total 1306624K, used 1255929K [0x00000007aab00000, 0x0000000800000000, 0x0000000800000000)
  eden space 1215488K, 100% used [0x00000007aab00000,0x00000007f4e00000,0x00000007f4e00000)
  from space 91136K, 44% used [0x00000007f4e00000,0x00000007f757e6e8,0x00000007fa700000)
  to   space 89088K, 0% used [0x00000007fa900000,0x00000007fa900000,0x0000000800000000)
 ParOldGen       total 1266688K, used 837783K [0x0000000700000000, 0x000000074d500000, 0x00000007aab00000)
  object space 1266688K, 66% used [0x0000000700000000,0x0000000733225fe0,0x000000074d500000)
 Metaspace       used 304070K, committed 307456K, reserved 1376256K
  class space    used 35881K, committed 37888K, reserved 1048576K
}
Event: 4423.970 GC heap after
{Heap after GC invocations=379 (full 55):
 PSYoungGen      total 1296384K, used 22136K [0x00000007aab00000, 0x00000007ff600000, 0x0000000800000000)
  eden space 1217536K, 0% used [0x00000007aab00000,0x00000007aab00000,0x00000007f5000000)
  from space 78848K, 28% used [0x00000007fa900000,0x00000007fbe9e150,0x00000007ff600000)
  to   space 84992K, 0% used [0x00000007f5000000,0x00000007f5000000,0x00000007fa300000)
 ParOldGen       total 1266688K, used 857047K [0x0000000700000000, 0x000000074d500000, 0x00000007aab00000)
  object space 1266688K, 67% used [0x0000000700000000,0x00000007344f5ec0,0x000000074d500000)
 Metaspace       used 304070K, committed 307456K, reserved 1376256K
  class space    used 35881K, committed 37888K, reserved 1048576K
}
Event: 4429.051 GC heap before
{Heap before GC invocations=380 (full 55):
 PSYoungGen      total 1296384K, used 835368K [0x00000007aab00000, 0x00000007ff600000, 0x0000000800000000)
  eden space 1217536K, 66% used [0x00000007aab00000,0x00000007dc52c018,0x00000007f5000000)
  from space 78848K, 28% used [0x00000007fa900000,0x00000007fbe9e150,0x00000007ff600000)
  to   space 84992K, 0% used [0x00000007f5000000,0x00000007f5000000,0x00000007fa300000)
 ParOldGen       total 1266688K, used 857047K [0x0000000700000000, 0x000000074d500000, 0x00000007aab00000)
  object space 1266688K, 67% used [0x0000000700000000,0x00000007344f5ec0,0x000000074d500000)
 Metaspace       used 304072K, committed 307456K, reserved 1376256K
  class space    used 35881K, committed 37888K, reserved 1048576K
}
Event: 4429.114 GC heap after
{Heap after GC invocations=380 (full 55):
 PSYoungGen      total 1234944K, used 17060K [0x00000007aab00000, 0x00000007fef00000, 0x0000000800000000)
  eden space 1217536K, 0% used [0x00000007aab00000,0x00000007aab00000,0x00000007f5000000)
  from space 17408K, 98% used [0x00000007f5000000,0x00000007f60a9030,0x00000007f6100000)
  to   space 81408K, 0% used [0x00000007f9f80000,0x00000007f9f80000,0x00000007fef00000)
 ParOldGen       total 1266688K, used 865706K [0x0000000700000000, 0x000000074d500000, 0x00000007aab00000)
  object space 1266688K, 68% used [0x0000000700000000,0x0000000734d6a9b8,0x000000074d500000)
 Metaspace       used 304072K, committed 307456K, reserved 1376256K
  class space    used 35881K, committed 37888K, reserved 1048576K
}
Event: 4429.114 GC heap before
{Heap before GC invocations=381 (full 56):
 PSYoungGen      total 1234944K, used 17060K [0x00000007aab00000, 0x00000007fef00000, 0x0000000800000000)
  eden space 1217536K, 0% used [0x00000007aab00000,0x00000007aab00000,0x00000007f5000000)
  from space 17408K, 98% used [0x00000007f5000000,0x00000007f60a9030,0x00000007f6100000)
  to   space 81408K, 0% used [0x00000007f9f80000,0x00000007f9f80000,0x00000007fef00000)
 ParOldGen       total 1266688K, used 865706K [0x0000000700000000, 0x000000074d500000, 0x00000007aab00000)
  object space 1266688K, 68% used [0x0000000700000000,0x0000000734d6a9b8,0x000000074d500000)
 Metaspace       used 304072K, committed 307456K, reserved 1376256K
  class space    used 35881K, committed 37888K, reserved 1048576K
}
Event: 4430.400 GC heap after
{Heap after GC invocations=381 (full 56):
 PSYoungGen      total 1234944K, used 0K [0x00000007aab00000, 0x00000007fef00000, 0x0000000800000000)
  eden space 1217536K, 0% used [0x00000007aab00000,0x00000007aab00000,0x00000007f5000000)
  from space 17408K, 0% used [0x00000007f5000000,0x00000007f5000000,0x00000007f6100000)
  to   space 81408K, 0% used [0x00000007f9f80000,0x00000007f9f80000,0x00000007fef00000)
 ParOldGen       total 1266688K, used 725749K [0x0000000700000000, 0x000000074d500000, 0x00000007aab00000)
  object space 1266688K, 57% used [0x0000000700000000,0x000000072c4bd678,0x000000074d500000)
 Metaspace       used 304072K, committed 307456K, reserved 1376256K
  class space    used 35881K, committed 37888K, reserved 1048576K
}

Dll operation events (3 events):
Event: 0.031 Loaded shared library C:\Program Files\Android\Android Studio1\jbr\bin\java.dll
Event: 0.042 Loaded shared library C:\Program Files\Android\Android Studio1\jbr\bin\zip.dll
Event: 0.700 Loaded shared library C:\Program Files\Android\Android Studio1\jbr\bin\verify.dll

Deoptimization events (20 events):
Event: 4444.776 Thread 0x00000240ac7e6ab0 DEOPT PACKING pc=0x0000024082cfc034 sp=0x00000098279fe6b0
Event: 4444.777 Thread 0x00000240ac7e6ab0 DEOPT UNPACKING pc=0x0000024087584242 sp=0x00000098279fdc90 mode 0
Event: 4444.901 Thread 0x00000240ac7e5d90 DEOPT PACKING pc=0x0000024081fbea3f sp=0x00000098276fec40
Event: 4444.901 Thread 0x00000240ac7e5d90 DEOPT UNPACKING pc=0x0000024087584242 sp=0x00000098276fe230 mode 0
Event: 4444.952 Thread 0x00000240ac7e6ab0 DEOPT PACKING pc=0x00000240848c5ac7 sp=0x00000098279fe380
Event: 4444.952 Thread 0x00000240ac7e6ab0 DEOPT UNPACKING pc=0x0000024087584242 sp=0x00000098279fd858 mode 0
Event: 4445.043 Thread 0x00000240ac7e6ab0 DEOPT PACKING pc=0x000002408271140e sp=0x00000098279fe010
Event: 4445.043 Thread 0x00000240ac7e6ab0 DEOPT UNPACKING pc=0x0000024087584242 sp=0x00000098279fd4b0 mode 0
Event: 4445.101 Thread 0x00000240ac7e6420 DEOPT PACKING pc=0x0000024081fbea3f sp=0x00000098277fe600
Event: 4445.101 Thread 0x00000240ac7e6420 DEOPT UNPACKING pc=0x0000024087584242 sp=0x00000098277fdbf0 mode 0
Event: 4445.447 Thread 0x00000240ac7e5d90 DEOPT PACKING pc=0x0000024083164c5a sp=0x00000098276fed20
Event: 4445.447 Thread 0x00000240ac7e5d90 DEOPT UNPACKING pc=0x0000024087584242 sp=0x00000098276fe258 mode 0
Event: 4445.488 Thread 0x00000240ac7e5d90 DEOPT PACKING pc=0x00000240833e09db sp=0x00000098276feba0
Event: 4445.488 Thread 0x00000240ac7e5d90 DEOPT UNPACKING pc=0x0000024087584242 sp=0x00000098276fdfe8 mode 0
Event: 4447.531 Thread 0x00000240ac7e3630 DEOPT PACKING pc=0x00000240833dc4d3 sp=0x00000098278fee30
Event: 4447.531 Thread 0x00000240ac7e3630 DEOPT UNPACKING pc=0x0000024087584242 sp=0x00000098278fe2d0 mode 0
Event: 4472.617 Thread 0x00000240ac7e6420 DEOPT PACKING pc=0x000002408262b4d9 sp=0x00000098277fecf0
Event: 4472.617 Thread 0x00000240ac7e6420 DEOPT UNPACKING pc=0x0000024087584242 sp=0x00000098277fe228 mode 0
Event: 4472.789 Thread 0x00000240ac7e3630 DEOPT PACKING pc=0x00000240834592b3 sp=0x00000098278fef10
Event: 4472.830 Thread 0x00000240ac7e3630 DEOPT UNPACKING pc=0x0000024087584242 sp=0x00000098278fe410 mode 0

Classes loaded (20 events):
Event: 3432.430 Loading class java/io/JavaVersion$VERSION_21
Event: 3432.431 Loading class java/io/JavaVersion$VERSION_21 done
Event: 3432.431 Loading class java/net/JavaVersion$VERSION_21
Event: 3432.431 Loading class java/net/JavaVersion$VERSION_21 done
Event: 4306.844 Loading class java/lang/JavaVersion
Event: 4306.844 Loading class java/lang/JavaVersion done
Event: 4306.845 Loading class java/util/JavaVersion
Event: 4306.845 Loading class java/util/JavaVersion done
Event: 4306.845 Loading class java/io/JavaVersion
Event: 4306.845 Loading class java/io/JavaVersion done
Event: 4306.846 Loading class java/net/JavaVersion
Event: 4306.846 Loading class java/net/JavaVersion done
Event: 4306.911 Loading class java/lang/JavaVersion$VERSION_21
Event: 4306.911 Loading class java/lang/JavaVersion$VERSION_21 done
Event: 4306.911 Loading class java/util/JavaVersion$VERSION_21
Event: 4306.912 Loading class java/util/JavaVersion$VERSION_21 done
Event: 4306.912 Loading class java/io/JavaVersion$VERSION_21
Event: 4306.913 Loading class java/io/JavaVersion$VERSION_21 done
Event: 4306.921 Loading class java/net/JavaVersion$VERSION_21
Event: 4306.921 Loading class java/net/JavaVersion$VERSION_21 done

Classes unloaded (20 events):
Event: 3884.244 Thread 0x00000240ffed0f10 Unloading class 0x000000080240c400 'java/lang/invoke/LambdaForm$MH+0x000000080240c400'
Event: 3884.244 Thread 0x00000240ffed0f10 Unloading class 0x000000080240c000 'java/lang/invoke/LambdaForm$MH+0x000000080240c000'
Event: 3884.244 Thread 0x00000240ffed0f10 Unloading class 0x0000000801b40800 'java/lang/invoke/LambdaForm$MH+0x0000000801b40800'
Event: 3884.245 Thread 0x00000240ffed0f10 Unloading class 0x0000000800f24800 'java/lang/invoke/LambdaForm$MH+0x0000000800f24800'
Event: 3884.245 Thread 0x00000240ffed0f10 Unloading class 0x0000000800eaa400 'java/lang/invoke/LambdaForm$MH+0x0000000800eaa400'
Event: 3884.245 Thread 0x00000240ffed0f10 Unloading class 0x0000000800ea9c00 'java/lang/invoke/LambdaForm$MH+0x0000000800ea9c00'
Event: 3884.245 Thread 0x00000240ffed0f10 Unloading class 0x0000000800ea9800 'java/lang/invoke/LambdaForm$MH+0x0000000800ea9800'
Event: 3884.245 Thread 0x00000240ffed0f10 Unloading class 0x0000000800ea9400 'java/lang/invoke/LambdaForm$MH+0x0000000800ea9400'
Event: 3884.245 Thread 0x00000240ffed0f10 Unloading class 0x0000000800ea9000 'java/lang/invoke/LambdaForm$MH+0x0000000800ea9000'
Event: 3884.245 Thread 0x00000240ffed0f10 Unloading class 0x0000000800ea8800 'java/lang/invoke/LambdaForm$MH+0x0000000800ea8800'
Event: 3884.245 Thread 0x00000240ffed0f10 Unloading class 0x0000000800ea8400 'java/lang/invoke/LambdaForm$MH+0x0000000800ea8400'
Event: 3884.245 Thread 0x00000240ffed0f10 Unloading class 0x0000000800ea8000 'java/lang/invoke/LambdaForm$MH+0x0000000800ea8000'
Event: 3884.245 Thread 0x00000240ffed0f10 Unloading class 0x0000000800e72400 'java/lang/invoke/LambdaForm$MH+0x0000000800e72400'
Event: 3884.245 Thread 0x00000240ffed0f10 Unloading class 0x0000000800e70800 'java/lang/invoke/LambdaForm$MH+0x0000000800e70800'
Event: 3884.246 Thread 0x00000240ffed0f10 Unloading class 0x0000000800e24c00 'java/lang/invoke/LambdaForm$MH+0x0000000800e24c00'
Event: 3884.246 Thread 0x00000240ffed0f10 Unloading class 0x00000008005e1800 'java/lang/invoke/LambdaForm$BMH+0x00000008005e1800'
Event: 3884.246 Thread 0x00000240ffed0f10 Unloading class 0x0000000800330400 'java/lang/invoke/LambdaForm$MH+0x0000000800330400'
Event: 3884.246 Thread 0x00000240ffed0f10 Unloading class 0x0000000800158c00 'java/lang/invoke/LambdaForm$MH+0x0000000800158c00'
Event: 3884.246 Thread 0x00000240ffed0f10 Unloading class 0x00000008000f8000 'java/lang/invoke/LambdaForm$MH+0x00000008000f8000'
Event: 3884.246 Thread 0x00000240ffed0f10 Unloading class 0x00000008000c0c00 'java/lang/invoke/LambdaForm$MH+0x00000008000c0c00'

Classes redefined (0 events):
No events

Internal exceptions (20 events):
Event: 3967.497 Thread 0x00000240a9719e50 Exception <a 'sun/nio/fs/WindowsException'{0x00000007ebfdbe18}> (0x00000007ebfdbe18) 
thrown [s\src\hotspot\share\prims\jni.cpp, line 535]
Event: 3967.499 Thread 0x00000240a9719e50 Exception <a 'sun/nio/fs/WindowsException'{0x00000007ebfdd090}> (0x00000007ebfdd090) 
thrown [s\src\hotspot\share\prims\jni.cpp, line 535]
Event: 3967.499 Thread 0x00000240a9719e50 Exception <a 'sun/nio/fs/WindowsException'{0x00000007ebfddc20}> (0x00000007ebfddc20) 
thrown [s\src\hotspot\share\prims\jni.cpp, line 535]
Event: 3967.500 Thread 0x00000240a9719e50 Exception <a 'sun/nio/fs/WindowsException'{0x00000007ebfde450}> (0x00000007ebfde450) 
thrown [s\src\hotspot\share\prims\jni.cpp, line 535]
Event: 3967.501 Thread 0x00000240a9719e50 Exception <a 'sun/nio/fs/WindowsException'{0x00000007ebfded20}> (0x00000007ebfded20) 
thrown [s\src\hotspot\share\prims\jni.cpp, line 535]
Event: 3967.501 Thread 0x00000240a9719e50 Exception <a 'sun/nio/fs/WindowsException'{0x00000007ebfdf630}> (0x00000007ebfdf630) 
thrown [s\src\hotspot\share\prims\jni.cpp, line 535]
Event: 3967.501 Thread 0x00000240a9719e50 Exception <a 'sun/nio/fs/WindowsException'{0x00000007ebfdff78}> (0x00000007ebfdff78) 
thrown [s\src\hotspot\share\prims\jni.cpp, line 535]
Event: 3967.503 Thread 0x00000240a9719e50 Exception <a 'sun/nio/fs/WindowsException'{0x00000007ebfe12c8}> (0x00000007ebfe12c8) 
thrown [s\src\hotspot\share\prims\jni.cpp, line 535]
Event: 3967.504 Thread 0x00000240a9719e50 Exception <a 'sun/nio/fs/WindowsException'{0x00000007ebfe1bb0}> (0x00000007ebfe1bb0) 
thrown [s\src\hotspot\share\prims\jni.cpp, line 535]
Event: 3967.504 Thread 0x00000240a9719e50 Exception <a 'sun/nio/fs/WindowsException'{0x00000007ebfe2538}> (0x00000007ebfe2538) 
thrown [s\src\hotspot\share\prims\jni.cpp, line 535]
Event: 3967.505 Thread 0x00000240a9719e50 Exception <a 'sun/nio/fs/WindowsException'{0x00000007ebfe2f08}> (0x00000007ebfe2f08) 
thrown [s\src\hotspot\share\prims\jni.cpp, line 535]
Event: 3967.506 Thread 0x00000240a9719e50 Exception <a 'sun/nio/fs/WindowsException'{0x00000007ebfe3908}> (0x00000007ebfe3908) 
thrown [s\src\hotspot\share\prims\jni.cpp, line 535]
Event: 3967.506 Thread 0x00000240a9719e50 Exception <a 'sun/nio/fs/WindowsException'{0x00000007ebfe4380}> (0x00000007ebfe4380) 
thrown [s\src\hotspot\share\prims\jni.cpp, line 535]
Event: 4255.797 Thread 0x00000240a9719e50 Implicit null exception at 0x000002408b7e90cd to 0x000002408b7ea780
Event: 4310.537 Thread 0x00000240a9719e50 Exception <a 'sun/nio/fs/WindowsException'{0x00000007c68c37b0}> (0x00000007c68c37b0) 
thrown [s\src\hotspot\share\prims\jni.cpp, line 535]
Event: 4310.860 Thread 0x00000240a9719e50 Exception <a 'sun/nio/fs/WindowsException'{0x00000007c70f7878}> (0x00000007c70f7878) 
thrown [s\src\hotspot\share\prims\jni.cpp, line 535]
Event: 4311.344 Thread 0x00000240a9719e50 Exception <a 'sun/nio/fs/WindowsException'{0x00000007cd402fa8}> (0x00000007cd402fa8) 
thrown [s\src\hotspot\share\prims\jni.cpp, line 535]
Event: 4311.344 Thread 0x00000240a9719e50 Exception <a 'sun/nio/fs/WindowsException'{0x00000007cd4047b0}> (0x00000007cd4047b0) 
thrown [s\src\hotspot\share\prims\jni.cpp, line 535]
Event: 4311.482 Thread 0x00000240a9719e50 Exception <a 'sun/nio/fs/WindowsException'{0x00000007cd4980f8}> (0x00000007cd4980f8) 
thrown [s\src\hotspot\share\prims\jni.cpp, line 535]
Event: 4315.347 Thread 0x0000024097e38a40 Exception <a 'sun/nio/fs/WindowsException'{0x00000007ec051e68}> (0x00000007ec051e68) 
thrown [s\src\hotspot\share\prims\jni.cpp, line 535]

ZGC Phase Switch (0 events):
No events

VM Operations (20 events):
Event: 4453.858 Executing VM operation: Cleanup
Event: 4455.110 Executing VM operation: Cleanup done
Event: 4456.118 Executing VM operation: Cleanup
Event: 4456.832 Executing VM operation: Cleanup done
Event: 4457.851 Executing VM operation: Cleanup
Event: 4460.004 Executing VM operation: Cleanup done
Event: 4461.014 Executing VM operation: Cleanup
Event: 4461.839 Executing VM operation: Cleanup done
Event: 4462.845 Executing VM operation: Cleanup
Event: 4464.277 Executing VM operation: Cleanup done
Event: 4465.278 Executing VM operation: Cleanup
Event: 4465.987 Executing VM operation: Cleanup done
Event: 4466.996 Executing VM operation: Cleanup
Event: 4467.027 Executing VM operation: Cleanup done
Event: 4468.037 Executing VM operation: Cleanup
Event: 4469.133 Executing VM operation: Cleanup done
Event: 4470.148 Executing VM operation: Cleanup
Event: 4470.604 Executing VM operation: Cleanup done
Event: 4471.615 Executing VM operation: Cleanup
Event: 4472.202 Executing VM operation: Cleanup done

Memory protections (0 events):
No events

Nmethod flushes (20 events):
Event: 4429.932 Thread 0x00000240ffed0f10 flushing  nmethod 0x00000240856ee710
Event: 4429.932 Thread 0x00000240ffed0f10 flushing  nmethod 0x00000240856eed90
Event: 4429.932 Thread 0x00000240ffed0f10 flushing  nmethod 0x000002408571a910
Event: 4429.932 Thread 0x00000240ffed0f10 flushing  nmethod 0x000002408571b290
Event: 4429.932 Thread 0x00000240ffed0f10 flushing  nmethod 0x000002408571c610
Event: 4429.932 Thread 0x00000240ffed0f10 flushing  nmethod 0x000002408571e590
Event: 4429.932 Thread 0x00000240ffed0f10 flushing  nmethod 0x000002408571ef90
Event: 4429.932 Thread 0x00000240ffed0f10 flushing  nmethod 0x000002408571f310
Event: 4429.932 Thread 0x00000240ffed0f10 flushing  nmethod 0x0000024085723090
Event: 4429.932 Thread 0x00000240ffed0f10 flushing  nmethod 0x0000024085727490
Event: 4429.932 Thread 0x00000240ffed0f10 flushing  nmethod 0x0000024085727d10
Event: 4429.932 Thread 0x00000240ffed0f10 flushing  nmethod 0x000002408572c390
Event: 4429.932 Thread 0x00000240ffed0f10 flushing  nmethod 0x0000024085738090
Event: 4429.932 Thread 0x00000240ffed0f10 flushing  nmethod 0x00000240857eea90
Event: 4429.932 Thread 0x00000240ffed0f10 flushing  nmethod 0x00000240857eff10
Event: 4429.932 Thread 0x00000240ffed0f10 flushing  nmethod 0x00000240857f0910
Event: 4429.932 Thread 0x00000240ffed0f10 flushing  nmethod 0x000002408581f290
Event: 4429.932 Thread 0x00000240ffed0f10 flushing  nmethod 0x000002408581f690
Event: 4429.932 Thread 0x00000240ffed0f10 flushing  nmethod 0x000002408581fa90
Event: 4429.932 Thread 0x00000240ffed0f10 flushing  nmethod 0x000002408581fe90

Events (20 events):
Event: 4336.812 Thread 0x00000240fff3d810 Thread added: 0x00000240aa522da0
Event: 4338.434 Thread 0x00000240aa522da0 Thread exited: 0x00000240aa522da0
Event: 4338.642 Thread 0x00000240fff3d810 Thread added: 0x00000240aa522da0
Event: 4338.997 Thread 0x00000240aa522da0 Thread exited: 0x00000240aa522da0
Event: 4368.419 Thread 0x00000240fff30540 Thread added: 0x00000240aa523b40
Event: 4369.807 Thread 0x00000240aa523b40 Thread exited: 0x00000240aa523b40
Event: 4370.377 Thread 0x00000240fff30540 Thread added: 0x00000240aa522da0
Event: 4376.907 Thread 0x00000240aa522da0 Thread exited: 0x00000240aa522da0
Event: 4377.041 Thread 0x00000240fff30540 Thread added: 0x00000240aa522da0
Event: 4381.095 Thread 0x00000240aa522da0 Thread exited: 0x00000240aa522da0
Event: 4382.051 Thread 0x00000240fff30540 Thread added: 0x00000240aa522da0
Event: 4384.600 Thread 0x00000240aa522da0 Thread exited: 0x00000240aa522da0
Event: 4399.627 Thread 0x00000240fff3d810 Thread added: 0x00000240a3ac81e0
Event: 4421.978 Thread 0x00000240a3ac81e0 Thread exited: 0x00000240a3ac81e0
Event: 4422.059 Thread 0x00000240fff3d810 Thread added: 0x00000240a21c01e0
Event: 4424.288 Thread 0x00000240a21c01e0 Thread exited: 0x00000240a21c01e0
Event: 4424.293 Thread 0x00000240fff3d810 Thread added: 0x00000240a21be6a0
Event: 4425.737 Thread 0x00000240a21be6a0 Thread exited: 0x00000240a21be6a0
Event: 4425.761 Thread 0x00000240fff30540 Thread added: 0x00000240a21c01e0
Event: 4457.418 Thread 0x00000240a21c01e0 Thread exited: 0x00000240a21c01e0


Dynamic libraries:
0x00007ff6e3aa0000 - 0x00007ff6e3aaa000 	C:\Program Files\Android\Android Studio1\jbr\bin\java.exe
0x00007ffc90920000 - 0x00007ffc90b89000 	C:\WINDOWS\SYSTEM32\ntdll.dll
0x00007ffc8f010000 - 0x00007ffc8f0d9000 	C:\WINDOWS\System32\KERNEL32.DLL
0x00007ffc8e050000 - 0x00007ffc8e443000 	C:\WINDOWS\System32\KERNELBASE.dll
0x00007ffc8df00000 - 0x00007ffc8e04b000 	C:\WINDOWS\System32\ucrtbase.dll
0x00007ffc80c30000 - 0x00007ffc80c4b000 	C:\Program Files\Android\Android Studio1\jbr\bin\VCRUNTIME140.dll
0x00007ffc87d10000 - 0x00007ffc87d28000 	C:\Program Files\Android\Android Studio1\jbr\bin\jli.dll
0x00007ffc8fe60000 - 0x00007ffc90024000 	C:\WINDOWS\System32\USER32.dll
0x00007ffc8dc90000 - 0x00007ffc8dcb7000 	C:\WINDOWS\System32\win32u.dll
0x00007ffc72230000 - 0x00007ffc724c3000 	C:\WINDOWS\WinSxS\amd64_microsoft.windows.common-controls_6595b64144ccf1df_6.0.26100.5074_none_3e0d6f78e32fd63f\COMCTL32.dll
0x00007ffc8f6e0000 - 0x00007ffc8f70b000 	C:\WINDOWS\System32\GDI32.dll
0x00007ffc8ed20000 - 0x00007ffc8edc9000 	C:\WINDOWS\System32\msvcrt.dll
0x00007ffc8db60000 - 0x00007ffc8dc8d000 	C:\WINDOWS\System32\gdi32full.dll
0x00007ffc8dab0000 - 0x00007ffc8db53000 	C:\WINDOWS\System32\msvcp_win.dll
0x00007ffc8ee50000 - 0x00007ffc8ee7f000 	C:\WINDOWS\System32\IMM32.DLL
0x00007ffc888b0000 - 0x00007ffc888bc000 	C:\Program Files\Android\Android Studio1\jbr\bin\vcruntime140_1.dll
0x00007ffc27ea0000 - 0x00007ffc27f2d000 	C:\Program Files\Android\Android Studio1\jbr\bin\msvcp140.dll
0x00007ffbea350000 - 0x00007ffbeafdb000 	C:\Program Files\Android\Android Studio1\jbr\bin\server\jvm.dll
0x00007ffc8e8d0000 - 0x00007ffc8e984000 	C:\WINDOWS\System32\ADVAPI32.dll
0x00007ffc8e990000 - 0x00007ffc8ea36000 	C:\WINDOWS\System32\sechost.dll
0x00007ffc8f280000 - 0x00007ffc8f398000 	C:\WINDOWS\System32\RPCRT4.dll
0x00007ffc8ee90000 - 0x00007ffc8ef04000 	C:\WINDOWS\System32\WS2_32.dll
0x00007ffc8ac30000 - 0x00007ffc8ac65000 	C:\WINDOWS\SYSTEM32\WINMM.dll
0x00007ffc8d930000 - 0x00007ffc8d98e000 	C:\WINDOWS\SYSTEM32\POWRPROF.dll
0x00007ffc7fad0000 - 0x00007ffc7fadb000 	C:\WINDOWS\SYSTEM32\VERSION.dll
0x00007ffc8d910000 - 0x00007ffc8d924000 	C:\WINDOWS\SYSTEM32\UMPDC.dll
0x00007ffc8c870000 - 0x00007ffc8c88b000 	C:\WINDOWS\SYSTEM32\kernel.appcore.dll
0x00007ffc885e0000 - 0x00007ffc885ea000 	C:\Program Files\Android\Android Studio1\jbr\bin\jimage.dll
0x00007ffc8a6d0000 - 0x00007ffc8a912000 	C:\WINDOWS\SYSTEM32\DBGHELP.DLL
0x00007ffc90560000 - 0x00007ffc908db000 	C:\WINDOWS\System32\combase.dll
0x00007ffc8f3d0000 - 0x00007ffc8f4a7000 	C:\WINDOWS\System32\OLEAUT32.dll
0x00007ffc72100000 - 0x00007ffc7213d000 	C:\WINDOWS\SYSTEM32\dbgcore.DLL
0x00007ffc8e4e0000 - 0x00007ffc8e579000 	C:\WINDOWS\System32\bcryptPrimitives.dll
0x00007ffc8a540000 - 0x00007ffc8a54e000 	C:\Program Files\Android\Android Studio1\jbr\bin\instrument.dll
0x00007ffc80bc0000 - 0x00007ffc80be0000 	C:\Program Files\Android\Android Studio1\jbr\bin\java.dll
0x00007ffc7d450000 - 0x00007ffc7d468000 	C:\Program Files\Android\Android Studio1\jbr\bin\zip.dll
0x00007ffc8f710000 - 0x00007ffc8fe5d000 	C:\WINDOWS\System32\SHELL32.dll
0x00007ffc8e580000 - 0x00007ffc8e6ec000 	C:\WINDOWS\System32\wintypes.dll
0x00007ffc8b6f0000 - 0x00007ffc8bf49000 	C:\WINDOWS\SYSTEM32\windows.storage.dll
0x00007ffc8f4b0000 - 0x00007ffc8f5a0000 	C:\WINDOWS\System32\SHCORE.dll
0x00007ffc8f5b0000 - 0x00007ffc8f612000 	C:\WINDOWS\System32\shlwapi.dll
0x00007ffc8d9d0000 - 0x00007ffc8d9f9000 	C:\WINDOWS\SYSTEM32\profapi.dll
0x00007ffc87ce0000 - 0x00007ffc87cf0000 	C:\Program Files\Android\Android Studio1\jbr\bin\net.dll
0x00007ffc7f9a0000 - 0x00007ffc7fabf000 	C:\WINDOWS\SYSTEM32\WINHTTP.dll
0x00007ffc8ce10000 - 0x00007ffc8ce7b000 	C:\WINDOWS\system32\mswsock.dll
0x00007ffc7d410000 - 0x00007ffc7d426000 	C:\Program Files\Android\Android Studio1\jbr\bin\nio.dll
0x00007ffc87c10000 - 0x00007ffc87c20000 	C:\Program Files\Android\Android Studio1\jbr\bin\verify.dll
0x00007ffc7c400000 - 0x00007ffc7c427000 	C:\Users\Mbongeni\.gradle\native\1def1411415f61bf3af743bc5b6707747c0891f09f0c88961ee8f79bc544acac\windows-amd64\native-platform.dll
0x00007ffc01a70000 - 0x00007ffc01ae8000 	C:\Users\Mbongeni\.gradle\native\0.2.7\x86_64-windows-gnu\gradle-fileevents.dll
0x00007ffc87ad0000 - 0x00007ffc87ad9000 	C:\Program Files\Android\Android Studio1\jbr\bin\management.dll
0x00007ffc87990000 - 0x00007ffc8799b000 	C:\Program Files\Android\Android Studio1\jbr\bin\management_ext.dll
0x00007ffc90040000 - 0x00007ffc90048000 	C:\WINDOWS\System32\PSAPI.DLL
0x00007ffc8c310000 - 0x00007ffc8c344000 	C:\WINDOWS\SYSTEM32\IPHLPAPI.DLL
0x00007ffc8f3a0000 - 0x00007ffc8f3aa000 	C:\WINDOWS\System32\NSI.dll
0x00007ffc87b80000 - 0x00007ffc87b89000 	C:\Program Files\Android\Android Studio1\jbr\bin\extnet.dll
0x00007ffc8d0b0000 - 0x00007ffc8d0cb000 	C:\WINDOWS\SYSTEM32\CRYPTSP.dll
0x00007ffc8c7d0000 - 0x00007ffc8c80b000 	C:\WINDOWS\system32\rsaenh.dll
0x00007ffc8ceb0000 - 0x00007ffc8cedb000 	C:\WINDOWS\SYSTEM32\USERENV.dll
0x00007ffc8d9a0000 - 0x00007ffc8d9c6000 	C:\WINDOWS\SYSTEM32\bcrypt.dll
0x00007ffc8d0d0000 - 0x00007ffc8d0dc000 	C:\WINDOWS\SYSTEM32\CRYPTBASE.dll
0x00007ffc78560000 - 0x00007ffc78568000 	C:\WINDOWS\system32\wshunix.dll
0x00007ffc5df60000 - 0x00007ffc5df78000 	C:\WINDOWS\system32\napinsp.dll
0x00007ffc8c350000 - 0x00007ffc8c476000 	C:\WINDOWS\SYSTEM32\DNSAPI.dll
0x00007ffc5df40000 - 0x00007ffc5df52000 	C:\WINDOWS\System32\winrnr.dll
0x00007ffc5df10000 - 0x00007ffc5df38000 	C:\WINDOWS\system32\nlansp_c.dll
0x00007ffc80760000 - 0x00007ffc80776000 	C:\WINDOWS\system32\wshbth.dll
0x00007ffc809d0000 - 0x00007ffc809db000 	C:\Windows\System32\rasadhlp.dll
0x00007ffc7ec10000 - 0x00007ffc7ec96000 	C:\WINDOWS\System32\fwpuclnt.dll
0x00007ffc7c3b0000 - 0x00007ffc7c3f9000 	C:\Users\Mbongeni\AppData\Local\Temp\jna-1116049261\jna13747889628811315463.dll
0x00007ffc8f0e0000 - 0x00007ffc8f278000 	C:\WINDOWS\System32\Ole32.dll
0x00007ffc8ea40000 - 0x00007ffc8eaf1000 	C:\WINDOWS\System32\clbcatq.dll
0x00007ffc5ee60000 - 0x00007ffc5ee7d000 	C:\WINDOWS\SYSTEM32\amsi.dll
0x00007ffc5eb30000 - 0x00007ffc5ebd0000 	C:\ProgramData\Microsoft\Windows Defender\Platform\4.18.25070.5-0\MpOav.dll
0x00007ffc5f960000 - 0x00007ffc5f9b6000 	C:\WINDOWS\SYSTEM32\Pdh.dll
0x00007ffc80a60000 - 0x00007ffc80a71000 	C:\WINDOWS\System32\perfdisk.dll
0x00007ffc85590000 - 0x00007ffc855a3000 	C:\WINDOWS\System32\WMICLNT.dll
0x00007ffc8adf0000 - 0x00007ffc8ae98000 	C:\WINDOWS\system32\uxtheme.dll
0x00007ffbf97e0000 - 0x00007ffbf983e000 	C:\Program Files\Huawei\PCManager\plugins\PerfWndMonModule.dll
0x00007ffc8d640000 - 0x00007ffc8d697000 	C:\WINDOWS\SYSTEM32\cfgmgr32.dll
0x00007ffc8a920000 - 0x00007ffc8a94a000 	C:\WINDOWS\SYSTEM32\Wtsapi32.dll
0x00007ffc8dcc0000 - 0x00007ffc8de37000 	C:\WINDOWS\System32\CRYPT32.dll
0x00007ffc8cb30000 - 0x00007ffc8cb79000 	C:\WINDOWS\SYSTEM32\SspiCli.dll
0x00007ffc8d860000 - 0x00007ffc8d8c3000 	C:\WINDOWS\SYSTEM32\WINSTA.dll
0x00007ffc01810000 - 0x00007ffc019a8000 	C:\Program Files\Android\Android Studio1\jbr\bin\awt.dll
0x00007ffc8b070000 - 0x00007ffc8b09b000 	C:\WINDOWS\SYSTEM32\dwmapi.dll
0x00007ffc879e0000 - 0x00007ffc87a24000 	C:\Program Files\Android\Android Studio1\jbr\bin\nvdaControllerClient64.dll
0x00007ffc8a610000 - 0x00007ffc8a6ae000 	C:\WINDOWS\SYSTEM32\apphelp.dll
0x00007ffc8ebc0000 - 0x00007ffc8ed18000 	C:\WINDOWS\System32\MSCTF.dll
0x00007ffc679d0000 - 0x00007ffc679e2000 	C:\WINDOWS\system32\wbem\wbemprox.dll
0x00007ffc67950000 - 0x00007ffc679ca000 	C:\WINDOWS\SYSTEM32\wbemcomn.dll
0x00007ffc5eb00000 - 0x00007ffc5eb15000 	C:\WINDOWS\system32\wbem\wbemsvc.dll
0x00007ffc5f540000 - 0x00007ffc5f630000 	C:\WINDOWS\system32\wbem\fastprox.dll
0x00007ffc8c9b0000 - 0x00007ffc8c9e6000 	C:\WINDOWS\SYSTEM32\ntmarta.dll
0x00007ffc50e30000 - 0x00007ffc50ee3000 	C:\WINDOWS\SYSTEM32\TextShaping.dll
0x00007ffc59120000 - 0x00007ffc59132000 	C:\WINDOWS\System32\perfproc.dll

dbghelp: loaded successfully - version: 4.0.5 - missing functions: none
symbol engine: initialized successfully - sym options: 0x614 - pdb path: .;C:\Program Files\Android\Android Studio1\jbr\bin;C:\WINDOWS\SYSTEM32;C:\WINDOWS\WinSxS\amd64_microsoft.windows.common-controls_6595b64144ccf1df_6.0.26100.5074_none_3e0d6f78e32fd63f;C:\Program Files\Android\Android Studio1\jbr\bin\server;C:\Users\Mbongeni\.gradle\native\1def1411415f61bf3af743bc5b6707747c0891f09f0c88961ee8f79bc544acac\windows-amd64;C:\Users\Mbongeni\.gradle\native\0.2.7\x86_64-windows-gnu;C:\Users\Mbongeni\AppData\Local\Temp\jna-1116049261;C:\ProgramData\Microsoft\Windows Defender\Platform\4.18.25070.5-0;C:\Program Files\Huawei\PCManager\plugins;C:\WINDOWS\system32\wbem

VM Arguments:
jvm_args: --add-opens=java.base/java.lang=ALL-UNNAMED --add-opens=java.base/java.lang.invoke=ALL-UNNAMED --add-opens=java.base/java.util=ALL-UNNAMED --add-opens=java.prefs/java.util.prefs=ALL-UNNAMED --add-exports=jdk.compiler/com.sun.tools.javac.api=ALL-UNNAMED --add-exports=jdk.compiler/com.sun.tools.javac.util=ALL-UNNAMED --add-opens=java.base/java.util=ALL-UNNAMED --add-opens=java.prefs/java.util.prefs=ALL-UNNAMED --add-opens=java.base/java.nio.charset=ALL-UNNAMED --add-opens=java.base/java.net=ALL-UNNAMED --add-opens=java.base/java.util.concurrent.atomic=ALL-UNNAMED --add-opens=java.xml/javax.xml.namespace=ALL-UNNAMED -XX:+UseParallelGC -Xmx4g -Dfile.encoding=UTF-8 -Duser.country=CN -Duser.language=zh -Duser.variant -javaagent:C:\Users\Mbongeni\.gradle\wrapper\dists\gradle-8.14.2-bin\2pb3mgt1p815evrl3weanttgr\gradle-8.14.2\lib\agents\gradle-instrumentation-agent-8.14.2.jar 
java_command: org.gradle.launcher.daemon.bootstrap.GradleDaemon 8.14.2
java_class_path (initial): C:\Users\Mbongeni\.gradle\wrapper\dists\gradle-8.14.2-bin\2pb3mgt1p815evrl3weanttgr\gradle-8.14.2\lib\gradle-daemon-main-8.14.2.jar
Launcher Type: SUN_STANDARD

[Global flags]
     intx CICompilerCount                          = 3                                         {product} {ergonomic}
   size_t InitialHeapSize                          = 132120576                                 {product} {ergonomic}
   size_t MaxHeapSize                              = 4294967296                                {product} {command line}
   size_t MaxNewSize                               = 1431306240                                {product} {ergonomic}
   size_t MinHeapDeltaBytes                        = 524288                                    {product} {ergonomic}
   size_t MinHeapSize                              = 8388608                                   {product} {ergonomic}
   size_t NewSize                                  = 44040192                                  {product} {ergonomic}
    uintx NonNMethodCodeHeapSize                   = 5832780                                {pd product} {ergonomic}
    uintx NonProfiledCodeHeapSize                  = 122912730                              {pd product} {ergonomic}
   size_t OldSize                                  = 88080384                                  {product} {ergonomic}
    uintx ProfiledCodeHeapSize                     = 122912730                              {pd product} {ergonomic}
    uintx ReservedCodeCacheSize                    = 251658240                              {pd product} {ergonomic}
     bool SegmentedCodeCache                       = true                                      {product} {ergonomic}
   size_t SoftMaxHeapSize                          = 4294967296                             {manageable} {ergonomic}
     bool UseCompressedOops                        = true                           {product lp64_product} {ergonomic}
     bool UseLargePagesIndividualAllocation        = false                                  {pd product} {ergonomic}
     bool UseParallelGC                            = true                                      {product} {command line}

Logging:
Log output configuration:
 #0: stdout all=warning uptime,level,tags foldmultilines=false
 #1: stderr all=off uptime,level,tags foldmultilines=false

Environment Variables:
PATH=C:\Program Files\Common Files\Oracle\Java\javapath;C:\Windows\System32\HWAudioDriverLibs;C:\Windows\system32;C:\Windows;C:\Windows\System32\Wbem;C:\Windows\System32\WindowsPowerShell\v1.0\;C:\Windows\System32\OpenSSH\;C:\Windows\system32\config\systemprofile\AppData\Local\Microsoft\WindowsApps;C:\WINDOWS\system32;C:\WINDOWS;C:\WINDOWS\System32\Wbem;C:\WINDOWS\System32\WindowsPowerShell\v1.0\;C:\WINDOWS\System32\OpenSSH\;C:\Program Files\nodejs\;C:\Program Files\apache-maven-3.9.9\bin;C:\Program Files\Microsoft SQL Server\150\Tools\Binn\;C:\Users\Mbongeni\Downloads\ffmpeg-2025-04-14-git-3b2a9410ef-full_build\ffmpeg-2025-04-14-git-3b2a9410ef-full_build\bin;C:\platform-tools;C:\xampp\php;C:\ProgramData\ComposerSetup\bin;C:\dev\flutter\bin;C:\Program Files\Git\cmd;C:\ProgramData\chocolatey\bin;C:\Users\Mbongeni\AppData\Local\Microsoft\WindowsApps;C:\Users\Mbongeni\AppData\Local\Programs\Microsoft VS Code\bin;C:\Users\Mbongeni\AppData\Roaming\npm;C:\Users\Mbongeni\AppData\Local\GitHubDesktop\bin;C:\Users\Mbongeni\.dotnet\tools;C:\msys64\ucrt64\bin;C:\Users\Mbongeni\AppData\Roaming\Composer\vendor\bin;C:\Users\Mbongeni\AppData\Local\Android\Sdk\cmdline-tools\latest\bin;C:\Users\Mbongeni\AppData\Local\Android\Sdk\platform-tools;C:\Users\Mbongeni\AppData\Local\Android\Sdk\cmake\4.1.0\bin;C:\Users\Mbongeni\AppData\Local\Android\Sdk\ndk\29.0.13846066;;C:\tools\dart-sdk\bin;C:\Users\Mbongeni\AppData\Local\Pub\Cache\bin
USERNAME=Mbongeni
OS=Windows_NT
PROCESSOR_IDENTIFIER=Intel64 Family 6 Model 142 Stepping 12, GenuineIntel
TMP=C:\Users\Mbongeni\AppData\Local\Temp
TEMP=C:\Users\Mbongeni\AppData\Local\Temp




Periodic native trim disabled

JNI global refs:
JNI global refs: 41, weak refs: 46

JNI global refs memory usage: 835, weak refs: 1281

Process memory usage:
Resident Set Size: 2607560K (31% of 8218416K total physical memory with 527100K free physical memory)

OOME stack traces (most recent first):
Classloader memory used:
Loader java.net.URLClassLoader                                                         : 119M
Loader org.gradle.internal.classloader.VisitableURLClassLoader$InstrumentingVisitableURLClassLoader: 91475K
Loader org.gradle.internal.classloader.VisitableURLClassLoader                         : 39370K
Loader bootstrap                                                                       : 39192K
Loader org.gradle.initialization.MixInLegacyTypesClassLoader                           : 8100K
Loader jdk.internal.reflect.DelegatingClassLoader                                      : 1762K
Loader jdk.internal.loader.ClassLoaders$PlatformClassLoader                            : 918K
Loader com.intellij.util.lang.UrlClassLoader                                           : 446K
Loader jdk.internal.loader.ClassLoaders$AppClassLoader                                 : 235K
Loader org.gradle.internal.classloader.VisitableURLClassLoader                         : 7696B
Loader sun.reflect.misc.MethodUtil                                                     : 2952B

Classes loaded by more than one classloader:
Class com.google.common.base.Splitter$Strategy                                        : loaded 3 times (x 66B)
Class com.google.common.collect.Iterators$MergingIterator                             : loaded 3 times (x 77B)
Class com.google.common.collect.MapMakerInternalMap$1                                 : loaded 3 times (x 79B)
Class com.google.common.io.ByteSource                                                 : loaded 3 times (x 80B)
Class com.google.common.collect.ImmutableList$SubList                                 : loaded 3 times (x 205B)
Class com.google.common.collect.ImmutableSet$SetBuilderImpl                           : loaded 3 times (x 72B)
Class com.google.common.collect.ImmutableList                                         : loaded 3 times (x 202B)
Class com.google.common.collect.ImmutableSet$EmptySetBuilderImpl                      : loaded 3 times (x 72B)
Class com.google.common.collect.Maps$KeySet                                           : loaded 3 times (x 133B)
Class com.google.common.base.CharMatcher$InRange                                      : loaded 3 times (x 107B)
Class com.google.common.base.Equivalence$Identity                                     : loaded 3 times (x 78B)
Class com.google.common.base.PairwiseEquivalence                                      : loaded 3 times (x 79B)
Class com.google.common.collect.ImmutableSet$Builder                                  : loaded 3 times (x 81B)
Class com.google.common.collect.SetMultimap                                           : loaded 3 times (x 66B)
Class com.google.common.collect.Maps$BiMapConverter                                   : loaded 3 times (x 86B)
Class com.google.common.collect.RegularImmutableMap$KeySet                            : loaded 3 times (x 148B)
Class com.google.common.collect.ImmutableMapEntrySet$RegularEntrySet                  : loaded 3 times (x 148B)
Class com.google.common.collect.CollectCollectors                                     : loaded 3 times (x 67B)
Class com.google.common.collect.Multimaps                                             : loaded 3 times (x 67B)
Class com.google.common.collect.RangeSet                                              : loaded 3 times (x 66B)
Class com.google.common.base.CharMatcher$1                                            : loaded 3 times (x 109B)
Class com.google.common.base.CharMatcher$NamedFastMatcher                             : loaded 3 times (x 108B)
Class org.objectweb.asm.MethodVisitor                                                 : loaded 3 times (x 101B)
Class com.google.common.collect.RangeGwtSerializationDependencies                     : loaded 3 times (x 67B)
Class com.google.common.base.Joiner$2                                                 : loaded 3 times (x 75B)
Class com.google.common.collect.Maps$IteratorBasedAbstractMap                         : loaded 3 times (x 121B)
Class com.google.common.collect.Table                                                 : loaded 3 times (x 66B)
Class com.google.common.collect.MapMakerInternalMap$InternalEntryHelper               : loaded 3 times (x 66B)
Class com.google.common.base.CharMatcher                                              : loaded 3 times (x 107B)
Class org.objectweb.asm.Label                                                         : loaded 3 times (x 69B)
Class com.google.common.base.Joiner$1                                                 : loaded 3 times (x 76B)
Class com.google.common.collect.PeekingIterator                                       : loaded 3 times (x 66B)
Class com.google.common.base.Preconditions                                            : loaded 3 times (x 67B)
Class com.google.common.base.PatternCompiler                                          : loaded 3 times (x 66B)
Class com.google.common.collect.Hashing                                               : loaded 3 times (x 67B)
Class com.google.common.base.Equivalence$Equals                                       : loaded 3 times (x 78B)
Class com.google.common.hash.PrimitiveSink                                            : loaded 3 times (x 66B)
Class com.google.common.base.CharMatcher$Negated                                      : loaded 3 times (x 109B)
Class [Lcom.google.common.collect.MapMakerInternalMap$Segment;                        : loaded 3 times (x 65B)
Class com.google.common.collect.SortedSetMultimap                                     : loaded 3 times (x 66B)
Class com.google.common.base.CharMatcher$Is                                           : loaded 3 times (x 107B)
Class com.google.common.collect.RegularImmutableBiMap                                 : loaded 3 times (x 145B)
Class com.google.common.collect.AbstractMapBasedMultimap$RandomAccessWrappedList      : loaded 3 times (x 201B)
Class com.google.common.collect.RegularImmutableMap$BucketOverflowException           : loaded 3 times (x 78B)
Class org.objectweb.asm.MethodWriter                                                  : loaded 3 times (x 102B)
Class com.google.common.collect.ImmutableSet$RegularSetBuilderImpl                    : loaded 3 times (x 73B)
Class com.google.common.collect.ImmutableRangeSet$ComplementRanges                    : loaded 3 times (x 203B)
Class com.google.common.collect.ImmutableMapKeySet                                    : loaded 3 times (x 148B)
Class com.google.common.io.Files                                                      : loaded 3 times (x 67B)
Class [Lcom.google.common.base.AbstractIterator$State;                                : loaded 3 times (x 65B)
Class com.google.common.base.CharMatcher$IsEither                                     : loaded 3 times (x 107B)
Class com.google.common.collect.SortedMapDifference                                   : loaded 3 times (x 66B)
Class [Lcom.google.common.collect.MapMakerInternalMap$Strength;                       : loaded 3 times (x 65B)
Class com.google.common.collect.CollectPreconditions                                  : loaded 3 times (x 67B)
Class com.google.common.collect.ImmutableEntry                                        : loaded 3 times (x 78B)
Class [Lcom.google.common.collect.AbstractMapEntry;                                   : loaded 3 times (x 65B)
Class com.google.common.collect.ArrayListMultimap                                     : loaded 3 times (x 168B)
Class com.google.common.base.CharMatcher$NegatedFastMatcher                           : loaded 3 times (x 109B)
Class com.google.common.collect.AbstractRangeSet                                      : loaded 3 times (x 110B)
Class com.google.common.collect.MapMakerInternalMap$WeakValueReference                : loaded 3 times (x 66B)
Class com.google.common.collect.ImmutableMap                                          : loaded 3 times (x 116B)
Class com.google.common.base.Predicate                                                : loaded 3 times (x 66B)
Class com.google.common.collect.Sets                                                  : loaded 3 times (x 67B)
Class com.google.common.base.CharMatcher$FastMatcher                                  : loaded 3 times (x 107B)
Class com.google.common.base.Strings                                                  : loaded 3 times (x 67B)
Class com.google.common.collect.AbstractMapBasedMultimap$WrappedCollection            : loaded 3 times (x 120B)
Class com.google.common.collect.MapMakerInternalMap                                   : loaded 3 times (x 157B)
Class com.google.common.collect.ImmutableList$1                                       : loaded 3 times (x 93B)
Class org.objectweb.asm.Attribute                                                     : loaded 3 times (x 73B)
Class com.google.common.base.Supplier                                                 : loaded 3 times (x 66B)
Class com.google.common.base.CharMatcher$Or                                           : loaded 3 times (x 108B)
Class com.google.common.io.Closer$Suppressor                                          : loaded 3 times (x 66B)
Class com.google.common.io.LineProcessor                                              : loaded 3 times (x 66B)
Class com.google.common.collect.ImmutableSet                                          : loaded 3 times (x 141B)
Class com.google.common.base.CharMatcher$BitSetMatcher                                : loaded 3 times (x 108B)
Class com.google.common.io.Closer                                                     : loaded 3 times (x 74B)
Class com.google.common.collect.ImmutableEnumSet                                      : loaded 3 times (x 142B)
Class com.google.common.collect.RegularImmutableMap$Values                            : loaded 3 times (x 203B)
Class com.google.common.base.AbstractIterator                                         : loaded 3 times (x 76B)
Class com.google.common.math.IntMath$1                                                : loaded 3 times (x 67B)
Class com.google.common.io.Files$FileByteSink                                         : loaded 3 times (x 73B)
Class com.google.common.graph.SuccessorsFunction                                      : loaded 3 times (x 66B)
Class org.objectweb.asm.Type                                                          : loaded 3 times (x 68B)
Class com.google.common.collect.Sets$SetView                                          : loaded 3 times (x 134B)
Class com.google.common.collect.ImmutableRangeSet$Builder                             : loaded 3 times (x 73B)
Class [Lcom.google.common.collect.Iterators$EmptyModifiableIterator;                  : loaded 3 times (x 65B)
Class com.google.common.collect.Maps$8                                                : loaded 3 times (x 78B)
Class com.google.common.collect.AbstractMapBasedMultimap$WrappedList                  : loaded 3 times (x 201B)
Class com.google.common.base.Platform                                                 : loaded 3 times (x 67B)
Class [Lcom.google.common.collect.ImmutableEntry;                                     : loaded 3 times (x 65B)
Class com.google.common.collect.MapMaker                                              : loaded 3 times (x 68B)
Class com.google.common.collect.Maps                                                  : loaded 3 times (x 67B)
Class com.google.common.collect.RegularImmutableList                                  : loaded 3 times (x 209B)
Class com.google.common.collect.RegularImmutableMap                                   : loaded 3 times (x 117B)
Class com.google.common.collect.ImmutableMap$MapViewOfValuesAsSingletonSets           : loaded 3 times (x 122B)
Class com.google.common.collect.IndexedImmutableSet$1                                 : loaded 3 times (x 209B)
Class com.google.common.base.Function                                                 : loaded 3 times (x 66B)
Class com.google.common.collect.ImmutableMapEntry$NonTerminalImmutableMapEntry        : loaded 3 times (x 81B)
Class com.google.common.base.Equivalence                                              : loaded 3 times (x 78B)
Class com.google.common.collect.ImmutableMapEntry                                     : loaded 3 times (x 81B)
Class com.google.common.collect.MapMakerInternalMap$InternalEntry                     : loaded 3 times (x 66B)
Class com.google.common.math.IntMath                                                  : loaded 3 times (x 67B)
Class com.google.common.collect.RegularImmutableSortedSet                             : loaded 3 times (x 296B)
Class com.google.common.collect.AbstractMapBasedMultimap$KeySet                       : loaded 3 times (x 133B)
Class com.google.common.base.CommonPattern                                            : loaded 3 times (x 70B)
Class com.google.common.base.CharMatcher$IsNot                                        : loaded 3 times (x 107B)
Class com.google.common.collect.ImmutableSortedSet                                    : loaded 3 times (x 296B)
Class com.google.common.collect.Maps$EntryTransformer                                 : loaded 3 times (x 66B)
Class com.google.common.collect.RegularImmutableSet                                   : loaded 3 times (x 145B)
Class com.google.common.collect.ImmutableAsList                                       : loaded 3 times (x 205B)
Class com.google.common.collect.AbstractMapBasedMultimap                              : loaded 3 times (x 135B)
Class com.google.common.collect.Iterators$9                                           : loaded 3 times (x 77B)
Class com.google.common.collect.UnmodifiableListIterator                              : loaded 3 times (x 91B)
Class org.objectweb.asm.ClassVisitor                                                  : loaded 3 times (x 84B)
Class com.google.common.base.FunctionalEquivalence                                    : loaded 3 times (x 79B)
Class com.google.common.collect.Lists                                                 : loaded 3 times (x 67B)
Class com.google.common.base.Converter                                                : loaded 3 times (x 86B)
Class com.google.common.collect.ImmutableSet$CachingAsList                            : loaded 3 times (x 144B)
Class com.google.common.collect.ImmutableCollection                                   : loaded 3 times (x 121B)
Class com.google.common.base.CharMatcher$AnyOf                                        : loaded 3 times (x 108B)
Class com.google.common.base.CharMatcher$ForPredicate                                 : loaded 3 times (x 108B)
Class com.google.common.base.Splitter$SplittingIterator                               : loaded 3 times (x 80B)
Class com.google.common.collect.ImmutableSet$JdkBackedSetBuilderImpl                  : loaded 3 times (x 72B)
Class com.google.common.collect.Iterators$5                                           : loaded 3 times (x 78B)
Class com.google.common.collect.ImmutableBiMap                                        : loaded 3 times (x 139B)
Class com.google.common.collect.SortedIterable                                        : loaded 3 times (x 66B)
Class com.google.common.collect.AbstractListMultimap                                  : loaded 3 times (x 168B)
Class com.google.common.collect.Iterators$4                                           : loaded 3 times (x 78B)
Class com.google.common.collect.ImmutableMap$IteratorBasedImmutableMap                : loaded 3 times (x 122B)
Class com.google.common.collect.SingletonImmutableSet                                 : loaded 3 times (x 142B)
Class com.google.common.collect.Iterators$1                                           : loaded 3 times (x 77B)
Class com.google.common.base.JdkPattern                                               : loaded 3 times (x 71B)
Class com.google.common.collect.MapMakerInternalMap$Strength                          : loaded 3 times (x 76B)
Class com.google.common.io.Files$FileByteSource                                       : loaded 3 times (x 81B)
Class com.google.common.collect.ImmutableList$ReverseImmutableList                    : loaded 3 times (x 205B)
Class com.google.common.io.ByteSink                                                   : loaded 3 times (x 72B)
Class com.google.common.collect.SingletonImmutableList                                : loaded 3 times (x 203B)
Class com.google.common.collect.NullnessCasts                                         : loaded 3 times (x 67B)
Class com.google.common.base.ExtraObjectsMethodsForWeb                                : loaded 3 times (x 67B)
Class com.google.common.base.Platform$JdkPatternCompiler                              : loaded 3 times (x 71B)
Class com.google.common.collect.MapMakerInternalMap$Segment                           : loaded 3 times (x 138B)
Class com.google.common.collect.Multimap                                              : loaded 3 times (x 66B)
Class com.google.common.primitives.IntsMethodsForWeb                                  : loaded 3 times (x 67B)
Class com.google.common.collect.AbstractMapBasedMultimap$WrappedCollection$WrappedIterator: loaded 3 times (x 80B)
Class com.google.common.base.NullnessCasts                                            : loaded 3 times (x 67B)
Class com.google.common.collect.ImmutableMap$Builder                                  : loaded 3 times (x 78B)
Class com.google.common.collect.ImmutableMapEntrySet                                  : loaded 3 times (x 148B)
Class com.google.common.math.MathPreconditions                                        : loaded 3 times (x 67B)
Class com.google.common.collect.AbstractIndexedListIterator                           : loaded 3 times (x 92B)
Class com.google.common.collect.ObjectArrays                                          : loaded 3 times (x 67B)
Class com.google.common.collect.ArrayListMultimapGwtSerializationDependencies         : loaded 3 times (x 168B)
Class com.google.common.collect.Multiset                                              : loaded 3 times (x 66B)
Class com.google.common.primitives.Ints                                               : loaded 3 times (x 67B)
Class com.google.common.collect.AbstractIterator                                      : loaded 3 times (x 78B)
Class com.google.common.collect.BiMap                                                 : loaded 3 times (x 66B)
Class com.google.common.collect.ImmutableMap$1                                        : loaded 3 times (x 77B)
Class com.google.common.collect.IndexedImmutableSet                                   : loaded 3 times (x 148B)
Class com.google.common.base.CharMatcher$None                                         : loaded 3 times (x 108B)
Class com.google.common.collect.AbstractMapBasedMultimap$Itr                          : loaded 3 times (x 79B)
Class com.google.common.base.Objects                                                  : loaded 3 times (x 67B)
Class com.google.common.base.CharMatcher$And                                          : loaded 3 times (x 108B)
Class com.google.common.collect.AbstractMapBasedMultimap$KeySet$1                     : loaded 3 times (x 78B)
Class com.google.common.collect.Lists$StringAsImmutableList                           : loaded 3 times (x 203B)
Class com.google.common.collect.Range                                                 : loaded 3 times (x 83B)
Class com.google.common.collect.Iterators                                             : loaded 3 times (x 67B)
Class com.google.common.collect.RegularImmutableAsList                                : loaded 3 times (x 213B)
Class com.google.common.collect.ImmutableRangeSet$1                                   : loaded 3 times (x 206B)
Class com.google.common.collect.ImmutableList$Builder                                 : loaded 3 times (x 73B)
Class com.google.common.collect.AbstractMultimap                                      : loaded 3 times (x 119B)
Class com.google.common.collect.Sets$ImprovedAbstractSet                              : loaded 3 times (x 131B)
Class com.google.common.collect.AbstractMapEntry                                      : loaded 3 times (x 77B)
Class [Lcom.google.common.collect.ImmutableMapEntry;                                  : loaded 3 times (x 65B)
Class com.google.common.collect.Iterators$SingletonIterator                           : loaded 3 times (x 77B)
Class com.google.common.collect.SingletonImmutableBiMap                               : loaded 3 times (x 139B)
Class com.google.common.collect.UnmodifiableIterator                                  : loaded 3 times (x 76B)
Class [Lorg.objectweb.asm.Type;                                                       : loaded 3 times (x 65B)
Class com.google.common.collect.Platform                                              : loaded 3 times (x 67B)
Class com.google.common.base.Joiner                                                   : loaded 3 times (x 75B)
Class com.google.common.base.MoreObjects                                              : loaded 3 times (x 67B)
Class com.google.common.collect.ImmutableCollection$Builder                           : loaded 3 times (x 72B)
Class com.google.common.collect.ImmutableRangeSet$AsSet                               : loaded 3 times (x 296B)
Class com.google.common.collect.Iterators$ArrayItr                                    : loaded 3 times (x 93B)
Class com.google.common.collect.ListMultimap                                          : loaded 3 times (x 66B)
Class com.google.common.collect.ImmutableRangeSet                                     : loaded 3 times (x 111B)
Class com.google.common.collect.MapDifference                                         : loaded 3 times (x 66B)
Class com.google.common.base.Splitter$1                                               : loaded 3 times (x 73B)
Class com.google.common.collect.ImmutableEnumMap                                      : loaded 3 times (x 122B)
Class com.google.common.collect.TransformedIterator                                   : loaded 3 times (x 76B)
Class com.google.common.collect.Sets$4                                                : loaded 3 times (x 135B)
Class com.google.common.collect.MapMakerInternalMap$StrongValueEntry                  : loaded 3 times (x 66B)
Class com.google.common.collect.Sets$3                                                : loaded 3 times (x 135B)
Class com.google.common.base.AbstractIterator$State                                   : loaded 3 times (x 75B)
Class com.google.common.collect.MapMakerInternalMap$Strength$2                        : loaded 3 times (x 76B)
Class com.google.common.collect.Sets$2                                                : loaded 3 times (x 135B)
Class com.google.common.collect.MapMakerInternalMap$Strength$1                        : loaded 3 times (x 76B)
Class com.google.common.collect.Sets$1                                                : loaded 3 times (x 135B)
Class com.google.common.base.Splitter                                                 : loaded 3 times (x 68B)
Class com.google.common.collect.Iterators$EmptyModifiableIterator                     : loaded 3 times (x 82B)
Class org.codehaus.groovy.reflection.CachedField                                      : loaded 2 times (x 78B)
Class org.codehaus.groovy.runtime.dgmimpl.arrays.CharacterArrayGetAtMetaMethod        : loaded 2 times (x 93B)
Class org.codehaus.groovy.ast.Parameter                                               : loaded 2 times (x 147B)
Class groovy.lang.MetaClassImpl$2                                                     : loaded 2 times (x 92B)
Class com.android.ide.common.rendering.api.TextResourceValue                          : loaded 2 times (x 66B)
Class com.android.ide.common.rendering.api.PluralsResourceValueImpl                   : loaded 2 times (x 113B)
Class com.android.ide.common.resources.configuration.NavigationMethodQualifier        : loaded 2 times (x 86B)
Class kotlin.jvm.internal.AdaptedFunctionReference                                    : loaded 2 times (x 73B)
Class kotlin.reflect.jvm.internal.impl.builtins.functions.FunctionTypeKind$Function   : loaded 2 times (x 68B)
Class kotlin.reflect.jvm.internal.KCallableImpl                                       : loaded 2 times (x 101B)
Class kotlin.reflect.KProperty$Accessor                                               : loaded 2 times (x 66B)
Class [Lkotlin.reflect.KCallable;                                                     : loaded 2 times (x 65B)
Class com.android.ide.common.gradle.Numeric                                           : loaded 2 times (x 73B)
Class kotlin.jvm.internal.ArrayIteratorKt                                             : loaded 2 times (x 67B)
Class org.codehaus.groovy.runtime.DefaultCachedMethodKey                              : loaded 2 times (x 75B)
Class org.codehaus.groovy.control.ResolveVisitor$ConstructedClassWithPackage          : loaded 2 times (x 239B)
Class org.objectweb.asm.AnnotationVisitor                                             : loaded 2 times (x 74B)
Class org.gradle.api.internal.DefaultClassPathProvider                                : loaded 2 times (x 72B)
Class com.android.tools.analytics.HostDataKt                                          : loaded 2 times (x 67B)
Class com.google.wireless.android.sdk.stats.EmulatorPerformanceStats                  : loaded 2 times (x 210B)
Class com.google.wireless.android.sdk.stats.BuildOutputDownloadsInfoEvent             : loaded 2 times (x 197B)
Class com.google.wireless.android.sdk.stats.BuildOutputDownloadsInfoEventOrBuilder    : loaded 2 times (x 66B)
Class com.google.wireless.android.sdk.stats.ApplyChangesAgentErrorOrBuilder           : loaded 2 times (x 66B)
Class com.google.common.hash.HashCode$BytesHashCode                                   : loaded 2 times (x 77B)
Class com.google.protobuf.AbstractMessage                                             : loaded 2 times (x 160B)
Class org.codehaus.groovy.util.ManagedConcurrentMap                                   : loaded 2 times (x 79B)
Class groovy.lang.MetaClassImpl$3                                                     : loaded 2 times (x 74B)
Class com.google.wireless.android.sdk.stats.OptOutOfMetricsOrBuilder                  : loaded 2 times (x 66B)
Class com.android.ide.common.resources.configuration.EnumBasedResourceQualifier       : loaded 2 times (x 85B)
Class kotlin.sequences.SequenceScope                                                  : loaded 2 times (x 69B)
Class kotlin.reflect.jvm.internal.impl.builtins.jvm.JavaToKotlinClassMap$PlatformMutabilityMapping: loaded 2 times (x 68B)
Class kotlin.reflect.jvm.internal.KProperty1Impl$$Lambda$0                            : loaded 2 times (x 72B)
Class it.unimi.dsi.fastutil.ints.IntSet                                               : loaded 2 times (x 66B)
Class it.unimi.dsi.fastutil.ints.IntIterable                                          : loaded 2 times (x 66B)
Class kotlin.text.MatchResult                                                         : loaded 2 times (x 66B)
Class kotlin.sequences.Sequence                                                       : loaded 2 times (x 66B)
Class kotlin.text.StringsKt__StringNumberConversionsJVMKt                             : loaded 2 times (x 67B)
Class com.google.wireless.android.sdk.stats.AndroidProfilerDbStatsOrBuilder           : loaded 2 times (x 66B)
Class org.apache.commons.io.FilenameUtils                                             : loaded 2 times (x 67B)
Class [Lcom.google.common.base.Function;                                              : loaded 2 times (x 65B)
Class com.google.common.collect.Maps$ViewCachingAbstractMap                           : loaded 2 times (x 121B)
Class com.google.common.io.CharSource$ConcatenatedCharSource                          : loaded 2 times (x 82B)
Class [Lorg.gradle.api.internal.ClassPathProvider;                                    : loaded 2 times (x 65B)
Class org.gradle.api.internal.ClassPathProvider                                       : loaded 2 times (x 66B)
Class com.google.wireless.android.sdk.stats.GarbageCollectionStats$1                  : loaded 2 times (x 147B)
Class com.google.wireless.android.sdk.stats.StudioCrash                               : loaded 2 times (x 205B)
Class com.google.wireless.android.sdk.stats.VirtualizationEvent                       : loaded 2 times (x 193B)
Class com.google.wireless.android.sdk.stats.StartupPerformanceFrameBecameVisibleEventOrBuilder: loaded 2 times (x 66B)
Class org.codehaus.groovy.ast.expr.BooleanExpression                                  : loaded 2 times (x 124B)
Class org.codehaus.groovy.util.SingleKeyHashMap                                       : loaded 2 times (x 80B)
Class groovy.lang.MetaClassImpl$4                                                     : loaded 2 times (x 73B)
Class org.codehaus.groovy.runtime.SocketGroovyMethods                                 : loaded 2 times (x 67B)
Class org.codehaus.groovy.reflection.stdclasses.CachedClosureClass                    : loaded 2 times (x 94B)
Class com.google.wireless.android.sdk.stats.ResourceManagerEvent                      : loaded 2 times (x 193B)
Class com.android.ide.common.resources.configuration.SmallestScreenWidthQualifier     : loaded 2 times (x 84B)
Class kotlin.jvm.functions.Function20                                                 : loaded 2 times (x 66B)
Class kotlin.reflect.jvm.internal.KProperty1Impl$$Lambda$1                            : loaded 2 times (x 72B)
Class kotlin.collections.CollectionsKt___CollectionsKt$asSequence$$inlined$Sequence$1 : loaded 2 times (x 71B)
Class com.google.wireless.android.sdk.stats.DialogStats                               : loaded 2 times (x 195B)
Class com.google.wireless.android.sdk.stats.StartupPerformanceFrameBecameInteractiveEvent: loaded 2 times (x 191B)
Class [Lorg.objectweb.asm.AnnotationVisitor;                                          : loaded 2 times (x 65B)
Class com.google.common.reflect.Types$ClassOwnership$1                                : loaded 2 times (x 76B)
Class com.google.common.cache.LocalCache$LocalLoadingCache                            : loaded 2 times (x 130B)
Class org.gradle.internal.service.UnknownServiceException                             : loaded 2 times (x 79B)
Class com.google.wireless.android.sdk.stats.ThreadingAgentUsageEvent                  : loaded 2 times (x 193B)
Class com.google.wireless.android.sdk.stats.LLDBFrontendDetailsOrBuilder              : loaded 2 times (x 66B)
Class com.google.wireless.android.sdk.stats.UpgradeAndroidStudioDialogStatsOrBuilder  : loaded 2 times (x 66B)
Class com.google.wireless.android.sdk.stats.ComposeAnimationToolingEventOrBuilder     : loaded 2 times (x 66B)
Class com.google.common.hash.Hasher                                                   : loaded 2 times (x 66B)
Class com.android.tools.analytics.AnalyticsSettingsData                               : loaded 2 times (x 68B)
Class com.google.protobuf.UnsafeUtil$Android64MemoryAccessor                          : loaded 2 times (x 87B)
Class groovy.lang.MetaClassImpl$5                                                     : loaded 2 times (x 74B)
Class com.google.common.collect.CollectSpliterators$1WithCharacteristics              : loaded 2 times (x 86B)
Class kotlin.jvm.functions.Function21                                                 : loaded 2 times (x 66B)
Class kotlin.reflect.jvm.internal.impl.name.ClassId                                   : loaded 2 times (x 68B)
Class org.apache.commons.io.output.StringBuilderWriter                                : loaded 2 times (x 96B)
Class org.objectweb.asm.ModuleVisitor                                                 : loaded 2 times (x 77B)
Class com.google.common.reflect.Types$ClassOwnership$2                                : loaded 2 times (x 76B)
Class com.google.common.reflect.TypeResolver                                          : loaded 2 times (x 68B)
Class com.google.common.io.ByteArrayDataInput                                         : loaded 2 times (x 66B)
Class com.google.common.cache.LocalCache$Strength$1                                   : loaded 2 times (x 77B)
Class com.google.wireless.android.sdk.stats.RunStartDataOrBuilder                     : loaded 2 times (x 66B)
Class com.android.tools.analytics.UsageTrackerWriter                                  : loaded 2 times (x 77B)
Class com.google.common.collect.AbstractMapBasedMultimap$SortedKeySet                 : loaded 2 times (x 219B)
Class com.google.protobuf.Utf8$UnpairedSurrogateException                             : loaded 2 times (x 78B)
Class com.google.protobuf.ExtensionRegistry                                           : loaded 2 times (x 83B)
Class org.codehaus.groovy.util.SingleKeyHashMap$Entry                                 : loaded 2 times (x 71B)
Class groovy.lang.MetaClassImpl$6                                                     : loaded 2 times (x 73B)
Class org.codehaus.groovy.runtime.metaclass.MethodMetaProperty$GetMethodMetaProperty  : loaded 2 times (x 74B)
Class org.codehaus.groovy.runtime.RangeInfo                                           : loaded 2 times (x 67B)
Class org.codehaus.groovy.runtime.dgmimpl.arrays.BooleanArrayPutAtMetaMethod          : loaded 2 times (x 93B)
Class org.codehaus.groovy.runtime.dgmimpl.NumberNumberDiv                             : loaded 2 times (x 110B)
Class org.codehaus.groovy.reflection.stdclasses.CharacterCachedClass                  : loaded 2 times (x 91B)
Class org.codehaus.groovy.reflection.stdclasses.NumberCachedClass                     : loaded 2 times (x 91B)
Class kotlin.annotation.AnnotationRetention                                           : loaded 2 times (x 75B)
Class [Lcom.android.resources.WideGamutColor;                                         : loaded 2 times (x 65B)
Class [Lcom.android.resources.ResourceType;                                           : loaded 2 times (x 65B)
Class kotlin.collections.MapWithDefault                                               : loaded 2 times (x 66B)
Class kotlin.jvm.functions.Function22                                                 : loaded 2 times (x 66B)
Class it.unimi.dsi.fastutil.objects.ObjectSpliterator                                 : loaded 2 times (x 66B)
Class kotlin.coroutines.jvm.internal.SuspendLambda                                    : loaded 2 times (x 87B)
Class kotlin.coroutines.jvm.internal.ContinuationImpl                                 : loaded 2 times (x 83B)
Class org.apache.commons.io.output.QueueOutputStream                                  : loaded 2 times (x 83B)
Class com.google.common.reflect.Types$ClassOwnership$3                                : loaded 2 times (x 67B)
Class com.google.common.collect.Collections2$FilteredCollection                       : loaded 2 times (x 115B)
Class com.google.common.util.concurrent.SettableFuture                                : loaded 2 times (x 110B)
Class com.google.common.cache.LocalCache$Strength$2                                   : loaded 2 times (x 77B)
Class com.google.wireless.android.sdk.stats.RunFinishData                             : loaded 2 times (x 193B)
Class com.google.wireless.android.sdk.stats.TypingLatencyStats                        : loaded 2 times (x 197B)
Class com.google.wireless.android.sdk.stats.KotlinGradlePerformanceOrBuilder          : loaded 2 times (x 66B)
Class com.google.wireless.android.sdk.stats.ProjectViewSelectionChangeEventOrBuilder  : loaded 2 times (x 66B)
Class com.google.wireless.android.sdk.stats.BuildOutputWindowStatsOrBuilder           : loaded 2 times (x 66B)
Class com.google.protobuf.InvalidProtocolBufferException$InvalidWireTypeException     : loaded 2 times (x 84B)
Class com.google.protobuf.Internal$FloatList                                          : loaded 2 times (x 66B)
Class com.google.protobuf.Internal$BooleanList                                        : loaded 2 times (x 66B)
Class com.google.protobuf.MessageLiteOrBuilder                                        : loaded 2 times (x 66B)
Class groovy.grape.GrapeEngine                                                        : loaded 2 times (x 66B)
Class org.codehaus.groovy.transform.ErrorCollecting                                   : loaded 2 times (x 66B)
Class groovy.lang.MetaClassImpl$7                                                     : loaded 2 times (x 73B)
Class org.codehaus.groovy.reflection.GeneratedMetaMethod                              : loaded 2 times (x 92B)
Class org.codehaus.groovy.GroovyBugError                                              : loaded 2 times (x 80B)
Class org.codehaus.groovy.reflection.GroovyClassValue                                 : loaded 2 times (x 66B)
Class [Lorg.apache.commons.io.StandardLineSeparator;                                  : loaded 2 times (x 65B)
Class [Lcom.android.resources.TouchScreen;                                            : loaded 2 times (x 65B)
Class org.objectweb.asm.Handle                                                        : loaded 2 times (x 68B)
Class kotlin.reflect.KTypeParameter                                                   : loaded 2 times (x 66B)
Class com.android.tools.lint.model.LintModelModuleLibrary                             : loaded 2 times (x 66B)
Class [Lcom.android.tools.lint.model.LintModelNamespacingMode;                        : loaded 2 times (x 65B)
Class com.android.tools.lint.model.LintModelSerialization$TargetFile                  : loaded 2 times (x 75B)
Class kotlin.collections.CollectionsKt__CollectionsKt                                 : loaded 2 times (x 67B)
Class kotlin.collections.ArraysKt___ArraysJvmKt                                       : loaded 2 times (x 67B)
Class kotlin.text.StringsKt__AppendableKt                                             : loaded 2 times (x 67B)
Class kotlin.text.StringsKt__RegexExtensionsJVMKt                                     : loaded 2 times (x 67B)
Class kotlin.coroutines.ContinuationInterceptor                                       : loaded 2 times (x 66B)
Class com.google.common.collect.Interners$InternerImpl                                : loaded 2 times (x 71B)
Class com.google.common.collect.Interner                                              : loaded 2 times (x 66B)
Class [Lcom.google.common.collect.Maps$EntryFunction;                                 : loaded 2 times (x 65B)
Class com.google.common.io.ByteStreams                                                : loaded 2 times (x 67B)
Class com.google.common.cache.LocalCache$Strength$3                                   : loaded 2 times (x 77B)
Class com.google.protobuf.CodedOutputStream$HeapNioEncoder                            : loaded 2 times (x 107B)
Class com.google.protobuf.ByteString$ByteArrayCopier                                  : loaded 2 times (x 66B)
Class com.google.wireless.android.sdk.stats.GfxTracingDetails                         : loaded 2 times (x 208B)
Class com.google.wireless.android.sdk.stats.CMakeEditingEventOrBuilder                : loaded 2 times (x 66B)
Class com.google.wireless.android.sdk.stats.SdkIndexLibraryDetailsOrBuilder           : loaded 2 times (x 66B)
Class org.codehaus.groovy.control.messages.SyntaxErrorMessage                         : loaded 2 times (x 70B)
Class org.codehaus.groovy.util.AbstractConcurrentMap                                  : loaded 2 times (x 78B)
Class org.codehaus.groovy.runtime.metaclass.MetaMethodIndex$EntryIterator             : loaded 2 times (x 66B)
Class groovy.lang.MetaClassImpl$8                                                     : loaded 2 times (x 73B)
Class org.codehaus.groovy.runtime.metaclass.MissingMethodExecutionFailed              : loaded 2 times (x 88B)
Class org.apache.groovy.util.SystemUtil                                               : loaded 2 times (x 67B)
Class com.android.ide.common.resources.configuration.CountryCodeQualifier             : loaded 2 times (x 84B)
Class kotlin.reflect.jvm.internal.impl.builtins.functions.FunctionTypeKind            : loaded 2 times (x 68B)
Class kotlin._Assertions                                                              : loaded 2 times (x 67B)
Class kotlin.text.Regex$Companion                                                     : loaded 2 times (x 67B)
Class com.android.utils.Pair                                                          : loaded 2 times (x 68B)
Class org.objectweb.asm.FieldWriter                                                   : loaded 2 times (x 74B)
Class com.google.common.collect.MapMaker$Dummy                                        : loaded 2 times (x 75B)
Class com.google.common.reflect.Invokable                                             : loaded 2 times (x 99B)
Class com.google.common.cache.CacheBuilder$NullListener                               : loaded 2 times (x 78B)
Class org.gradle.internal.classpath.TransformedClassPath                              : loaded 2 times (x 92B)
Class org.gradle.internal.classloader.InstrumentingClassLoader                        : loaded 2 times (x 66B)
Class com.google.wireless.android.sdk.stats.GradleJdkConfigurationEvent               : loaded 2 times (x 191B)
Class com.google.wireless.android.sdk.stats.SdkIndexProjectStats                      : loaded 2 times (x 203B)
Class com.google.wireless.android.sdk.stats.AndroidStudioEvent$1                      : loaded 2 times (x 72B)
Class com.google.common.hash.Hashing$Sha256Holder                                     : loaded 2 times (x 67B)
Class com.google.protobuf.AbstractParser                                              : loaded 2 times (x 146B)
Class org.codehaus.groovy.control.CompilationUnit$IPrimaryClassNodeOperation          : loaded 2 times (x 66B)
Class org.codehaus.groovy.ast.expr.CastExpression                                     : loaded 2 times (x 129B)
Class groovy.lang.MetaClassImpl$9                                                     : loaded 2 times (x 73B)
Class org.codehaus.groovy.ast.FieldNode                                               : loaded 2 times (x 158B)
Class org.codehaus.groovy.vmplugin.VMPluginFactory                                    : loaded 2 times (x 67B)
Class groovy.lang.MetaObjectProtocol                                                  : loaded 2 times (x 66B)
Class groovy.lang.Writable                                                            : loaded 2 times (x 66B)
Class [Lkotlin.annotation.AnnotationTarget;                                           : loaded 2 times (x 65B)
Class com.google.common.collect.Tables$AbstractCell                                   : loaded 2 times (x 77B)
Class groovy.lang.MetaClassImpl$1                                                     : loaded 2 times (x 71B)
Class org.codehaus.groovy.control.CompilationFailedException                          : loaded 2 times (x 85B)
Class com.google.protobuf.Internal                                                    : loaded 2 times (x 67B)
Class kotlin.io.path.PathsKt__PathUtilsKt                                             : loaded 2 times (x 67B)
Class kotlin.reflect.jvm.internal.impl.name.StandardClassIds                          : loaded 2 times (x 67B)
Class [Lkotlin.coroutines.intrinsics.CoroutineSingletons;                             : loaded 2 times (x 65B)
Class it.unimi.dsi.fastutil.objects.ReferenceCollection                               : loaded 2 times (x 66B)
Class com.android.tools.lint.model.DefaultLintModelArtifact                           : loaded 2 times (x 80B)
Class kotlin.jvm.internal.FunctionReference                                           : loaded 2 times (x 118B)
Class kotlin.jvm.internal.FunctionBase                                                : loaded 2 times (x 66B)
Class kotlin.enums.EnumEntriesList                                                    : loaded 2 times (x 219B)
Class org.apache.commons.io.output.UnsynchronizedByteArrayOutputStream                : loaded 2 times (x 98B)
Class com.google.common.reflect.Types$ParameterizedTypeImpl                           : loaded 2 times (x 77B)
Class com.google.common.collect.Maps$IteratorBasedAbstractMap$1                       : loaded 2 times (x 134B)
Class com.google.common.collect.ImmutableListMultimap                                 : loaded 2 times (x 172B)
Class com.google.common.cache.CacheLoader$FunctionToCacheLoader                       : loaded 2 times (x 71B)
Class com.google.wireless.android.sdk.stats.JavaProcessStats$1                        : loaded 2 times (x 147B)
Class com.google.wireless.android.sdk.stats.AndroidStudioEvent$2                      : loaded 2 times (x 147B)
Class com.google.wireless.android.sdk.stats.BuildAttributionUiEventOrBuilder          : loaded 2 times (x 66B)
Class com.google.wireless.android.sdk.stats.WearHealthServicesEventOrBuilder          : loaded 2 times (x 66B)
Class com.google.wireless.android.sdk.stats.CreateDiagnosticReportActionOrBuilder     : loaded 2 times (x 66B)
Class com.google.wireless.android.sdk.stats.WearPairingEventOrBuilder                 : loaded 2 times (x 66B)
Class com.google.wireless.android.sdk.stats.DeviceMirroringSessionOrBuilder           : loaded 2 times (x 66B)
Class com.google.wireless.android.sdk.stats.AppInspectionEventOrBuilder               : loaded 2 times (x 66B)
Class com.google.wireless.android.sdk.stats.StartupEventOrBuilder                     : loaded 2 times (x 66B)
Class com.google.wireless.android.sdk.stats.StudioCrashOrBuilder                      : loaded 2 times (x 66B)
Class com.google.protobuf.UnsafeUtil$MemoryAccessor                                   : loaded 2 times (x 87B)
Class com.google.protobuf.GeneratedMessage$GeneratedExtension                         : loaded 2 times (x 83B)
Class org.codehaus.groovy.ast.CompileUnit$ConstructedOuterNestedClassNode             : loaded 2 times (x 241B)
Class org.codehaus.groovy.runtime.metaclass.MetaMethodIndex$Entry                     : loaded 2 times (x 68B)
Class org.codehaus.groovy.runtime.metaclass.MethodMetaProperty$GetBeanMethodMetaProperty: loaded 2 times (x 74B)
Class org.codehaus.groovy.ast.expr.ConstantExpression                                 : loaded 2 times (x 130B)
Class com.google.common.collect.ImmutableMapEntry$NonTerminalImmutableBiMapEntry      : loaded 2 times (x 81B)
Class com.google.wireless.android.sdk.stats.EditorCompletionStatsOrBuilder            : loaded 2 times (x 66B)
Class org.gradle.api.internal.classpath.EffectiveClassPath                            : loaded 2 times (x 86B)
Class kotlin.io.path.PathsKt                                                          : loaded 2 times (x 67B)
Class kotlin.reflect.jvm.internal.impl.name.FqNamesUtilKt                             : loaded 2 times (x 67B)
Class kotlin.reflect.jvm.internal.impl.name.StandardClassIdsKt                        : loaded 2 times (x 67B)
Class kotlin.collections.CollectionsKt__IteratorsJVMKt                                : loaded 2 times (x 67B)
Class kotlin.comparisons.ComparisonsKt___ComparisonsJvmKt                             : loaded 2 times (x 67B)
Class org.apache.commons.io.output.ByteArrayOutputStream                              : loaded 2 times (x 98B)
Class com.google.common.reflect.TypeResolver$TypeVariableKey                          : loaded 2 times (x 68B)
Class com.google.common.collect.EmptyImmutableListMultimap                            : loaded 2 times (x 172B)
Class com.google.common.collect.BaseImmutableMultimap                                 : loaded 2 times (x 119B)
Class com.google.protobuf.ByteString$ByteIterator                                     : loaded 2 times (x 66B)
Class com.google.wireless.android.sdk.stats.NonTransitiveRClassMigrationEvent         : loaded 2 times (x 197B)
Class com.google.wireless.android.sdk.stats.K2ModeEvent                               : loaded 2 times (x 191B)
Class com.google.wireless.android.sdk.stats.AvdLaunchEvent                            : loaded 2 times (x 193B)
Class com.google.wireless.android.sdk.stats.GradleCppSyncStatsOrBuilder               : loaded 2 times (x 66B)
Class com.google.wireless.android.sdk.stats.K2ModeEventOrBuilder                      : loaded 2 times (x 66B)
Class com.google.common.hash.MessageDigestHashFunction$MessageDigestHasher            : loaded 2 times (x 144B)
Class com.google.wireless.android.sdk.stats.AndroidStudioEvent$IdeBrand               : loaded 2 times (x 83B)
Class com.google.gson.stream.JsonWriter                                               : loaded 2 times (x 94B)
Class org.codehaus.groovy.control.CompilerConfiguration                               : loaded 2 times (x 118B)
Class org.codehaus.groovy.ast.expr.ClosureExpression                                  : loaded 2 times (x 129B)
Class kotlin.sequences.SequencesKt___SequencesKt$flatMap$2                            : loaded 2 times (x 121B)
Class [Lcom.android.ide.common.repository.AgpVersion$PreviewKind;                     : loaded 2 times (x 65B)
Class kotlin.reflect.KProperty0                                                       : loaded 2 times (x 66B)
Class kotlin.Result                                                                   : loaded 2 times (x 68B)
Class it.unimi.dsi.fastutil.ints.IntCollection                                        : loaded 2 times (x 66B)
Class com.google.common.base.Splitter$5                                               : loaded 2 times (x 76B)
Class com.android.sdklib.SdkVersionInfo                                               : loaded 2 times (x 67B)
Class org.gradle.internal.service.ServiceLocator                                      : loaded 2 times (x 66B)
Class com.google.wireless.android.sdk.stats.UIActionStats                             : loaded 2 times (x 204B)
Class com.google.wireless.android.sdk.stats.SafeModeStatsEventOrBuilder               : loaded 2 times (x 66B)
Class org.codehaus.groovy.vmplugin.v9.ClassFinder                                     : loaded 2 times (x 67B)
Class org.codehaus.groovy.ast.ImportNode                                              : loaded 2 times (x 126B)
Class org.codehaus.groovy.runtime.metaclass.NewStaticMetaMethod                       : loaded 2 times (x 95B)
Class org.codehaus.groovy.runtime.CurriedClosure                                      : loaded 2 times (x 129B)
Class org.codehaus.groovy.runtime.ComposedClosure                                     : loaded 2 times (x 128B)
Class it.unimi.dsi.fastutil.ints.Int2ObjectMap                                        : loaded 2 times (x 66B)
Class kotlin.reflect.jvm.internal.KProperty1Impl                                      : loaded 2 times (x 124B)
Class com.google.common.collect.HashBiMap$BiEntry                                     : loaded 2 times (x 79B)
Class com.android.ide.common.rendering.api.ResourceNamespace$AaptNamespace            : loaded 2 times (x 76B)
Class kotlin.reflect.KClass                                                           : loaded 2 times (x 66B)
Class kotlin.reflect.KProperty1                                                       : loaded 2 times (x 66B)
Class kotlin.Pair                                                                     : loaded 2 times (x 68B)
Class com.android.tools.lint.model.LintModelModuleType                                : loaded 2 times (x 75B)
Class kotlin.sequences.TransformingSequence$iterator$1                                : loaded 2 times (x 75B)
Class [Lkotlin.Function;                                                              : loaded 2 times (x 65B)
Class org.apache.commons.io.FileExistsException                                       : loaded 2 times (x 78B)
Class com.google.common.cache.LocalCache$1                                            : loaded 2 times (x 85B)
Class com.google.protobuf.CodedOutputStream$AbstractBufferedEncoder                   : loaded 2 times (x 106B)
Class com.google.wireless.android.sdk.stats.FileType                                  : loaded 2 times (x 198B)
Class com.google.wireless.android.sdk.stats.DeviceScreenshotEvent                     : loaded 2 times (x 193B)
Class com.google.wireless.android.sdk.stats.FastPreviewEvent                          : loaded 2 times (x 195B)
Class com.google.wireless.android.sdk.stats.EssentialsModeEventOrBuilder              : loaded 2 times (x 66B)
Class com.google.wireless.android.sdk.stats.HeapReportEventOrBuilder                  : loaded 2 times (x 66B)
Class com.google.wireless.android.sdk.stats.AutoImportEventOrBuilder                  : loaded 2 times (x 66B)
Class com.android.ide.common.resources.configuration.ScreenHeightQualifier            : loaded 2 times (x 84B)
Class com.google.protobuf.UnsafeUtil$1                                                : loaded 2 times (x 72B)
Class org.codehaus.groovy.runtime.InvokerHelper$NullScript                            : loaded 2 times (x 91B)
Class org.codehaus.groovy.vmplugin.v9.Java9                                           : loaded 2 times (x 105B)
Class org.codehaus.groovy.reflection.CachedClass                                      : loaded 2 times (x 91B)
Class com.android.ide.common.rendering.api.StyleItemResourceValue                     : loaded 2 times (x 66B)
Class org.apache.groovy.util.BeanUtils                                                : loaded 2 times (x 67B)
Class kotlin.reflect.KProperty2                                                       : loaded 2 times (x 66B)
Class kotlin.io.CloseableKt                                                           : loaded 2 times (x 67B)
Class com.android.tools.lint.model.LintModelDependency                                : loaded 2 times (x 66B)
Class kotlin.collections.CollectionsKt__MutableCollectionsKt                          : loaded 2 times (x 67B)
Class com.google.common.collect.MapMakerInternalMap$AbstractStrongKeyEntry            : loaded 2 times (x 76B)
Class com.google.common.io.CharSource$StringCharSource                                : loaded 2 times (x 82B)
Class com.google.common.io.ByteSource$ByteArrayByteSource                             : loaded 2 times (x 81B)
Class com.google.common.reflect.TypeToken$SimpleTypeToken                             : loaded 2 times (x 69B)
Class com.google.common.collect.AbstractSetMultimap                                   : loaded 2 times (x 170B)
Class com.google.common.cache.LocalCache$2                                            : loaded 2 times (x 138B)
Class com.google.protobuf.CodedOutputStream                                           : loaded 2 times (x 105B)
Class com.google.wireless.android.play.playlog.proto.ClientAnalytics$LogEvent$Builder : loaded 2 times (x 294B)
Class com.google.wireless.android.sdk.stats.EmulatorDetailsOrBuilder                  : loaded 2 times (x 66B)
Class com.google.wireless.android.sdk.stats.SmlChatBotEventOrBuilder                  : loaded 2 times (x 66B)
Class com.google.common.hash.AbstractHashFunction                                     : loaded 2 times (x 91B)
Class com.android.utils.DateProvider$1                                                : loaded 2 times (x 71B)
Class [Lorg.codehaus.groovy.reflection.CachedConstructor;                             : loaded 2 times (x 65B)
Class groovyjarjarasm.asm.Opcodes                                                     : loaded 2 times (x 66B)
Class org.codehaus.groovy.ast.expr.Expression                                         : loaded 2 times (x 123B)
Class org.codehaus.groovy.util.ManagedReference$1                                     : loaded 2 times (x 72B)
Class org.codehaus.groovy.util.ReferenceType                                          : loaded 2 times (x 76B)
Class it.unimi.dsi.fastutil.objects.Object2IntFunction                                : loaded 2 times (x 66B)
Class com.google.common.collect.Tables$1                                              : loaded 2 times (x 80B)
Class com.android.resources.Navigation                                                : loaded 2 times (x 82B)
Class com.android.ide.common.rendering.api.PluralsResourceValue                       : loaded 2 times (x 66B)
Class com.android.ide.common.resources.DataItem                                       : loaded 2 times (x 86B)
Class [Lcom.android.resources.Density;                                                : loaded 2 times (x 65B)
Class com.google.protobuf.UnknownFieldSet                                             : loaded 2 times (x 83B)
Class [Lcom.android.resources.ResourceType$Kind;                                      : loaded 2 times (x 65B)
Class kotlin.reflect.jvm.internal.impl.utils.CollectionsKt                            : loaded 2 times (x 67B)
Class kotlin.reflect.jvm.internal.CacheByClass                                        : loaded 2 times (x 69B)
Class kotlin.coroutines.CoroutineContext$Element                                      : loaded 2 times (x 66B)
Class com.google.wireless.android.sdk.stats.PreviewRefreshEventOrBuilder              : loaded 2 times (x 66B)
Class kotlin.io.FilesKt__FilePathComponentsKt                                         : loaded 2 times (x 67B)
Class kotlin.reflect.KCallable                                                        : loaded 2 times (x 66B)
Class com.google.wireless.android.sdk.stats.GcPauseEvent                              : loaded 2 times (x 197B)
Class com.google.wireless.android.sdk.stats.AppLinksAssistantEventOrBuilder           : loaded 2 times (x 66B)
Class com.google.wireless.android.sdk.stats.DeviceMirroringAbnormalAgentTerminationOrBuilder: loaded 2 times (x 66B)
Class com.google.wireless.android.sdk.stats.SmlCompletionEventOrBuilder               : loaded 2 times (x 66B)
Class com.google.protobuf.Descriptors$FieldDescriptor                                 : loaded 2 times (x 84B)
Class org.codehaus.groovy.ast.expr.TernaryExpression                                  : loaded 2 times (x 126B)
Class org.codehaus.groovy.runtime.callsite.AbstractCallSite                           : loaded 2 times (x 141B)
Class groovy.lang.MetaClassRegistryChangeEvent                                        : loaded 2 times (x 75B)
Class org.codehaus.groovy.vmplugin.v8.PluginDefaultGroovyMethods                      : loaded 2 times (x 67B)
Class kotlin.collections.AbstractIterator                                             : loaded 2 times (x 79B)
Class com.google.wireless.android.sdk.stats.PromptLibraryEventOrBuilder               : loaded 2 times (x 66B)
Class [Lcom.android.resources.ScreenRatio;                                            : loaded 2 times (x 65B)
Class com.google.wireless.android.sdk.stats.SuppressedSyncEventOrBuilder              : loaded 2 times (x 66B)
Class kotlin.io.LinesSequence$iterator$1                                              : loaded 2 times (x 75B)
Class com.android.tools.lint.model.LintModelSeverity                                  : loaded 2 times (x 75B)
Class kotlin.text.CharsKt                                                             : loaded 2 times (x 67B)
Class com.android.io.CancellableFileIo                                                : loaded 2 times (x 67B)
Class com.google.common.base.Optional                                                 : loaded 2 times (x 76B)
Class com.google.common.util.concurrent.AbstractFuture$Trusted                        : loaded 2 times (x 66B)
Class com.google.protobuf.CodedOutputStream$OutOfSpaceException                       : loaded 2 times (x 78B)
Class com.android.tools.analytics.StubbableLazy                                       : loaded 2 times (x 72B)
Class com.google.wireless.android.sdk.stats.StartupEvent                              : loaded 2 times (x 193B)
Class com.google.wireless.android.sdk.stats.WearTileAnimationToolingEventOrBuilder    : loaded 2 times (x 66B)
Class com.google.wireless.android.sdk.stats.UpgradeAssistantComponentEventOrBuilder   : loaded 2 times (x 66B)
Class com.google.wireless.android.sdk.stats.GradleFailureDetailsOrBuilder             : loaded 2 times (x 66B)
Class com.google.wireless.android.sdk.stats.SystemHealthEventOrBuilder                : loaded 2 times (x 66B)
Class com.google.wireless.android.sdk.stats.AdbServerStateOrBuilder                   : loaded 2 times (x 66B)
Class com.google.protobuf.Internal$EnumLite                                           : loaded 2 times (x 66B)
Class org.codehaus.groovy.ast.stmt.ThrowStatement                                     : loaded 2 times (x 108B)
Class groovy.lang.MetaArrayLengthProperty                                             : loaded 2 times (x 73B)
Class org.codehaus.groovy.runtime.EncodingGroovyMethods                               : loaded 2 times (x 67B)
Class org.codehaus.groovy.util.ComplexKeyHashMap$EntryIterator                        : loaded 2 times (x 66B)
Class com.android.resources.Density                                                   : loaded 2 times (x 88B)
Class kotlin.reflect.jvm.internal.KMutableProperty1Impl                               : loaded 2 times (x 131B)
Class kotlin.reflect.jvm.internal.impl.builtins.functions.FunctionTypeKind$SuspendFunction: loaded 2 times (x 68B)
Class kotlin.coroutines.ContinuationInterceptor$Key                                   : loaded 2 times (x 67B)
Class kotlin.text.DelimitedRangesSequence$iterator$1                                  : loaded 2 times (x 75B)
Class it.unimi.dsi.fastutil.Function                                                  : loaded 2 times (x 66B)
Class com.android.tools.lint.model.DefaultLintModelLibraryResolver                    : loaded 2 times (x 72B)
Class com.google.wireless.android.sdk.stats.WearPairingEvent                          : loaded 2 times (x 191B)
Class com.google.common.io.ByteSink$AsCharSink                                        : loaded 2 times (x 76B)
Class com.google.common.util.concurrent.UncheckedExecutionException                   : loaded 2 times (x 78B)
Class com.google.protobuf.ByteOutput                                                  : loaded 2 times (x 72B)
Class com.google.wireless.android.sdk.stats.KotlinProjectConfiguration                : loaded 2 times (x 211B)
Class com.google.wireless.android.sdk.stats.AppQualityInsightsUsageEvent              : loaded 2 times (x 246B)
Class com.google.wireless.android.sdk.stats.LLDBFrontendDetails                       : loaded 2 times (x 191B)
Class com.google.wireless.android.sdk.stats.FirebaseContextDetails                    : loaded 2 times (x 205B)
Class com.google.wireless.android.sdk.stats.SmlGeolocationEventOrBuilder              : loaded 2 times (x 66B)
Class groovy.lang.MissingMethodException                                              : loaded 2 times (x 88B)
Class kotlin.jvm.internal.Ref$IntRef                                                  : loaded 2 times (x 67B)
Class com.android.tools.lint.model.LintModelModuleLoader                              : loaded 2 times (x 66B)
Class org.gradle.internal.InternalTransformer                                         : loaded 2 times (x 66B)
Class com.google.wireless.android.sdk.stats.StudioCoreGeminiActionsEvent              : loaded 2 times (x 201B)
Class com.google.wireless.android.sdk.stats.WearTileAnimationToolingEvent             : loaded 2 times (x 193B)
Class com.google.wireless.android.sdk.stats.GradleFailureDetails                      : loaded 2 times (x 195B)
Class com.google.wireless.android.sdk.stats.GradleSyncStatsOrBuilder                  : loaded 2 times (x 66B)
Class com.google.wireless.android.sdk.stats.AndroidTestRetentionEventOrBuilder        : loaded 2 times (x 66B)
Class com.google.wireless.android.sdk.stats.Align16kbEventOrBuilder                   : loaded 2 times (x 66B)
Class org.gradle.internal.classloader.ClassLoaderVisitor                              : loaded 2 times (x 72B)
Class com.google.protobuf.UnsafeUtil$Android32MemoryAccessor                          : loaded 2 times (x 87B)
Class com.google.protobuf.Extension$ExtensionType                                     : loaded 2 times (x 75B)
Class com.google.protobuf.AbstractMessageLite$Builder$LimitedInputStream              : loaded 2 times (x 88B)
Class org.codehaus.groovy.runtime.memoize.EvictableCache                              : loaded 2 times (x 66B)
Class org.codehaus.groovy.ast.stmt.ReturnStatement                                    : loaded 2 times (x 109B)
Class com.google.common.collect.ImmutableBiMap$Builder                                : loaded 2 times (x 78B)
Class kotlin.DeprecationLevel                                                         : loaded 2 times (x 75B)
Class kotlin.jvm.JvmStatic                                                            : loaded 2 times (x 66B)
Class com.android.resources.ScreenRound                                               : loaded 2 times (x 82B)
Class kotlin.reflect.jvm.internal.ReflectionFactoryImpl                               : loaded 2 times (x 87B)
Class it.unimi.dsi.fastutil.ints.Int2ObjectFunction                                   : loaded 2 times (x 66B)
Class com.android.ide.common.gradle.Separator                                         : loaded 2 times (x 75B)
Class com.android.tools.lint.model.LintModelSourceProvider                            : loaded 2 times (x 66B)
Class kotlin.collections.MapsKt__MapsJVMKt                                            : loaded 2 times (x 67B)
Class kotlin.collections.EmptyList                                                    : loaded 2 times (x 170B)
Class [Lcom.android.prefs.VariableValue;                                              : loaded 2 times (x 65B)
Class kotlin.collections.ArraysKt___ArraysKt$asSequence$$inlined$Sequence$1           : loaded 2 times (x 71B)
Class com.android.tools.lint.model.PathVariables$Companion                            : loaded 2 times (x 67B)
Class com.google.common.io.ByteSource$ConcatenatedByteSource                          : loaded 2 times (x 81B)
Class org.objectweb.asm.ClassWriter                                                   : loaded 2 times (x 102B)
Class com.google.common.cache.CacheLoader$UnsupportedLoadingOperationException        : loaded 2 times (x 78B)
Class org.gradle.internal.classloader.ClasspathUtil$1                                 : loaded 2 times (x 72B)
Class com.google.wireless.android.sdk.stats.AndroidStudioEvent$EventKind$1            : loaded 2 times (x 72B)
Class com.google.wireless.android.sdk.stats.AutoSyncSettingChangeEvent                : loaded 2 times (x 193B)
Class com.google.wireless.android.sdk.stats.SoongSyncStats                            : loaded 2 times (x 203B)
Class com.google.wireless.android.sdk.stats.AdbAssistantStatsOrBuilder                : loaded 2 times (x 66B)
Class com.android.tools.analytics.JournalingUsageTracker$State                        : loaded 2 times (x 75B)
Class com.google.gson.TypeAdapter                                                     : loaded 2 times (x 69B)
Class groovyjarjarasm.asm.ClassVisitor                                                : loaded 2 times (x 84B)
Class groovy.lang.MetaClassImpl$MethodIndexAction                                     : loaded 2 times (x 71B)
Class org.codehaus.groovy.runtime.GroovyCategorySupport$CategoryMethod                : loaded 2 times (x 99B)
Class org.codehaus.groovy.runtime.dgmimpl.arrays.DoubleArrayPutAtMetaMethod           : loaded 2 times (x 93B)
Class [Lcom.google.common.collect.AbstractIterator$State;                             : loaded 2 times (x 65B)
Class kotlin.collections.AbstractList$Companion                                       : loaded 2 times (x 67B)
Class com.android.utils.EnvironmentProvider$DirectEnvironmentProvider                 : loaded 2 times (x 76B)
Class kotlin.sequences.SequencesKt___SequencesKt                                      : loaded 2 times (x 67B)
Class kotlin.reflect.jvm.internal.impl.builtins.StandardNames$FqNames                 : loaded 2 times (x 67B)
Class it.unimi.dsi.fastutil.objects.ObjectOpenHashSet                                 : loaded 2 times (x 183B)
Class kotlin.coroutines.ContinuationKt                                                : loaded 2 times (x 67B)
Class com.android.tools.lint.model.LintModelDependencyGraph                           : loaded 2 times (x 66B)
Class kotlin.text.MatcherMatchResult$groupValues$1                                    : loaded 2 times (x 194B)
Class org.objectweb.asm.FieldVisitor                                                  : loaded 2 times (x 73B)
Class com.google.common.collect.FluentIterable$1                                      : loaded 2 times (x 77B)
Class org.gradle.api.internal.classpath.DefaultModuleRegistry$DefaultModule           : loaded 2 times (x 82B)
Class androidx.navigation.lint.BaseWrongStartDestinationTypeDetectorKt                : loaded 2 times (x 67B)
Class com.google.wireless.android.sdk.stats.GradlePluginDslUsageStats                 : loaded 2 times (x 195B)
Class com.google.wireless.android.sdk.stats.BuildAttributionUiEvent                   : loaded 2 times (x 212B)
Class com.google.wireless.android.sdk.stats.WhatsNewAssistantEvent                    : loaded 2 times (x 191B)
Class com.google.wireless.android.sdk.stats.ComposePreviewLiteModeEventOrBuilder      : loaded 2 times (x 66B)
Class com.google.wireless.android.sdk.stats.EditorPickerEventOrBuilder                : loaded 2 times (x 66B)
Class com.google.wireless.android.sdk.stats.DaggerEditorEventOrBuilder                : loaded 2 times (x 66B)
Class com.google.protobuf.CodedInputStream$IterableDirectByteBufferDecoder            : loaded 2 times (x 116B)
Class com.google.protobuf.Internal$DoubleList                                         : loaded 2 times (x 66B)
Class org.codehaus.groovy.ast.PropertyNode                                            : loaded 2 times (x 151B)
Class org.apache.groovy.io.StringBuilderWriter                                        : loaded 2 times (x 96B)
Class org.codehaus.groovy.reflection.stdclasses.ObjectCachedClass                     : loaded 2 times (x 91B)
Class org.codehaus.groovy.ast.GroovyCodeVisitor                                       : loaded 2 times (x 66B)
Class kotlin.reflect.jvm.internal.KPropertyImpl$$Lambda$1                             : loaded 2 times (x 72B)
Class kotlin.reflect.jvm.internal.ClassValueCache                                     : loaded 2 times (x 70B)
Class kotlin.ResultKt                                                                 : loaded 2 times (x 67B)
Class kotlin.KotlinVersion$Companion                                                  : loaded 2 times (x 67B)
Class com.android.tools.lint.model.DefaultLintModelDependencies                       : loaded 2 times (x 75B)
Class com.android.ide.common.repository.AgpVersion                                    : loaded 2 times (x 71B)
Class com.google.common.reflect.Reflection                                            : loaded 2 times (x 67B)
Class com.google.common.collect.FluentIterable$2                                      : loaded 2 times (x 77B)
Class com.google.common.base.Absent                                                   : loaded 2 times (x 76B)
Class com.google.wireless.android.sdk.stats.UpgradeAssistantProcessorEvent            : loaded 2 times (x 213B)
Class com.google.wireless.android.sdk.stats.MemoryUsageReportEventOrBuilder           : loaded 2 times (x 66B)
Class com.google.wireless.android.sdk.stats.KotlinSupportOrBuilder                    : loaded 2 times (x 66B)
Class org.codehaus.groovy.runtime.dgmimpl.arrays.BooleanArrayGetAtMetaMethod          : loaded 2 times (x 93B)
Class kotlin.collections.IndexingIterable                                             : loaded 2 times (x 75B)
Class com.google.common.hash.AbstractHasher                                           : loaded 2 times (x 138B)
Class com.google.wireless.android.sdk.stats.KotlinSupportDeclinedOrBuilder            : loaded 2 times (x 66B)
Class com.google.wireless.android.sdk.stats.IntellijProjectSizeStatsOrBuilder         : loaded 2 times (x 66B)
Class com.android.utils.SdkUtils                                                      : loaded 2 times (x 67B)
Class com.google.wireless.android.sdk.stats.IntellijIndexingStats                     : loaded 2 times (x 201B)
Class kotlin.Result$Failure                                                           : loaded 2 times (x 68B)
Class com.google.wireless.android.sdk.stats.EditorHighlightingStats                   : loaded 2 times (x 195B)
Class kotlin.collections.ArraysKt__ArraysKt                                           : loaded 2 times (x 67B)
Class com.google.common.collect.FluentIterable$3                                      : loaded 2 times (x 77B)
Class com.google.protobuf.ByteString$ArraysByteArrayCopier                            : loaded 2 times (x 70B)
Class kotlin.jvm.internal.MutablePropertyReference0Impl                               : loaded 2 times (x 133B)
Class com.google.wireless.android.sdk.stats.PreviewRefreshEvent                       : loaded 2 times (x 207B)
Class com.google.wireless.android.sdk.stats.LayoutEditorEvent                         : loaded 2 times (x 230B)
Class com.google.wireless.android.sdk.stats.StudioRunEventOrBuilder                   : loaded 2 times (x 66B)
Class com.google.protobuf.Internal$ProtobufList                                       : loaded 2 times (x 66B)
Class groovy.lang.ClosureInvokingMethod                                               : loaded 2 times (x 66B)
Class org.codehaus.groovy.reflection.CachedConstructor                                : loaded 2 times (x 84B)
Class org.codehaus.groovy.runtime.dgmimpl.arrays.ByteArrayPutAtMetaMethod             : loaded 2 times (x 93B)
Class org.codehaus.groovy.util.ReferenceType$HardRef                                  : loaded 2 times (x 76B)
Class com.android.resources.KeyboardState                                             : loaded 2 times (x 82B)
Class com.android.ide.common.rendering.api.AttrResourceValueImpl                      : loaded 2 times (x 118B)
Class com.google.wireless.android.sdk.stats.GarbageCollectionStatsOrBuilder           : loaded 2 times (x 66B)
Class it.unimi.dsi.fastutil.objects.ObjectBidirectionalIterator                       : loaded 2 times (x 66B)
Class kotlin.reflect.jvm.internal.impl.builtins.jvm.JavaToKotlinClassMap              : loaded 2 times (x 67B)
Class kotlin.reflect.jvm.internal.KotlinReflectionInternalError                       : loaded 2 times (x 78B)
Class it.unimi.dsi.fastutil.ints.Int2ObjectMap$FastEntrySet                           : loaded 2 times (x 66B)
Class com.android.tools.lint.model.DefaultLintModelVariant$artifact$2                 : loaded 2 times (x 75B)
Class kotlin.collections.SetsKt__SetsJVMKt                                            : loaded 2 times (x 67B)
Class com.android.tools.lint.model.LintModelMavenName$Companion                       : loaded 2 times (x 67B)
Class kotlin.Function                                                                 : loaded 2 times (x 66B)
Class org.apache.commons.io.output.NullOutputStream                                   : loaded 2 times (x 81B)
Class org.gradle.api.internal.classpath.Module                                        : loaded 2 times (x 66B)
Class com.google.protobuf.ByteString$BoundedByteString                                : loaded 2 times (x 102B)
Class com.google.wireless.android.sdk.stats.JvmDetails$Builder                        : loaded 2 times (x 311B)
Class com.google.wireless.android.sdk.stats.GarbageCollectionStats                    : loaded 2 times (x 197B)
Class com.google.wireless.android.sdk.stats.IDeviceUsageEvent                         : loaded 2 times (x 195B)
Class com.google.wireless.android.sdk.stats.AdbServerStatus                           : loaded 2 times (x 203B)
Class com.google.wireless.android.sdk.stats.SmlTransformEventOrBuilder                : loaded 2 times (x 66B)
Class com.google.protobuf.ExtensionRegistry$ExtensionInfo                             : loaded 2 times (x 68B)
Class org.codehaus.groovy.runtime.GroovyCategorySupport$MyThreadLocal                 : loaded 2 times (x 82B)
Class groovy.lang.TrampolineClosure                                                   : loaded 2 times (x 128B)
Class org.codehaus.groovy.runtime.memoize.MemoizeCache                                : loaded 2 times (x 66B)
Class kotlin.KotlinVersion                                                            : loaded 2 times (x 70B)
Class com.google.common.collect.AbstractMultimap$Values                               : loaded 2 times (x 114B)
Class [Lcom.android.resources.GrammaticalGender;                                      : loaded 2 times (x 65B)
Class com.android.ide.common.resources.configuration.VersionQualifier$Companion       : loaded 2 times (x 67B)
Class kotlin.reflect.jvm.internal.KClassImpl$Data$$Lambda$0                           : loaded 2 times (x 72B)
Class kotlin.reflect.jvm.internal.KClassifierImpl                                     : loaded 2 times (x 66B)
Class kotlin.reflect.KMutableProperty                                                 : loaded 2 times (x 66B)
Class kotlin.internal.ProgressionUtilKt                                               : loaded 2 times (x 67B)
Class com.google.common.cache.Weigher                                                 : loaded 2 times (x 66B)
Class org.gradle.api.internal.classpath.UnknownModuleException                        : loaded 2 times (x 78B)
Class com.google.wireless.android.sdk.stats.ApkAnalyzerStats                          : loaded 2 times (x 195B)
Class com.google.gson.stream.JsonReader$1                                             : loaded 2 times (x 68B)
Class org.codehaus.groovy.runtime.dgmimpl.arrays.IntegerArrayPutAtMetaMethod          : loaded 2 times (x 93B)
Class org.codehaus.groovy.ast.expr.ListExpression                                     : loaded 2 times (x 128B)
Class [Lorg.codehaus.groovy.reflection.CachedClass;                                   : loaded 2 times (x 65B)
Class org.codehaus.groovy.util.LazyReference                                          : loaded 2 times (x 77B)
Class kotlin.sequences.DistinctIterator                                               : loaded 2 times (x 79B)
Class com.android.ide.common.resources.configuration.TouchScreenQualifier             : loaded 2 times (x 86B)
Class kotlin.reflect.jvm.internal.KClassImpl$Data$$Lambda$1                           : loaded 2 times (x 72B)
Class kotlin.jvm.internal.PropertyReference                                           : loaded 2 times (x 111B)
Class com.android.prefs.VariableValue                                                 : loaded 2 times (x 80B)
Class com.android.prefs.AbstractAndroidLocations$Companion                            : loaded 2 times (x 67B)
Class org.apache.commons.io.Charsets                                                  : loaded 2 times (x 67B)
Class com.google.common.base.Stopwatch                                                : loaded 2 times (x 68B)
Class com.google.common.cache.LocalCache$Strength                                     : loaded 2 times (x 77B)
Class com.google.common.cache.Cache                                                   : loaded 2 times (x 66B)
Class com.google.protobuf.CodedOutputStream$ByteOutputEncoder                         : loaded 2 times (x 106B)
Class com.google.wireless.android.sdk.stats.ApkDebugProject                           : loaded 2 times (x 193B)
Class com.google.wireless.android.sdk.stats.TestRecorderDetails                       : loaded 2 times (x 193B)
Class com.google.wireless.android.sdk.stats.SdkIndexProjectStatsOrBuilder             : loaded 2 times (x 66B)
Class com.google.wireless.android.sdk.stats.SigningWizardEventOrBuilder               : loaded 2 times (x 66B)
Class org.codehaus.groovy.runtime.dgmimpl.arrays.ObjectArrayPutAtMetaMethod           : loaded 2 times (x 93B)
Class org.codehaus.groovy.runtime.MethodClosure                                       : loaded 2 times (x 131B)
Class org.codehaus.groovy.ast.ASTNode                                                 : loaded 2 times (x 100B)
Class org.codehaus.groovy.reflection.GroovyClassValue$ComputeValue                    : loaded 2 times (x 66B)
Class kotlin.collections.IndexingIterator                                             : loaded 2 times (x 75B)
Class com.android.ide.common.rendering.api.ResourceNamespace$ResAutoNamespace         : loaded 2 times (x 76B)
Class org.gradle.internal.classloader.DefaultClassLoaderFactory                       : loaded 2 times (x 78B)
Class com.google.common.io.Files$2                                                    : loaded 2 times (x 72B)
Class kotlin.reflect.jvm.internal.KClassImpl$Data$$Lambda$2                           : loaded 2 times (x 72B)
Class com.android.tools.lint.model.LintModelAndroidArtifact                           : loaded 2 times (x 66B)
Class [Lcom.android.tools.lint.model.LintModelSerialization$TargetFile;               : loaded 2 times (x 65B)
Class com.google.common.base.Suppliers                                                : loaded 2 times (x 67B)
Class org.apache.commons.io.filefilter.IOFileFilter                                   : loaded 2 times (x 66B)
Class com.google.common.io.AppendableWriter                                           : loaded 2 times (x 96B)
Class com.google.common.collect.AbstractMultimap$Entries                              : loaded 2 times (x 116B)
Class com.google.common.util.concurrent.AbstractFuture$Cancellation                   : loaded 2 times (x 68B)
Class com.google.wireless.android.sdk.stats.JvmDetails$GarbageCollector               : loaded 2 times (x 83B)
Class com.google.wireless.android.sdk.stats.GarbageCollectionStats$Builder            : loaded 2 times (x 297B)
Class com.google.wireless.android.sdk.stats.UpgradeAssistantComponentEvent            : loaded 2 times (x 211B)
Class com.google.wireless.android.sdk.stats.SuppressedSyncEvent                       : loaded 2 times (x 193B)
Class com.google.wireless.android.sdk.stats.MotionLayoutEditorEventOrBuilder          : loaded 2 times (x 66B)
Class com.google.wireless.android.sdk.stats.GradlePluginDslUsageStatsOrBuilder        : loaded 2 times (x 66B)
Class org.codehaus.groovy.ast.expr.DeclarationExpression                              : loaded 2 times (x 133B)
Class [Lcom.google.common.cache.CacheBuilder$OneWeigher;                              : loaded 2 times (x 65B)
Class [Lkotlin.reflect.jvm.internal.impl.builtins.PrimitiveType;                      : loaded 2 times (x 65B)
Class kotlin.reflect.jvm.internal.impl.builtins.StandardNames                         : loaded 2 times (x 67B)
Class kotlin.reflect.jvm.internal.KClassImpl$Data$$Lambda$3                           : loaded 2 times (x 72B)
Class kotlin.reflect.jvm.internal.ReflectProperties$LazySoftVal                       : loaded 2 times (x 74B)
Class [Lkotlin.reflect.KAnnotatedElement;                                             : loaded 2 times (x 65B)
Class com.google.common.collect.ImmutableMap$IteratorBasedImmutableMap$1EntrySetImpl  : loaded 2 times (x 150B)
Class com.google.common.collect.Maps$EntryFunction$1                                  : loaded 2 times (x 87B)
Class com.google.common.base.Present                                                  : loaded 2 times (x 77B)
Class com.google.common.cache.RemovalListener                                         : loaded 2 times (x 66B)
Class org.gradle.api.internal.DefaultClassPathRegistry                                : loaded 2 times (x 72B)
Class com.google.wireless.android.sdk.stats.SmlTransformEvent                         : loaded 2 times (x 213B)
Class com.google.wireless.android.sdk.stats.ApplyChangesAgentError                    : loaded 2 times (x 201B)
Class com.android.tools.analytics.AnalyticsSettings$optedIn$1                         : loaded 2 times (x 74B)
Class org.codehaus.groovy.ast.GenericsType                                            : loaded 2 times (x 114B)
Class org.codehaus.groovy.runtime.powerassert.PowerAssertionError                     : loaded 2 times (x 78B)
Class groovy.lang.MetaClassRegistryChangeEventListener                                : loaded 2 times (x 66B)
Class org.codehaus.groovy.util.ManagedConcurrentLinkedQueue                           : loaded 2 times (x 80B)
Class kotlin.annotation.AnnotationTarget                                              : loaded 2 times (x 75B)
Class kotlin.jvm.JvmClassMappingKt                                                    : loaded 2 times (x 67B)
Class kotlin.reflect.jvm.internal.KClassImpl$Data$$Lambda$4                           : loaded 2 times (x 72B)
Class kotlin.reflect.jvm.internal.KPropertyImpl                                       : loaded 2 times (x 111B)
Class kotlin.jvm.internal.Reflection                                                  : loaded 2 times (x 67B)
Class kotlin.reflect.KProperty                                                        : loaded 2 times (x 66B)
Class com.google.common.collect.MapMakerInternalMap$StrongKeyDummyValueEntry$LinkedStrongKeyDummyValueEntry: loaded 2 times (x 78B)
Class org.objectweb.asm.MethodTooLargeException                                       : loaded 2 times (x 79B)
Class kotlin.ranges.ClosedRange                                                       : loaded 2 times (x 66B)
Class com.android.sdklib.AndroidApiLevel                                              : loaded 2 times (x 70B)
Class com.android.tools.lint.model.LintModelLintOptions                               : loaded 2 times (x 66B)
Class com.android.prefs.PathLocator$singlePathOf$values$1                             : loaded 2 times (x 75B)
Class com.android.tools.lint.model.PathVariables$Companion$PATH_COMPARATOR$1          : loaded 2 times (x 74B)
Class com.google.common.collect.Maps$EntryFunction$2                                  : loaded 2 times (x 87B)
Class com.google.common.reflect.Invokable$ConstructorInvokable                        : loaded 2 times (x 103B)
Class com.google.common.collect.ImmutableMultimap$Keys                                : loaded 2 times (x 162B)
Class org.gradle.api.internal.ClassPathRegistry                                       : loaded 2 times (x 66B)
Class org.gradle.internal.classpath.DefaultClassPath$ImmutableUniqueList              : loaded 2 times (x 195B)
Class com.google.wireless.android.sdk.stats.NavSafeArgsEvent                          : loaded 2 times (x 195B)
Class com.google.wireless.android.sdk.stats.DeviceExplorerEvent                       : loaded 2 times (x 197B)
Class com.google.wireless.android.sdk.stats.WifiPairingEventOrBuilder                 : loaded 2 times (x 66B)
Class org.codehaus.groovy.control.CompilationUnit$ClassgenCallback                    : loaded 2 times (x 66B)
Class com.android.tools.lint.model.LintModelModule                                    : loaded 2 times (x 66B)
Class com.google.common.collect.Table$Cell                                            : loaded 2 times (x 66B)
Class com.google.gson.JsonSyntaxException                                             : loaded 2 times (x 78B)
Class kotlin.io.LinesSequence                                                         : loaded 2 times (x 71B)
Class com.android.ide.common.resources.configuration.NetworkCodeQualifier             : loaded 2 times (x 84B)
Class kotlin.collections.IntIterator                                                  : loaded 2 times (x 78B)
Class kotlin.reflect.jvm.internal.impl.resolve.jvm.JvmPrimitiveType                   : loaded 2 times (x 75B)
Class kotlin.reflect.jvm.internal.KClassImpl$Data$$Lambda$5                           : loaded 2 times (x 72B)
Class kotlin.reflect.jvm.internal.ComputableClassValue                                : loaded 2 times (x 76B)
Class it.unimi.dsi.fastutil.ints.Int2ObjectOpenHashMap                                : loaded 2 times (x 218B)
Class com.android.prefs.PathLocator$singlePathOf$values$2                             : loaded 2 times (x 74B)
Class com.android.tools.lint.model.PathVariables$Companion$PATH_COMPARATOR$2          : loaded 2 times (x 74B)
Class kotlin.text.StringsKt__StringsJVMKt                                             : loaded 2 times (x 67B)
Class org.apache.commons.io.IOUtils                                                   : loaded 2 times (x 67B)
Class com.google.common.reflect.TypeToken                                             : loaded 2 times (x 69B)
Class com.google.protobuf.ByteString$LiteralByteString                                : loaded 2 times (x 102B)
Class com.google.wireless.android.sdk.stats.SdkIndexLoadingDetails                    : loaded 2 times (x 193B)
Class com.google.wireless.android.sdk.stats.BuildAttributionStatsOrBuilder            : loaded 2 times (x 66B)
Class com.google.gson.internal.bind.JsonTreeWriter                                    : loaded 2 times (x 94B)
Class com.google.protobuf.Utf8$UnsafeProcessor                                        : loaded 2 times (x 73B)
Class com.google.protobuf.UnknownFieldSet$Parser                                      : loaded 2 times (x 146B)
Class org.codehaus.groovy.ast.stmt.IfStatement                                        : loaded 2 times (x 112B)
Class org.codehaus.groovy.runtime.metaclass.ClosureMetaMethod                         : loaded 2 times (x 99B)
Class org.codehaus.groovy.runtime.MethodKey                                           : loaded 2 times (x 75B)
Class org.codehaus.groovy.util.ManagedReference                                       : loaded 2 times (x 72B)
Class com.android.resources.UiMode                                                    : loaded 2 times (x 83B)
Class [Lkotlin.reflect.KClass;                                                        : loaded 2 times (x 65B)
Class kotlin.reflect.jvm.internal.KPropertyImpl$$Lambda$0                             : loaded 2 times (x 72B)
Class kotlin.reflect.jvm.internal.KClassImpl$Data$$Lambda$6                           : loaded 2 times (x 72B)
Class kotlin.collections.SetsKt                                                       : loaded 2 times (x 67B)
Class com.android.tools.lint.model.PathVariables$Companion$PATH_COMPARATOR$3          : loaded 2 times (x 74B)
Class kotlin.text.StringsKt__IndentKt                                                 : loaded 2 times (x 67B)
Class com.google.common.cache.RemovalCause                                            : loaded 2 times (x 76B)
Class com.google.common.cache.CacheBuilder                                            : loaded 2 times (x 68B)
Class org.gradle.internal.classpath.ClassPath                                         : loaded 2 times (x 66B)
Class org.gradle.api.UncheckedIOException                                             : loaded 2 times (x 78B)
Class com.android.tools.analytics.HostData$classLoadingBean$2                         : loaded 2 times (x 74B)
Class com.google.wireless.android.sdk.stats.SmlCompletionRequestErrorEvent            : loaded 2 times (x 195B)
Class com.google.wireless.android.sdk.stats.DaggerEditorEvent                         : loaded 2 times (x 201B)
Class com.google.wireless.android.sdk.stats.GradlePluginUpgradeDialogStatsOrBuilder   : loaded 2 times (x 66B)
Class com.google.wireless.android.sdk.stats.UiToolsPreferencesEventOrBuilder          : loaded 2 times (x 66B)
Class com.google.wireless.android.sdk.stats.AdbDelegateUsageEventOrBuilder            : loaded 2 times (x 66B)
Class com.android.tools.analytics.JournalingUsageTracker$scheduleJournalTimeout$1     : loaded 2 times (x 71B)
Class kotlin.sequences.SequencesKt__SequencesKt$asSequence$$inlined$Sequence$1        : loaded 2 times (x 71B)
Class org.codehaus.groovy.runtime.memoize.EvictableCache$Action                       : loaded 2 times (x 66B)
Class groovy.lang.SpreadMap                                                           : loaded 2 times (x 131B)
Class kotlin.sequences.TakeWhileSequence$iterator$1                                   : loaded 2 times (x 75B)
Class it.unimi.dsi.fastutil.objects.Object2IntMap$FastEntrySet                        : loaded 2 times (x 66B)
Class kotlin.reflect.jvm.internal.impl.name.FqName                                    : loaded 2 times (x 68B)
Class com.android.ide.common.resources.configuration.LayoutDirectionQualifier         : loaded 2 times (x 87B)
Class [Lkotlin.reflect.jvm.internal.impl.name.FqName;                                 : loaded 2 times (x 65B)
Class kotlin.reflect.jvm.internal.KClassImpl$Data$$Lambda$7                           : loaded 2 times (x 72B)
Class kotlin.reflect.KFunction                                                        : loaded 2 times (x 66B)
Class com.android.tools.lint.model.PathVariables$Companion$PATH_COMPARATOR$4          : loaded 2 times (x 74B)
Class org.codehaus.groovy.util.Finalizable                                            : loaded 2 times (x 66B)
Class com.google.common.collect.Interners$InternerBuilder                             : loaded 2 times (x 72B)
Class [Lcom.google.common.reflect.Types$JavaVersion;                                  : loaded 2 times (x 65B)
Class com.google.wireless.android.sdk.stats.ParallelAndroidTestReportUiEvent          : loaded 2 times (x 198B)
Class com.google.wireless.android.sdk.stats.EditorNotification                        : loaded 2 times (x 191B)
Class com.google.wireless.android.sdk.stats.InteractivePreviewEvent                   : loaded 2 times (x 201B)
Class com.google.gson.internal.JsonReaderInternalAccess                               : loaded 2 times (x 68B)
Class org.codehaus.groovy.ast.stmt.ContinueStatement                                  : loaded 2 times (x 107B)
Class org.codehaus.groovy.runtime.InvokerHelper                                       : loaded 2 times (x 67B)
Class org.codehaus.groovy.vmplugin.v8.Java8                                           : loaded 2 times (x 105B)
Class groovy.lang.MetaClassRegistry$MetaClassCreationHandle                           : loaded 2 times (x 70B)
Class com.android.ide.common.rendering.api.ResourceNamespace$Resolver                 : loaded 2 times (x 66B)
Class com.android.ide.common.resources.configuration.VersionQualifier                 : loaded 2 times (x 85B)
Class kotlin.reflect.jvm.internal.KClassImpl$Data$$Lambda$8                           : loaded 2 times (x 72B)
Class [Lkotlin.reflect.KDeclarationContainer;                                         : loaded 2 times (x 65B)
Class it.unimi.dsi.fastutil.objects.ObjectIterable                                    : loaded 2 times (x 66B)
Class com.android.tools.lint.model.DefaultLintModelAndroidLibrary                     : loaded 2 times (x 107B)
Class kotlin.collections.MapsKt__MapsKt                                               : loaded 2 times (x 67B)
Class com.android.sdklib.AndroidApiLevel$Companion                                    : loaded 2 times (x 67B)
Class com.android.prefs.AndroidLocationsProvider                                      : loaded 2 times (x 66B)
Class kotlin.jvm.internal.Lambda                                                      : loaded 2 times (x 71B)
Class org.objectweb.asm.SymbolTable$Entry                                             : loaded 2 times (x 70B)
Class com.google.common.io.CharStreams$NullWriter                                     : loaded 2 times (x 95B)
Class com.google.common.io.CharSource$CharSequenceCharSource                          : loaded 2 times (x 82B)
Class com.google.wireless.android.sdk.stats.JavaProcessStats$Builder                  : loaded 2 times (x 303B)
Class com.google.wireless.android.sdk.stats.GradleSyncStats                           : loaded 2 times (x 230B)
Class com.google.wireless.android.sdk.stats.JvmDetails                                : loaded 2 times (x 211B)
Class com.google.wireless.android.sdk.stats.LldbPerformanceStats                      : loaded 2 times (x 195B)
Class com.google.wireless.android.sdk.stats.AdbDelegateUsageEvent                     : loaded 2 times (x 195B)
Class com.google.wireless.android.sdk.stats.EditingMetricsEventOrBuilder              : loaded 2 times (x 66B)
Class com.google.wireless.android.sdk.stats.SoongRunEventOrBuilder                    : loaded 2 times (x 66B)
Class com.android.tools.analytics.AnalyticsSettingsKt                                 : loaded 2 times (x 67B)
Class com.android.tools.analytics.UsageTracker$listener$1                             : loaded 2 times (x 74B)
Class org.codehaus.groovy.ast.expr.MapExpression                                      : loaded 2 times (x 127B)
Class groovy.lang.Script                                                              : loaded 2 times (x 91B)
Class org.codehaus.groovy.runtime.metaclass.ClosureMetaMethod$AnonymousMetaMethod     : loaded 2 times (x 92B)
Class org.codehaus.groovy.util.ReferenceManager$CallBackedManager                     : loaded 2 times (x 72B)
Class it.unimi.dsi.fastutil.objects.Object2IntOpenHashMap                             : loaded 2 times (x 243B)
Class org.codehaus.groovy.util.ReferenceBundle                                        : loaded 2 times (x 70B)
Class com.android.ide.common.resources.configuration.UiModeQualifier                  : loaded 2 times (x 86B)
Class kotlin.reflect.jvm.internal.KClassImpl$Data$$Lambda$9                           : loaded 2 times (x 72B)
Class com.google.common.base.Suppliers$SupplierOfInstance                             : loaded 2 times (x 75B)
Class com.google.wireless.android.sdk.stats.MetaMetrics                               : loaded 2 times (x 195B)
Class com.google.wireless.android.sdk.stats.SmlConfigurationEvent                     : loaded 2 times (x 205B)
Class com.google.protobuf.Utf8                                                        : loaded 2 times (x 67B)
Class com.google.protobuf.GeneratedMessageV3                                          : loaded 2 times (x 174B)
Class groovy.lang.Tuple                                                               : loaded 2 times (x 202B)
Class org.codehaus.groovy.util.ReferenceType$WeakRef                                  : loaded 2 times (x 82B)
Class org.codehaus.groovy.reflection.stdclasses.BigIntegerCachedClass                 : loaded 2 times (x 91B)
Class groovy.lang.Buildable                                                           : loaded 2 times (x 66B)
Class kotlin.properties.Delegates                                                     : loaded 2 times (x 67B)
Class kotlin.Metadata                                                                 : loaded 2 times (x 66B)
Class groovy.lang.GroovyRuntimeException                                              : loaded 2 times (x 83B)
Class kotlin.text.MatchResult$Destructured                                            : loaded 2 times (x 68B)
Class org.codehaus.groovy.runtime.metaclass.MultipleSetterProperty                    : loaded 2 times (x 78B)
Class kotlin.UninitializedPropertyAccessException                                     : loaded 2 times (x 78B)
Class com.google.common.reflect.TypeToken$1                                           : loaded 2 times (x 106B)
Class com.google.common.cache.LocalCache$ComputingValueReference                      : loaded 2 times (x 92B)
Class [Lcom.google.wireless.android.sdk.stats.AndroidStudioEvent$EventKind;           : loaded 2 times (x 65B)
Class com.google.wireless.android.sdk.stats.SplittingTabsUsageEvent                   : loaded 2 times (x 197B)
Class com.google.wireless.android.sdk.stats.LldbSessionEndDetails                     : loaded 2 times (x 200B)
Class com.google.wireless.android.sdk.stats.EditingMetricsEvent                       : loaded 2 times (x 199B)
Class com.google.wireless.android.sdk.stats.GfxTracingDetailsOrBuilder                : loaded 2 times (x 66B)
Class com.google.wireless.android.sdk.stats.DaemonCodeAnalyzerFinishedEventOrBuilder  : loaded 2 times (x 66B)
Class com.google.wireless.android.sdk.stats.UiDeviceSettingsEventOrBuilder            : loaded 2 times (x 66B)
Class com.google.wireless.android.sdk.stats.CoroutineDebuggerEventOrBuilder           : loaded 2 times (x 66B)
Class com.google.wireless.android.sdk.stats.DebuggerEventOrBuilder                    : loaded 2 times (x 66B)
Class com.google.wireless.android.sdk.stats.PSDEventOrBuilder                         : loaded 2 times (x 66B)
Class com.google.protobuf.MessageLite$Builder                                         : loaded 2 times (x 66B)
Class org.codehaus.groovy.runtime.dgmimpl.arrays.DoubleArrayGetAtMetaMethod           : loaded 2 times (x 93B)
Class com.android.ide.common.resources.configuration.Configurable                     : loaded 2 times (x 66B)
Class kotlin.reflect.KProperty$Getter                                                 : loaded 2 times (x 66B)
Class com.google.common.reflect.TypeToken$2                                           : loaded 2 times (x 106B)
Class com.google.common.cache.LocalCache$Segment                                      : loaded 2 times (x 150B)
Class com.google.wireless.android.sdk.stats.JvmDetails$GarbageCollector$1             : loaded 2 times (x 72B)
Class com.google.wireless.android.sdk.stats.DeviceInfo                                : loaded 2 times (x 232B)
Class com.google.wireless.android.sdk.stats.BrowserSurveyEvent                        : loaded 2 times (x 196B)
Class com.google.wireless.android.sdk.stats.TestScenarioEvent                         : loaded 2 times (x 200B)
Class com.google.wireless.android.sdk.stats.EditorHighlightingStatsOrBuilder          : loaded 2 times (x 66B)
Class com.google.protobuf.Parser                                                      : loaded 2 times (x 66B)
Class org.codehaus.groovy.vmplugin.VMPlugin                                           : loaded 2 times (x 66B)
Class org.codehaus.groovy.reflection.GeneratedMetaMethod$DgmMethodRecord              : loaded 2 times (x 68B)
Class org.codehaus.groovy.ast.stmt.ExpressionStatement                                : loaded 2 times (x 108B)
Class [Lcom.android.ide.common.resources.DataFile$FileType;                           : loaded 2 times (x 65B)
Class com.android.ide.common.resources.ResourceFile                                   : loaded 2 times (x 83B)
Class org.codehaus.groovy.ast.stmt.SynchronizedStatement                              : loaded 2 times (x 110B)
Class com.android.ide.common.resources.configuration.WideGamutColorQualifier          : loaded 2 times (x 87B)
Class com.android.ide.common.resources.configuration.HighDynamicRangeQualifier        : loaded 2 times (x 87B)
Class com.google.protobuf.Internal$IntList                                            : loaded 2 times (x 66B)
Class com.google.protobuf.GeneratedMessageV3$BuilderParent                            : loaded 2 times (x 66B)
Class kotlin.reflect.jvm.internal.ReflectProperties                                   : loaded 2 times (x 67B)
Class kotlin.SafePublicationLazyImpl                                                  : loaded 2 times (x 72B)
Class it.unimi.dsi.fastutil.objects.ObjectIterator                                    : loaded 2 times (x 66B)
Class com.android.tools.lint.model.LintModelSeverity$Companion                        : loaded 2 times (x 67B)
Class [Lorg.objectweb.asm.SymbolTable$Entry;                                          : loaded 2 times (x 65B)
Class com.google.common.cache.CacheLoader                                             : loaded 2 times (x 70B)
Class org.gradle.internal.installation.GradleInstallation$1                           : loaded 2 times (x 71B)
Class org.gradle.api.internal.classpath.ModuleRegistry                                : loaded 2 times (x 66B)
Class com.google.protobuf.ByteString$LeafByteString                                   : loaded 2 times (x 99B)
Class com.google.wireless.android.sdk.stats.StudioRunEvent                            : loaded 2 times (x 230B)
Class com.google.wireless.android.sdk.stats.JniInspectionEvent                        : loaded 2 times (x 197B)
Class com.google.wireless.android.sdk.stats.UserIdResetEvent                          : loaded 2 times (x 191B)
Class com.google.wireless.android.sdk.stats.GradleSyncIssueOrBuilder                  : loaded 2 times (x 66B)
Class com.google.wireless.android.sdk.stats.OSMetricsOrBuilder                        : loaded 2 times (x 66B)
Class com.google.wireless.android.sdk.stats.RunEventOrBuilder                         : loaded 2 times (x 66B)
Class com.google.protobuf.Descriptors$GenericDescriptor                               : loaded 2 times (x 71B)
Class [Lorg.codehaus.groovy.runtime.metaclass.MetaMethodIndex$Entry;                  : loaded 2 times (x 65B)
Class org.codehaus.groovy.runtime.metaclass.MetaClassRegistryImpl                     : loaded 2 times (x 97B)
Class com.google.wireless.android.sdk.stats.ApkAnalyzerStatsOrBuilder                 : loaded 2 times (x 66B)
Class com.android.resources.ResourceType$Kind                                         : loaded 2 times (x 75B)
Class com.google.wireless.android.sdk.stats.LldbPerformanceStatsOrBuilder             : loaded 2 times (x 66B)
Class com.android.ide.common.repository.AgpVersion$PreviewKind$Companion              : loaded 2 times (x 67B)
Class com.android.ProgressManagerAdapter                                              : loaded 2 times (x 69B)
Class com.google.common.reflect.TypeCapture                                           : loaded 2 times (x 67B)
Class org.apache.commons.io.output.NullWriter                                         : loaded 2 times (x 95B)
Class com.google.common.util.concurrent.internal.InternalFutureFailureAccess          : loaded 2 times (x 68B)
Class com.google.wireless.android.sdk.stats.GeminiAdvertiserEvent                     : loaded 2 times (x 193B)
Class com.google.wireless.android.sdk.stats.CppHeadersViewEventOrBuilder              : loaded 2 times (x 66B)
Class com.google.wireless.android.sdk.stats.AndroidProfilerEventOrBuilder             : loaded 2 times (x 66B)
Class com.google.wireless.android.sdk.stats.FirebaseContextDetailsOrBuilder           : loaded 2 times (x 66B)
Class com.google.wireless.android.sdk.stats.ManifestMergerStatsOrBuilder              : loaded 2 times (x 66B)
Class com.google.wireless.android.sdk.stats.LiveLiteralsEventOrBuilder                : loaded 2 times (x 66B)
Class com.google.wireless.android.sdk.stats.FileTypeOrBuilder                         : loaded 2 times (x 66B)
Class com.google.common.hash.MessageDigestHashFunction                                : loaded 2 times (x 92B)
Class com.google.protobuf.AbstractMessageLite                                         : loaded 2 times (x 97B)
Class org.codehaus.groovy.control.ResolveVisitor$ConstructedNestedClass               : loaded 2 times (x 239B)
Class org.codehaus.groovy.runtime.metaclass.MethodHelper                              : loaded 2 times (x 67B)
Class org.codehaus.groovy.runtime.metaclass.MethodMetaProperty                        : loaded 2 times (x 74B)
Class groovy.lang.MetaClassImpl$MetaConstructor                                       : loaded 2 times (x 92B)
Class org.codehaus.groovy.runtime.dgmimpl.arrays.ByteArrayGetAtMetaMethod             : loaded 2 times (x 93B)
Class org.codehaus.groovy.reflection.ClassInfo$1                                      : loaded 2 times (x 72B)
Class kotlin.reflect.jvm.internal.KDeclarationContainerImpl                           : loaded 2 times (x 80B)
Class kotlin.coroutines.intrinsics.IntrinsicsKt__IntrinsicsKt                         : loaded 2 times (x 67B)
Class kotlin.text.RegexKt                                                             : loaded 2 times (x 67B)
Class com.google.common.collect.TransformedListIterator                               : loaded 2 times (x 89B)
Class com.google.common.collect.Iterators$6                                           : loaded 2 times (x 77B)
Class com.google.common.collect.ImmutableMultimap$Values                              : loaded 2 times (x 122B)
Class com.google.common.cache.LocalCache$LocalManualCache$1                           : loaded 2 times (x 71B)
Class com.google.wireless.android.sdk.stats.StartupPerformanceFrameBecameVisibleEvent : loaded 2 times (x 195B)
Class com.google.wireless.android.sdk.stats.GoogleLoginPluginEvent                    : loaded 2 times (x 199B)
Class com.google.wireless.android.sdk.stats.StudioPerformanceStatsOrBuilder           : loaded 2 times (x 66B)
Class com.google.wireless.android.sdk.stats.GradleJdkInvalidEventOrBuilder            : loaded 2 times (x 66B)
Class com.google.wireless.android.sdk.stats.SentimentSurveyEventOrBuilder             : loaded 2 times (x 66B)
Class com.google.wireless.android.sdk.stats.FileUsageOrBuilder                        : loaded 2 times (x 66B)
Class org.codehaus.groovy.reflection.stdclasses.ArrayCachedClass                      : loaded 2 times (x 91B)
Class org.codehaus.groovy.reflection.stdclasses.BigDecimalCachedClass                 : loaded 2 times (x 91B)
Class com.google.common.collect.Multimaps$CustomListMultimap                          : loaded 2 times (x 170B)
Class com.android.resources.HighDynamicRange                                          : loaded 2 times (x 82B)
Class com.android.ide.common.resources.configuration.NavigationStateQualifier         : loaded 2 times (x 86B)
Class kotlin.io.FilesKt__UtilsKt                                                      : loaded 2 times (x 67B)
Class kotlin.collections.CollectionsKt__CollectionsJVMKt                              : loaded 2 times (x 67B)
Class [Lcom.android.prefs.Global;                                                     : loaded 2 times (x 65B)
Class com.google.common.cache.LocalCache$Values                                       : loaded 2 times (x 114B)
Class [Lorg.objectweb.asm.Symbol;                                                     : loaded 2 times (x 65B)
Class com.google.common.collect.Multimaps$CustomSetMultimap                           : loaded 2 times (x 174B)
Class org.gradle.api.internal.classpath.DefaultModuleRegistry                         : loaded 2 times (x 82B)
Class com.google.protobuf.CodedOutputStream$ArrayEncoder                              : loaded 2 times (x 106B)
Class com.google.wireless.android.sdk.stats.ScreenshotTestComposePreviewEvent         : loaded 2 times (x 198B)
Class com.google.wireless.android.sdk.stats.SmlCompletionEvent                        : loaded 2 times (x 206B)
Class com.google.wireless.android.sdk.stats.AdbAssistantStats                         : loaded 2 times (x 191B)
Class com.google.wireless.android.sdk.stats.ScreenshotTestComposePreviewEventOrBuilder: loaded 2 times (x 66B)
Class org.codehaus.groovy.control.messages.Message                                    : loaded 2 times (x 68B)
Class org.codehaus.groovy.runtime.metaclass.MissingMethodExceptionNoStack             : loaded 2 times (x 88B)
Class org.codehaus.groovy.runtime.dgmimpl.arrays.IntegerArrayGetAtMetaMethod          : loaded 2 times (x 93B)
Class groovy.lang.Closure$WritableClosure                                             : loaded 2 times (x 133B)
Class org.codehaus.groovy.util.ReferenceType$SoftRef                                  : loaded 2 times (x 82B)
Class org.codehaus.groovy.runtime.GStringImpl                                         : loaded 2 times (x 159B)
Class kotlin.collections.IndexedValue                                                 : loaded 2 times (x 68B)
Class kotlin.KotlinVersionCurrentValue                                                : loaded 2 times (x 67B)
Class [Lcom.android.resources.Keyboard;                                               : loaded 2 times (x 65B)
Class com.android.resources.ScreenRatio                                               : loaded 2 times (x 82B)
Class [Lcom.android.ide.common.resources.configuration.ResourceQualifier;             : loaded 2 times (x 65B)
Class kotlin.reflect.jvm.internal.impl.name.SpecialNames                              : loaded 2 times (x 67B)
Class kotlin.reflect.jvm.internal.impl.builtins.functions.FunctionTypeKind$KFunction  : loaded 2 times (x 68B)
Class com.android.utils.ILogger                                                       : loaded 2 times (x 66B)
Class kotlin.collections.CollectionsKt__IteratorsKt                                   : loaded 2 times (x 67B)
Class kotlin.sequences.SequencesKt                                                    : loaded 2 times (x 67B)
Class com.android.utils.NullLogger                                                    : loaded 2 times (x 81B)
Class kotlin.sequences.TransformingSequence                                           : loaded 2 times (x 71B)
Class com.google.common.util.concurrent.ListenableFuture                              : loaded 2 times (x 66B)
Class com.google.common.cache.ReferenceEntry                                          : loaded 2 times (x 66B)
Class com.google.wireless.android.sdk.stats.EmulatorDetails                           : loaded 2 times (x 299B)
Class com.google.wireless.android.sdk.stats.OptOutOfMetrics                           : loaded 2 times (x 189B)
Class com.google.wireless.android.sdk.stats.TestRun                                   : loaded 2 times (x 219B)
Class com.google.wireless.android.sdk.stats.HypervisorOrBuilder                       : loaded 2 times (x 66B)
Class com.google.common.hash.HashFunction                                             : loaded 2 times (x 66B)
Class com.google.gson.Strictness                                                      : loaded 2 times (x 75B)
Class org.codehaus.groovy.runtime.m12n.ExtensionModuleScanner                         : loaded 2 times (x 70B)
Class org.codehaus.groovy.runtime.dgmimpl.arrays.ObjectArrayGetAtMetaMethod           : loaded 2 times (x 93B)
Class org.codehaus.groovy.ast.expr.ClassExpression                                    : loaded 2 times (x 123B)
Class it.unimi.dsi.fastutil.objects.ReferenceSet                                      : loaded 2 times (x 66B)
Class com.android.utils.FileUtils                                                     : loaded 2 times (x 67B)
Class com.google.common.collect.Tables$ImmutableCell                                  : loaded 2 times (x 78B)
Class [Lcom.android.resources.ResourceFolderType;                                     : loaded 2 times (x 65B)
Class org.codehaus.groovy.ast.PackageNode                                             : loaded 2 times (x 119B)
Class com.android.tools.lint.model.LintModelSerialization                             : loaded 2 times (x 72B)
Class kotlin.text.StringsKt                                                           : loaded 2 times (x 67B)
Class com.google.common.collect.ImmutableMapValues                                    : loaded 2 times (x 122B)
Class com.google.common.util.concurrent.AbstractFuture                                : loaded 2 times (x 102B)
Class com.google.wireless.android.sdk.stats.CommitMetricsEvent                        : loaded 2 times (x 195B)
Class com.google.wireless.android.sdk.stats.GradleBuildProfileOrBuilder               : loaded 2 times (x 66B)
Class com.google.wireless.android.sdk.stats.ProjectViewDefaultViewEventOrBuilder      : loaded 2 times (x 66B)
Class com.google.common.hash.HashCode                                                 : loaded 2 times (x 76B)
Class org.codehaus.groovy.ast.stmt.ForStatement                                       : loaded 2 times (x 118B)
Class org.codehaus.groovy.ast.expr.LambdaExpression                                   : loaded 2 times (x 131B)
Class org.codehaus.groovy.ast.ClassCodeExpressionTransformer                          : loaded 2 times (x 211B)
Class org.codehaus.groovy.ast.Variable                                                : loaded 2 times (x 66B)
Class kotlin.coroutines.jvm.internal.RestrictedContinuationImpl                       : loaded 2 times (x 83B)
Class kotlin.coroutines.CoroutineContext$Key                                          : loaded 2 times (x 66B)
Class kotlin.LazyKt__LazyJVMKt                                                        : loaded 2 times (x 67B)
Class org.objectweb.asm.RecordComponentVisitor                                        : loaded 2 times (x 73B)
Class com.google.common.reflect.TypeResolver$TypeTable                                : loaded 2 times (x 69B)
Class com.google.common.io.CharStreams                                                : loaded 2 times (x 67B)
Class com.google.common.collect.ImmutableMultiset                                     : loaded 2 times (x 159B)
Class com.google.common.cache.CacheLoader$SupplierToCacheLoader                       : loaded 2 times (x 71B)
Class com.google.wireless.android.sdk.stats.GradleDaemonJvmCriteriaErrorEvent         : loaded 2 times (x 191B)
Class com.google.wireless.android.sdk.stats.SoongRunEvent                             : loaded 2 times (x 200B)
Class com.google.wireless.android.sdk.stats.DeviceManagerEvent                        : loaded 2 times (x 193B)
Class com.google.wireless.android.sdk.stats.StudioDeprecationNotificationEventOrBuilder: loaded 2 times (x 66B)
Class com.google.protobuf.SingleFieldBuilderV3                                        : loaded 2 times (x 80B)
Class com.google.protobuf.IterableByteBufferInputStream                               : loaded 2 times (x 88B)
Class org.codehaus.groovy.control.io.NullWriter                                       : loaded 2 times (x 95B)
Class groovy.lang.GroovyClassLoader                                                   : loaded 2 times (x 138B)
Class org.codehaus.groovy.runtime.dgmimpl.arrays.LongArrayPutAtMetaMethod             : loaded 2 times (x 93B)
Class org.codehaus.groovy.runtime.dgmimpl.arrays.ArrayMetaMethod                      : loaded 2 times (x 93B)
Class com.android.ide.common.rendering.api.StyleableResourceValue                     : loaded 2 times (x 66B)
Class [Lkotlin.Pair;                                                                  : loaded 2 times (x 65B)
Class kotlin.io.FilesKt__FileReadWriteKt                                              : loaded 2 times (x 67B)
Class groovy.lang.MetaClassImpl$10                                                    : loaded 2 times (x 73B)
Class kotlin.text.StringsKt__StringNumberConversionsKt                                : loaded 2 times (x 67B)
Class groovy.lang.MetaClassImpl$MethodIndex                                           : loaded 2 times (x 85B)
Class com.google.common.reflect.TypeResolver$TypeTable$1                              : loaded 2 times (x 69B)
Class org.gradle.internal.service.ServiceLookupException                              : loaded 2 times (x 78B)
Class com.google.protobuf.NioByteString                                               : loaded 2 times (x 100B)
Class com.google.wireless.android.sdk.stats.DeviceMirroringAbnormalAgentTermination   : loaded 2 times (x 193B)
Class com.google.wireless.android.sdk.stats.DeclarativeWatchFaceEvent                 : loaded 2 times (x 195B)
Class com.google.wireless.android.sdk.stats.InteractivePreviewEventOrBuilder          : loaded 2 times (x 66B)
Class com.google.wireless.android.sdk.stats.LintTooltipLinkEventOrBuilder             : loaded 2 times (x 66B)
Class com.google.wireless.android.sdk.stats.WindowsDefenderStatusOrBuilder            : loaded 2 times (x 66B)
Class com.google.common.hash.AbstractByteHasher                                       : loaded 2 times (x 143B)
Class kotlin.sequences.SequencesKt___SequencesKt$sortedWith$1                         : loaded 2 times (x 71B)
Class com.google.protobuf.FieldSet$FieldDescriptorLite                                : loaded 2 times (x 66B)
Class com.google.protobuf.ExtensionLite                                               : loaded 2 times (x 73B)
Class org.codehaus.groovy.ast.CodeVisitorSupport                                      : loaded 2 times (x 182B)
Class org.codehaus.groovy.runtime.metaclass.MetaMethodIndex$Header                    : loaded 2 times (x 68B)
Class [Lorg.codehaus.groovy.reflection.CachedMethod;                                  : loaded 2 times (x 65B)
Class com.google.common.collect.StandardTable                                         : loaded 2 times (x 120B)
Class com.google.common.base.CharMatcher$JavaLetter                                   : loaded 2 times (x 107B)
Class [Lcom.android.resources.ResourceEnum;                                           : loaded 2 times (x 65B)
Class org.codehaus.groovy.reflection.MixinInMetaClass                                 : loaded 2 times (x 83B)
Class kotlin.jvm.internal.MutablePropertyReference1Impl                               : loaded 2 times (x 133B)
Class [Lkotlin.sequences.Sequence;                                                    : loaded 2 times (x 65B)
Class com.android.tools.lint.model.LintModelBuildFeatures                             : loaded 2 times (x 66B)
Class [Lcom.google.common.cache.LocalCache$EntryFactory;                              : loaded 2 times (x 65B)
Class org.gradle.internal.classloader.ClassLoaderFactory                              : loaded 2 times (x 66B)
Class com.google.wireless.android.sdk.stats.CreateDiagnosticReportAction              : loaded 2 times (x 191B)
Class com.google.wireless.android.sdk.stats.ComposeMultiPreviewEvent                  : loaded 2 times (x 197B)
Class com.google.wireless.android.sdk.stats.IntelliJNewUISwitch                       : loaded 2 times (x 193B)
Class com.google.wireless.android.sdk.stats.StudioProjectChangeOrBuilder              : loaded 2 times (x 66B)
Class com.google.wireless.android.sdk.stats.SmlCompletionRequestErrorEventOrBuilder   : loaded 2 times (x 66B)
Class com.google.protobuf.UnsafeUtil                                                  : loaded 2 times (x 67B)
Class org.codehaus.groovy.runtime.InvokerHelper$1                                     : loaded 2 times (x 91B)
Class org.codehaus.groovy.util.ReferenceManager$1                                     : loaded 2 times (x 73B)
Class kotlin.reflect.jvm.internal.impl.builtins.PrimitiveType                         : loaded 2 times (x 75B)
Class com.google.protobuf.GeneratedMessageV3$Builder$BuilderParentImpl                : loaded 2 times (x 74B)
Class com.google.gson.internal.bind.JsonTreeReader                                    : loaded 2 times (x 94B)
Class org.apache.commons.io.CloseableURLConnection                                    : loaded 2 times (x 112B)
Class com.google.common.cache.LocalCache$LocalManualCache                             : loaded 2 times (x 95B)
Class org.gradle.internal.service.CachingServiceLocator                               : loaded 2 times (x 78B)
Class com.google.wireless.android.sdk.stats.ConnectionAssistantEvent                  : loaded 2 times (x 195B)
Class com.google.wireless.android.sdk.stats.StartupPerformanceCodeLoadedAndVisibleInEditor: loaded 2 times (x 203B)
Class com.google.wireless.android.sdk.stats.ProjectViewDefaultViewEvent               : loaded 2 times (x 191B)
Class com.google.wireless.android.sdk.stats.ManifestMergerStats                       : loaded 2 times (x 199B)
Class com.google.wireless.android.sdk.stats.GradleJdkConfigurationEventOrBuilder      : loaded 2 times (x 66B)
Class com.google.wireless.android.sdk.stats.ComposeSampleEventOrBuilder               : loaded 2 times (x 66B)
Class com.google.wireless.android.sdk.stats.BackupAndSyncEventOrBuilder               : loaded 2 times (x 66B)
Class com.android.utils.DateProvider                                                  : loaded 2 times (x 66B)
Class com.google.wireless.android.sdk.stats.SmlConfigurationEventOrBuilder            : loaded 2 times (x 66B)
Class org.codehaus.groovy.ast.stmt.WhileStatement                                     : loaded 2 times (x 114B)
Class org.codehaus.groovy.ast.expr.ArgumentListExpression                             : loaded 2 times (x 134B)
Class org.codehaus.groovy.runtime.InvokerHelper$2                                     : loaded 2 times (x 91B)
Class org.codehaus.groovy.runtime.dgmimpl.NumberNumberMinus                           : loaded 2 times (x 110B)
Class [Lgroovy.lang.MetaClassRegistryChangeEventListener;                             : loaded 2 times (x 65B)
Class com.android.ide.common.resources.configuration.ScreenDimensionQualifier         : loaded 2 times (x 85B)
Class com.google.wireless.android.sdk.stats.SetupWizardEventOrBuilder                 : loaded 2 times (x 66B)
Class kotlin.io.path.PathsKt__PathRecursiveFunctionsKt                                : loaded 2 times (x 67B)
Class it.unimi.dsi.fastutil.objects.AbstractObjectCollection                          : loaded 2 times (x 139B)
Class com.google.wireless.android.sdk.stats.DirectAccessUsageEvent                    : loaded 2 times (x 218B)
Class kotlin.collections.AbstractList$SubList                                         : loaded 2 times (x 194B)
Class kotlin.jvm.internal.CallableReference                                           : loaded 2 times (x 102B)
Class kotlin.reflect.jvm.internal.KMutableProperty0Impl$$Lambda$0                     : loaded 2 times (x 72B)
Class com.google.wireless.android.sdk.stats.StudioPatchUpdaterEvent                   : loaded 2 times (x 201B)
Class com.google.wireless.android.sdk.stats.GradleSyncIssue                           : loaded 2 times (x 195B)
Class com.google.wireless.android.sdk.stats.ComposeMultiPreviewEventOrBuilder         : loaded 2 times (x 66B)
Class org.codehaus.groovy.ast.expr.VariableExpression                                 : loaded 2 times (x 153B)
Class org.codehaus.groovy.runtime.dgmimpl.arrays.ArrayPutAtMetaMethod                 : loaded 2 times (x 93B)
Class org.codehaus.groovy.ast.stmt.Statement                                          : loaded 2 times (x 106B)
Class com.google.wireless.android.sdk.stats.EssentialsModeEvent                       : loaded 2 times (x 191B)
Class [Lcom.google.common.collect.HashBiMap$BiEntry;                                  : loaded 2 times (x 65B)
Class com.google.common.io.ByteArrayDataOutput                                        : loaded 2 times (x 66B)
Class kotlin.properties.ReadOnlyProperty                                              : loaded 2 times (x 66B)
Class kotlin.reflect.jvm.internal.impl.descriptors.runtime.structure.ReflectClassUtilKt: loaded 2 times (x 67B)
Class kotlin.ranges.IntRange                                                          : loaded 2 times (x 89B)
Class com.google.common.reflect.Types$TypeVariableInvocationHandler                   : loaded 2 times (x 71B)
Class com.google.wireless.android.sdk.stats.AdbUsageEvent                             : loaded 2 times (x 197B)
Class com.google.wireless.android.sdk.stats.BuildOutputWindowStats                    : loaded 2 times (x 195B)
Class com.google.wireless.android.sdk.stats.DeviceConnectedNotificationEvent          : loaded 2 times (x 199B)
Class com.google.wireless.android.sdk.stats.DeviceConnectedNotificationEventOrBuilder : loaded 2 times (x 66B)
Class org.codehaus.groovy.ast.stmt.CatchStatement                                     : loaded 2 times (x 110B)
Class groovy.lang.ExpandoMetaClass$Callable                                           : loaded 2 times (x 66B)
Class org.codehaus.groovy.runtime.metaclass.MissingPropertyExceptionNoStack           : loaded 2 times (x 85B)
Class groovy.lang.ObjectRange                                                         : loaded 2 times (x 240B)
Class com.android.tools.lint.model.DefaultLintModelAndroidArtifact                    : loaded 2 times (x 89B)
Class kotlin.ranges.IntProgression$Companion                                          : loaded 2 times (x 67B)
Class com.android.prefs.LocationValue                                                 : loaded 2 times (x 66B)
Class kotlin.jvm.internal.MutablePropertyReference2                                   : loaded 2 times (x 133B)
Class kotlin.enums.EnumEntries                                                        : loaded 2 times (x 66B)
Class com.google.common.base.Predicates                                               : loaded 2 times (x 67B)
Class com.google.common.collect.ImmutableMultimap                                     : loaded 2 times (x 143B)
Class com.google.wireless.android.sdk.stats.StudioDeprecationNotificationEvent        : loaded 2 times (x 193B)
Class com.google.wireless.android.sdk.stats.StudioUpdateFlowEvent                     : loaded 2 times (x 200B)
Class com.google.wireless.android.sdk.stats.LldbSessionEndDetailsOrBuilder            : loaded 2 times (x 66B)
Class com.google.wireless.android.sdk.stats.ResourceManagerEventOrBuilder             : loaded 2 times (x 66B)
Class com.google.wireless.android.sdk.stats.AndroidStudioEvent$TemplatesUsageOrBuilder: loaded 2 times (x 66B)
Class com.google.common.hash.Hashing                                                  : loaded 2 times (x 67B)
Class com.android.tools.analytics.AnalyticsSettingsData$DataTypeAdapter               : loaded 2 times (x 69B)
Class kotlin.reflect.jvm.internal.ReflectProperties$Val                               : loaded 2 times (x 70B)
Class com.android.ide.common.rendering.api.ArrayResourceValueImpl                     : loaded 2 times (x 119B)
Class groovy.lang.MissingFieldException                                               : loaded 2 times (x 85B)
Class com.google.gson.JsonParseException                                              : loaded 2 times (x 78B)
Class com.android.tools.lint.model.DefaultLintModelJavaLibrary                        : loaded 2 times (x 99B)
Class com.android.prefs.PathLocator                                                   : loaded 2 times (x 69B)
Class org.apache.commons.io.output.AbstractByteArrayOutputStream                      : loaded 2 times (x 98B)
Class com.google.common.cache.CacheBuilder$OneWeigher                                 : loaded 2 times (x 78B)
Class com.google.wireless.android.sdk.stats.AutoImportEvent                           : loaded 2 times (x 193B)
Class com.google.wireless.android.sdk.stats.StudioLabsEvent                           : loaded 2 times (x 191B)
Class com.google.wireless.android.sdk.stats.KotlinProjectConfigurationOrBuilder       : loaded 2 times (x 66B)
Class [Lgroovy.lang.MetaMethod;                                                       : loaded 2 times (x 65B)
Class [Lcom.android.resources.ScreenSize;                                             : loaded 2 times (x 65B)
Class com.android.ide.common.resources.configuration.ScreenRoundQualifier             : loaded 2 times (x 87B)
Class com.android.ide.common.resources.configuration.KeyboardStateQualifier           : loaded 2 times (x 86B)
Class com.android.builder.model.MavenCoordinates                                      : loaded 2 times (x 66B)
Class kotlin.reflect.jvm.internal.KDeclarationContainerImpl$Companion                 : loaded 2 times (x 67B)
Class com.android.Version                                                             : loaded 2 times (x 67B)
Class com.android.sdklib.AndroidVersion                                               : loaded 2 times (x 71B)
Class com.android.tools.lint.model.LintModelLibraryResolver                           : loaded 2 times (x 66B)
Class kotlin.text.MatchResult$DefaultImpls                                            : loaded 2 times (x 67B)
Class com.android.tools.lint.model.LintModelSerialization$LintModelSerializationAdapter: loaded 2 times (x 66B)
Class com.google.common.reflect.Types$ClassOwnership$1LocalClass                      : loaded 2 times (x 67B)
Class com.google.common.collect.Maps$EntryFunction                                    : loaded 2 times (x 87B)
Class org.gradle.internal.classloader.ClasspathUtil                                   : loaded 2 times (x 67B)
Class com.google.wireless.android.sdk.stats.LayoutInspectorEventOrBuilder             : loaded 2 times (x 66B)
Class com.google.wireless.android.sdk.stats.NavSafeArgsEventOrBuilder                 : loaded 2 times (x 66B)
Class com.google.wireless.android.sdk.stats.UIActionStatsOrBuilder                    : loaded 2 times (x 66B)
Class com.google.common.base.Charsets                                                 : loaded 2 times (x 67B)
Class com.android.tools.analytics.Anonymizer                                          : loaded 2 times (x 67B)
Class org.codehaus.groovy.ast.expr.MethodReferenceExpression                          : loaded 2 times (x 127B)
Class org.codehaus.groovy.runtime.NumberAwareComparator                               : loaded 2 times (x 86B)
Class groovy.lang.ListWithDefault                                                     : loaded 2 times (x 171B)
Class [Lorg.codehaus.groovy.util.ReferenceType;                                       : loaded 2 times (x 65B)
Class [Lcom.android.resources.Navigation;                                             : loaded 2 times (x 65B)
Class kotlin.jvm.internal.PropertyReference0                                          : loaded 2 times (x 123B)
Class it.unimi.dsi.fastutil.Hash                                                      : loaded 2 times (x 66B)
Class kotlin.sequences.EmptySequence                                                  : loaded 2 times (x 74B)
Class com.google.common.util.concurrent.Uninterruptibles                              : loaded 2 times (x 67B)
Class com.google.protobuf.ByteString$2                                                : loaded 2 times (x 87B)
Class com.android.tools.analytics.HostData$garbageCollectorBeans$2                    : loaded 2 times (x 74B)
Class com.google.wireless.android.sdk.stats.UserSentiment                             : loaded 2 times (x 193B)
Class com.google.wireless.android.sdk.stats.MultiViewEvent                            : loaded 2 times (x 195B)
Class com.google.wireless.android.sdk.stats.IntelliJNewUIState                        : loaded 2 times (x 191B)
Class com.google.wireless.android.sdk.stats.LldbSessionStartDetails                   : loaded 2 times (x 207B)
Class com.google.wireless.android.sdk.stats.FirebaseManagementEventOrBuilder          : loaded 2 times (x 66B)
Class com.google.wireless.android.sdk.stats.ResizeComposePreviewEventOrBuilder        : loaded 2 times (x 66B)
Class com.google.wireless.android.sdk.stats.ParallelAndroidTestReportUiEventOrBuilder : loaded 2 times (x 66B)
Class com.google.wireless.android.sdk.stats.LiveEditEventOrBuilder                    : loaded 2 times (x 66B)
Class com.google.wireless.android.sdk.stats.RunFinishDataOrBuilder                    : loaded 2 times (x 66B)
Class com.android.tools.analytics.UsageTracker                                        : loaded 2 times (x 67B)
Class org.codehaus.groovy.control.ConfigurationException                              : loaded 2 times (x 84B)
Class groovy.lang.GroovyClassLoader$1                                                 : loaded 2 times (x 72B)
Class org.codehaus.groovy.control.CompilationUnit$PhaseOperation                      : loaded 2 times (x 66B)
Class org.codehaus.groovy.ast.ClassCodeVisitorSupport                                 : loaded 2 times (x 207B)
Class org.codehaus.groovy.runtime.dgmimpl.NumberNumberMetaMethod                      : loaded 2 times (x 110B)
Class groovy.io.FileType                                                              : loaded 2 times (x 75B)
Class org.codehaus.groovy.runtime.m12n.ExtensionModuleScanner$ExtensionModuleListener : loaded 2 times (x 66B)
Class kotlin.sequences.DistinctSequence                                               : loaded 2 times (x 71B)
Class com.google.common.collect.HashBasedTable$Factory                                : loaded 2 times (x 75B)
Class kotlin.reflect.jvm.internal.impl.builtins.functions.FunctionTypeKind$KSuspendFunction: loaded 2 times (x 68B)
Class kotlin.reflect.jvm.internal.KClassImpl$$Lambda$0                                : loaded 2 times (x 72B)
Class kotlin.jvm.internal.DefaultConstructorMarker                                    : loaded 2 times (x 67B)
Class kotlin.reflect.full.IllegalCallableAccessException                              : loaded 2 times (x 78B)
Class kotlin.jvm.internal.PropertyReference1                                          : loaded 2 times (x 123B)
Class com.android.tools.lint.model.LintModelNamespacingMode                           : loaded 2 times (x 75B)
Class com.android.utils.StdLogger                                                     : loaded 2 times (x 82B)
Class org.codehaus.groovy.ast.MethodNode                                              : loaded 2 times (x 153B)
Class com.google.common.io.CharSource                                                 : loaded 2 times (x 81B)
Class com.google.common.collect.AbstractMapBasedMultimap$WrappedSet                   : loaded 2 times (x 138B)
Class com.google.common.util.concurrent.LazyLogger                                    : loaded 2 times (x 68B)
Class org.gradle.api.specs.Spec                                                       : loaded 2 times (x 66B)
Class com.android.tools.analytics.UsageTracker$log$1                                  : loaded 2 times (x 75B)
Class com.google.wireless.android.sdk.stats.EmulatorHost                              : loaded 2 times (x 217B)
Class com.google.wireless.android.sdk.stats.LintAction                                : loaded 2 times (x 201B)
Class com.google.wireless.android.sdk.stats.MotionLayoutEditorEvent                   : loaded 2 times (x 191B)
Class com.google.wireless.android.sdk.stats.StudioPerformanceStats                    : loaded 2 times (x 205B)
Class com.google.protobuf.LazyStringArrayList                                         : loaded 2 times (x 310B)
Class com.google.wireless.android.sdk.stats.LayoutEditorEventOrBuilder                : loaded 2 times (x 66B)
Class com.google.wireless.android.sdk.stats.StartupPerformanceFrameBecameInteractiveEventOrBuilder: loaded 2 times (x 66B)
Class com.google.wireless.android.sdk.stats.GoogleLoginPluginEventOrBuilder           : loaded 2 times (x 66B)
Class [Lcom.google.protobuf.ProtocolMessageEnum;                                      : loaded 2 times (x 65B)
Class org.codehaus.groovy.runtime.memoize.StampedCommonCache                          : loaded 2 times (x 150B)
Class org.codehaus.groovy.reflection.AccessPermissionChecker                          : loaded 2 times (x 67B)
Class org.codehaus.groovy.runtime.metaclass.MixinInstanceMetaMethod                   : loaded 2 times (x 92B)
Class groovy.lang.MetaClass                                                           : loaded 2 times (x 66B)
Class org.codehaus.groovy.reflection.ClassInfo                                        : loaded 2 times (x 88B)
Class org.codehaus.groovy.runtime.MetaClassHelper                                     : loaded 2 times (x 67B)
Class com.android.ide.common.rendering.api.StyleResourceValueImpl                     : loaded 2 times (x 115B)
Class com.android.ide.common.resources.configuration.GrammaticalGenderQualifier       : loaded 2 times (x 87B)
Class org.codehaus.groovy.ast.expr.TupleExpression                                    : loaded 2 times (x 134B)
Class kotlin.reflect.jvm.internal.CachesKt$$Lambda$0                                  : loaded 2 times (x 71B)
Class kotlin.jvm.internal.MutablePropertyReference                                    : loaded 2 times (x 115B)
Class kotlin.jvm.internal.PropertyReference2                                          : loaded 2 times (x 123B)
Class kotlin.UnsafeLazyImpl                                                           : loaded 2 times (x 72B)
Class kotlin.LazyKt__LazyJVMKt$WhenMappings                                           : loaded 2 times (x 67B)
Class com.android.tools.lint.model.LintModelExternalLibrary                           : loaded 2 times (x 66B)
Class org.apache.commons.io.file.PathFilter                                           : loaded 2 times (x 66B)
Class com.google.common.reflect.Types$JavaVersion                                     : loaded 2 times (x 79B)
Class com.google.wireless.android.sdk.stats.StartupPerformanceFirstUiShownEvent       : loaded 2 times (x 193B)
Class com.google.wireless.android.sdk.stats.UpgradeAndroidStudioDialogStats           : loaded 2 times (x 191B)
Class com.google.wireless.android.sdk.stats.AndroidProfilerEvent                      : loaded 2 times (x 278B)
Class com.google.wireless.android.sdk.stats.DesignEditorHelpPanelEventOrBuilder       : loaded 2 times (x 66B)
Class com.google.wireless.android.sdk.stats.GeminiAdvertiserEventOrBuilder            : loaded 2 times (x 66B)
Class com.google.protobuf.UninitializedMessageException                               : loaded 2 times (x 80B)
Class groovy.lang.EmptyRange                                                          : loaded 2 times (x 238B)
Class org.codehaus.groovy.reflection.stdclasses.IntegerCachedClass                    : loaded 2 times (x 91B)
Class com.android.resources.Keyboard                                                  : loaded 2 times (x 82B)
Class com.android.ide.common.resources.configuration.ScreenWidthQualifier             : loaded 2 times (x 84B)
Class [Lkotlin.reflect.jvm.internal.impl.builtins.jvm.JavaToKotlinClassMap$PlatformMutabilityMapping;: loaded 2 times (x 65B)
Class kotlin.reflect.jvm.internal.CachesKt$$Lambda$1                                  : loaded 2 times (x 71B)
Class kotlin.reflect.full.IllegalPropertyDelegateAccessException                      : loaded 2 times (x 78B)
Class kotlin.LazyThreadSafetyMode                                                     : loaded 2 times (x 75B)
Class it.unimi.dsi.fastutil.HashCommon                                                : loaded 2 times (x 67B)
Class com.android.tools.lint.model.LintModelVariant                                   : loaded 2 times (x 66B)
Class kotlin.jvm.internal.ArrayIterator                                               : loaded 2 times (x 75B)
Class com.google.common.cache.LocalCache$LoadingValueReference                        : loaded 2 times (x 92B)
Class com.google.wireless.android.sdk.stats.SurveyResponse                            : loaded 2 times (x 196B)
Class com.google.wireless.android.sdk.stats.LogcatUsageEvent                          : loaded 2 times (x 204B)
Class com.google.wireless.android.sdk.stats.BackupUsageEvent                          : loaded 2 times (x 198B)
Class com.google.wireless.android.sdk.stats.OomDialogEventOrBuilder                   : loaded 2 times (x 66B)
Class com.google.protobuf.GeneratedMessageV3$1                                        : loaded 2 times (x 74B)
Class org.codehaus.groovy.runtime.callsite.CallSiteArray                              : loaded 2 times (x 68B)
Class org.codehaus.groovy.runtime.typehandling.GroovyCastException                    : loaded 2 times (x 78B)
Class org.codehaus.groovy.runtime.DefaultGroovyMethods                                : loaded 2 times (x 67B)
Class groovy.lang.StringWriterIOException                                             : loaded 2 times (x 79B)
Class groovy.lang.GroovySystem                                                        : loaded 2 times (x 67B)
Class kotlin.jvm.internal.SpreadBuilder                                               : loaded 2 times (x 72B)
Class com.android.resources.WideGamutColor                                            : loaded 2 times (x 82B)
Class com.android.ide.common.resources.configuration.ScreenSizeQualifier              : loaded 2 times (x 88B)
Class kotlin.reflect.jvm.internal.CachesKt$$Lambda$2                                  : loaded 2 times (x 71B)
Class com.google.protobuf.WireFormat                                                  : loaded 2 times (x 67B)
Class kotlin.collections.EmptyIterator                                                : loaded 2 times (x 85B)
Class kotlin.SynchronizedLazyImpl                                                     : loaded 2 times (x 72B)
Class [Lcom.android.tools.lint.model.LintModelArtifactType;                           : loaded 2 times (x 65B)
Class com.android.tools.lint.model.LintModelMavenName                                 : loaded 2 times (x 66B)
Class kotlin.text.StringsKt__RegexExtensionsKt                                        : loaded 2 times (x 67B)
Class com.google.common.collect.MapMakerInternalMap$StrongKeyDummyValueEntry          : loaded 2 times (x 78B)
Class com.google.common.collect.CollectSpliterators                                   : loaded 2 times (x 67B)
Class com.google.common.io.LineReader$1                                               : loaded 2 times (x 71B)
Class com.google.common.reflect.Invokable$MethodInvokable                             : loaded 2 times (x 103B)
Class com.google.common.collect.Multimaps$Entries                                     : loaded 2 times (x 114B)
Class androidx.navigation.lint.BaseWrongStartDestinationTypeDetector                  : loaded 2 times (x 168B)
Class com.google.wireless.android.sdk.stats.StopEvent                                 : loaded 2 times (x 203B)
Class com.google.wireless.android.sdk.stats.LintTooltipLinkEvent                      : loaded 2 times (x 196B)
Class com.google.wireless.android.sdk.stats.WindowsDefenderStatus                     : loaded 2 times (x 193B)
Class com.google.wireless.android.sdk.stats.LldbSessionStartDetailsOrBuilder          : loaded 2 times (x 66B)
Class com.google.wireless.android.sdk.stats.IntelliJNewUIStateOrBuilder               : loaded 2 times (x 66B)
Class com.google.wireless.android.sdk.stats.MultiViewEventOrBuilder                   : loaded 2 times (x 66B)
Class com.google.gson.JsonIOException                                                 : loaded 2 times (x 78B)
Class com.google.protobuf.Internal$LongList                                           : loaded 2 times (x 66B)
Class groovy.lang.Tuple2                                                              : loaded 2 times (x 202B)
Class org.codehaus.groovy.reflection.ReflectionUtils$ClassContextHelper               : loaded 2 times (x 97B)
Class org.codehaus.groovy.ast.ClassNode                                               : loaded 2 times (x 239B)
Class org.codehaus.groovy.reflection.stdclasses.ByteCachedClass                       : loaded 2 times (x 91B)
Class com.google.gson.stream.MalformedJsonException                                   : loaded 2 times (x 78B)
Class kotlin.reflect.jvm.internal.KMutableProperty1Impl$$Lambda$0                     : loaded 2 times (x 72B)
Class kotlin.coroutines.jvm.internal.RestrictedSuspendLambda                          : loaded 2 times (x 87B)
Class kotlin.reflect.jvm.internal.CachesKt$$Lambda$3                                  : loaded 2 times (x 71B)
Class com.android.tools.lint.model.LintModelLibrary                                   : loaded 2 times (x 66B)
Class kotlin.sequences.SequencesKt__SequencesJVMKt                                    : loaded 2 times (x 67B)
Class com.google.wireless.android.sdk.stats.MachineDetailsOrBuilder                   : loaded 2 times (x 66B)
Class kotlin.collections.AbstractList                                                 : loaded 2 times (x 193B)
Class kotlin.collections.AbstractCollection                                           : loaded 2 times (x 113B)
Class [Lorg.objectweb.asm.AnnotationWriter;                                           : loaded 2 times (x 65B)
Class com.google.wireless.android.sdk.stats.UiDeviceSettingsEvent                     : loaded 2 times (x 191B)
Class com.google.wireless.android.sdk.stats.StudioCoreGeminiActionsEventOrBuilder     : loaded 2 times (x 66B)
Class com.google.wireless.android.sdk.stats.DialogStatsOrBuilder                      : loaded 2 times (x 66B)
Class com.google.protobuf.InvalidProtocolBufferException                              : loaded 2 times (x 84B)
Class org.codehaus.groovy.ast.stmt.AssertStatement                                    : loaded 2 times (x 110B)
Class org.codehaus.groovy.control.ResolveVisitor                                      : loaded 2 times (x 232B)
Class org.codehaus.groovy.util.SingleKeyHashMap$Copier                                : loaded 2 times (x 66B)
Class groovy.lang.MetaClassImpl                                                       : loaded 2 times (x 189B)
Class com.google.wireless.android.sdk.stats.SplittingTabsUsageEventOrBuilder          : loaded 2 times (x 66B)
Class [Lcom.android.resources.KeyboardState;                                          : loaded 2 times (x 65B)
Class com.google.wireless.android.sdk.stats.AndroidViewShowBuildFilesInModuleEventOrBuilder: loaded 2 times (x 66B)
Class kotlin.sequences.SequencesKt__SequenceBuilderKt$sequence$$inlined$Sequence$1    : loaded 2 times (x 71B)
Class kotlin.reflect.jvm.internal.CachesKt$$Lambda$4                                  : loaded 2 times (x 71B)
Class kotlin.collections.ArrayAsCollection                                            : loaded 2 times (x 101B)
Class kotlin.LazyKt__LazyKt                                                           : loaded 2 times (x 67B)
Class kotlin.text.Regex                                                               : loaded 2 times (x 68B)
Class com.android.utils.EnvironmentProvider                                           : loaded 2 times (x 66B)
Class kotlin.text.StringsKt__StringBuilderJVMKt                                       : loaded 2 times (x 67B)
Class com.google.wireless.android.sdk.stats.GradleJdkInvalidEvent                     : loaded 2 times (x 191B)
Class com.google.common.base.Predicates$CompositionPredicate                          : loaded 2 times (x 84B)
Class com.google.common.cache.LocalCache$StrongValueReference                         : loaded 2 times (x 86B)
Class com.google.wireless.android.sdk.stats.GradleBuildProfile                        : loaded 2 times (x 244B)
Class com.google.wireless.android.sdk.stats.TestRecorderDetailsOrBuilder              : loaded 2 times (x 66B)
Class com.google.wireless.android.sdk.stats.StartupPerformanceFirstUiShownEventOrBuilder: loaded 2 times (x 66B)
Class com.google.protobuf.Extension                                                   : loaded 2 times (x 81B)
Class com.google.protobuf.MessageOrBuilder                                            : loaded 2 times (x 66B)
Class org.codehaus.groovy.util.URLStreams                                             : loaded 2 times (x 67B)
Class org.codehaus.groovy.ast.expr.MethodCallExpression                               : loaded 2 times (x 149B)
Class org.codehaus.groovy.runtime.dgmimpl.arrays.LongArrayGetAtMetaMethod             : loaded 2 times (x 93B)
Class org.codehaus.groovy.runtime.dgmimpl.arrays.ArrayGetAtMetaMethod                 : loaded 2 times (x 93B)
Class com.google.common.collect.RegularImmutableBiMap$Inverse                         : loaded 2 times (x 139B)
Class com.google.wireless.android.sdk.stats.RunStartData                              : loaded 2 times (x 198B)
Class com.android.tools.analytics.HostData$threadBean$2                               : loaded 2 times (x 74B)
Class kotlin.jvm.internal.ReflectionFactory                                           : loaded 2 times (x 87B)
Class kotlin.jvm.internal.Ref$ObjectRef                                               : loaded 2 times (x 68B)
Class kotlin.UNINITIALIZED_VALUE                                                      : loaded 2 times (x 67B)
Class org.gradle.internal.classloader.VisitableURLClassLoader$InstrumentingVisitableURLClassLoader: loaded 2 times (x 119B)
Class com.google.wireless.android.sdk.stats.AndroidViewShowBuildFilesInModuleEvent    : loaded 2 times (x 191B)
Class com.google.wireless.android.sdk.stats.ComposePreviewLiteModeEvent               : loaded 2 times (x 193B)
Class com.google.wireless.android.sdk.stats.EditorPickerEvent                         : loaded 2 times (x 197B)
Class com.google.wireless.android.sdk.stats.AdbServerState                            : loaded 2 times (x 199B)
Class com.google.wireless.android.sdk.stats.FirebaseErrorDetailsOrBuilder             : loaded 2 times (x 66B)
Class com.google.wireless.android.sdk.stats.WhatsNewAssistantEventOrBuilder           : loaded 2 times (x 66B)
Class com.google.wireless.android.sdk.stats.ComposeDeployEventOrBuilder               : loaded 2 times (x 66B)
Class com.google.wireless.android.sdk.stats.AndroidStudioEventOrBuilder               : loaded 2 times (x 66B)
Class groovy.lang.MetaClassImpl$DummyMetaMethod                                       : loaded 2 times (x 93B)
Class org.codehaus.groovy.runtime.dgmimpl.arrays.ShortArrayPutAtMetaMethod            : loaded 2 times (x 93B)
Class org.codehaus.groovy.transform.trait.Traits$Implemented                          : loaded 2 times (x 66B)
Class com.android.ide.common.gradle.DEV                                               : loaded 2 times (x 73B)
Class com.google.common.collect.MapMakerInternalMap$AbstractWeakKeyEntry              : loaded 2 times (x 83B)
Class com.android.ide.common.rendering.api.TextResourceValueImpl                      : loaded 2 times (x 105B)
Class androidx.navigation.lint.BaseTypeSafeDestinationMissingAnnotationDetector       : loaded 2 times (x 169B)
Class [Lkotlin.reflect.jvm.internal.impl.resolve.jvm.JvmPrimitiveType;                : loaded 2 times (x 65B)
Class kotlin.jvm.internal.ClassBasedDeclarationContainer                              : loaded 2 times (x 66B)
Class kotlin.coroutines.Continuation                                                  : loaded 2 times (x 66B)
Class org.gradle.api.internal.classpath.ManifestUtil                                  : loaded 2 times (x 67B)
Class kotlin.ranges.RangesKt__RangesKt                                                : loaded 2 times (x 67B)
Class com.android.tools.lint.model.LintModelArtifactType                              : loaded 2 times (x 75B)
Class kotlin.collections.SetsKt___SetsKt                                              : loaded 2 times (x 67B)
Class kotlin.sequences.SequencesKt__SequencesKt                                       : loaded 2 times (x 67B)
Class kotlin.comparisons.ComparisonsKt__ComparisonsKt                                 : loaded 2 times (x 67B)
Class org.objectweb.asm.ByteVector                                                    : loaded 2 times (x 75B)
Class com.google.common.collect.MapMakerInternalMap$StrongKeyDummyValueEntry$Helper   : loaded 2 times (x 75B)
Class org.apache.commons.io.FileUtils                                                 : loaded 2 times (x 67B)
Class [Lcom.google.common.cache.CacheBuilder$NullListener;                            : loaded 2 times (x 65B)
Class org.gradle.internal.classloader.VisitableURLClassLoader$Spec                    : loaded 2 times (x 70B)
Class org.gradle.internal.classpath.DefaultClassPath                                  : loaded 2 times (x 86B)
Class com.google.wireless.android.sdk.stats.AutoSyncSettingChangeEventOrBuilder       : loaded 2 times (x 66B)
Class com.google.wireless.android.sdk.stats.GradleVersionCatalogDetectorEventOrBuilder: loaded 2 times (x 66B)
Class com.google.wireless.android.sdk.stats.TestScenarioEventOrBuilder                : loaded 2 times (x 66B)
Class com.google.wireless.android.sdk.stats.GcPauseEventOrBuilder                     : loaded 2 times (x 66B)
Class com.google.wireless.android.sdk.stats.StopEventOrBuilder                        : loaded 2 times (x 66B)
Class com.google.wireless.android.sdk.stats.OptInToMetricsOrBuilder                   : loaded 2 times (x 66B)
Class com.google.wireless.android.sdk.stats.DeviceInfoOrBuilder                       : loaded 2 times (x 66B)
Class [Lcom.google.wireless.android.sdk.stats.AndroidStudioEvent$IdeBrand;            : loaded 2 times (x 65B)
Class com.google.protobuf.Utf8$Processor                                              : loaded 2 times (x 73B)
Class com.google.protobuf.Reader                                                      : loaded 2 times (x 66B)
Class org.codehaus.groovy.runtime.metaclass.ClosureStaticMetaMethod                   : loaded 2 times (x 98B)
Class org.codehaus.groovy.runtime.dgmimpl.NumberNumberPlus                            : loaded 2 times (x 110B)
Class org.codehaus.groovy.util.ReferenceType$1                                        : loaded 2 times (x 76B)
Class kotlin.Result$Companion                                                         : loaded 2 times (x 67B)
Class kotlin.coroutines.jvm.internal.BaseContinuationImpl                             : loaded 2 times (x 83B)
Class it.unimi.dsi.fastutil.Hash$Strategy                                             : loaded 2 times (x 66B)
Class kotlin.sequences.FilteringSequence                                              : loaded 2 times (x 71B)
Class com.android.tools.lint.model.LintModelDependencies                              : loaded 2 times (x 66B)
Class kotlin.text.CharsKt__CharJVMKt                                                  : loaded 2 times (x 67B)
Class kotlin.comparisons.ComparisonsKt                                                : loaded 2 times (x 67B)
Class kotlin.comparisons.ComparisonsKt___ComparisonsKt                                : loaded 2 times (x 67B)
Class com.google.common.util.concurrent.ExecutionError                                : loaded 2 times (x 78B)
Class org.objectweb.asm.Symbol                                                        : loaded 2 times (x 69B)
Class com.google.common.reflect.Types$ClassOwnership                                  : loaded 2 times (x 76B)
Class com.google.wireless.android.sdk.stats.AndroidTestRetentionEvent                 : loaded 2 times (x 193B)
Class [Lcom.google.gson.Strictness;                                                   : loaded 2 times (x 65B)
Class com.google.protobuf.AbstractMessage$BuilderParent                               : loaded 2 times (x 66B)
Class org.codehaus.groovy.runtime.InvokerInvocationException                          : loaded 2 times (x 83B)
Class org.codehaus.groovy.util.ReferenceType$2                                        : loaded 2 times (x 76B)
Class groovy.lang.Closure                                                             : loaded 2 times (x 128B)
Class [Lcom.google.common.cache.RemovalCause;                                         : loaded 2 times (x 65B)
Class kotlin.reflect.KType                                                            : loaded 2 times (x 66B)
Class com.android.utils.StdLogger$Level                                               : loaded 2 times (x 75B)
Class com.android.tools.lint.model.DefaultLintModelVariant$mainArtifact$2             : loaded 2 times (x 75B)
Class com.android.sdklib.IAndroidTarget                                               : loaded 2 times (x 66B)
Class com.google.common.collect.Sets$FilteredSet                                      : loaded 2 times (x 133B)
Class com.google.common.io.Java8Compatibility                                         : loaded 2 times (x 67B)
Class org.gradle.internal.classloader.ClassLoaderSpec                                 : loaded 2 times (x 67B)
Class com.google.protobuf.ByteString$CodedBuilder                                     : loaded 2 times (x 68B)
Class com.google.wireless.android.play.playlog.proto.ClientAnalytics                  : loaded 2 times (x 67B)
Class com.google.protobuf.ByteString                                                  : loaded 2 times (x 97B)
Class com.google.wireless.android.sdk.stats.SigningWizardEvent                        : loaded 2 times (x 199B)
Class com.google.wireless.android.sdk.stats.AppQualityInsightsUsageEventOrBuilder     : loaded 2 times (x 66B)
Class com.android.tools.analytics.Environment                                         : loaded 2 times (x 69B)
Class groovy.grape.GrapeIvy                                                           : loaded 2 times (x 123B)
Class org.codehaus.groovy.GroovyExceptionInterface                                    : loaded 2 times (x 66B)
Class org.codehaus.groovy.runtime.memoize.UnlimitedConcurrentCache                    : loaded 2 times (x 130B)
Class org.codehaus.groovy.ast.ConstructorNode                                         : loaded 2 times (x 154B)
Class org.codehaus.groovy.reflection.ReflectionCache                                  : loaded 2 times (x 67B)
Class org.codehaus.groovy.util.ReferenceType$3                                        : loaded 2 times (x 76B)
Class com.google.common.collect.AbstractMapBasedMultimap$1                            : loaded 2 times (x 80B)
Class com.android.ide.common.rendering.api.ResourceNamespace                          : loaded 2 times (x 76B)
Class com.google.common.collect.CollectCollectors$EnumSetAccumulator                  : loaded 2 times (x 68B)
Class kotlin.reflect.jvm.internal.ReflectProperties$Val$1                             : loaded 2 times (x 67B)
Class kotlin.text.DelimitedRangesSequence                                             : loaded 2 times (x 71B)
Class com.android.tools.lint.model.LintModelSerialization$LintModelSerializationFileAdapter: loaded 2 times (x 85B)
Class kotlin.collections.CollectionsKt___CollectionsJvmKt                             : loaded 2 times (x 67B)
Class com.android.prefs.VariableType                                                  : loaded 2 times (x 75B)
Class kotlin.jvm.internal.FunctionReferenceImpl                                       : loaded 2 times (x 118B)
Class org.objectweb.asm.AnnotationWriter                                              : loaded 2 times (x 75B)
Class com.google.common.io.ByteSource$EmptyByteSource                                 : loaded 2 times (x 81B)
Class com.google.common.cache.CacheStats                                              : loaded 2 times (x 67B)
Class com.android.tools.analytics.CommonMetricsData$GarbageCollectionStatsDiffs       : loaded 2 times (x 67B)
Class com.google.wireless.android.sdk.stats.AndroidStudioEvent$EventKind              : loaded 2 times (x 83B)
Class com.google.wireless.android.sdk.stats.ProductDetails                            : loaded 2 times (x 219B)
Class com.google.protobuf.Internal$ListAdapter$Converter                              : loaded 2 times (x 66B)
Class org.codehaus.groovy.util.ComplexKeyHashMap$Entry                                : loaded 2 times (x 70B)
Class [Lgroovy.lang.MetaClass;                                                        : loaded 2 times (x 65B)
Class org.codehaus.groovy.reflection.ClassInfo$LazyClassLoaderRef                     : loaded 2 times (x 78B)
Class org.codehaus.groovy.util.ReferenceType$4                                        : loaded 2 times (x 76B)
Class it.unimi.dsi.fastutil.objects.AbstractObject2IntMap                             : loaded 2 times (x 235B)
Class kotlin.jdk7.AutoCloseableKt                                                     : loaded 2 times (x 67B)
Class com.android.resources.ResourceType                                              : loaded 2 times (x 75B)
Class kotlin.jvm.internal.MutablePropertyReference1                                   : loaded 2 times (x 133B)
Class kotlin.TuplesKt                                                                 : loaded 2 times (x 67B)
Class kotlin.Unit                                                                     : loaded 2 times (x 67B)
Class kotlin.SafePublicationLazyImpl$Companion                                        : loaded 2 times (x 67B)
Class kotlin.sequences.SequencesKt___SequencesJvmKt                                   : loaded 2 times (x 67B)
Class com.android.tools.lint.model.PathVariables                                      : loaded 2 times (x 68B)
Class kotlin.jvm.internal.PropertyReference1Impl                                      : loaded 2 times (x 123B)
Class org.objectweb.asm.RecordComponentWriter                                         : loaded 2 times (x 74B)
Class com.google.common.collect.Interners                                             : loaded 2 times (x 67B)
Class com.google.common.collect.AbstractMapBasedMultimap$2                            : loaded 2 times (x 81B)
Class com.google.common.collect.ImmutableMultisetGwtSerializationDependencies         : loaded 2 times (x 121B)
Class com.google.common.util.concurrent.AbstractFuture$Listener                       : loaded 2 times (x 68B)
Class com.google.protobuf.CodedOutputStream$UnsafeDirectNioEncoder                    : loaded 2 times (x 106B)
Class com.android.tools.analytics.HostData$memoryBean$2                               : loaded 2 times (x 74B)
Class com.google.wireless.android.sdk.stats.OptInToMetrics                            : loaded 2 times (x 189B)
Class com.google.wireless.android.sdk.stats.JourneyEngineErrorEvent                   : loaded 2 times (x 191B)
Class com.google.wireless.android.sdk.stats.DynamicLayoutInspectorEventOrBuilder      : loaded 2 times (x 66B)
Class com.google.wireless.android.sdk.stats.AdbUsageEventOrBuilder                    : loaded 2 times (x 66B)
Class org.codehaus.groovy.runtime.metaclass.ReflectionMetaMethod                      : loaded 2 times (x 93B)
Class org.codehaus.groovy.reflection.CachedMethod                                     : loaded 2 times (x 108B)
Class com.google.common.collect.StandardTable$CellIterator                            : loaded 2 times (x 79B)
Class kotlin.reflect.jvm.internal.KProperty0Impl$$Lambda$1                            : loaded 2 times (x 72B)
Class com.android.ide.common.blame.SourcePosition                                     : loaded 2 times (x 67B)
Class com.android.ide.common.gradle.Version$Companion$ParseState                      : loaded 2 times (x 66B)
Class kotlin.ranges.RangesKt                                                          : loaded 2 times (x 67B)
Class org.gradle.internal.classloader.VisitableURLClassLoader                         : loaded 2 times (x 113B)
Class com.google.wireless.android.play.playlog.proto.ClientAnalytics$LogEvent$1       : loaded 2 times (x 147B)
Class com.google.wireless.android.sdk.stats.GradlePluginUpgradeDialogStats            : loaded 2 times (x 204B)
Class com.google.wireless.android.sdk.stats.DaemonCodeAnalyzerFinishedEvent           : loaded 2 times (x 207B)
Class com.google.wireless.android.sdk.stats.DefaultActivityLocatorStats               : loaded 2 times (x 197B)
Class com.google.wireless.android.sdk.stats.LayoutInspectorEvent                      : loaded 2 times (x 197B)
Class com.google.wireless.android.sdk.stats.FirebaseErrorDetails                      : loaded 2 times (x 193B)
Class com.google.wireless.android.sdk.stats.SentimentSurveyEvent                      : loaded 2 times (x 195B)
Class com.google.wireless.android.sdk.stats.StudioToolWindowActionStatsOrBuilder      : loaded 2 times (x 66B)
Class com.google.wireless.android.sdk.stats.ProductDetailsOrBuilder                   : loaded 2 times (x 66B)
Class com.google.wireless.android.sdk.stats.LintSessionOrBuilder                      : loaded 2 times (x 66B)
Class com.google.protobuf.ExtensionRegistryLite                                       : loaded 2 times (x 70B)
Class org.codehaus.groovy.runtime.wrappers.Wrapper                                    : loaded 2 times (x 84B)
Class org.codehaus.groovy.control.CompilerConfiguration$1                             : loaded 2 times (x 118B)
Class org.codehaus.groovy.ast.stmt.LoopingStatement                                   : loaded 2 times (x 66B)
Class org.codehaus.groovy.runtime.metaclass.MetaMethodIndex                           : loaded 2 times (x 89B)
Class [Lkotlin.DeprecationLevel;                                                      : loaded 2 times (x 65B)
Class it.unimi.dsi.fastutil.objects.Object2IntMap                                     : loaded 2 times (x 66B)
Class [Lcom.android.resources.ScreenRound;                                            : loaded 2 times (x 65B)
Class kotlin.reflect.jvm.internal.KClassImpl                                          : loaded 2 times (x 111B)
Class kotlin.collections.ArraysUtilJVM                                                : loaded 2 times (x 67B)
Class kotlin.jvm.functions.Function0                                                  : loaded 2 times (x 66B)
Class com.android.ide.common.repository.AgpVersion$Companion                          : loaded 2 times (x 67B)
Class kotlin.sequences.FlatteningSequence$iterator$1                                  : loaded 2 times (x 75B)
Class com.android.prefs.AbstractAndroidLocations                                      : loaded 2 times (x 78B)
Class com.google.common.io.CharSource$AsByteSource                                    : loaded 2 times (x 81B)
Class com.google.common.collect.ImmutableList$SerializedForm                          : loaded 2 times (x 69B)
Class org.gradle.internal.Cast                                                        : loaded 2 times (x 67B)
Class org.gradle.api.Action                                                           : loaded 2 times (x 66B)
Class com.google.wireless.android.sdk.stats.NavEditorEventOrBuilder                   : loaded 2 times (x 66B)
Class com.google.wireless.android.sdk.stats.InstantRunOrBuilder                       : loaded 2 times (x 66B)
Class com.android.tools.analytics.AnalyticsSettingsData$Companion                     : loaded 2 times (x 67B)
Class org.codehaus.groovy.ast.expr.ElvisOperatorExpression                            : loaded 2 times (x 126B)
Class org.codehaus.groovy.util.LockableObject                                         : loaded 2 times (x 74B)
Class kotlin.properties.ReadWriteProperty                                             : loaded 2 times (x 66B)
Class com.android.ide.common.resources.configuration.ScreenOrientationQualifier       : loaded 2 times (x 86B)
Class com.google.common.collect.HashBiMap                                             : loaded 2 times (x 139B)
Class com.android.ide.common.resources.configuration.ResourceQualifier                : loaded 2 times (x 84B)
Class kotlin.reflect.jvm.internal.impl.name.ClassId$Companion                         : loaded 2 times (x 67B)
Class com.android.ide.common.gradle.Version$Companion                                 : loaded 2 times (x 67B)
Class org.codehaus.groovy.reflection.stdclasses.LongCachedClass                       : loaded 2 times (x 91B)
Class com.android.tools.lint.model.DefaultLintModelMavenName                          : loaded 2 times (x 83B)
Class kotlin.jvm.functions.Function1                                                  : loaded 2 times (x 66B)
Class org.codehaus.groovy.reflection.stdclasses.ShortCachedClass                      : loaded 2 times (x 91B)
Class org.codehaus.groovy.reflection.stdclasses.BooleanCachedClass                    : loaded 2 times (x 91B)
Class org.objectweb.asm.Handler                                                       : loaded 2 times (x 68B)
Class com.google.common.base.Ticker                                                   : loaded 2 times (x 68B)
Class com.google.wireless.android.sdk.stats.EmulatorHostOrBuilder                     : loaded 2 times (x 66B)
Class [Lcom.android.tools.analytics.Environment$EnvironmentVariable;                  : loaded 2 times (x 65B)
Class com.google.protobuf.Utf8$SafeProcessor                                          : loaded 2 times (x 73B)
Class org.codehaus.groovy.ast.stmt.CaseStatement                                      : loaded 2 times (x 110B)
Class groovy.transform.Generated                                                      : loaded 2 times (x 66B)
Class kotlin.reflect.jvm.internal.KClassImpl$Data$$Lambda$10                          : loaded 2 times (x 72B)
Class kotlin.reflect.jvm.internal.KDeclarationContainerImpl$Data$$Lambda$0            : loaded 2 times (x 72B)
Class com.android.SdkConstants                                                        : loaded 2 times (x 67B)
Class groovy.lang.MetaProperty                                                        : loaded 2 times (x 73B)
Class org.codehaus.groovy.ast.expr.BinaryExpression                                   : loaded 2 times (x 130B)
Class kotlin.jvm.functions.Function2                                                  : loaded 2 times (x 66B)
Class kotlin.KotlinNothingValueException                                              : loaded 2 times (x 78B)
Class com.google.common.cache.RemovalCause$1                                          : loaded 2 times (x 76B)
Class [Lcom.google.common.cache.LocalCache$Segment;                                   : loaded 2 times (x 65B)
Class [Lcom.google.common.cache.LocalCache$Strength;                                  : loaded 2 times (x 65B)
Class com.google.common.cache.CacheBuilder$1                                          : loaded 2 times (x 81B)
Class org.gradle.internal.classpath.DefaultClassPath$ImmutableUniqueList$Builder      : loaded 2 times (x 71B)
Class com.google.wireless.android.play.playlog.proto.ClientAnalytics$LogEvent         : loaded 2 times (x 194B)
Class com.google.wireless.android.sdk.stats.ComposePreviewCanvasEventOrBuilder        : loaded 2 times (x 66B)
Class com.google.wireless.android.sdk.stats.TSdkUAEventOrBuilder                      : loaded 2 times (x 66B)
Class com.google.wireless.android.sdk.stats.UserSentimentOrBuilder                    : loaded 2 times (x 66B)
Class org.codehaus.groovy.ast.stmt.BreakStatement                                     : loaded 2 times (x 107B)
Class org.codehaus.groovy.runtime.metaclass.NewInstanceMetaMethod                     : loaded 2 times (x 95B)
Class groovy.io.GroovyPrintWriter                                                     : loaded 2 times (x 125B)
Class org.codehaus.groovy.ast.expr.PropertyExpression                                 : loaded 2 times (x 136B)
Class [Lgroovy.lang.MetaObjectProtocol;                                               : loaded 2 times (x 65B)
Class org.codehaus.groovy.util.ReferenceManager                                       : loaded 2 times (x 72B)
Class org.codehaus.groovy.reflection.stdclasses.FloatCachedClass                      : loaded 2 times (x 91B)
Class com.google.protobuf.CodedInputStream$StreamDecoder                              : loaded 2 times (x 116B)
Class com.google.common.collect.RowSortedTable                                        : loaded 2 times (x 66B)
Class com.android.resources.GrammaticalGender                                         : loaded 2 times (x 82B)
Class com.android.ide.common.resources.configuration.DensityQualifier                 : loaded 2 times (x 85B)
Class com.google.wireless.android.sdk.stats.BrowserSurveyEventOrBuilder               : loaded 2 times (x 66B)
Class kotlin.reflect.jvm.internal.KClassImpl$Data$$Lambda$11                          : loaded 2 times (x 72B)
Class kotlin.reflect.jvm.internal.KDeclarationContainerImpl$Data                      : loaded 2 times (x 68B)
Class kotlin.jvm.functions.Function3                                                  : loaded 2 times (x 66B)
Class kotlin.collections.MapsKt___MapsJvmKt                                           : loaded 2 times (x 67B)
Class [Lcom.android.prefs.LocationValue;                                              : loaded 2 times (x 65B)
Class com.google.wireless.android.sdk.stats.AppLinksAssistantEvent                    : loaded 2 times (x 227B)
Class com.google.common.cache.RemovalCause$2                                          : loaded 2 times (x 76B)
Class com.google.common.cache.LocalCache                                              : loaded 2 times (x 183B)
Class com.google.common.cache.CacheBuilder$2                                          : loaded 2 times (x 75B)
Class com.google.wireless.android.sdk.stats.AndroidProfilerDbStats                    : loaded 2 times (x 199B)
Class com.google.wireless.android.sdk.stats.IdePluginInfoOrBuilder                    : loaded 2 times (x 66B)
Class com.google.wireless.android.sdk.stats.AndroidStudioEvent                        : loaded 2 times (x 890B)
Class com.google.gson.TypeAdapter$1                                                   : loaded 2 times (x 70B)
Class org.codehaus.groovy.runtime.ProcessGroovyMethods                                : loaded 2 times (x 67B)
Class org.codehaus.groovy.util.ComplexKeyHashMap                                      : loaded 2 times (x 75B)
Class org.codehaus.groovy.util.Reference                                              : loaded 2 times (x 66B)
Class org.codehaus.groovy.reflection.stdclasses.CachedSAMClass                        : loaded 2 times (x 91B)
Class it.unimi.dsi.fastutil.objects.AbstractObject2IntFunction                        : loaded 2 times (x 115B)
Class com.google.wireless.android.sdk.stats.TSdkUAEvent                               : loaded 2 times (x 200B)
Class com.google.wireless.android.sdk.stats.KotlinGradlePerformance                   : loaded 2 times (x 223B)
Class kotlin.reflect.jvm.internal.KMutableProperty0Impl                               : loaded 2 times (x 131B)
Class kotlin.annotation.Target                                                        : loaded 2 times (x 66B)
Class kotlin.reflect.jvm.internal.impl.builtins.PrimitiveType$Companion               : loaded 2 times (x 67B)
Class kotlin.jvm.functions.Function4                                                  : loaded 2 times (x 66B)
Class kotlin.reflect.jvm.internal.KClassImpl$Data$$Lambda$12                          : loaded 2 times (x 72B)
Class kotlin.reflect.jvm.internal.KClassImpl$Data                                     : loaded 2 times (x 68B)
Class kotlin.collections.EmptySet                                                     : loaded 2 times (x 118B)
Class kotlin.collections.CollectionsKt___CollectionsKt                                : loaded 2 times (x 67B)
Class com.google.common.cache.RemovalCause$3                                          : loaded 2 times (x 76B)
Class com.google.common.cache.CacheBuilder$3                                          : loaded 2 times (x 68B)
Class org.gradle.api.GradleException                                                  : loaded 2 times (x 78B)
Class com.google.wireless.android.sdk.stats.DesignEditorHelpPanelEvent                : loaded 2 times (x 195B)
Class com.google.wireless.android.sdk.stats.KotlinSupport                             : loaded 2 times (x 198B)
Class com.google.wireless.android.sdk.stats.VsPluginEvent                             : loaded 2 times (x 198B)
Class com.google.wireless.android.sdk.stats.CommitMetricsEventOrBuilder               : loaded 2 times (x 66B)
Class org.codehaus.groovy.vmplugin.v9.ClassFinder$1                                   : loaded 2 times (x 80B)
Class groovy.lang.SpreadMapEvaluatingException                                        : loaded 2 times (x 83B)
Class org.codehaus.groovy.reflection.CachedMethod$MyComparator                        : loaded 2 times (x 86B)
Class org.codehaus.groovy.runtime.m12n.ExtensionModuleRegistry                        : loaded 2 times (x 73B)
Class org.codehaus.groovy.reflection.GeneratedMetaMethod$Proxy                        : loaded 2 times (x 92B)
Class groovy.lang.MetaClassRegistry                                                   : loaded 2 times (x 66B)
Class com.google.common.collect.HashBasedTable                                        : loaded 2 times (x 120B)
Class [Lcom.android.resources.LayoutDirection;                                        : loaded 2 times (x 65B)
Class com.android.ide.common.resources.ResourceMergerItem$1                           : loaded 2 times (x 119B)
Class com.android.ide.common.resources.configuration.FolderConfiguration              : loaded 2 times (x 71B)
Class kotlin.annotation.Retention                                                     : loaded 2 times (x 66B)
Class kotlin.jvm.functions.Function5                                                  : loaded 2 times (x 66B)
Class kotlin.reflect.jvm.internal.KClassImpl$Data$$Lambda$13                          : loaded 2 times (x 72B)
Class org.gradle.internal.classloader.ClassLoaderHierarchy                            : loaded 2 times (x 66B)
Class com.android.ide.common.gradle.Version                                           : loaded 2 times (x 71B)
Class kotlin.reflect.KDeclarationContainer                                            : loaded 2 times (x 66B)
Class kotlin.text.StringsKt___StringsJvmKt                                            : loaded 2 times (x 67B)
Class com.google.common.cache.RemovalCause$4                                          : loaded 2 times (x 76B)
Class org.apache.commons.io.StandardLineSeparator                                     : loaded 2 times (x 75B)
Class com.google.common.io.CharSource$EmptyCharSource                                 : loaded 2 times (x 82B)
Class com.google.common.base.Suppliers$MemoizingSupplier                              : loaded 2 times (x 75B)
Class com.google.common.collect.ForwardingMap                                         : loaded 2 times (x 128B)
Class com.google.wireless.android.sdk.stats.RenderSecurityManagerEvent                : loaded 2 times (x 195B)
Class com.google.wireless.android.sdk.stats.JniInspectionEventOrBuilder               : loaded 2 times (x 66B)
Class com.google.wireless.android.sdk.stats.VirtualizationEventOrBuilder              : loaded 2 times (x 66B)
Class com.google.wireless.android.sdk.stats.TestRunOrBuilder                          : loaded 2 times (x 66B)
Class com.android.tools.analytics.NullUsageTracker                                    : loaded 2 times (x 77B)
Class com.google.protobuf.Internal$EnumLiteMap                                        : loaded 2 times (x 66B)
Class org.codehaus.groovy.ast.AnnotationNode                                          : loaded 2 times (x 115B)
Class org.codehaus.groovy.ast.stmt.SwitchStatement                                    : loaded 2 times (x 113B)
Class org.codehaus.groovy.runtime.GroovyCategorySupport                               : loaded 2 times (x 67B)
Class groovy.lang.MetaClassImpl$Index                                                 : loaded 2 times (x 84B)
Class org.codehaus.groovy.runtime.metaclass.NewMetaMethod                             : loaded 2 times (x 95B)
Class org.codehaus.groovy.reflection.stdclasses.DoubleCachedClass                     : loaded 2 times (x 91B)
Class com.google.common.io.FileWriteMode                                              : loaded 2 times (x 75B)
Class com.google.common.collect.AbstractTable$CellSet                                 : loaded 2 times (x 132B)
Class com.android.ide.common.resources.ResourceMergerItem$2                           : loaded 2 times (x 113B)
Class com.android.ide.common.resources.ResourceItem                                   : loaded 2 times (x 66B)
Class com.android.resources.FolderTypeRelationship                                    : loaded 2 times (x 67B)
Class kotlin.jvm.functions.Function6                                                  : loaded 2 times (x 66B)
Class kotlin.reflect.jvm.internal.KClassImpl$Data$$Lambda$14                          : loaded 2 times (x 72B)
Class kotlin.reflect.jvm.internal.KTypeParameterOwnerImpl                             : loaded 2 times (x 66B)
Class kotlin.io.FilesKt                                                               : loaded 2 times (x 67B)
Class kotlin.collections.MapsKt___MapsKt                                              : loaded 2 times (x 67B)
Class kotlin.collections.ArraysKt___ArraysKt                                          : loaded 2 times (x 67B)
Class com.google.common.cache.LocalCache$ValueIterator                                : loaded 2 times (x 82B)
Class com.google.common.cache.RemovalCause$5                                          : loaded 2 times (x 76B)
Class com.google.common.collect.Maps$AbstractFilteredMap                              : loaded 2 times (x 123B)
Class [Lcom.google.common.io.FileWriteMode;                                           : loaded 2 times (x 65B)
Class com.google.wireless.android.sdk.stats.GradleVersionCatalogDetectorEvent         : loaded 2 times (x 191B)
Class com.google.wireless.android.sdk.stats.WhatsNewAssistantUpdateEvent              : loaded 2 times (x 209B)
Class com.google.protobuf.LazyStringList                                              : loaded 2 times (x 66B)
Class com.google.wireless.android.sdk.stats.NonTransitiveRClassMigrationEventOrBuilder: loaded 2 times (x 66B)
Class com.google.common.hash.HashCode$IntHashCode                                     : loaded 2 times (x 76B)
Class groovy.lang.MetaBeanProperty                                                    : loaded 2 times (x 79B)
Class org.codehaus.groovy.runtime.DefaultGroovyMethods$1                              : loaded 2 times (x 74B)
Class org.codehaus.groovy.runtime.GeneratedClosure                                    : loaded 2 times (x 66B)
Class com.android.resources.NightMode                                                 : loaded 2 times (x 82B)
Class [Lcom.android.resources.UiMode;                                                 : loaded 2 times (x 65B)
Class kotlin.sequences.SequencesKt__SequenceBuilderKt                                 : loaded 2 times (x 67B)
Class kotlin.jvm.functions.Function7                                                  : loaded 2 times (x 66B)
Class kotlin.reflect.jvm.internal.impl.name.Name                                      : loaded 2 times (x 71B)
Class kotlin.reflect.jvm.internal.KClassImpl$Data$$Lambda$15                          : loaded 2 times (x 72B)
Class kotlin.reflect.jvm.internal.KPropertyImpl$Companion                             : loaded 2 times (x 67B)
Class it.unimi.dsi.fastutil.objects.ObjectSet                                         : loaded 2 times (x 66B)
Class com.android.tools.lint.model.DefaultLintModelSourceProvider                     : loaded 2 times (x 80B)
Class kotlin.collections.MapsKt__MapWithDefaultKt                                     : loaded 2 times (x 67B)
Class [Lcom.android.prefs.VariableType;                                               : loaded 2 times (x 65B)
Class com.google.common.collect.MapMakerInternalMap$StrongKeyDummyValueSegment        : loaded 2 times (x 138B)
Class com.google.common.cache.LocalCache$WriteThroughEntry                            : loaded 2 times (x 75B)
Class com.google.common.cache.LocalCache$HashIterator                                 : loaded 2 times (x 82B)
Class com.google.common.cache.LocalCache$EntryFactory                                 : loaded 2 times (x 79B)
Class com.android.tools.analytics.JournalingUsageTracker$scheduleFlush$1              : loaded 2 times (x 71B)
Class com.android.tools.analytics.HostData$runtimeBean$2                              : loaded 2 times (x 74B)
Class com.google.wireless.android.sdk.stats.OomDialogEvent                            : loaded 2 times (x 207B)
Class com.google.wireless.android.sdk.stats.WearHealthServicesEvent                   : loaded 2 times (x 191B)
Class com.google.wireless.android.sdk.stats.Align16kbEvent                            : loaded 2 times (x 198B)
Class com.google.wireless.android.sdk.stats.GradleBuildDetailsOrBuilder               : loaded 2 times (x 66B)
Class com.google.protobuf.GeneratedMessageV3$Builder                                  : loaded 2 times (x 274B)
Class com.google.protobuf.MutabilityOracle                                            : loaded 2 times (x 66B)
Class org.codehaus.groovy.reflection.ReflectionUtils                                  : loaded 2 times (x 67B)
Class [Lkotlin.annotation.AnnotationRetention;                                        : loaded 2 times (x 65B)
Class kotlin.jvm.functions.Function8                                                  : loaded 2 times (x 66B)
Class kotlin.reflect.jvm.internal.impl.name.FqNameUnsafe                              : loaded 2 times (x 68B)
Class kotlin.reflect.jvm.internal.KClassImpl$Data$$Lambda$16                          : loaded 2 times (x 72B)
Class [Lcom.android.ide.common.gradle.Separator;                                      : loaded 2 times (x 65B)
Class com.android.prefs.QueryResult                                                   : loaded 2 times (x 80B)
Class kotlin.collections.CollectionsKt__MutableCollectionsJVMKt                       : loaded 2 times (x 67B)
Class com.google.common.base.CharMatcher$Whitespace                                   : loaded 2 times (x 108B)
Class com.google.common.base.Splitter$1$1                                             : loaded 2 times (x 82B)
Class kotlin.text.StringsKt___StringsKt                                               : loaded 2 times (x 67B)
Class kotlin.enums.EnumEntriesKt                                                      : loaded 2 times (x 67B)
Class [Lcom.google.common.collect.MapMaker$Dummy;                                     : loaded 2 times (x 65B)
Class com.google.common.reflect.Types$NativeTypeVariableEquals                        : loaded 2 times (x 67B)
Class com.google.common.collect.Iterables$5                                           : loaded 2 times (x 77B)
Class com.google.common.reflect.TypeParameter                                         : loaded 2 times (x 68B)
Class com.google.common.cache.LocalCache$AbstractReferenceEntry                       : loaded 2 times (x 103B)
Class org.gradle.internal.IoActions                                                   : loaded 2 times (x 67B)
Class com.google.wireless.android.sdk.stats.ComposeAnimationToolingEvent              : loaded 2 times (x 193B)
Class com.google.wireless.android.sdk.stats.InstantRun                                : loaded 2 times (x 203B)
Class com.google.wireless.android.sdk.stats.ApkDebugProjectOrBuilder                  : loaded 2 times (x 66B)
Class com.google.wireless.android.sdk.stats.SmlAiExcludeEventOrBuilder                : loaded 2 times (x 66B)
Class com.google.protobuf.Android                                                     : loaded 2 times (x 67B)
Class org.codehaus.groovy.ast.expr.MethodCall                                         : loaded 2 times (x 66B)
Class org.codehaus.groovy.ast.expr.ExpressionTransformer                              : loaded 2 times (x 66B)
Class groovy.lang.ReadOnlyPropertyException                                           : loaded 2 times (x 85B)
Class org.codehaus.groovy.runtime.dgmimpl.arrays.ShortArrayGetAtMetaMethod            : loaded 2 times (x 93B)
Class org.codehaus.groovy.runtime.callsite.CallSite                                   : loaded 2 times (x 66B)
Class groovy.lang.GString                                                             : loaded 2 times (x 117B)
Class kotlin.collections.CollectionsKt__ReversedViewsKt                               : loaded 2 times (x 67B)
Class kotlin.annotation.MustBeDocumented                                              : loaded 2 times (x 66B)
Class kotlin.sequences.FilteringSequence$iterator$1                                   : loaded 2 times (x 75B)
Class com.android.ide.common.resources.configuration.LocaleQualifier                  : loaded 2 times (x 85B)
Class kotlin.io.path.PathsKt__PathReadWriteKt                                         : loaded 2 times (x 67B)
Class [Lkotlin.reflect.jvm.internal.impl.name.ClassId;                                : loaded 2 times (x 65B)
Class kotlin.jvm.functions.Function10                                                 : loaded 2 times (x 66B)
Class kotlin.jvm.functions.Function9                                                  : loaded 2 times (x 66B)
Class kotlin.reflect.jvm.internal.KClassImpl$Data$$Lambda$17                          : loaded 2 times (x 72B)
Class kotlin.reflect.jvm.internal.KCallableImpl$$Lambda$0                             : loaded 2 times (x 72B)
Class [Lkotlin.reflect.KClassifier;                                                   : loaded 2 times (x 65B)
Class kotlin.reflect.jvm.internal.EmptyContainerForLocal                              : loaded 2 times (x 80B)
Class [Lkotlin.LazyThreadSafetyMode;                                                  : loaded 2 times (x 65B)
Class it.unimi.dsi.fastutil.objects.AbstractObjectSet                                 : loaded 2 times (x 175B)
Class kotlin.io.FilesKt__FileTreeWalkKt                                               : loaded 2 times (x 67B)
Class org.objectweb.asm.SymbolTable                                                   : loaded 2 times (x 68B)
Class com.google.common.cache.CacheLoader$InvalidCacheLoadException                   : loaded 2 times (x 78B)
Class org.gradle.internal.classloader.SystemClassLoaderSpec                           : loaded 2 times (x 67B)
Class com.google.wireless.android.sdk.stats.StudioToolWindowActionStats               : loaded 2 times (x 197B)
Class com.google.wireless.android.sdk.stats.MlModelBindingEvent                       : loaded 2 times (x 199B)
Class com.google.wireless.android.sdk.stats.GradleBuildDetails                        : loaded 2 times (x 229B)
Class com.google.wireless.android.sdk.stats.PromptLibraryEvent                        : loaded 2 times (x 196B)
Class groovy.lang.MutableMetaClass                                                    : loaded 2 times (x 66B)
Class org.codehaus.groovy.reflection.stdclasses.StringCachedClass                     : loaded 2 times (x 91B)
Class [Lcom.android.resources.HighDynamicRange;                                       : loaded 2 times (x 65B)
Class com.android.ide.common.rendering.api.StyleableResourceValueImpl                 : loaded 2 times (x 107B)
Class kotlin.jvm.internal.PropertyReference0Impl                                      : loaded 2 times (x 123B)
Class kotlin.jvm.functions.Function11                                                 : loaded 2 times (x 66B)
Class kotlin.reflect.jvm.internal.KCallableImpl$$Lambda$1                             : loaded 2 times (x 72B)
Class kotlin.coroutines.intrinsics.IntrinsicsKt                                       : loaded 2 times (x 67B)
Class kotlin.ranges.IntRange$Companion                                                : loaded 2 times (x 67B)
Class kotlin.collections.EmptyMap                                                     : loaded 2 times (x 105B)
Class kotlin.text.MatcherMatchResult$groups$1                                         : loaded 2 times (x 147B)
Class kotlin.reflect.KAnnotatedElement                                                : loaded 2 times (x 66B)
Class kotlin.jvm.internal.Intrinsics                                                  : loaded 2 times (x 67B)
Class com.google.common.collect.FluentIterable                                        : loaded 2 times (x 77B)
Class com.google.common.cache.LocalCache$StrongEntry                                  : loaded 2 times (x 104B)
Class com.google.common.util.concurrent.AbstractFuture$TrustedFuture                  : loaded 2 times (x 110B)
Class com.google.common.cache.LoadingCache                                            : loaded 2 times (x 66B)
Class com.google.wireless.android.sdk.stats.JourneyFinishedEvent                      : loaded 2 times (x 191B)
Class com.google.wireless.android.sdk.stats.IntellijProjectSizeStats                  : loaded 2 times (x 195B)
Class com.google.protobuf.AbstractProtobufList                                        : loaded 2 times (x 225B)
Class com.google.wireless.android.sdk.stats.WhatsNewAssistantUpdateEventOrBuilder     : loaded 2 times (x 66B)
Class com.google.wireless.android.sdk.stats.EditorNotificationOrBuilder               : loaded 2 times (x 66B)
Class com.google.wireless.android.sdk.stats.VfsRefreshOrBuilder                       : loaded 2 times (x 66B)
Class org.codehaus.groovy.runtime.memoize.ValueConvertable                            : loaded 2 times (x 66B)
Class org.codehaus.groovy.ast.AnnotatedNode                                           : loaded 2 times (x 118B)
Class kotlin.sequences.TakeWhileSequence                                              : loaded 2 times (x 71B)
Class kotlin.jvm.internal.CollectionToArray                                           : loaded 2 times (x 67B)
Class kotlin.jvm.internal.MutablePropertyReference0                                   : loaded 2 times (x 133B)
Class it.unimi.dsi.fastutil.BidirectionalIterator                                     : loaded 2 times (x 66B)
Class kotlin.jvm.functions.Function12                                                 : loaded 2 times (x 66B)
Class kotlin.reflect.jvm.internal.KCallableImpl$$Lambda$2                             : loaded 2 times (x 72B)
Class kotlin.coroutines.intrinsics.CoroutineSingletons                                : loaded 2 times (x 75B)
Class it.unimi.dsi.fastutil.objects.ObjectCollection                                  : loaded 2 times (x 66B)
Class kotlin.collections.MapsKt                                                       : loaded 2 times (x 67B)
Class com.android.tools.lint.model.DefaultLintModelModule                             : loaded 2 times (x 94B)
Class kotlin.collections.CollectionsKt__IterablesKt                                   : loaded 2 times (x 67B)
Class com.google.common.io.ByteStreams$LimitedInputStream                             : loaded 2 times (x 88B)
Class com.google.common.base.Suppliers$NonSerializableMemoizingSupplier               : loaded 2 times (x 75B)
Class [Lcom.google.common.cache.Weigher;                                              : loaded 2 times (x 65B)
Class com.android.tools.analytics.HostData$graphicsEnvironment$2                      : loaded 2 times (x 74B)
Class com.google.wireless.android.sdk.stats.DebuggerEvent                             : loaded 2 times (x 201B)
Class com.google.wireless.android.sdk.stats.FileUsage                                 : loaded 2 times (x 204B)
Class com.google.wireless.android.sdk.stats.CoroutineDebuggerEvent                    : loaded 2 times (x 193B)
Class com.google.wireless.android.sdk.stats.AppInspectionEvent                        : loaded 2 times (x 210B)
Class com.google.wireless.android.sdk.stats.EmulatorUiEvent                           : loaded 2 times (x 199B)
Class com.google.wireless.android.sdk.stats.MlModelBindingEventOrBuilder              : loaded 2 times (x 66B)
Class com.google.wireless.android.sdk.stats.SurveyResponseOrBuilder                   : loaded 2 times (x 66B)
Class com.android.tools.analytics.Environment$EnvironmentVariable                     : loaded 2 times (x 75B)
Class com.google.protobuf.Message$Builder                                             : loaded 2 times (x 66B)
Class kotlin.reflect.jvm.internal.impl.builtins.CompanionObjectMapping                : loaded 2 times (x 67B)
Class com.android.ide.common.resources.configuration.ScreenRatioQualifier             : loaded 2 times (x 87B)
Class kotlin.sequences.SequenceBuilderIterator                                        : loaded 2 times (x 81B)
Class kotlin.jvm.functions.Function13                                                 : loaded 2 times (x 66B)
Class kotlin.reflect.jvm.internal.KCallableImpl$$Lambda$3                             : loaded 2 times (x 72B)
Class com.android.ide.common.gradle.Version$Companion$ParseState$EMPTY                : loaded 2 times (x 70B)
Class kotlin.ranges.OpenEndRange                                                      : loaded 2 times (x 66B)
Class kotlin.text.Charsets                                                            : loaded 2 times (x 67B)
Class kotlin.KotlinNullPointerException                                               : loaded 2 times (x 79B)
Class com.google.common.collect.ImmutableMultimap$1                                   : loaded 2 times (x 78B)
Class com.google.wireless.android.sdk.stats.JvmDetails$1                              : loaded 2 times (x 147B)
Class com.google.wireless.android.sdk.stats.NavEditorEvent                            : loaded 2 times (x 211B)
Class com.google.wireless.android.sdk.stats.EditorCompletionStats                     : loaded 2 times (x 195B)
Class com.google.wireless.android.sdk.stats.ComposeSampleEvent                        : loaded 2 times (x 191B)
Class com.google.wireless.android.sdk.stats.BackupAndSyncEvent                        : loaded 2 times (x 193B)
Class com.google.wireless.android.sdk.stats.DeviceScreenshotEventOrBuilder            : loaded 2 times (x 66B)
Class com.google.wireless.android.sdk.stats.StudioLabsEventOrBuilder                  : loaded 2 times (x 66B)
Class com.google.wireless.android.sdk.stats.SdkIndexLoadingDetailsOrBuilder           : loaded 2 times (x 66B)
Class com.google.wireless.android.sdk.stats.DirectAccessUsageEventOrBuilder           : loaded 2 times (x 66B)
Class com.google.wireless.android.sdk.stats.VsPluginEventOrBuilder                    : loaded 2 times (x 66B)
Class com.android.repository.io.FileOpUtils                                           : loaded 2 times (x 67B)
Class org.codehaus.groovy.vmplugin.v9.ClassFindFailedException                        : loaded 2 times (x 78B)
Class org.codehaus.groovy.util.ComplexKeyHashMap$1                                    : loaded 2 times (x 75B)
Class org.codehaus.groovy.util.AbstractConcurrentMapBase                              : loaded 2 times (x 73B)
Class org.codehaus.groovy.runtime.ResourceGroovyMethods                               : loaded 2 times (x 67B)
Class org.codehaus.groovy.runtime.IOGroovyMethods                                     : loaded 2 times (x 67B)
Class org.codehaus.groovy.reflection.GroovyClassValueFactory                          : loaded 2 times (x 67B)
Class it.unimi.dsi.fastutil.Stack                                                     : loaded 2 times (x 66B)
Class kotlin.jvm.functions.Function14                                                 : loaded 2 times (x 66B)
Class kotlin.reflect.jvm.internal.KCallableImpl$$Lambda$4                             : loaded 2 times (x 72B)
Class kotlin.ranges.RangesKt___RangesKt                                               : loaded 2 times (x 67B)
Class com.android.ide.common.repository.AgpVersion$Companion$WhenMappings             : loaded 2 times (x 67B)
Class kotlin.reflect.jvm.internal.KProperty0Impl$$Lambda$0                            : loaded 2 times (x 72B)
Class groovy.lang.Range                                                               : loaded 2 times (x 66B)
Class com.google.common.reflect.Types$JavaVersion$1                                   : loaded 2 times (x 79B)
Class com.google.common.collect.AbstractIterator$State                                : loaded 2 times (x 75B)
Class com.google.common.collect.ImmutableMultimap$2                                   : loaded 2 times (x 77B)
Class com.google.common.cache.LocalCache$ValueReference                               : loaded 2 times (x 66B)
Class com.google.wireless.android.sdk.stats.AndroidStudioEvent$TemplatesUsage         : loaded 2 times (x 202B)
Class com.google.wireless.android.sdk.stats.SystemHealthEvent                         : loaded 2 times (x 206B)
Class com.google.wireless.android.sdk.stats.ImportSampleEvent                         : loaded 2 times (x 193B)
Class com.google.wireless.android.sdk.stats.WifiPairingEvent                          : loaded 2 times (x 206B)
Class com.google.wireless.android.sdk.stats.DefaultActivityLocatorStatsOrBuilder      : loaded 2 times (x 66B)
Class com.google.wireless.android.sdk.stats.LintActionOrBuilder                       : loaded 2 times (x 66B)
Class com.google.wireless.android.sdk.stats.JvmDetailsOrBuilder                       : loaded 2 times (x 66B)
Class org.codehaus.groovy.reflection.CacheAccessControlException                      : loaded 2 times (x 83B)
Class org.codehaus.groovy.runtime.dgmimpl.arrays.FloatArrayPutAtMetaMethod            : loaded 2 times (x 93B)
Class groovy.lang.GString$1                                                           : loaded 2 times (x 117B)
Class groovy.util.BufferedIterator                                                    : loaded 2 times (x 66B)
Class groovy.lang.GroovyObject                                                        : loaded 2 times (x 66B)
Class kotlin.coroutines.jvm.internal.Boxing                                           : loaded 2 times (x 67B)
Class org.codehaus.groovy.reflection.CachedClass$CachedMethodComparatorWithString     : loaded 2 times (x 86B)
Class kotlin.jvm.functions.Function15                                                 : loaded 2 times (x 66B)
Class kotlin.reflect.jvm.internal.KCallableImpl$$Lambda$5                             : loaded 2 times (x 72B)
Class it.unimi.dsi.fastutil.ints.AbstractInt2ObjectMap                                : loaded 2 times (x 211B)
Class com.google.protobuf.MapField                                                    : loaded 2 times (x 85B)
Class com.google.protobuf.CodedInputStream$UnsafeDirectNioDecoder                     : loaded 2 times (x 116B)
Class com.android.tools.lint.model.LintModelAndroidLibrary                            : loaded 2 times (x 66B)
Class kotlin.text.CharsKt__CharKt                                                     : loaded 2 times (x 67B)
Class kotlin.collections.ArraysKt                                                     : loaded 2 times (x 67B)
Class com.android.tools.analytics.UsageTracker$setMaxJournalTime$1                    : loaded 2 times (x 75B)
Class com.google.common.reflect.Types$JavaVersion$2                                   : loaded 2 times (x 79B)
Class com.google.common.reflect.Types                                                 : loaded 2 times (x 67B)
Class com.google.common.util.concurrent.AbstractFuture$Failure                        : loaded 2 times (x 68B)
Class com.google.protobuf.PrimitiveNonBoxingCollection                                : loaded 2 times (x 66B)
Class com.google.wireless.android.sdk.stats.DynamicLayoutInspectorEvent               : loaded 2 times (x 207B)
Class com.google.wireless.android.sdk.stats.GradleCppSyncStats                        : loaded 2 times (x 199B)
Class com.google.wireless.android.sdk.stats.IntellijIndexingStatsOrBuilder            : loaded 2 times (x 66B)
Class com.google.wireless.android.sdk.stats.TypingLatencyStatsOrBuilder               : loaded 2 times (x 66B)
Class com.google.wireless.android.sdk.stats.JourneyFinishedEventOrBuilder             : loaded 2 times (x 66B)
Class com.google.wireless.android.sdk.stats.IDeviceUsageEventOrBuilder                : loaded 2 times (x 66B)
Class com.google.wireless.android.sdk.stats.SoongSyncStatsOrBuilder                   : loaded 2 times (x 66B)
Class com.google.wireless.android.sdk.stats.AvdLaunchEventOrBuilder                   : loaded 2 times (x 66B)
Class com.google.gson.stream.JsonReader                                               : loaded 2 times (x 93B)
Class org.codehaus.groovy.runtime.DefaultGroovyMethodsSupport                         : loaded 2 times (x 67B)
Class groovy.lang.groovydoc.Groovydoc                                                 : loaded 2 times (x 72B)
Class com.google.wireless.android.sdk.stats.StudioUpdateFlowEventOrBuilder            : loaded 2 times (x 66B)
Class [Lcom.android.resources.NightMode;                                              : loaded 2 times (x 65B)
Class com.android.ide.common.resources.DataFile                                       : loaded 2 times (x 79B)
Class com.android.ide.common.rendering.api.ResourceValueImpl                          : loaded 2 times (x 94B)
Class com.google.wireless.android.sdk.stats.DeviceExplorerEventOrBuilder              : loaded 2 times (x 66B)
Class com.google.wireless.android.sdk.stats.DataBindingEvent                          : loaded 2 times (x 200B)
Class kotlin.reflect.jvm.internal.KProperty0Impl                                      : loaded 2 times (x 124B)
Class kotlin.jvm.functions.Function16                                                 : loaded 2 times (x 66B)
Class kotlin.reflect.jvm.internal.CacheByClassKt                                      : loaded 2 times (x 67B)
Class kotlin.coroutines.EmptyCoroutineContext                                         : loaded 2 times (x 73B)
Class kotlin.LazyKt                                                                   : loaded 2 times (x 67B)
Class kotlin.collections.SetsKt__SetsKt                                               : loaded 2 times (x 67B)
Class com.google.wireless.android.sdk.stats.Hypervisor                                : loaded 2 times (x 191B)
Class org.objectweb.asm.CurrentFrame                                                  : loaded 2 times (x 69B)
Class org.objectweb.asm.ClassTooLargeException                                        : loaded 2 times (x 79B)
Class com.google.common.collect.ImmutableSetMultimap                                  : loaded 2 times (x 176B)
Class com.google.common.reflect.Types$JavaVersion$3                                   : loaded 2 times (x 79B)
Class com.google.common.io.CharSink                                                   : loaded 2 times (x 75B)
Class com.android.tools.analytics.CommonMetricsData                                   : loaded 2 times (x 67B)
Class com.google.wireless.android.sdk.stats.StudioPatchUpdaterEventOrBuilder          : loaded 2 times (x 66B)
Class com.google.wireless.android.sdk.stats.RenderSecurityManagerEventOrBuilder       : loaded 2 times (x 66B)
Class com.google.wireless.android.sdk.stats.GradleDaemonJvmCriteriaErrorEventOrBuilder: loaded 2 times (x 66B)
Class com.google.wireless.android.sdk.stats.DeviceManagerEventOrBuilder               : loaded 2 times (x 66B)
Class com.google.common.hash.HashCode$LongHashCode                                    : loaded 2 times (x 76B)
Class org.codehaus.groovy.ast.expr.MethodPointerExpression                            : loaded 2 times (x 127B)
Class org.codehaus.groovy.runtime.DefaultGroovyStaticMethods                          : loaded 2 times (x 67B)
Class kotlin.InitializedLazyImpl                                                      : loaded 2 times (x 72B)
Class org.gradle.internal.classloader.FilteringClassLoader                            : loaded 2 times (x 101B)
Class com.google.common.io.LineReader                                                 : loaded 2 times (x 68B)
Class kotlin.NotImplementedError                                                      : loaded 2 times (x 78B)
Class kotlin.text.StringsKt__StringsKt                                                : loaded 2 times (x 67B)
Class com.android.prefs.AndroidPathLocator                                            : loaded 2 times (x 69B)
Class com.android.resources.ResourceFolderType                                        : loaded 2 times (x 75B)
Class kotlin.sequences.FlatteningSequence                                             : loaded 2 times (x 71B)
Class kotlin.jvm.functions.Function17                                                 : loaded 2 times (x 66B)
Class com.android.ide.common.gradle.Version$Companion$ParseState$NUMERIC              : loaded 2 times (x 70B)
Class com.android.ide.common.repository.AgpVersion$PreviewKind                        : loaded 2 times (x 75B)
Class [Lcom.android.tools.lint.model.LintModelModuleType;                             : loaded 2 times (x 65B)
Class com.android.tools.lint.model.LintModelSerialization$LintModelSerializationFileAdapter$WhenMappings: loaded 2 times (x 67B)
Class kotlin.collections.ArraysKt__ArraysJVMKt                                        : loaded 2 times (x 67B)
Class kotlin.text.MatcherMatchResult                                                  : loaded 2 times (x 76B)
Class kotlin.text.MatchGroupCollection                                                : loaded 2 times (x 66B)
Class org.objectweb.asm.Frame                                                         : loaded 2 times (x 69B)
Class com.google.common.reflect.Types$JavaVersion$4                                   : loaded 2 times (x 79B)
Class com.google.common.io.ByteSource$AsCharSource                                    : loaded 2 times (x 82B)
Class com.google.common.cache.LocalCache$EntryFactory$1                               : loaded 2 times (x 79B)
Class [Lcom.google.common.cache.RemovalListener;                                      : loaded 2 times (x 65B)
Class androidx.navigation.lint.BaseTypeSafeDestinationMissingAnnotationDetectorKt     : loaded 2 times (x 67B)
Class com.google.wireless.android.sdk.stats.HeapReportEvent                           : loaded 2 times (x 195B)
Class com.google.wireless.android.sdk.stats.LiveLiteralsEvent                         : loaded 2 times (x 199B)
Class com.google.wireless.android.sdk.stats.MetaMetricsOrBuilder                      : loaded 2 times (x 66B)
Class [Lcom.android.tools.analytics.JournalingUsageTracker$State;                     : loaded 2 times (x 65B)
Class org.codehaus.groovy.ast.stmt.BlockStatement                                     : loaded 2 times (x 111B)
Class org.apache.groovy.plugin.GroovyRunnerRegistry                                   : loaded 2 times (x 130B)
Class org.codehaus.groovy.runtime.metaclass.MetaClassRegistryImpl$DefaultModuleListener: loaded 2 times (x 72B)
Class com.google.common.collect.RegularImmutableBiMap$Inverse$InverseEntrySet         : loaded 2 times (x 148B)
Class [Lcom.android.resources.NavigationState;                                        : loaded 2 times (x 65B)
Class com.android.tools.lint.model.LintModelJavaLibrary                               : loaded 2 times (x 66B)
Class kotlin.jvm.functions.Function18                                                 : loaded 2 times (x 66B)
Class kotlin.reflect.jvm.internal.CachesKt                                            : loaded 2 times (x 67B)
Class kotlin.jvm.internal.CallableReference$NoReceiver                                : loaded 2 times (x 67B)
Class kotlin.text.StringsKt__StringBuilderKt                                          : loaded 2 times (x 67B)
Class com.google.common.reflect.Types$JavaVersion$5                                   : loaded 2 times (x 67B)
Class [Lcom.google.common.reflect.Types$ClassOwnership;                               : loaded 2 times (x 65B)
Class com.google.common.cache.LocalCache$EntryFactory$2                               : loaded 2 times (x 79B)
Class org.gradle.api.internal.classpath.GlobalCacheRootsProvider                      : loaded 2 times (x 66B)
Class com.google.wireless.android.sdk.stats.StudioProjectChange                       : loaded 2 times (x 191B)
Class com.google.wireless.android.sdk.stats.EmulatorUiEventOrBuilder                  : loaded 2 times (x 66B)
Class com.google.wireless.android.sdk.stats.IntelliJNewUISwitchOrBuilder              : loaded 2 times (x 66B)
Class com.google.wireless.android.sdk.stats.LintSession                               : loaded 2 times (x 217B)
Class com.google.common.collect.AbstractMapBasedMultimap$NavigableKeySet              : loaded 2 times (x 258B)
Class org.apache.groovy.util.Maps                                                     : loaded 2 times (x 67B)
Class org.codehaus.groovy.ast.stmt.TryCatchStatement                                  : loaded 2 times (x 117B)
Class org.codehaus.groovy.runtime.metaclass.MethodSelectionException                  : loaded 2 times (x 83B)
Class org.codehaus.groovy.util.TripleKeyHashMap                                       : loaded 2 times (x 78B)
Class org.codehaus.groovy.util.FastArray                                              : loaded 2 times (x 81B)
Class kotlin.sequences.DropTakeSequence                                               : loaded 2 times (x 66B)
Class com.android.ide.common.rendering.api.AttrResourceValue                          : loaded 2 times (x 66B)
Class kotlin.io.TextStreamsKt                                                         : loaded 2 times (x 67B)
Class kotlin.coroutines.jvm.internal.CompletedContinuation                            : loaded 2 times (x 71B)
Class kotlin.reflect.KMutableProperty$Setter                                          : loaded 2 times (x 66B)
Class kotlin.jvm.functions.Function19                                                 : loaded 2 times (x 66B)
Class kotlin.Lazy                                                                     : loaded 2 times (x 66B)
Class com.android.prefs.Global                                                        : loaded 2 times (x 76B)
Class kotlin.NoWhenBranchMatchedException                                             : loaded 2 times (x 78B)
Class com.android.ide.common.rendering.api.ResourceNamespace$ToolsNamespace           : loaded 2 times (x 76B)
Class org.objectweb.asm.ModuleWriter                                                  : loaded 2 times (x 78B)
Class com.google.common.cache.LocalCache$EntryFactory$3                               : loaded 2 times (x 79B)
Class com.google.common.base.Ticker$1                                                 : loaded 2 times (x 68B)
Class com.google.wireless.android.sdk.stats.ProjectViewSelectionChangeEvent           : loaded 2 times (x 193B)
Class com.google.wireless.android.sdk.stats.LiveEditEvent                             : loaded 2 times (x 205B)
Class com.google.wireless.android.sdk.stats.FirebaseManagementEvent                   : loaded 2 times (x 198B)
Class com.google.wireless.android.sdk.stats.KotlinSupportDeclined                     : loaded 2 times (x 191B)
Class com.google.wireless.android.sdk.stats.EmulatorPerformanceStatsOrBuilder         : loaded 2 times (x 66B)
Class com.google.wireless.android.sdk.stats.DeclarativeWatchFaceEventOrBuilder        : loaded 2 times (x 66B)
Class com.google.wireless.android.sdk.stats.AdbServerStatusOrBuilder                  : loaded 2 times (x 66B)
Class [Lcom.android.tools.analytics.Environment$SystemProperty;                       : loaded 2 times (x 65B)
Class com.android.tools.analytics.AnalyticsSettings                                   : loaded 2 times (x 67B)
Class com.google.protobuf.Descriptors$Descriptor                                      : loaded 2 times (x 72B)
Class org.codehaus.groovy.control.MultipleCompilationErrorsException                  : loaded 2 times (x 86B)
Class org.codehaus.groovy.runtime.metaclass.ThreadManagedMetaBeanProperty             : loaded 2 times (x 82B)
Class groovy.lang.groovydoc.GroovydocHolder                                           : loaded 2 times (x 66B)
Class org.codehaus.groovy.util.ManagedConcurrentLinkedQueue$Element                   : loaded 2 times (x 72B)
Class groovy.lang.GroovyCallable                                                      : loaded 2 times (x 66B)
Class groovy.lang.GroovyObjectSupport                                                 : loaded 2 times (x 80B)
Class com.android.ide.common.resources.DataFile$FileType                              : loaded 2 times (x 75B)
Class com.android.resources.TouchScreen                                               : loaded 2 times (x 82B)
Class com.android.ide.common.rendering.api.ResourceValue                              : loaded 2 times (x 66B)
Class com.android.resources.NavigationState                                           : loaded 2 times (x 82B)
Class [Lkotlin.jvm.functions.Function1;                                               : loaded 2 times (x 65B)
Class org.codehaus.groovy.reflection.v7.GroovyClassValueJava7                         : loaded 2 times (x 80B)
Class com.google.common.cache.LocalCache$EntryFactory$4                               : loaded 2 times (x 79B)
Class com.google.wireless.android.sdk.stats.DeviceMirroringSession                    : loaded 2 times (x 197B)
Class com.android.tools.analytics.AnalyticsPaths                                      : loaded 2 times (x 67B)
Class groovy.lang.GroovyResourceLoader                                                : loaded 2 times (x 66B)
Class com.android.resources.ScreenOrientation                                         : loaded 2 times (x 82B)
Class com.android.ide.common.rendering.api.ArrayResourceValue                         : loaded 2 times (x 66B)
Class com.android.ide.common.resources.configuration.NightModeQualifier               : loaded 2 times (x 86B)
Class kotlin.sequences.ConstrainedOnceSequence                                        : loaded 2 times (x 71B)
Class it.unimi.dsi.fastutil.ints.AbstractInt2ObjectFunction                           : loaded 2 times (x 117B)
Class com.google.common.io.ByteStreams$1                                              : loaded 2 times (x 81B)
Class com.google.common.cache.LocalCache$EntryFactory$5                               : loaded 2 times (x 79B)
Class com.google.wireless.android.sdk.stats.MemorySettingsEvent                       : loaded 2 times (x 201B)
Class com.google.wireless.android.sdk.stats.SetupWizardEvent                          : loaded 2 times (x 208B)
Class com.google.wireless.android.sdk.stats.SmlGeolocationEvent                       : loaded 2 times (x 197B)
Class com.google.wireless.android.sdk.stats.StartupPerformanceCodeLoadedAndVisibleInEditorOrBuilder: loaded 2 times (x 66B)
Class com.google.wireless.android.sdk.stats.ConnectionAssistantEventOrBuilder         : loaded 2 times (x 66B)
Class com.google.wireless.android.sdk.stats.SuggestedImportEventOrBuilder             : loaded 2 times (x 66B)
Class org.codehaus.groovy.control.ResolveVisitor$LowerCaseClass                       : loaded 2 times (x 239B)
Class [Lorg.codehaus.groovy.runtime.callsite.CallSite;                                : loaded 2 times (x 65B)
Class [Lgroovy.lang.MetaProperty;                                                     : loaded 2 times (x 65B)
Class org.codehaus.groovy.reflection.CachedClass$1                                    : loaded 2 times (x 78B)
Class org.codehaus.groovy.util.LazyReference$1                                        : loaded 2 times (x 72B)
Class com.google.common.collect.Tables                                                : loaded 2 times (x 67B)
Class com.android.resources.LayoutDirection                                           : loaded 2 times (x 82B)
Class [Lkotlin.reflect.KProperty;                                                     : loaded 2 times (x 65B)
Class kotlin.jvm.internal.markers.KMappedMarker                                       : loaded 2 times (x 66B)
Class org.apache.commons.io.output.AppendableWriter                                   : loaded 2 times (x 96B)
Class com.google.common.cache.LocalCache$EntryFactory$6                               : loaded 2 times (x 79B)
Class org.gradle.internal.installation.CurrentGradleInstallationLocator               : loaded 2 times (x 67B)
Class com.android.tools.analytics.HostData$osBean$2                                   : loaded 2 times (x 74B)
Class com.android.tools.analytics.HostData                                            : loaded 2 times (x 67B)
Class com.google.wireless.android.sdk.stats.IdePluginInfo                             : loaded 2 times (x 195B)
Class com.google.wireless.android.sdk.stats.OSMetrics                                 : loaded 2 times (x 195B)
Class com.google.wireless.android.sdk.stats.SdkIndexLibraryDetails                    : loaded 2 times (x 204B)
Class com.google.wireless.android.sdk.stats.UserIdResetEventOrBuilder                 : loaded 2 times (x 66B)
Class com.android.tools.analytics.JournalingUsageTracker                              : loaded 2 times (x 78B)
Class org.codehaus.groovy.runtime.dgmimpl.NumberNumberMultiply                        : loaded 2 times (x 110B)
Class com.google.protobuf.CodedInputStream$ArrayDecoder                               : loaded 2 times (x 116B)
Class [Lcom.google.protobuf.Internal$EnumLite;                                        : loaded 2 times (x 65B)
Class org.codehaus.groovy.runtime.callsite.BooleanClosureWrapper                      : loaded 2 times (x 70B)
Class groovy.lang.Binding                                                             : loaded 2 times (x 85B)
Class org.codehaus.groovy.runtime.memoize.CommonCache                                 : loaded 2 times (x 150B)
Class [Lorg.codehaus.groovy.reflection.CachedField;                                   : loaded 2 times (x 65B)
Class org.codehaus.groovy.reflection.CachedClass$2                                    : loaded 2 times (x 78B)
Class [Lorg.codehaus.groovy.util.ComplexKeyHashMap$Entry;                             : loaded 2 times (x 65B)
Class org.codehaus.groovy.util.LazyReference$2                                        : loaded 2 times (x 72B)
Class [Lorg.codehaus.groovy.reflection.ParameterTypes;                                : loaded 2 times (x 65B)
Class org.codehaus.groovy.runtime.NullObject                                          : loaded 2 times (x 87B)
Class [Lcom.android.resources.ScreenOrientation;                                      : loaded 2 times (x 65B)
Class com.android.tools.lint.model.DefaultLintModelDependencyGraph                    : loaded 2 times (x 74B)
Class com.android.tools.lint.model.DefaultLintModelLintOptions                        : loaded 2 times (x 99B)
Class com.google.protobuf.UnsafeUtil$JvmMemoryAccessor                                : loaded 2 times (x 87B)
Class org.apache.commons.io.output.ThresholdingOutputStream                           : loaded 2 times (x 91B)
Class com.google.common.io.ByteSource$SlicedByteSource                                : loaded 2 times (x 81B)
Class com.google.common.collect.ImmutableMultimap$Builder                             : loaded 2 times (x 82B)
Class com.google.common.cache.LocalCache$EntryFactory$7                               : loaded 2 times (x 79B)
Class org.gradle.internal.service.DefaultServiceLocator                               : loaded 2 times (x 79B)
Class com.google.wireless.android.play.playlog.proto.ClientAnalytics$LogEventOrBuilder: loaded 2 times (x 66B)
Class com.google.wireless.android.sdk.stats.ComposePreviewCanvasEvent                 : loaded 2 times (x 193B)
Class com.google.wireless.android.sdk.stats.VfsRefresh                                : loaded 2 times (x 191B)
Class com.google.wireless.android.sdk.stats.AndroidStudioEvent$Builder                : loaded 2 times (x 990B)
Class com.google.wireless.android.sdk.stats.JourneyEngineErrorEventOrBuilder          : loaded 2 times (x 66B)
Class com.google.protobuf.ProtocolStringList                                          : loaded 2 times (x 66B)
Class groovy.lang.MetaClassImpl$1MOPIter                                              : loaded 2 times (x 72B)
Class org.codehaus.groovy.runtime.dgmimpl.arrays.CharacterArrayPutAtMetaMethod        : loaded 2 times (x 93B)
Class org.codehaus.groovy.reflection.CachedClass$3                                    : loaded 2 times (x 78B)
Class org.codehaus.groovy.reflection.ClassInfo$LazyCachedClassRef                     : loaded 2 times (x 78B)
Class groovy.lang.MetaMethod                                                          : loaded 2 times (x 92B)
Class com.android.resources.ScreenSize                                                : loaded 2 times (x 82B)
Class kotlin.reflect.KMutableProperty0                                                : loaded 2 times (x 66B)
Class kotlin.reflect.KClassifier                                                      : loaded 2 times (x 66B)
Class kotlin.coroutines.jvm.internal.SuspendFunction                                  : loaded 2 times (x 66B)
Class com.google.wireless.android.sdk.stats.UpgradeAssistantProcessorEventOrBuilder   : loaded 2 times (x 66B)
Class com.google.common.collect.Maps$EntrySet                                         : loaded 2 times (x 132B)
Class com.google.common.collect.ImmutableMultimap$EntryCollection                     : loaded 2 times (x 124B)
Class com.google.common.cache.LocalCache$EntryFactory$8                               : loaded 2 times (x 79B)
Class org.gradle.internal.installation.CurrentGradleInstallation                      : loaded 2 times (x 69B)
Class com.google.wireless.android.sdk.stats.SmlChatBotEvent                           : loaded 2 times (x 233B)
Class com.google.wireless.android.sdk.stats.ImportSampleEventOrBuilder                : loaded 2 times (x 66B)
Class com.google.wireless.android.sdk.stats.AndroidStudioEvent$IdeBrand$1             : loaded 2 times (x 72B)
Class org.codehaus.groovy.ast.stmt.DoWhileStatement                                   : loaded 2 times (x 114B)
Class org.codehaus.groovy.reflection.CachedClass$4                                    : loaded 2 times (x 78B)
Class org.codehaus.groovy.reflection.ParameterTypes                                   : loaded 2 times (x 78B)
Class kotlin.jvm.internal.StringCompanionObject                                       : loaded 2 times (x 67B)
Class kotlin.jvm.internal.Ref$BooleanRef                                              : loaded 2 times (x 67B)
Class com.android.ide.common.resources.ResourceMergerItem                             : loaded 2 times (x 132B)
Class com.google.wireless.android.sdk.stats.ThreadingAgentUsageEventOrBuilder         : loaded 2 times (x 66B)
Class kotlin.reflect.KMutableProperty1                                                : loaded 2 times (x 66B)
Class kotlin.coroutines.intrinsics.IntrinsicsKt__IntrinsicsJvmKt                      : loaded 2 times (x 67B)
Class kotlin.coroutines.jvm.internal.CoroutineStackFrame                              : loaded 2 times (x 66B)
Class com.android.tools.lint.model.DefaultLintModelVariant                            : loaded 2 times (x 97B)
Class com.android.tools.lint.model.LintModelArtifact                                  : loaded 2 times (x 66B)
Class com.google.common.collect.ForwardingObject                                      : loaded 2 times (x 68B)
Class com.google.common.cache.CacheLoader$1                                           : loaded 2 times (x 71B)
Class org.gradle.util.internal.GUtil                                                  : loaded 2 times (x 67B)
Class com.google.protobuf.CodedOutputStream$OutputStreamEncoder                       : loaded 2 times (x 106B)
Class com.google.wireless.android.sdk.stats.BuildAttributionStats                     : loaded 2 times (x 203B)
Class com.google.wireless.android.sdk.stats.CppHeadersViewEvent                       : loaded 2 times (x 195B)
Class com.google.wireless.android.sdk.stats.JavaProcessStats                          : loaded 2 times (x 203B)
Class com.google.wireless.android.sdk.stats.FastPreviewEventOrBuilder                 : loaded 2 times (x 66B)
Class com.google.wireless.android.sdk.stats.MemorySettingsEventOrBuilder              : loaded 2 times (x 66B)
Class com.android.tools.analytics.Environment$Companion$SYSTEM$1                      : loaded 2 times (x 69B)
Class com.android.tools.analytics.Environment$Companion                               : loaded 2 times (x 67B)
Class com.android.tools.analytics.Environment$SystemProperty                          : loaded 2 times (x 75B)
Class com.google.protobuf.Message                                                     : loaded 2 times (x 66B)
Class org.codehaus.groovy.ast.GroovyClassVisitor                                      : loaded 2 times (x 66B)
Class org.codehaus.groovy.runtime.dgmimpl.arrays.FloatArrayGetAtMetaMethod            : loaded 2 times (x 93B)
Class org.codehaus.groovy.runtime.callsite.CallSiteAwareMetaMethod                    : loaded 2 times (x 93B)
Class org.codehaus.groovy.ast.expr.AnnotationConstantExpression                       : loaded 2 times (x 130B)
Class groovy.lang.Closure$1                                                           : loaded 2 times (x 129B)
Class groovy.lang.MissingPropertyException                                            : loaded 2 times (x 85B)
Class org.codehaus.groovy.reflection.CachedClass$5                                    : loaded 2 times (x 78B)
Class com.android.resources.ResourceEnum                                              : loaded 2 times (x 66B)
Class com.android.ide.common.resources.configuration.TextInputMethodQualifier         : loaded 2 times (x 86B)
Class com.google.wireless.android.sdk.stats.JavaProcessStatsOrBuilder                 : loaded 2 times (x 66B)
Class kotlin.reflect.KMutableProperty2                                                : loaded 2 times (x 66B)
Class [Lcom.android.tools.lint.model.LintModelSeverity;                               : loaded 2 times (x 65B)
Class kotlin.collections.CollectionsKt                                                : loaded 2 times (x 67B)
Class com.android.prefs.PathLocator$WhenMappings                                      : loaded 2 times (x 67B)
Class com.google.common.cache.AbstractCache$StatsCounter                              : loaded 2 times (x 66B)
Class com.google.protobuf.CodedOutputStream$SafeDirectNioEncoder                      : loaded 2 times (x 106B)
Class com.google.wireless.android.sdk.stats.MachineDetails                            : loaded 2 times (x 201B)
Class com.google.wireless.android.sdk.stats.RunEvent                                  : loaded 2 times (x 252B)
Class com.google.wireless.android.sdk.stats.SafeModeStatsEvent                        : loaded 2 times (x 215B)
Class com.google.wireless.android.sdk.stats.CMakeEditingEvent                         : loaded 2 times (x 193B)
Class com.google.protobuf.AbstractMessage$Builder                                     : loaded 2 times (x 253B)
Class com.google.protobuf.ExtensionRegistryFactory                                    : loaded 2 times (x 67B)
Class com.google.protobuf.ProtocolMessageEnum                                         : loaded 2 times (x 66B)
Class groovy.lang.ExpandoMetaClassCreationHandle                                      : loaded 2 times (x 72B)
Class org.codehaus.groovy.runtime.metaclass.TransformMetaMethod                       : loaded 2 times (x 92B)
Class org.codehaus.groovy.runtime.StringGroovyMethods                                 : loaded 2 times (x 67B)
Class org.codehaus.groovy.ast.NodeMetaDataHandler                                     : loaded 2 times (x 66B)
Class org.codehaus.groovy.reflection.CachedClass$6                                    : loaded 2 times (x 78B)
Class org.codehaus.groovy.util.ReferenceManager$ThreadedReferenceManager              : loaded 2 times (x 73B)
Class com.google.wireless.android.sdk.stats.SuggestedImportEvent                      : loaded 2 times (x 193B)
Class com.google.common.collect.AbstractTable                                         : loaded 2 times (x 116B)
Class com.google.wireless.android.sdk.stats.MemoryUsageReportEvent                    : loaded 2 times (x 208B)
Class kotlin.ranges.IntProgressionIterator                                            : loaded 2 times (x 78B)
Class kotlin.reflect.jvm.internal.RuntimeTypeMapper                                   : loaded 2 times (x 67B)
Class kotlin.coroutines.jvm.internal.DebugProbesKt                                    : loaded 2 times (x 67B)
Class kotlin.coroutines.CoroutineContext                                              : loaded 2 times (x 66B)
Class kotlin.text.MatchNamedGroupCollection                                           : loaded 2 times (x 66B)
Class com.android.tools.lint.model.DefaultLintModelDependency                         : loaded 2 times (x 82B)
Class com.android.tools.lint.model.DefaultLintModelLibrary                            : loaded 2 times (x 82B)
Class com.android.tools.lint.model.DefaultLintModelBuildFeatures                      : loaded 2 times (x 73B)
Class com.google.common.reflect.Types$TypeVariableImpl                                : loaded 2 times (x 68B)
Class com.google.common.io.LineBuffer                                                 : loaded 2 times (x 71B)
Class org.gradle.internal.installation.GradleInstallation                             : loaded 2 times (x 71B)
Class com.google.protobuf.Writer                                                      : loaded 2 times (x 66B)
Class com.google.wireless.android.sdk.stats.ResizeComposePreviewEvent                 : loaded 2 times (x 213B)
Class com.google.protobuf.CodedInputStream                                            : loaded 2 times (x 115B)
Class com.google.protobuf.MessageLite                                                 : loaded 2 times (x 66B)
Class groovy.lang.ExpandoMetaClass                                                    : loaded 2 times (x 223B)
Class org.codehaus.groovy.reflection.CachedClass$7                                    : loaded 2 times (x 78B)
Class groovy.lang.IntRange                                                            : loaded 2 times (x 243B)
Class org.codehaus.groovy.reflection.ClassInfo$GlobalClassSet                         : loaded 2 times (x 72B)
Class kotlin.reflect.jvm.internal.impl.builtins.PrimitiveType$$Lambda$0               : loaded 2 times (x 72B)
Class [Lcom.android.utils.StdLogger$Level;                                            : loaded 2 times (x 65B)
Class com.android.prefs.AndroidLocationsException                                     : loaded 2 times (x 78B)
Class com.google.wireless.android.sdk.stats.SmlAiExcludeEvent                         : loaded 2 times (x 197B)
Class com.google.common.collect.Iterables                                             : loaded 2 times (x 67B)
Class [Lcom.google.wireless.android.sdk.stats.JvmDetails$GarbageCollector;            : loaded 2 times (x 65B)
Class com.google.wireless.android.sdk.stats.PSDEvent                                  : loaded 2 times (x 206B)
Class com.google.wireless.android.sdk.stats.UiToolsPreferencesEvent                   : loaded 2 times (x 201B)
Class com.google.wireless.android.sdk.stats.ComposeDeployEvent                        : loaded 2 times (x 191B)
Class com.google.wireless.android.sdk.stats.DataBindingEventOrBuilder                 : loaded 2 times (x 66B)
Class com.google.wireless.android.sdk.stats.BackupUsageEventOrBuilder                 : loaded 2 times (x 66B)
Class com.google.wireless.android.sdk.stats.LogcatUsageEventOrBuilder                 : loaded 2 times (x 66B)
Class com.google.protobuf.AbstractMessageLite$Builder                                 : loaded 2 times (x 122B)
Class com.google.protobuf.MapFieldReflectionAccessor                                  : loaded 2 times (x 70B)
Class org.codehaus.groovy.ast.expr.ConstructorCallExpression                          : loaded 2 times (x 137B)
Class org.codehaus.groovy.reflection.CachedClass$8                                    : loaded 2 times (x 78B)
Class com.android.ide.common.rendering.api.StyleResourceValue                         : loaded 2 times (x 66B)
Class kotlin.reflect.jvm.internal.impl.builtins.PrimitiveType$$Lambda$1               : loaded 2 times (x 72B)
Class com.android.ide.common.gradle.Part                                              : loaded 2 times (x 73B)
Class com.android.utils.XmlUtils                                                      : loaded 2 times (x 67B)
Class kotlin.ranges.IntProgression                                                    : loaded 2 times (x 77B)
Class kotlin.jvm.KotlinReflectionNotSupportedError                                    : loaded 2 times (x 78B)

---------------  S Y S T E M  ---------------

OS:
 Windows 11 , 64 bit Build 26100 (10.0.26100.5074)
OS uptime: 0 days 22:48 hours
Hyper-V role detected

CPU: total 4 (initial active 4) (2 cores per cpu, 2 threads per core) family 6 model 142 stepping 12 microcode 0xde, cx8, cmov, fxsr, ht, mmx, 3dnowpref, sse, sse2, sse3, ssse3, sse4.1, sse4.2, popcnt, lzcnt, tsc, tscinvbit, avx, avx2, aes, erms, clmul, bmi1, bmi2, adx, fma, vzeroupper, clflush, clflushopt, hv, rdtscp, f16c
Processor Information for the first 4 processors :
  Max Mhz: 2592, Current Mhz: 2592, Mhz Limit: 2073

Memory: 4k page, system-wide physical 8025M (465M free)
TotalPageFile size 13812M (AvailPageFile size 9M)
current process WorkingSet (physical memory assigned to process): 2587M, peak: 3193M
current process commit charge ("private bytes"): 3474M, peak: 3538M

vm_info: OpenJDK 64-Bit Server VM (21.0.6+-13391695-b895.109) for windows-amd64 JRE (21.0.6+-13391695-b895.109), built on 2025-04-22T21:19:17Z by "builder" with MS VC++ 16.10 / 16.11 (VS2019)

END.
