#
# There is insufficient memory for the Java Runtime Environment to continue.
# Native memory allocation (malloc) failed to allocate 1160560 bytes. Error detail: Chunk::new
# Possible reasons:
#   The system is out of physical RAM or swap space
#   This process is running with CompressedOops enabled, and the Java Heap may be blocking the growth of the native heap
# Possible solutions:
#   Reduce memory load on the system
#   Increase physical memory or swap space
#   Check if swap backing store is full
#   Decrease Java heap size (-Xmx/-Xms)
#   Decrease number of Java threads
#   Decrease Java thread stack sizes (-Xss)
#   Set larger code cache with -XX:ReservedCodeCacheSize=
#   JVM is running with Zero Based Compressed Oops mode in which the Java heap is
#     placed in the first 32GB address space. The Java Heap base address is the
#     maximum limit for the native heap growth. Please use -XX:HeapBaseMinAddress
#     to set the Java Heap base and to place the Java Heap above 32GB virtual address.
# This output file may be truncated or incomplete.
#
#  Out of Memory Error (arena.cpp:168), pid=13944, tid=5612
#
# JRE version: OpenJDK Runtime Environment (21.0.6) (build 21.0.6+-13391695-b895.109)
# Java VM: OpenJDK 64-Bit Server VM (21.0.6+-13391695-b895.109, mixed mode, tiered, compressed oops, compressed class ptrs, parallel gc, windows-amd64)
# No core dump will be written. Minidumps are not enabled by default on client versions of Windows
#

---------------  S U M M A R Y ------------

Command Line: --add-opens=java.base/java.lang=ALL-UNNAMED --add-opens=java.base/java.lang.invoke=ALL-UNNAMED --add-opens=java.base/java.util=ALL-UNNAMED --add-opens=java.prefs/java.util.prefs=ALL-UNNAMED --add-exports=jdk.compiler/com.sun.tools.javac.api=ALL-UNNAMED --add-exports=jdk.compiler/com.sun.tools.javac.util=ALL-UNNAMED --add-opens=java.base/java.util=ALL-UNNAMED --add-opens=java.prefs/java.util.prefs=ALL-UNNAMED --add-opens=java.base/java.nio.charset=ALL-UNNAMED --add-opens=java.base/java.net=ALL-UNNAMED --add-opens=java.base/java.util.concurrent.atomic=ALL-UNNAMED --add-opens=java.xml/javax.xml.namespace=ALL-UNNAMED -XX:+UseParallelGC -Xmx4g -Dfile.encoding=UTF-8 -Duser.country=CN -Duser.language=zh -Duser.variant -javaagent:C:\Users\Mbongeni\.gradle\wrapper\dists\gradle-8.14.2-bin\2pb3mgt1p815evrl3weanttgr\gradle-8.14.2\lib\agents\gradle-instrumentation-agent-8.14.2.jar org.gradle.launcher.daemon.bootstrap.GradleDaemon 8.14.2

Host: Intel(R) Core(TM) i3-10110U CPU @ 2.10GHz, 4 cores, 7G,  Windows 11 , 64 bit Build 26100 (10.0.26100.5074)
Time: Tue Sep  9 03:22:11 2025 South Africa Standard Time elapsed time: 312.918949 seconds (0d 0h 5m 12s)

---------------  T H R E A D  ---------------

Current thread (0x0000018634a215e0):  JavaThread "C2 CompilerThread0" daemon [_thread_in_native, id=5612, stack(0x000000431fd00000,0x000000431fe00000) (1024K)]


Current CompileTask:
C2:312919 31505       4       com.gradle.scan.plugin.internal.c.o.a::d (74 bytes)

Stack: [0x000000431fd00000,0x000000431fe00000]
Native frames: (J=compiled Java code, j=interpreted, Vv=VM code, C=native code)
V  [jvm.dll+0x6d0639]
V  [jvm.dll+0x85eb03]
V  [jvm.dll+0x86105e]
V  [jvm.dll+0x861743]
V  [jvm.dll+0x27e6e6]
V  [jvm.dll+0xbff6d]
V  [jvm.dll+0xc04a3]
V  [jvm.dll+0x3b61ab]
V  [jvm.dll+0x3820c7]
V  [jvm.dll+0x38153a]
V  [jvm.dll+0x247c82]
V  [jvm.dll+0x247251]
V  [jvm.dll+0x1c5f04]
V  [jvm.dll+0x2569ac]
V  [jvm.dll+0x254ef6]
V  [jvm.dll+0x3f0e96]
V  [jvm.dll+0x806ed8]
V  [jvm.dll+0x6cef0d]
C  [ucrtbase.dll+0x37b0]
C  [KERNEL32.DLL+0x2e8d7]
C  [ntdll.dll+0x8d9c]


---------------  P R O C E S S  ---------------

Threads class SMR info:
_java_thread_list=0x000001864acd9560, length=117, elements={
0x00000186196cccb0, 0x00000186398a0270, 0x0000018634a14ec0, 0x0000018634a177f0,
0x0000018634a1a250, 0x0000018634a1de00, 0x0000018634a1e850, 0x0000018634a215e0,
0x0000018634a24370, 0x000001861972fe60, 0x0000018639be4eb0, 0x000001863b608850,
0x000001863b5c7130, 0x00000186398fcfc0, 0x000001863a6f7270, 0x000001863a6f78d0,
0x000001863aa9e490, 0x0000018639b133e0, 0x000001863a781060, 0x000001863a5a3e80,
0x000001863a5a58c0, 0x000001863a5a3160, 0x000001863a5a4ba0, 0x000001863a5a5f50,
0x000001863a5a2ad0, 0x000001863a5a37f0, 0x000001863a5a4510, 0x000001863b7e5100,
0x000001863b7e3030, 0x000001863b7e71d0, 0x000001863b7e64b0, 0x000001863b7e4a70,
0x000001863b7e6b40, 0x000001863b7e7860, 0x000001863b7e43e0, 0x000001863b7e7ef0,
0x000001863b7e8c10, 0x000001863b7e8580, 0x000001863b7e9930, 0x000001863b7e9fc0,
0x000001863b7ea650, 0x000001863fae0a70, 0x000001863fae1100, 0x000001863fae03e0,
0x000001863fae4580, 0x000001863fae3ef0, 0x000001863fae2b40, 0x000001863fae4c10,
0x000001863fae31d0, 0x000001863fae1e20, 0x000001863fae24b0, 0x000001863fae1790,
0x000001863fae7370, 0x000001863fae7a00, 0x000001863fae5930, 0x000001863fae52a0,
0x000001863fae6650, 0x0000018639c018d0, 0x0000018639c00bb0, 0x0000018639bff170,
0x0000018639c01240, 0x0000018639c02c80, 0x0000018639bff800, 0x0000018639c01f60,
0x0000018639c025f0, 0x0000018639bffe90, 0x0000018639c03310, 0x0000018639c039a0,
0x0000018639c00520, 0x0000018639c046c0, 0x0000018639c04030, 0x0000018639c053e0,
0x0000018639c05a70, 0x0000018639c06100, 0x0000018639c06790, 0x000001863e630ea0,
0x000001863e632f70, 0x000001863e631bc0, 0x000001863e631530, 0x000001863e632250,
0x000001863e6328e0, 0x000001863e633600, 0x000001863e630180, 0x000001863e633c90,
0x000001863e630810, 0x000001863e637110, 0x000001863e635040, 0x000001863e636a80,
0x000001863e6377a0, 0x000001863e6349b0, 0x000001863e6363f0, 0x000001863e6356d0,
0x000001863e634320, 0x000001863e635d60, 0x000001863de16580, 0x000001863de172a0,
0x000001863de16c10, 0x000001863de17930, 0x000001863de17fc0, 0x0000018640a159e0,
0x0000018640a16070, 0x0000018640a1bc50, 0x0000018640a1b5c0, 0x0000018646f9d080,
0x0000018646f9c360, 0x0000018646f9c9f0, 0x0000018646f9afb0, 0x0000018646f9f7e0,
0x0000018646fa0b90, 0x0000018646f9dda0, 0x0000018646f9d710, 0x0000018646f9eac0,
0x0000018646fa25d0, 0x0000018646fa81b0, 0x0000018646fa9bf0, 0x00000186507ecae0,
0x000001863de1adb0
}

Java Threads: ( => current thread )
  0x00000186196cccb0 JavaThread "main"                              [_thread_blocked, id=2568, stack(0x000000431f300000,0x000000431f400000) (1024K)]
  0x00000186398a0270 JavaThread "Reference Handler"          daemon [_thread_blocked, id=712, stack(0x000000431f700000,0x000000431f800000) (1024K)]
  0x0000018634a14ec0 JavaThread "Finalizer"                  daemon [_thread_blocked, id=9296, stack(0x000000431f800000,0x000000431f900000) (1024K)]
  0x0000018634a177f0 JavaThread "Signal Dispatcher"          daemon [_thread_blocked, id=5220, stack(0x000000431f900000,0x000000431fa00000) (1024K)]
  0x0000018634a1a250 JavaThread "Attach Listener"            daemon [_thread_blocked, id=9256, stack(0x000000431fa00000,0x000000431fb00000) (1024K)]
  0x0000018634a1de00 JavaThread "Service Thread"             daemon [_thread_blocked, id=3080, stack(0x000000431fb00000,0x000000431fc00000) (1024K)]
  0x0000018634a1e850 JavaThread "Monitor Deflation Thread"   daemon [_thread_blocked, id=10500, stack(0x000000431fc00000,0x000000431fd00000) (1024K)]
=>0x0000018634a215e0 JavaThread "C2 CompilerThread0"         daemon [_thread_in_native, id=5612, stack(0x000000431fd00000,0x000000431fe00000) (1024K)]
  0x0000018634a24370 JavaThread "C1 CompilerThread0"         daemon [_thread_blocked, id=11444, stack(0x000000431fe00000,0x000000431ff00000) (1024K)]
  0x000001861972fe60 JavaThread "Common-Cleaner"             daemon [_thread_blocked, id=7128, stack(0x000000431ff00000,0x0000004320000000) (1024K)]
  0x0000018639be4eb0 JavaThread "Notification Thread"        daemon [_thread_blocked, id=5216, stack(0x0000004320000000,0x0000004320100000) (1024K)]
  0x000001863b608850 JavaThread "Daemon health stats"               [_thread_blocked, id=7616, stack(0x0000004320100000,0x0000004320200000) (1024K)]
  0x000001863b5c7130 JavaThread "Incoming local TCP Connector on port 50316"        [_thread_in_native, id=13688, stack(0x0000004320500000,0x0000004320600000) (1024K)]
  0x00000186398fcfc0 JavaThread "Daemon periodic checks"            [_thread_blocked, id=4036, stack(0x0000004320600000,0x0000004320700000) (1024K)]
  0x000001863a6f7270 JavaThread "Daemon"                            [_thread_blocked, id=8220, stack(0x0000004320700000,0x0000004320800000) (1024K)]
  0x000001863a6f78d0 JavaThread "Handler for socket connection from /127.0.0.1:50316 to /127.0.0.1:50317"        [_thread_in_native, id=7396, stack(0x0000004320800000,0x0000004320900000) (1024K)]
  0x000001863aa9e490 JavaThread "Cancel handler"                    [_thread_blocked, id=7484, stack(0x0000004320900000,0x0000004320a00000) (1024K)]
  0x0000018639b133e0 JavaThread "Daemon worker"                     [_thread_blocked, id=2484, stack(0x0000004320a00000,0x0000004320b00000) (1024K)]
  0x000001863a781060 JavaThread "Asynchronous log dispatcher for DefaultDaemonConnection: socket connection from /127.0.0.1:50316 to /127.0.0.1:50317"        [_thread_blocked, id=4252, stack(0x0000004320b00000,0x0000004320c00000) (1024K)]
  0x000001863a5a3e80 JavaThread "Stdin handler"                     [_thread_blocked, id=11500, stack(0x0000004320c00000,0x0000004320d00000) (1024K)]
  0x000001863a5a58c0 JavaThread "Daemon client event forwarder"        [_thread_blocked, id=14032, stack(0x0000004320d00000,0x0000004320e00000) (1024K)]
  0x000001863a5a3160 JavaThread "Cache worker for journal cache (C:\Users\Mbongeni\.gradle\caches\journal-1)"        [_thread_blocked, id=13124, stack(0x0000004320e00000,0x0000004320f00000) (1024K)]
  0x000001863a5a4ba0 JavaThread "File lock request listener"        [_thread_in_native, id=5408, stack(0x0000004320f00000,0x0000004321000000) (1024K)]
  0x000001863a5a5f50 JavaThread "Cache worker for file hash cache (C:\Users\Mbongeni\.gradle\caches\8.14.2\fileHashes)"        [_thread_blocked, id=12172, stack(0x0000004321000000,0x0000004321100000) (1024K)]
  0x000001863a5a2ad0 JavaThread "Cache worker for file hash cache (C:\Users\Mbongeni\OneDrive\Documents\GitHub\Lost\.gradle\8.14.2\fileHashes)"        [_thread_blocked, id=8852, stack(0x0000004321200000,0x0000004321300000) (1024K)]
  0x000001863a5a37f0 JavaThread "Cache worker for checksums cache (C:\Users\Mbongeni\OneDrive\Documents\GitHub\Lost\.gradle\8.14.2\checksums)"        [_thread_blocked, id=1028, stack(0x0000004321300000,0x0000004321400000) (1024K)]
  0x000001863a5a4510 JavaThread "Cache worker for Build Output Cleanup Cache (C:\Users\Mbongeni\OneDrive\Documents\GitHub\Lost\.gradle\buildOutputCleanup)"        [_thread_blocked, id=15276, stack(0x0000004321400000,0x0000004321500000) (1024K)]
  0x000001863b7e5100 JavaThread "Cache worker for file content cache (C:\Users\Mbongeni\.gradle\caches\8.14.2\fileContent)"        [_thread_blocked, id=8984, stack(0x0000004321500000,0x0000004321600000) (1024K)]
  0x000001863b7e3030 JavaThread "File watcher server"        daemon [_thread_in_native, id=14484, stack(0x0000004321600000,0x0000004321700000) (1024K)]
  0x000001863b7e71d0 JavaThread "File watcher consumer"      daemon [_thread_blocked, id=14300, stack(0x0000004321700000,0x0000004321800000) (1024K)]
  0x000001863b7e64b0 JavaThread "gradle-enterprise-worker-0"        [_thread_in_Java, id=6968, stack(0x0000004321800000,0x0000004321900000) (1024K)]
  0x000001863b7e4a70 JavaThread "Develocity resource usage"  daemon [_thread_blocked, id=6540, stack(0x0000004321900000,0x0000004321a00000) (1024K)]
  0x000001863b7e6b40 JavaThread "JNA Cleaner"                daemon [_thread_blocked, id=8844, stack(0x0000004321100000,0x0000004321200000) (1024K)]
  0x000001863b7e7860 JavaThread "build event listener"              [_thread_blocked, id=9132, stack(0x0000004322100000,0x0000004322200000) (1024K)]
  0x000001863b7e43e0 JavaThread "build event listener"              [_thread_blocked, id=14840, stack(0x0000004322200000,0x0000004322300000) (1024K)]
  0x000001863b7e7ef0 JavaThread "build event listener"              [_thread_blocked, id=10440, stack(0x0000004321b00000,0x0000004321c00000) (1024K)]
  0x000001863b7e8c10 JavaThread "Build operations"                  [_thread_blocked, id=10136, stack(0x0000004322300000,0x0000004322400000) (1024K)]
  0x000001863b7e8580 JavaThread "Build operations Thread 2"         [_thread_blocked, id=11712, stack(0x0000004322400000,0x0000004322500000) (1024K)]
  0x000001863b7e9930 JavaThread "ForkJoinPool.commonPool-worker-1" daemon [_thread_blocked, id=5948, stack(0x0000004322700000,0x0000004322800000) (1024K)]
  0x000001863b7e9fc0 JavaThread "ForkJoinPool.commonPool-worker-2" daemon [_thread_blocked, id=6372, stack(0x0000004322800000,0x0000004322900000) (1024K)]
  0x000001863b7ea650 JavaThread "ForkJoinPool.commonPool-worker-3" daemon [_thread_blocked, id=10156, stack(0x0000004322900000,0x0000004322a00000) (1024K)]
  0x000001863fae0a70 JavaThread "Memory manager"                    [_thread_blocked, id=5732, stack(0x0000004322600000,0x0000004322700000) (1024K)]
  0x000001863fae1100 JavaThread "Resource Usage Collector SystemCpu" daemon [_thread_blocked, id=7988, stack(0x0000004322a00000,0x0000004322b00000) (1024K)]
  0x000001863fae03e0 JavaThread "Resource Usage Collector Monitoring 0" daemon [_thread_blocked, id=6312, stack(0x0000004322b00000,0x0000004322c00000) (1024K)]
  0x000001863fae4580 JavaThread "Resource Usage Collector Memory" daemon [_thread_blocked, id=2360, stack(0x0000004322c00000,0x0000004322d00000) (1024K)]
  0x000001863fae3ef0 JavaThread "Resource Usage Collector Monitoring 1" daemon [_thread_blocked, id=10552, stack(0x0000004322d00000,0x0000004322e00000) (1024K)]
  0x000001863fae2b40 JavaThread "Resource Usage Collector NetworkSpeed" daemon [_thread_blocked, id=972, stack(0x0000004322e00000,0x0000004322f00000) (1024K)]
  0x000001863fae4c10 JavaThread "Resource Usage Collector Monitoring 2" daemon [_thread_blocked, id=11292, stack(0x0000004322f00000,0x0000004323000000) (1024K)]
  0x000001863fae31d0 JavaThread "Resource Usage Collector DiskSpeed" daemon [_thread_blocked, id=14316, stack(0x0000004323000000,0x0000004323100000) (1024K)]
  0x000001863fae1e20 JavaThread "Resource Usage Collector Monitoring 3" daemon [_thread_blocked, id=14460, stack(0x0000004323100000,0x0000004323200000) (1024K)]
  0x000001863fae24b0 JavaThread "Resource Usage Collector Processes" daemon [_thread_blocked, id=2180, stack(0x0000004323200000,0x0000004323300000) (1024K)]
  0x000001863fae1790 JavaThread "Resource Usage Collector Monitoring 4" daemon [_thread_blocked, id=13664, stack(0x0000004323300000,0x0000004323400000) (1024K)]
  0x000001863fae7370 JavaThread "included builds"                   [_thread_blocked, id=6344, stack(0x000000431f000000,0x000000431f100000) (1024K)]
  0x000001863fae7a00 JavaThread "Execution worker"                  [_thread_blocked, id=2964, stack(0x0000004323400000,0x0000004323500000) (1024K)]
  0x000001863fae5930 JavaThread "Execution worker Thread 2"         [_thread_blocked, id=8924, stack(0x0000004323500000,0x0000004323600000) (1024K)]
  0x000001863fae52a0 JavaThread "Execution worker Thread 3"         [_thread_blocked, id=6356, stack(0x0000004323600000,0x0000004323700000) (1024K)]
  0x000001863fae6650 JavaThread "Cache worker for execution history cache (C:\Users\Mbongeni\OneDrive\Documents\GitHub\Lost\.gradle\8.14.2\executionHistory)"        [_thread_blocked, id=12952, stack(0x0000004323700000,0x0000004323800000) (1024K)]
  0x0000018639c018d0 JavaThread "Unconstrained build operations"        [_thread_blocked, id=9924, stack(0x0000004323800000,0x0000004323900000) (1024K)]
  0x0000018639c00bb0 JavaThread "Unconstrained build operations Thread 2"        [_thread_blocked, id=872, stack(0x0000004323900000,0x0000004323a00000) (1024K)]
  0x0000018639bff170 JavaThread "Unconstrained build operations Thread 3"        [_thread_blocked, id=2944, stack(0x0000004323a00000,0x0000004323b00000) (1024K)]
  0x0000018639c01240 JavaThread "Unconstrained build operations Thread 4"        [_thread_blocked, id=7480, stack(0x0000004323b00000,0x0000004323c00000) (1024K)]
  0x0000018639c02c80 JavaThread "Unconstrained build operations Thread 5"        [_thread_blocked, id=3864, stack(0x0000004323c00000,0x0000004323d00000) (1024K)]
  0x0000018639bff800 JavaThread "Unconstrained build operations Thread 6"        [_thread_blocked, id=8704, stack(0x0000004323d00000,0x0000004323e00000) (1024K)]
  0x0000018639c01f60 JavaThread "Unconstrained build operations Thread 7"        [_thread_blocked, id=12680, stack(0x0000004323e00000,0x0000004323f00000) (1024K)]
  0x0000018639c025f0 JavaThread "Unconstrained build operations Thread 8"        [_thread_blocked, id=14868, stack(0x0000004323f00000,0x0000004324000000) (1024K)]
  0x0000018639bffe90 JavaThread "Unconstrained build operations Thread 9"        [_thread_blocked, id=15052, stack(0x0000004324000000,0x0000004324100000) (1024K)]
  0x0000018639c03310 JavaThread "pool-2-thread-1"                   [_thread_blocked, id=3516, stack(0x0000004324100000,0x0000004324200000) (1024K)]
  0x0000018639c039a0 JavaThread "Unconstrained build operations Thread 10"        [_thread_blocked, id=8208, stack(0x0000004324200000,0x0000004324300000) (1024K)]
  0x0000018639c00520 JavaThread "Unconstrained build operations Thread 11"        [_thread_blocked, id=4928, stack(0x0000004324300000,0x0000004324400000) (1024K)]
  0x0000018639c046c0 JavaThread "Unconstrained build operations Thread 12"        [_thread_blocked, id=8244, stack(0x0000004324400000,0x0000004324500000) (1024K)]
  0x0000018639c04030 JavaThread "Unconstrained build operations Thread 13"        [_thread_blocked, id=6552, stack(0x0000004324500000,0x0000004324600000) (1024K)]
  0x0000018639c053e0 JavaThread "Unconstrained build operations Thread 14"        [_thread_blocked, id=12064, stack(0x0000004324600000,0x0000004324700000) (1024K)]
  0x0000018639c05a70 JavaThread "Unconstrained build operations Thread 15"        [_thread_blocked, id=9652, stack(0x0000004324700000,0x0000004324800000) (1024K)]
  0x0000018639c06100 JavaThread "Unconstrained build operations Thread 16"        [_thread_blocked, id=7360, stack(0x0000004324800000,0x0000004324900000) (1024K)]
  0x0000018639c06790 JavaThread "Unconstrained build operations Thread 17"        [_thread_blocked, id=14036, stack(0x0000004324900000,0x0000004324a00000) (1024K)]
  0x000001863e630ea0 JavaThread "Unconstrained build operations Thread 18"        [_thread_blocked, id=9696, stack(0x0000004324a00000,0x0000004324b00000) (1024K)]
  0x000001863e632f70 JavaThread "Unconstrained build operations Thread 19"        [_thread_blocked, id=12264, stack(0x0000004324b00000,0x0000004324c00000) (1024K)]
  0x000001863e631bc0 JavaThread "Unconstrained build operations Thread 20"        [_thread_blocked, id=744, stack(0x0000004324c00000,0x0000004324d00000) (1024K)]
  0x000001863e631530 JavaThread "Unconstrained build operations Thread 21"        [_thread_blocked, id=7164, stack(0x0000004324d00000,0x0000004324e00000) (1024K)]
  0x000001863e632250 JavaThread "Unconstrained build operations Thread 22"        [_thread_blocked, id=13908, stack(0x0000004324e00000,0x0000004324f00000) (1024K)]
  0x000001863e6328e0 JavaThread "Unconstrained build operations Thread 23"        [_thread_blocked, id=9376, stack(0x0000004324f00000,0x0000004325000000) (1024K)]
  0x000001863e633600 JavaThread "Unconstrained build operations Thread 24"        [_thread_blocked, id=8200, stack(0x0000004325000000,0x0000004325100000) (1024K)]
  0x000001863e630180 JavaThread "Unconstrained build operations Thread 25"        [_thread_blocked, id=3188, stack(0x0000004325100000,0x0000004325200000) (1024K)]
  0x000001863e633c90 JavaThread "Unconstrained build operations Thread 26"        [_thread_blocked, id=8868, stack(0x0000004325200000,0x0000004325300000) (1024K)]
  0x000001863e630810 JavaThread "Unconstrained build operations Thread 27"        [_thread_blocked, id=6420, stack(0x0000004325300000,0x0000004325400000) (1024K)]
  0x000001863e637110 JavaThread "Unconstrained build operations Thread 28"        [_thread_blocked, id=9352, stack(0x0000004325400000,0x0000004325500000) (1024K)]
  0x000001863e635040 JavaThread "Unconstrained build operations Thread 29"        [_thread_blocked, id=5056, stack(0x0000004325500000,0x0000004325600000) (1024K)]
  0x000001863e636a80 JavaThread "Unconstrained build operations Thread 30"        [_thread_blocked, id=1936, stack(0x0000004325600000,0x0000004325700000) (1024K)]
  0x000001863e6377a0 JavaThread "Unconstrained build operations Thread 31"        [_thread_blocked, id=7880, stack(0x0000004325700000,0x0000004325800000) (1024K)]
  0x000001863e6349b0 JavaThread "Unconstrained build operations Thread 32"        [_thread_blocked, id=4800, stack(0x0000004325800000,0x0000004325900000) (1024K)]
  0x000001863e6363f0 JavaThread "Unconstrained build operations Thread 33"        [_thread_blocked, id=2376, stack(0x0000004325900000,0x0000004325a00000) (1024K)]
  0x000001863e6356d0 JavaThread "Unconstrained build operations Thread 34"        [_thread_blocked, id=1752, stack(0x0000004325a00000,0x0000004325b00000) (1024K)]
  0x000001863e634320 JavaThread "Unconstrained build operations Thread 35"        [_thread_blocked, id=8644, stack(0x0000004325b00000,0x0000004325c00000) (1024K)]
  0x000001863e635d60 JavaThread "Unconstrained build operations Thread 36"        [_thread_blocked, id=14536, stack(0x0000004325c00000,0x0000004325d00000) (1024K)]
  0x000001863de16580 JavaThread "Unconstrained build operations Thread 37"        [_thread_blocked, id=1112, stack(0x0000004325d00000,0x0000004325e00000) (1024K)]
  0x000001863de172a0 JavaThread "Unconstrained build operations Thread 38"        [_thread_blocked, id=6164, stack(0x0000004325e00000,0x0000004325f00000) (1024K)]
  0x000001863de16c10 JavaThread "Unconstrained build operations Thread 39"        [_thread_blocked, id=7020, stack(0x0000004325f00000,0x0000004326000000) (1024K)]
  0x000001863de17930 JavaThread "Unconstrained build operations Thread 40"        [_thread_blocked, id=3520, stack(0x0000004326000000,0x0000004326100000) (1024K)]
  0x000001863de17fc0 JavaThread "WorkerExecutor Queue"              [_thread_in_vm, id=5032, stack(0x0000004326200000,0x0000004326300000) (1024K)]
  0x0000018640a159e0 JavaThread "Periodic tasks thread"      daemon [_thread_blocked, id=12540, stack(0x0000004322000000,0x0000004322100000) (1024K)]
  0x0000018640a16070 JavaThread "ApplicationImpl pooled thread 1" daemon [_thread_blocked, id=14776, stack(0x0000004326300000,0x0000004326400000) (1024K)]
  0x0000018640a1bc50 JavaThread "Java2D Disposer"            daemon [_thread_blocked, id=4728, stack(0x0000004326400000,0x0000004326500000) (1024K)]
  0x0000018640a1b5c0 JavaThread "AWT-Windows"                daemon [_thread_in_native, id=9808, stack(0x0000004326600000,0x0000004326700000) (1024K)]
  0x0000018646f9d080 JavaThread "WorkerExecutor Queue Thread 2"        [_thread_in_Java, id=8500, stack(0x0000004321a00000,0x0000004321b00000) (1024K)]
  0x0000018646f9c360 JavaThread "RMI Scheduler(0)"           daemon [_thread_blocked, id=12904, stack(0x0000004326500000,0x0000004326600000) (1024K)]
  0x0000018646f9c9f0 JavaThread "RMI RenewClean-[127.0.0.1:17784,org.jetbrains.kotlin.daemon.common.LoopbackNetworkInterface$ClientLoopbackSocketFactory@70c8f7de]" daemon [_thread_blocked, id=2604, stack(0x0000004326700000,0x0000004326800000) (1024K)]
  0x0000018646f9afb0 JavaThread "RMI GC Daemon"              daemon [_thread_blocked, id=7104, stack(0x0000004326800000,0x0000004326900000) (1024K)]
  0x0000018646f9f7e0 JavaThread "RMI TCP Accept-0"           daemon [_thread_in_native, id=2976, stack(0x0000004326900000,0x0000004326a00000) (1024K)]
  0x0000018646fa0b90 JavaThread "RMI Reaper"                        [_thread_blocked, id=13772, stack(0x0000004326a00000,0x0000004326b00000) (1024K)]
  0x0000018646f9dda0 JavaThread "RMI TCP Connection(idle)"   daemon [_thread_blocked, id=4220, stack(0x000000431f200000,0x000000431f300000) (1024K)]
  0x0000018646f9d710 JavaThread "Cache worker for Java compile cache (C:\Users\Mbongeni\.gradle\caches\8.14.2\javaCompile)"        [_thread_blocked, id=14264, stack(0x0000004321e00000,0x0000004321f00000) (1024K)]
  0x0000018646f9eac0 JavaThread "Build operations Thread 3"         [_thread_blocked, id=3668, stack(0x0000004326100000,0x0000004326200000) (1024K)]
  0x0000018646fa25d0 JavaThread "Build operations Thread 4"         [_thread_blocked, id=8188, stack(0x0000004326b00000,0x0000004326c00000) (1024K)]
  0x0000018646fa81b0 JavaThread "Problems report writer"            [_thread_blocked, id=14392, stack(0x0000004321d00000,0x0000004321e00000) (1024K)]
  0x0000018646fa9bf0 JavaThread "WorkerExecutor Queue Thread 3"        [_thread_blocked, id=3336, stack(0x0000004326d00000,0x0000004326e00000) (1024K)]
  0x00000186507ecae0 JavaThread "C2 CompilerThread1"         daemon [_thread_in_native, id=6004, stack(0x0000004326c00000,0x0000004326d00000) (1024K)]
  0x000001863de1adb0 JavaThread "WorkerExecutor Queue Thread 4"        [_thread_blocked, id=5060, stack(0x0000004326e00000,0x0000004326f00000) (1024K)]
Total: 117

Other Threads:
  0x00000186349c7a10 VMThread "VM Thread"                           [id=280, stack(0x000000431f600000,0x000000431f700000) (1024K)]
  0x000001863490ba00 WatcherThread "VM Periodic Task Thread"        [id=2560, stack(0x000000431f500000,0x000000431f600000) (1024K)]
  0x00000186196e3570 WorkerThread "GC Thread#0"                     [id=15204, stack(0x000000431f400000,0x000000431f500000) (1024K)]
  0x000001863a08af60 WorkerThread "GC Thread#1"                     [id=12340, stack(0x0000004320200000,0x0000004320300000) (1024K)]
  0x000001863a2f7880 WorkerThread "GC Thread#2"                     [id=2352, stack(0x0000004320300000,0x0000004320400000) (1024K)]
  0x000001863a08be70 WorkerThread "GC Thread#3"                     [id=11504, stack(0x0000004320400000,0x0000004320500000) (1024K)]
Total: 6

Threads with active compile tasks:
C2 CompilerThread0  312986 31505       4       com.gradle.scan.plugin.internal.c.o.a::d (74 bytes)
C2 CompilerThread1  312986 31506       4       com.gradle.scan.plugin.internal.c.o.a$$Lambda/0x0000000800d78220::apply (12 bytes)
Total: 2

VM state: not at safepoint (normal execution)

VM Mutex/Monitor currently owned by a thread: None

Heap address: 0x0000000700000000, size: 4096 MB, Compressed Oops mode: Zero based, Oop shift amount: 3

CDS archive(s) not mapped
Compressed class space mapped at: 0x0000000800000000-0x0000000840000000, reserved size: 1073741824
Narrow klass base: 0x0000000800000000, Narrow klass shift: 0, Narrow klass range: 0x40000000

GC Precious Log:
 CardTable entry size: 512
 CPUs: 4 total, 4 available
 Memory: 8025M
 Large Page Support: Disabled
 NUMA Support: Disabled
 Compressed Oops: Enabled (Zero based)
 Alignments: Space 512K, Generation 512K, Heap 2M
 Heap Min Capacity: 8M
 Heap Initial Capacity: 126M
 Heap Max Capacity: 4G
 Pre-touch: Disabled
 Parallel Workers: 4

Heap:
 PSYoungGen      total 747520K, used 333144K [0x00000007aab00000, 0x00000007e5280000, 0x0000000800000000)
  eden space 664576K, 43% used [0x00000007aab00000,0x00000007bc4441f0,0x00000007d3400000)
  from space 82944K, 54% used [0x00000007dae80000,0x00000007dda91fc0,0x00000007dff80000)
  to   space 125440K, 0% used [0x00000007d3400000,0x00000007d3400000,0x00000007dae80000)
 ParOldGen       total 345088K, used 344847K [0x0000000700000000, 0x0000000715100000, 0x00000007aab00000)
  object space 345088K, 99% used [0x0000000700000000,0x00000007150c3f18,0x0000000715100000)
 Metaspace       used 194865K, committed 197632K, reserved 1245184K
  class space    used 24034K, committed 25472K, reserved 1048576K

Card table byte_map: [0x000001862b820000,0x000001862c030000] _byte_map_base: 0x0000018628020000

Marking Bits: (ParMarkBitMap*) 0x00007ff955693300
 Begin Bits: [0x000001862c030000, 0x0000018630030000)
 End Bits:   [0x0000018630030000, 0x0000018634030000)

Polling page: 0x0000018617770000

Metaspace:

Usage:
  Non-class:    166.83 MB used.
      Class:     23.47 MB used.
       Both:    190.30 MB used.

Virtual space:
  Non-class space:      192.00 MB reserved,     168.12 MB ( 88%) committed,  3 nodes.
      Class space:        1.00 GB reserved,      24.88 MB (  2%) committed,  1 nodes.
             Both:        1.19 GB reserved,     193.00 MB ( 16%) committed. 

Chunk freelists:
   Non-Class:  7.78 MB
       Class:  7.03 MB
        Both:  14.81 MB

MaxMetaspaceSize: unlimited
CompressedClassSpaceSize: 1.00 GB
Initial GC threshold: 21.00 MB
Current GC threshold: 292.00 MB
CDS: off
 - commit_granule_bytes: 65536.
 - commit_granule_words: 8192.
 - virtual_space_node_default_size: 8388608.
 - enlarge_chunks_in_place: 1.
 - use_allocation_guard: 0.


Internal statistics:

num_allocs_failed_limit: 12.
num_arena_births: 5712.
num_arena_deaths: 8.
num_vsnodes_births: 4.
num_vsnodes_deaths: 0.
num_space_committed: 3100.
num_space_uncommitted: 10.
num_chunks_returned_to_freelist: 84.
num_chunks_taken_from_freelist: 14864.
num_chunk_merges: 31.
num_chunk_splits: 9492.
num_chunks_enlarged: 5618.
num_inconsistent_stats: 0.

CodeHeap 'non-profiled nmethods': size=120000Kb used=22328Kb max_used=22328Kb free=97672Kb
 bounds [0x00000186242f0000, 0x00000186258c0000, 0x000001862b820000]
CodeHeap 'profiled nmethods': size=120000Kb used=63684Kb max_used=63684Kb free=56315Kb
 bounds [0x000001861c820000, 0x0000018620660000, 0x0000018623d50000]
CodeHeap 'non-nmethods': size=5760Kb used=2113Kb max_used=2196Kb free=3646Kb
 bounds [0x0000018623d50000, 0x0000018623fc0000, 0x00000186242f0000]
 total_blobs=27350 nmethods=26110 adapters=1144
 compilation: enabled
              stopped_count=0, restarted_count=0
 full_count=0

Compilation events (20 events):
Event: 312.700 Thread 0x0000018634a24370 31496       3       com.android.tools.profgen.MutablePrefixTree::firstOrNull (78 bytes)
Event: 312.701 Thread 0x0000018634a24370 nmethod 31496 0x000001862064e190 code [0x000001862064e4a0, 0x000001862064f3a0]
Event: 312.708 Thread 0x0000018634a24370 31497       3       kotlin.io.ByteStreamsKt::readBytes (47 bytes)
Event: 312.709 Thread 0x0000018634a24370 nmethod 31497 0x000001862064f910 code [0x000001862064fba0, 0x0000018620650678]
Event: 312.709 Thread 0x0000018634a24370 31499       3       kotlin.io.ByteStreamsKt::copyTo (60 bytes)
Event: 312.710 Thread 0x00000186507ecae0 31501       4       kotlin.coroutines.jvm.internal.BaseContinuationImpl::releaseIntercepted (1 bytes)
Event: 312.710 Thread 0x0000018634a24370 nmethod 31499 0x0000018620650a90 code [0x0000018620650d60, 0x0000018620651b88]
Event: 312.710 Thread 0x0000018634a24370 31500       3       com.android.tools.profgen.HumanReadableProfile::fuzzyMatch (37 bytes)
Event: 312.710 Thread 0x00000186507ecae0 nmethod 31501 0x00000186258bd310 code [0x00000186258bd4a0, 0x00000186258bd528]
Event: 312.710 Thread 0x0000018634a24370 nmethod 31500 0x0000018620652090 code [0x0000018620652280, 0x00000186206526f0]
Event: 312.710 Thread 0x0000018634a24370 31498       3       kotlin.io.ByteStreamsKt::copyTo$default (17 bytes)
Event: 312.711 Thread 0x0000018634a24370 nmethod 31498 0x0000018620652890 code [0x0000018620652a40, 0x0000018620652b90]
Event: 312.713 Thread 0x0000018634a215e0 31502       4       java.lang.Character::hashCode (8 bytes)
Event: 312.714 Thread 0x0000018634a215e0 nmethod 31502 0x00000186258bd610 code [0x00000186258bd7a0, 0x00000186258bd830]
Event: 312.720 Thread 0x0000018634a215e0 31503       4       kotlin.sequences.SequenceScope::yieldAll (47 bytes)
Event: 312.721 Thread 0x0000018634a215e0 nmethod 31503 0x00000186258bd910 code [0x00000186258bdaa0, 0x00000186258bdbb0]
Event: 312.721 Thread 0x00000186507ecae0 31504       4       java.lang.Character::equals (29 bytes)
Event: 312.723 Thread 0x00000186507ecae0 nmethod 31504 0x00000186258bdd10 code [0x00000186258bdea0, 0x00000186258bdf70]
Event: 312.733 Thread 0x0000018634a215e0 31505       4       com.gradle.scan.plugin.internal.c.o.a::d (74 bytes)
Event: 312.734 Thread 0x00000186507ecae0 31506       4       com.gradle.scan.plugin.internal.c.o.a$$Lambda/0x0000000800d78220::apply (12 bytes)

GC Heap History (20 events):
Event: 50.570 GC heap before
{Heap before GC invocations=33 (full 4):
 PSYoungGen      total 289280K, used 273408K [0x00000007aab00000, 0x00000007bd500000, 0x0000000800000000)
  eden space 273408K, 100% used [0x00000007aab00000,0x00000007bb600000,0x00000007bb600000)
  from space 15872K, 0% used [0x00000007bc580000,0x00000007bc580000,0x00000007bd500000)
  to   space 15872K, 0% used [0x00000007bb600000,0x00000007bb600000,0x00000007bc580000)
 ParOldGen       total 105984K, used 103223K [0x0000000700000000, 0x0000000706780000, 0x00000007aab00000)
  object space 105984K, 97% used [0x0000000700000000,0x00000007064cdf18,0x0000000706780000)
 Metaspace       used 108645K, committed 110976K, reserved 1179648K
  class space    used 14284K, committed 15488K, reserved 1048576K
}
Event: 50.616 GC heap after
{Heap after GC invocations=33 (full 4):
 PSYoungGen      total 289280K, used 15865K [0x00000007aab00000, 0x00000007c4b00000, 0x0000000800000000)
  eden space 273408K, 0% used [0x00000007aab00000,0x00000007aab00000,0x00000007bb600000)
  from space 15872K, 99% used [0x00000007bb600000,0x00000007bc57e650,0x00000007bc580000)
  to   space 21504K, 0% used [0x00000007c3600000,0x00000007c3600000,0x00000007c4b00000)
 ParOldGen       total 112640K, used 112624K [0x0000000700000000, 0x0000000706e00000, 0x00000007aab00000)
  object space 112640K, 99% used [0x0000000700000000,0x0000000706dfc278,0x0000000706e00000)
 Metaspace       used 108645K, committed 110976K, reserved 1179648K
  class space    used 14284K, committed 15488K, reserved 1048576K
}
Event: 61.392 GC heap before
{Heap before GC invocations=34 (full 4):
 PSYoungGen      total 289280K, used 289273K [0x00000007aab00000, 0x00000007c4b00000, 0x0000000800000000)
  eden space 273408K, 100% used [0x00000007aab00000,0x00000007bb600000,0x00000007bb600000)
  from space 15872K, 99% used [0x00000007bb600000,0x00000007bc57e650,0x00000007bc580000)
  to   space 21504K, 0% used [0x00000007c3600000,0x00000007c3600000,0x00000007c4b00000)
 ParOldGen       total 112640K, used 112624K [0x0000000700000000, 0x0000000706e00000, 0x00000007aab00000)
  object space 112640K, 99% used [0x0000000700000000,0x0000000706dfc278,0x0000000706e00000)
 Metaspace       used 130068K, committed 132608K, reserved 1179648K
  class space    used 17001K, committed 18368K, reserved 1048576K
}
Event: 61.528 GC heap after
{Heap after GC invocations=34 (full 4):
 PSYoungGen      total 381952K, used 21485K [0x00000007aab00000, 0x00000007c7700000, 0x0000000800000000)
  eden space 360448K, 0% used [0x00000007aab00000,0x00000007aab00000,0x00000007c0b00000)
  from space 21504K, 99% used [0x00000007c3600000,0x00000007c4afb448,0x00000007c4b00000)
  to   space 44032K, 0% used [0x00000007c0b00000,0x00000007c0b00000,0x00000007c3600000)
 ParOldGen       total 164352K, used 164162K [0x0000000700000000, 0x000000070a080000, 0x00000007aab00000)
  object space 164352K, 99% used [0x0000000700000000,0x000000070a050a68,0x000000070a080000)
 Metaspace       used 130068K, committed 132608K, reserved 1179648K
  class space    used 17001K, committed 18368K, reserved 1048576K
}
Event: 69.724 GC heap before
{Heap before GC invocations=35 (full 4):
 PSYoungGen      total 381952K, used 381933K [0x00000007aab00000, 0x00000007c7700000, 0x0000000800000000)
  eden space 360448K, 100% used [0x00000007aab00000,0x00000007c0b00000,0x00000007c0b00000)
  from space 21504K, 99% used [0x00000007c3600000,0x00000007c4afb448,0x00000007c4b00000)
  to   space 44032K, 0% used [0x00000007c0b00000,0x00000007c0b00000,0x00000007c3600000)
 ParOldGen       total 164352K, used 164162K [0x0000000700000000, 0x000000070a080000, 0x00000007aab00000)
  object space 164352K, 99% used [0x0000000700000000,0x000000070a050a68,0x000000070a080000)
 Metaspace       used 156840K, committed 159296K, reserved 1245184K
  class space    used 19922K, committed 21248K, reserved 1048576K
}
Event: 69.878 GC heap after
{Heap after GC invocations=35 (full 4):
 PSYoungGen      total 404480K, used 44025K [0x00000007aab00000, 0x00000007d1800000, 0x0000000800000000)
  eden space 360448K, 0% used [0x00000007aab00000,0x00000007aab00000,0x00000007c0b00000)
  from space 44032K, 99% used [0x00000007c0b00000,0x00000007c35fe618,0x00000007c3600000)
  to   space 65536K, 0% used [0x00000007cd800000,0x00000007cd800000,0x00000007d1800000)
 ParOldGen       total 201216K, used 200985K [0x0000000700000000, 0x000000070c480000, 0x00000007aab00000)
  object space 201216K, 99% used [0x0000000700000000,0x000000070c446568,0x000000070c480000)
 Metaspace       used 156840K, committed 159296K, reserved 1245184K
  class space    used 19922K, committed 21248K, reserved 1048576K
}
Event: 70.874 GC heap before
{Heap before GC invocations=36 (full 4):
 PSYoungGen      total 404480K, used 69304K [0x00000007aab00000, 0x00000007d1800000, 0x0000000800000000)
  eden space 360448K, 7% used [0x00000007aab00000,0x00000007ac3afca8,0x00000007c0b00000)
  from space 44032K, 99% used [0x00000007c0b00000,0x00000007c35fe618,0x00000007c3600000)
  to   space 65536K, 0% used [0x00000007cd800000,0x00000007cd800000,0x00000007d1800000)
 ParOldGen       total 201216K, used 200985K [0x0000000700000000, 0x000000070c480000, 0x00000007aab00000)
  object space 201216K, 99% used [0x0000000700000000,0x000000070c446568,0x000000070c480000)
 Metaspace       used 159438K, committed 161920K, reserved 1245184K
  class space    used 20244K, committed 21568K, reserved 1048576K
}
Event: 70.935 GC heap after
{Heap after GC invocations=36 (full 4):
 PSYoungGen      total 568320K, used 3331K [0x00000007aab00000, 0x00000007d1600000, 0x0000000800000000)
  eden space 504832K, 0% used [0x00000007aab00000,0x00000007aab00000,0x00000007c9800000)
  from space 63488K, 5% used [0x00000007cd800000,0x00000007cdb40c20,0x00000007d1600000)
  to   space 64512K, 0% used [0x00000007c9800000,0x00000007c9800000,0x00000007cd700000)
 ParOldGen       total 237568K, used 237114K [0x0000000700000000, 0x000000070e800000, 0x00000007aab00000)
  object space 237568K, 99% used [0x0000000700000000,0x000000070e78eb68,0x000000070e800000)
 Metaspace       used 159438K, committed 161920K, reserved 1245184K
  class space    used 20244K, committed 21568K, reserved 1048576K
}
Event: 70.935 GC heap before
{Heap before GC invocations=37 (full 5):
 PSYoungGen      total 568320K, used 3331K [0x00000007aab00000, 0x00000007d1600000, 0x0000000800000000)
  eden space 504832K, 0% used [0x00000007aab00000,0x00000007aab00000,0x00000007c9800000)
  from space 63488K, 5% used [0x00000007cd800000,0x00000007cdb40c20,0x00000007d1600000)
  to   space 64512K, 0% used [0x00000007c9800000,0x00000007c9800000,0x00000007cd700000)
 ParOldGen       total 237568K, used 237114K [0x0000000700000000, 0x000000070e800000, 0x00000007aab00000)
  object space 237568K, 99% used [0x0000000700000000,0x000000070e78eb68,0x000000070e800000)
 Metaspace       used 159438K, committed 161920K, reserved 1245184K
  class space    used 20244K, committed 21568K, reserved 1048576K
}
Event: 71.792 GC heap after
{Heap after GC invocations=37 (full 5):
 PSYoungGen      total 568320K, used 0K [0x00000007aab00000, 0x00000007d1600000, 0x0000000800000000)
  eden space 504832K, 0% used [0x00000007aab00000,0x00000007aab00000,0x00000007c9800000)
  from space 63488K, 0% used [0x00000007cd800000,0x00000007cd800000,0x00000007d1600000)
  to   space 64512K, 0% used [0x00000007c9800000,0x00000007c9800000,0x00000007cd700000)
 ParOldGen       total 237568K, used 228227K [0x0000000700000000, 0x000000070e800000, 0x00000007aab00000)
  object space 237568K, 96% used [0x0000000700000000,0x000000070dee0c38,0x000000070e800000)
 Metaspace       used 159438K, committed 161920K, reserved 1245184K
  class space    used 20244K, committed 21568K, reserved 1048576K
}
Event: 110.889 GC heap before
{Heap before GC invocations=38 (full 5):
 PSYoungGen      total 568320K, used 504832K [0x00000007aab00000, 0x00000007d1600000, 0x0000000800000000)
  eden space 504832K, 100% used [0x00000007aab00000,0x00000007c9800000,0x00000007c9800000)
  from space 63488K, 0% used [0x00000007cd800000,0x00000007cd800000,0x00000007d1600000)
  to   space 64512K, 0% used [0x00000007c9800000,0x00000007c9800000,0x00000007cd700000)
 ParOldGen       total 237568K, used 228227K [0x0000000700000000, 0x000000070e800000, 0x00000007aab00000)
  object space 237568K, 96% used [0x0000000700000000,0x000000070dee0c38,0x000000070e800000)
 Metaspace       used 177263K, committed 179904K, reserved 1245184K
  class space    used 22180K, committed 23616K, reserved 1048576K
}
Event: 111.090 GC heap after
{Heap after GC invocations=38 (full 5):
 PSYoungGen      total 569344K, used 64500K [0x00000007aab00000, 0x00000007dff80000, 0x0000000800000000)
  eden space 504832K, 0% used [0x00000007aab00000,0x00000007aab00000,0x00000007c9800000)
  from space 64512K, 99% used [0x00000007c9800000,0x00000007cd6fd088,0x00000007cd700000)
  to   space 82944K, 0% used [0x00000007dae80000,0x00000007dae80000,0x00000007dff80000)
 ParOldGen       total 245248K, used 245229K [0x0000000700000000, 0x000000070ef80000, 0x00000007aab00000)
  object space 245248K, 99% used [0x0000000700000000,0x000000070ef7b788,0x000000070ef80000)
 Metaspace       used 177263K, committed 179904K, reserved 1245184K
  class space    used 22180K, committed 23616K, reserved 1048576K
}
Event: 196.355 GC heap before
{Heap before GC invocations=39 (full 5):
 PSYoungGen      total 569344K, used 569332K [0x00000007aab00000, 0x00000007dff80000, 0x0000000800000000)
  eden space 504832K, 100% used [0x00000007aab00000,0x00000007c9800000,0x00000007c9800000)
  from space 64512K, 99% used [0x00000007c9800000,0x00000007cd6fd088,0x00000007cd700000)
  to   space 82944K, 0% used [0x00000007dae80000,0x00000007dae80000,0x00000007dff80000)
 ParOldGen       total 245248K, used 245229K [0x0000000700000000, 0x000000070ef80000, 0x00000007aab00000)
  object space 245248K, 99% used [0x0000000700000000,0x000000070ef7b788,0x000000070ef80000)
 Metaspace       used 177429K, committed 180096K, reserved 1245184K
  class space    used 22203K, committed 23680K, reserved 1048576K
}
Event: 196.901 GC heap after
{Heap after GC invocations=39 (full 5):
 PSYoungGen      total 747520K, used 82912K [0x00000007aab00000, 0x00000007e5280000, 0x0000000800000000)
  eden space 664576K, 0% used [0x00000007aab00000,0x00000007aab00000,0x00000007d3400000)
  from space 82944K, 99% used [0x00000007dae80000,0x00000007dff78010,0x00000007dff80000)
  to   space 125440K, 0% used [0x00000007d3400000,0x00000007d3400000,0x00000007dae80000)
 ParOldGen       total 320000K, used 319647K [0x0000000700000000, 0x0000000713880000, 0x00000007aab00000)
  object space 320000K, 99% used [0x0000000700000000,0x0000000713827f68,0x0000000713880000)
 Metaspace       used 177429K, committed 180096K, reserved 1245184K
  class space    used 22203K, committed 23680K, reserved 1048576K
}
Event: 283.851 GC heap before
{Heap before GC invocations=40 (full 5):
 PSYoungGen      total 747520K, used 651710K [0x00000007aab00000, 0x00000007e5280000, 0x0000000800000000)
  eden space 664576K, 85% used [0x00000007aab00000,0x00000007cd677838,0x00000007d3400000)
  from space 82944K, 99% used [0x00000007dae80000,0x00000007dff78010,0x00000007dff80000)
  to   space 125440K, 0% used [0x00000007d3400000,0x00000007d3400000,0x00000007dae80000)
 ParOldGen       total 320000K, used 319647K [0x0000000700000000, 0x0000000713880000, 0x00000007aab00000)
  object space 320000K, 99% used [0x0000000700000000,0x0000000713827f68,0x0000000713880000)
 Metaspace       used 177689K, committed 180416K, reserved 1245184K
  class space    used 22218K, committed 23680K, reserved 1048576K
}
Event: 284.324 GC heap after
{Heap after GC invocations=40 (full 5):
 PSYoungGen      total 790016K, used 117293K [0x00000007aab00000, 0x00000007e5280000, 0x0000000800000000)
  eden space 664576K, 0% used [0x00000007aab00000,0x00000007aab00000,0x00000007d3400000)
  from space 125440K, 93% used [0x00000007d3400000,0x00000007da68b450,0x00000007dae80000)
  to   space 82944K, 0% used [0x00000007dae80000,0x00000007dae80000,0x00000007dff80000)
 ParOldGen       total 345088K, used 344615K [0x0000000700000000, 0x0000000715100000, 0x00000007aab00000)
  object space 345088K, 99% used [0x0000000700000000,0x0000000715089f78,0x0000000715100000)
 Metaspace       used 177689K, committed 180416K, reserved 1245184K
  class space    used 22218K, committed 23680K, reserved 1048576K
}
Event: 284.324 GC heap before
{Heap before GC invocations=41 (full 6):
 PSYoungGen      total 790016K, used 117293K [0x00000007aab00000, 0x00000007e5280000, 0x0000000800000000)
  eden space 664576K, 0% used [0x00000007aab00000,0x00000007aab00000,0x00000007d3400000)
  from space 125440K, 93% used [0x00000007d3400000,0x00000007da68b450,0x00000007dae80000)
  to   space 82944K, 0% used [0x00000007dae80000,0x00000007dae80000,0x00000007dff80000)
 ParOldGen       total 345088K, used 344615K [0x0000000700000000, 0x0000000715100000, 0x00000007aab00000)
  object space 345088K, 99% used [0x0000000700000000,0x0000000715089f78,0x0000000715100000)
 Metaspace       used 177689K, committed 180416K, reserved 1245184K
  class space    used 22218K, committed 23680K, reserved 1048576K
}
Event: 288.971 GC heap after
{Heap after GC invocations=41 (full 6):
 PSYoungGen      total 790016K, used 10713K [0x00000007aab00000, 0x00000007e5280000, 0x0000000800000000)
  eden space 664576K, 0% used [0x00000007aab00000,0x00000007aab00000,0x00000007d3400000)
  from space 125440K, 8% used [0x00000007d3400000,0x00000007d3e76698,0x00000007dae80000)
  to   space 82944K, 0% used [0x00000007dae80000,0x00000007dae80000,0x00000007dff80000)
 ParOldGen       total 345088K, used 344823K [0x0000000700000000, 0x0000000715100000, 0x00000007aab00000)
  object space 345088K, 99% used [0x0000000700000000,0x00000007150bdf18,0x0000000715100000)
 Metaspace       used 176089K, committed 179392K, reserved 1245184K
  class space    used 22079K, committed 23680K, reserved 1048576K
}
Event: 309.612 GC heap before
{Heap before GC invocations=42 (full 6):
 PSYoungGen      total 790016K, used 675289K [0x00000007aab00000, 0x00000007e5280000, 0x0000000800000000)
  eden space 664576K, 100% used [0x00000007aab00000,0x00000007d3400000,0x00000007d3400000)
  from space 125440K, 8% used [0x00000007d3400000,0x00000007d3e76698,0x00000007dae80000)
  to   space 82944K, 0% used [0x00000007dae80000,0x00000007dae80000,0x00000007dff80000)
 ParOldGen       total 345088K, used 344823K [0x0000000700000000, 0x0000000715100000, 0x00000007aab00000)
  object space 345088K, 99% used [0x0000000700000000,0x00000007150bdf18,0x0000000715100000)
 Metaspace       used 190567K, committed 193280K, reserved 1245184K
  class space    used 23626K, committed 25088K, reserved 1048576K
}
Event: 309.862 GC heap after
{Heap after GC invocations=42 (full 6):
 PSYoungGen      total 747520K, used 45127K [0x00000007aab00000, 0x00000007e5280000, 0x0000000800000000)
  eden space 664576K, 0% used [0x00000007aab00000,0x00000007aab00000,0x00000007d3400000)
  from space 82944K, 54% used [0x00000007dae80000,0x00000007dda91fc0,0x00000007dff80000)
  to   space 125440K, 0% used [0x00000007d3400000,0x00000007d3400000,0x00000007dae80000)
 ParOldGen       total 345088K, used 344847K [0x0000000700000000, 0x0000000715100000, 0x00000007aab00000)
  object space 345088K, 99% used [0x0000000700000000,0x00000007150c3f18,0x0000000715100000)
 Metaspace       used 190567K, committed 193280K, reserved 1245184K
  class space    used 23626K, committed 25088K, reserved 1048576K
}

Dll operation events (4 events):
Event: 0.033 Loaded shared library C:\Program Files\Android\Android Studio1\jbr\bin\java.dll
Event: 0.042 Loaded shared library C:\Program Files\Android\Android Studio1\jbr\bin\zip.dll
Event: 2.823 Loaded shared library C:\Program Files\Android\Android Studio1\jbr\bin\verify.dll
Event: 288.996 Unloaded dll "C:\Users\Mbongeni\AppData\Local\Temp\sqlite-3.41.2.2-96bfeeb7-06bd-463b-bfc8-37d5fb3702f7-sqlitejdbc.dll" [0x00007ff9549a0000]

Deoptimization events (20 events):
Event: 312.602 Thread 0x000001863de17fc0 DEOPT PACKING pc=0x00000186255b1f60 sp=0x00000043262fc210
Event: 312.602 Thread 0x000001863de17fc0 DEOPT UNPACKING pc=0x0000018623da3aa2 sp=0x00000043262fc1b8 mode 2
Event: 312.621 Thread 0x000001863de17fc0 Uncommon trap: trap_request=0xffffffde fr.pc=0x00000186255b1f60 relative=0x0000000000000280
Event: 312.621 Thread 0x000001863de17fc0 Uncommon trap: reason=class_check action=maybe_recompile pc=0x00000186255b1f60 method=java.util.concurrent.locks.AbstractQueuedSynchronizer.acquireShared(I)V @ 2 c2
Event: 312.621 Thread 0x000001863de17fc0 DEOPT PACKING pc=0x00000186255b1f60 sp=0x00000043262fc180
Event: 312.621 Thread 0x000001863de17fc0 DEOPT UNPACKING pc=0x0000018623da3aa2 sp=0x00000043262fc128 mode 2
Event: 312.622 Thread 0x000001863de17fc0 Uncommon trap: trap_request=0xffffff45 fr.pc=0x00000186247161ac relative=0x00000000000000ec
Event: 312.622 Thread 0x000001863de17fc0 Uncommon trap: reason=unstable_if action=reinterpret pc=0x00000186247161ac method=java.security.SecureClassLoader$CodeSourceKey.hashCode()I @ 9 c2
Event: 312.622 Thread 0x000001863de17fc0 DEOPT PACKING pc=0x00000186247161ac sp=0x00000043262fa410
Event: 312.622 Thread 0x000001863de17fc0 DEOPT UNPACKING pc=0x0000018623da3aa2 sp=0x00000043262fa3a0 mode 2
Event: 312.622 Thread 0x000001863de17fc0 Uncommon trap: trap_request=0xffffff45 fr.pc=0x0000018624620a84 relative=0x0000000000001f44
Event: 312.622 Thread 0x000001863de17fc0 Uncommon trap: reason=unstable_if action=reinterpret pc=0x0000018624620a84 method=java.lang.ClassLoader.defineClassSourceLocation(Ljava/security/ProtectionDomain;)Ljava/lang/String; @ 15 c2
Event: 312.622 Thread 0x000001863de17fc0 DEOPT PACKING pc=0x0000018624620a84 sp=0x00000043262fa4f0
Event: 312.622 Thread 0x000001863de17fc0 DEOPT UNPACKING pc=0x0000018623da3aa2 sp=0x00000043262fa410 mode 2
Event: 312.635 Thread 0x000001863de17fc0 Uncommon trap: trap_request=0xffffff66 fr.pc=0x0000018625207d8c relative=0x000000000000006c
Event: 312.635 Thread 0x000001863de17fc0 Uncommon trap: reason=speculate_class_check action=maybe_recompile pc=0x0000018625207d8c method=java.lang.invoke.Invokers$Holder.linkToTargetMethod(Ljava/lang/Object;ILjava/lang/Object;)Ljava/lang/Object; @ 1 c2
Event: 312.635 Thread 0x000001863de17fc0 DEOPT PACKING pc=0x0000018625207d8c sp=0x00000043262fe4b0
Event: 312.635 Thread 0x000001863de17fc0 DEOPT UNPACKING pc=0x0000018623da3aa2 sp=0x00000043262fe438 mode 2
Event: 312.636 Thread 0x000001863de17fc0 DEOPT PACKING pc=0x000001861e4584bb sp=0x00000043262fdf00
Event: 312.636 Thread 0x000001863de17fc0 DEOPT UNPACKING pc=0x0000018623da4242 sp=0x00000043262fd438 mode 0

Classes loaded (20 events):
Event: 312.579 Loading class jdk/jfr/Recording
Event: 312.580 Loading class jdk/jfr/Recording done
Event: 312.580 Loading class javax/management/NotificationFilter
Event: 312.580 Loading class javax/management/NotificationFilter done
Event: 312.580 Loading class javax/management/ListenerNotFoundException
Event: 312.580 Loading class javax/management/ListenerNotFoundException done
Event: 312.580 Loading class jdk/jfr/FlightRecorder
Event: 312.581 Loading class jdk/jfr/FlightRecorder done
Event: 312.581 Loading class jdk/management/jfr/FlightRecorderMXBeanImpl$MXBeanListener
Event: 312.581 Loading class jdk/jfr/FlightRecorderListener
Event: 312.581 Loading class jdk/jfr/FlightRecorderListener done
Event: 312.581 Loading class jdk/management/jfr/FlightRecorderMXBeanImpl$MXBeanListener done
Event: 312.605 Loading class com/sun/jmx/mbeanserver/StandardMBeanSupport
Event: 312.605 Loading class com/sun/jmx/mbeanserver/StandardMBeanSupport done
Event: 312.605 Loading class com/sun/jmx/mbeanserver/StandardMBeanIntrospector
Event: 312.605 Loading class com/sun/jmx/mbeanserver/StandardMBeanIntrospector done
Event: 312.621 Loading class sun/reflect/misc/MethodUtil
Event: 312.622 Loading class sun/reflect/misc/MethodUtil done
Event: 312.622 Loading class sun/reflect/misc/MethodUtil$1
Event: 312.622 Loading class sun/reflect/misc/MethodUtil$1 done

Classes unloaded (20 events):
Event: 285.212 Thread 0x00000186349c7a10 Unloading class 0x000000080136ed30 'androidx/room/compiler/processing/ksp/KspProcessingEnv$jvmVersion$2'
Event: 285.212 Thread 0x00000186349c7a10 Unloading class 0x000000080136e8d0 'androidx/room/compiler/processing/XProcessingEnv$Platform'
Event: 285.212 Thread 0x00000186349c7a10 Unloading class 0x000000080136e678 'androidx/room/compiler/processing/ksp/KspProcessingEnv$jvmPlatformInfo$2'
Event: 285.212 Thread 0x00000186349c7a10 Unloading class 0x000000080136e218 'androidx/room/compiler/processing/XProcessingEnv$Backend'
Event: 285.212 Thread 0x00000186349c7a10 Unloading class 0x000000080136e000 'androidx/room/compiler/processing/XProcessingEnv$Companion'
Event: 285.212 Thread 0x00000186349c7a10 Unloading class 0x000000080136dae0 'androidx/room/compiler/processing/ksp/KspProcessingEnv'
Event: 285.212 Thread 0x00000186349c7a10 Unloading class 0x000000080136d8d0 'androidx/room/compiler/processing/XProcessingEnv'
Event: 285.212 Thread 0x00000186349c7a10 Unloading class 0x000000080136d678 'androidx/room/compiler/processing/ksp/KspBasicAnnotationProcessor$DelegateLogger'
Event: 285.212 Thread 0x00000186349c7a10 Unloading class 0x000000080136d210 'androidx/room/processor/Context$BooleanProcessorOptions'
Event: 285.212 Thread 0x00000186349c7a10 Unloading class 0x000000080136cff0 'androidx/room/compiler/processing/XProcessingEnvConfig$Builder'
Event: 285.212 Thread 0x00000186349c7a10 Unloading class 0x000000080136cdd8 'androidx/room/compiler/processing/XProcessingEnvConfig$Companion'
Event: 285.212 Thread 0x00000186349c7a10 Unloading class 0x000000080136cbc0 'androidx/room/compiler/processing/XProcessingEnvConfig'
Event: 285.212 Thread 0x00000186349c7a10 Unloading class 0x000000080136c9a8 'androidx/room/DatabaseProcessingStep$Companion'
Event: 285.213 Thread 0x00000186349c7a10 Unloading class 0x000000080136c750 'androidx/room/DatabaseProcessingStep'
Event: 285.213 Thread 0x00000186349c7a10 Unloading class 0x000000080136c540 'androidx/room/compiler/processing/XProcessingStep'
Event: 285.213 Thread 0x00000186349c7a10 Unloading class 0x000000080136c2a0 'androidx/room/RoomKspProcessor'
Event: 285.213 Thread 0x00000186349c7a10 Unloading class 0x000000080136c000 'androidx/room/compiler/processing/ksp/KspBasicAnnotationProcessor'
Event: 285.213 Thread 0x00000186349c7a10 Unloading class 0x0000000800eb1460 'androidx/room/compiler/processing/XBasicAnnotationProcessor'
Event: 285.213 Thread 0x00000186349c7a10 Unloading class 0x0000000800eb1230 'com/bumptech/glide/annotation/ksp/GlideSymbolProcessorProvider'
Event: 285.213 Thread 0x00000186349c7a10 Unloading class 0x0000000800eb1000 'androidx/room/RoomKspProcessor$Provider'

Classes redefined (0 events):
No events

Internal exceptions (20 events):
Event: 308.599 Thread 0x000001863fae7a00 Exception <a 'sun/nio/fs/WindowsException'{0x00000007d16de4f8}> (0x00000007d16de4f8) 
thrown [s\src\hotspot\share\prims\jni.cpp, line 535]
Event: 308.631 Thread 0x000001863fae7a00 Exception <a 'sun/nio/fs/WindowsException'{0x00000007d17076a0}> (0x00000007d17076a0) 
thrown [s\src\hotspot\share\prims\jni.cpp, line 535]
Event: 308.660 Thread 0x000001863fae7a00 Exception <a 'sun/nio/fs/WindowsException'{0x00000007d174a108}> (0x00000007d174a108) 
thrown [s\src\hotspot\share\prims\jni.cpp, line 535]
Event: 310.206 Thread 0x000001863a5a58c0 Exception <a 'java/lang/NoSuchMethodError'{0x00000007ab5de280}: static Lorg/gradle/internal/build/event/types/DefaultJavaCompileTaskSuccessResult;.<clinit>()V> (0x00000007ab5de280) 
thrown [s\src\hotspot\share\prims\jni.cpp, line 1139]
Event: 310.231 Thread 0x000001863fae7a00 Exception <a 'sun/nio/fs/WindowsException'{0x00000007aad52f98}> (0x00000007aad52f98) 
thrown [s\src\hotspot\share\prims\jni.cpp, line 535]
Event: 310.913 Thread 0x000001863fae7370 Exception <a 'sun/nio/fs/WindowsException'{0x00000007ae877248}> (0x00000007ae877248) 
thrown [s\src\hotspot\share\prims\jni.cpp, line 535]
Event: 311.028 Thread 0x000001863fae5930 Exception <a 'sun/nio/fs/WindowsException'{0x00000007aecb82f8}> (0x00000007aecb82f8) 
thrown [s\src\hotspot\share\prims\jni.cpp, line 535]
Event: 311.032 Thread 0x000001863fae5930 Exception <a 'sun/nio/fs/WindowsException'{0x00000007aecb98e8}> (0x00000007aecb98e8) 
thrown [s\src\hotspot\share\prims\jni.cpp, line 535]
Event: 311.039 Thread 0x000001863fae5930 Exception <a 'sun/nio/fs/WindowsException'{0x00000007aecbaec0}> (0x00000007aecbaec0) 
thrown [s\src\hotspot\share\prims\jni.cpp, line 535]
Event: 311.053 Thread 0x000001863fae5930 Exception <a 'sun/nio/fs/WindowsException'{0x00000007aecbc3f0}> (0x00000007aecbc3f0) 
thrown [s\src\hotspot\share\prims\jni.cpp, line 535]
Event: 311.122 Thread 0x000001863fae52a0 Exception <a 'sun/nio/fs/WindowsException'{0x00000007af3e14d0}> (0x00000007af3e14d0) 
thrown [s\src\hotspot\share\prims\jni.cpp, line 535]
Event: 311.128 Thread 0x000001863fae52a0 Exception <a 'sun/nio/fs/WindowsException'{0x00000007af3e29c0}> (0x00000007af3e29c0) 
thrown [s\src\hotspot\share\prims\jni.cpp, line 535]
Event: 311.714 Thread 0x000001863fae52a0 Exception <a 'sun/nio/fs/WindowsException'{0x00000007b1b35118}> (0x00000007b1b35118) 
thrown [s\src\hotspot\share\prims\jni.cpp, line 535]
Event: 311.719 Thread 0x000001863fae52a0 Exception <a 'sun/nio/fs/WindowsException'{0x00000007b1bc76d8}> (0x00000007b1bc76d8) 
thrown [s\src\hotspot\share\prims\jni.cpp, line 535]
Event: 311.729 Thread 0x000001863fae52a0 Exception <a 'sun/nio/fs/WindowsException'{0x00000007b1bc8b48}> (0x00000007b1bc8b48) 
thrown [s\src\hotspot\share\prims\jni.cpp, line 535]
Event: 311.733 Thread 0x000001863fae52a0 Exception <a 'sun/nio/fs/WindowsException'{0x00000007b1bc9f20}> (0x00000007b1bc9f20) 
thrown [s\src\hotspot\share\prims\jni.cpp, line 535]
Event: 312.186 Thread 0x000001863de17fc0 Exception <a 'java/lang/IncompatibleClassChangeError'{0x00000007aefc74d8}: Found class java.lang.Object, but interface was expected> (0x00000007aefc74d8) 
thrown [s\src\hotspot\share\interpreter\linkResolver.cpp, line 851]
Event: 312.622 Thread 0x000001863de17fc0 Implicit null exception at 0x0000018624716109 to 0x000001862471619c
Event: 312.622 Thread 0x000001863de17fc0 Implicit null exception at 0x000001862461f1a0 to 0x0000018624620a44
Event: 312.663 Thread 0x000001863de17fc0 Exception <a 'java/lang/NoSuchMethodError'{0x00000007b43c6db8}: 'java.lang.ClassLoader java.lang.ClassLoader.getPlatformClassLoader(java.lang.Class)'> (0x00000007b43c6db8) 
thrown [s\src\hotspot\share\interpreter\linkResolver.cpp, line 784]

ZGC Phase Switch (0 events):
No events

VM Operations (20 events):
Event: 304.404 Executing VM operation: ICBufferFull
Event: 304.405 Executing VM operation: ICBufferFull done
Event: 305.250 Executing VM operation: ICBufferFull
Event: 305.250 Executing VM operation: ICBufferFull done
Event: 306.205 Executing VM operation: ICBufferFull
Event: 306.205 Executing VM operation: ICBufferFull done
Event: 307.207 Executing VM operation: Cleanup
Event: 307.207 Executing VM operation: Cleanup done
Event: 308.220 Executing VM operation: Cleanup
Event: 308.220 Executing VM operation: Cleanup done
Event: 308.779 Executing VM operation: HandshakeAllThreads (Deoptimize)
Event: 308.779 Executing VM operation: HandshakeAllThreads (Deoptimize) done
Event: 309.612 Executing VM operation: ParallelGCFailedAllocation (Allocation Failure)
Event: 309.862 Executing VM operation: ParallelGCFailedAllocation (Allocation Failure) done
Event: 310.869 Executing VM operation: Cleanup
Event: 310.886 Executing VM operation: Cleanup done
Event: 311.788 Executing VM operation: ICBufferFull
Event: 311.789 Executing VM operation: ICBufferFull done
Event: 312.795 Executing VM operation: Cleanup
Event: 312.811 Executing VM operation: Cleanup done

Memory protections (0 events):
No events

Nmethod flushes (20 events):
Event: 286.838 Thread 0x00000186349c7a10 flushing  nmethod 0x000001861ee8b990
Event: 286.838 Thread 0x00000186349c7a10 flushing  nmethod 0x000001861eed9410
Event: 286.838 Thread 0x00000186349c7a10 flushing  nmethod 0x000001861ef38910
Event: 286.839 Thread 0x00000186349c7a10 flushing  nmethod 0x000001861ef4ae10
Event: 286.839 Thread 0x00000186349c7a10 flushing  nmethod 0x000001861ef6c890
Event: 286.839 Thread 0x00000186349c7a10 flushing  nmethod 0x000001861ef7d710
Event: 286.839 Thread 0x00000186349c7a10 flushing  nmethod 0x000001861ef85710
Event: 286.839 Thread 0x00000186349c7a10 flushing  nmethod 0x000001861ef8f710
Event: 286.840 Thread 0x00000186349c7a10 flushing  nmethod 0x000001861f049f10
Event: 286.840 Thread 0x00000186349c7a10 flushing  nmethod 0x000001861f08b390
Event: 286.840 Thread 0x00000186349c7a10 flushing  nmethod 0x000001861f123190
Event: 286.840 Thread 0x00000186349c7a10 flushing  nmethod 0x000001861f163110
Event: 286.840 Thread 0x00000186349c7a10 flushing  nmethod 0x000001861f163490
Event: 286.840 Thread 0x00000186349c7a10 flushing  nmethod 0x000001861f1a0d90
Event: 286.840 Thread 0x00000186349c7a10 flushing  nmethod 0x000001861fa72190
Event: 286.840 Thread 0x00000186349c7a10 flushing  nmethod 0x000001861fa77910
Event: 286.840 Thread 0x00000186349c7a10 flushing  nmethod 0x000001861fa79a90
Event: 286.840 Thread 0x00000186349c7a10 flushing  nmethod 0x000001861fa7b210
Event: 286.840 Thread 0x00000186349c7a10 flushing osr nmethod 0x000001861fb44010
Event: 286.840 Thread 0x00000186349c7a10 flushing  nmethod 0x000001861fb45010

Events (20 events):
Event: 86.898 Thread 0x000001864aaa2db0 Thread exited: 0x000001864aaa2db0
Event: 161.021 Thread 0x0000018646f9eac0 Thread exited: 0x0000018646f9eac0
Event: 277.968 Thread 0x0000018646f9f7e0 Thread added: 0x0000018646f9dda0
Event: 290.763 Thread 0x0000018634a24370 Thread added: 0x000001864aaa2db0
Event: 292.662 Thread 0x000001863fae7a00 Thread added: 0x0000018646f9d710
Event: 292.843 Thread 0x000001863fae7a00 Thread added: 0x0000018646f9eac0
Event: 292.843 Thread 0x000001863fae7a00 Thread added: 0x0000018646fa25d0
Event: 295.603 Thread 0x000001864aaa2db0 Thread exited: 0x000001864aaa2db0
Event: 297.421 Thread 0x0000018634a24370 Thread added: 0x000001864aaa4fc0
Event: 299.109 Thread 0x000001864aaa4fc0 Thread exited: 0x000001864aaa4fc0
Event: 299.466 Thread 0x0000018634a24370 Thread added: 0x000001863b8d52b0
Event: 307.203 Thread 0x000001863b8d52b0 Thread exited: 0x000001863b8d52b0
Event: 307.641 Thread 0x0000018634a24370 Thread added: 0x00000186507ed880
Event: 308.752 Thread 0x00000186507ed880 Thread exited: 0x00000186507ed880
Event: 309.201 Thread 0x000001863fae7a00 Thread added: 0x0000018646fa81b0
Event: 309.435 Thread 0x0000018634a215e0 Thread added: 0x00000186507ecae0
Event: 311.033 Thread 0x000001863fae7370 Thread added: 0x0000018646fa9bf0
Event: 311.687 Thread 0x00000186507ecae0 Thread exited: 0x00000186507ecae0
Event: 311.719 Thread 0x0000018634a24370 Thread added: 0x00000186507ecae0
Event: 312.113 Thread 0x000001863fae52a0 Thread added: 0x000001863de1adb0


Dynamic libraries:
0x00007ff7b9f40000 - 0x00007ff7b9f4a000 	C:\Program Files\Android\Android Studio1\jbr\bin\java.exe
0x00007ff9d4720000 - 0x00007ff9d4989000 	C:\WINDOWS\SYSTEM32\ntdll.dll
0x00007ff9d3860000 - 0x00007ff9d3929000 	C:\WINDOWS\System32\KERNEL32.DLL
0x00007ff9d1c50000 - 0x00007ff9d2043000 	C:\WINDOWS\System32\KERNELBASE.dll
0x00007ff9d23a0000 - 0x00007ff9d24eb000 	C:\WINDOWS\System32\ucrtbase.dll
0x00007ff9bb6b0000 - 0x00007ff9bb6c8000 	C:\Program Files\Android\Android Studio1\jbr\bin\jli.dll
0x00007ff9d3040000 - 0x00007ff9d3204000 	C:\WINDOWS\System32\USER32.dll
0x00007ff9d20f0000 - 0x00007ff9d2117000 	C:\WINDOWS\System32\win32u.dll
0x00007ff9d41c0000 - 0x00007ff9d41eb000 	C:\WINDOWS\System32\GDI32.dll
0x00007ff9d2270000 - 0x00007ff9d239d000 	C:\WINDOWS\System32\gdi32full.dll
0x00007ff9d18b0000 - 0x00007ff9d1953000 	C:\WINDOWS\System32\msvcp_win.dll
0x00007ff9c5bd0000 - 0x00007ff9c5beb000 	C:\Program Files\Android\Android Studio1\jbr\bin\VCRUNTIME140.dll
0x00007ff9b6020000 - 0x00007ff9b62b3000 	C:\WINDOWS\WinSxS\amd64_microsoft.windows.common-controls_6595b64144ccf1df_6.0.26100.5074_none_3e0d6f78e32fd63f\COMCTL32.dll
0x00007ff9d4360000 - 0x00007ff9d4409000 	C:\WINDOWS\System32\msvcrt.dll
0x00007ff9d3990000 - 0x00007ff9d39bf000 	C:\WINDOWS\System32\IMM32.DLL
0x00007ff9c5bf0000 - 0x00007ff9c5bfc000 	C:\Program Files\Android\Android Studio1\jbr\bin\vcruntime140_1.dll
0x00007ff98ffc0000 - 0x00007ff99004d000 	C:\Program Files\Android\Android Studio1\jbr\bin\msvcp140.dll
0x00007ff954ae0000 - 0x00007ff95576b000 	C:\Program Files\Android\Android Studio1\jbr\bin\server\jvm.dll
0x00007ff9d36a0000 - 0x00007ff9d3754000 	C:\WINDOWS\System32\ADVAPI32.dll
0x00007ff9d4630000 - 0x00007ff9d46d6000 	C:\WINDOWS\System32\sechost.dll
0x00007ff9d4410000 - 0x00007ff9d4528000 	C:\WINDOWS\System32\RPCRT4.dll
0x00007ff9d2750000 - 0x00007ff9d27c4000 	C:\WINDOWS\System32\WS2_32.dll
0x00007ff9d1710000 - 0x00007ff9d176e000 	C:\WINDOWS\SYSTEM32\POWRPROF.dll
0x00007ff9cef10000 - 0x00007ff9cef45000 	C:\WINDOWS\SYSTEM32\WINMM.dll
0x00007ff9c41b0000 - 0x00007ff9c41bb000 	C:\WINDOWS\SYSTEM32\VERSION.dll
0x00007ff9d16e0000 - 0x00007ff9d16f4000 	C:\WINDOWS\SYSTEM32\UMPDC.dll
0x00007ff9d0670000 - 0x00007ff9d068b000 	C:\WINDOWS\SYSTEM32\kernel.appcore.dll
0x00007ff9c5bc0000 - 0x00007ff9c5bca000 	C:\Program Files\Android\Android Studio1\jbr\bin\jimage.dll
0x00007ff9ce920000 - 0x00007ff9ceb62000 	C:\WINDOWS\SYSTEM32\DBGHELP.DLL
0x00007ff9d29b0000 - 0x00007ff9d2d2b000 	C:\WINDOWS\System32\combase.dll
0x00007ff9d2f60000 - 0x00007ff9d3037000 	C:\WINDOWS\System32\OLEAUT32.dll
0x00007ff9b5ae0000 - 0x00007ff9b5b1d000 	C:\WINDOWS\SYSTEM32\dbgcore.DLL
0x00007ff9d2050000 - 0x00007ff9d20e9000 	C:\WINDOWS\System32\bcryptPrimitives.dll
0x00007ff9cd950000 - 0x00007ff9cd95e000 	C:\Program Files\Android\Android Studio1\jbr\bin\instrument.dll
0x00007ff9c5ba0000 - 0x00007ff9c5bc0000 	C:\Program Files\Android\Android Studio1\jbr\bin\java.dll
0x00007ff9c4d70000 - 0x00007ff9c4d88000 	C:\Program Files\Android\Android Studio1\jbr\bin\zip.dll
0x00007ff9d3a20000 - 0x00007ff9d416d000 	C:\WINDOWS\System32\SHELL32.dll
0x00007ff9d1ae0000 - 0x00007ff9d1c4c000 	C:\WINDOWS\System32\wintypes.dll
0x00007ff9cf500000 - 0x00007ff9cfd59000 	C:\WINDOWS\SYSTEM32\windows.storage.dll
0x00007ff9d4530000 - 0x00007ff9d4620000 	C:\WINDOWS\System32\SHCORE.dll
0x00007ff9d26e0000 - 0x00007ff9d2742000 	C:\WINDOWS\System32\shlwapi.dll
0x00007ff9d17d0000 - 0x00007ff9d17f9000 	C:\WINDOWS\SYSTEM32\profapi.dll
0x00007ff9c5b90000 - 0x00007ff9c5ba0000 	C:\Program Files\Android\Android Studio1\jbr\bin\net.dll
0x00007ff9c3e70000 - 0x00007ff9c3f8f000 	C:\WINDOWS\SYSTEM32\WINHTTP.dll
0x00007ff9d0c10000 - 0x00007ff9d0c7b000 	C:\WINDOWS\system32\mswsock.dll
0x00007ff9c4d50000 - 0x00007ff9c4d66000 	C:\Program Files\Android\Android Studio1\jbr\bin\nio.dll
0x00007ff9c4c80000 - 0x00007ff9c4c90000 	C:\Program Files\Android\Android Studio1\jbr\bin\verify.dll
0x00007ff9c3000000 - 0x00007ff9c3027000 	C:\Users\Mbongeni\.gradle\native\1def1411415f61bf3af743bc5b6707747c0891f09f0c88961ee8f79bc544acac\windows-amd64\native-platform.dll
0x00007ff9bcf00000 - 0x00007ff9bcf78000 	C:\Users\Mbongeni\.gradle\native\0.2.7\x86_64-windows-gnu\gradle-fileevents.dll
0x00007ff9c4860000 - 0x00007ff9c4869000 	C:\Program Files\Android\Android Studio1\jbr\bin\management.dll
0x00007ff997d70000 - 0x00007ff997d7b000 	C:\Program Files\Android\Android Studio1\jbr\bin\management_ext.dll
0x00007ff9d29a0000 - 0x00007ff9d29a8000 	C:\WINDOWS\System32\PSAPI.DLL
0x00007ff9d0110000 - 0x00007ff9d0144000 	C:\WINDOWS\SYSTEM32\IPHLPAPI.DLL
0x00007ff9d2d30000 - 0x00007ff9d2d3a000 	C:\WINDOWS\System32\NSI.dll
0x00007ff9c4870000 - 0x00007ff9c4879000 	C:\Program Files\Android\Android Studio1\jbr\bin\extnet.dll
0x00007ff9d0eb0000 - 0x00007ff9d0ecb000 	C:\WINDOWS\SYSTEM32\CRYPTSP.dll
0x00007ff9d05d0000 - 0x00007ff9d060b000 	C:\WINDOWS\system32\rsaenh.dll
0x00007ff9d0cb0000 - 0x00007ff9d0cdb000 	C:\WINDOWS\SYSTEM32\USERENV.dll
0x00007ff9d17a0000 - 0x00007ff9d17c6000 	C:\WINDOWS\SYSTEM32\bcrypt.dll
0x00007ff9d0ed0000 - 0x00007ff9d0edc000 	C:\WINDOWS\SYSTEM32\CRYPTBASE.dll
0x00007ff9c49f0000 - 0x00007ff9c49f8000 	C:\WINDOWS\system32\wshunix.dll
0x00007ff9a12b0000 - 0x00007ff9a12c8000 	C:\WINDOWS\system32\napinsp.dll
0x00007ff9d0150000 - 0x00007ff9d0276000 	C:\WINDOWS\SYSTEM32\DNSAPI.dll
0x00007ff9a1290000 - 0x00007ff9a12a2000 	C:\WINDOWS\System32\winrnr.dll
0x00007ff9a1260000 - 0x00007ff9a1288000 	C:\WINDOWS\system32\nlansp_c.dll
0x00007ff9c44c0000 - 0x00007ff9c44d6000 	C:\WINDOWS\system32\wshbth.dll
0x00007ff9c44b0000 - 0x00007ff9c44bb000 	C:\Windows\System32\rasadhlp.dll
0x00007ff9c2ac0000 - 0x00007ff9c2b46000 	C:\WINDOWS\System32\fwpuclnt.dll
0x00007ff9bceb0000 - 0x00007ff9bcef9000 	C:\Users\Mbongeni\AppData\Local\Temp\jna-1116049261\jna7561311251609229212.dll
0x00007ff9d2d40000 - 0x00007ff9d2ed8000 	C:\WINDOWS\System32\Ole32.dll
0x00007ff9d2860000 - 0x00007ff9d2911000 	C:\WINDOWS\System32\clbcatq.dll
0x00007ff9a31d0000 - 0x00007ff9a31ed000 	C:\WINDOWS\SYSTEM32\amsi.dll
0x00007ff9a30e0000 - 0x00007ff9a3180000 	C:\ProgramData\Microsoft\Windows Defender\Platform\4.18.25070.5-0\MpOav.dll
0x00007ff9a3530000 - 0x00007ff9a3586000 	C:\WINDOWS\SYSTEM32\Pdh.dll
0x00007ff97cf40000 - 0x00007ff97cf51000 	C:\WINDOWS\System32\perfdisk.dll
0x00007ff9c8ed0000 - 0x00007ff9c8ee3000 	C:\WINDOWS\System32\WMICLNT.dll
0x00007ff9cdca0000 - 0x00007ff9cdd48000 	C:\WINDOWS\system32\uxtheme.dll
0x00007ff97a130000 - 0x00007ff97a18e000 	C:\Program Files\Huawei\PCManager\plugins\PerfWndMonModule.dll
0x00007ff9d1410000 - 0x00007ff9d1467000 	C:\WINDOWS\SYSTEM32\cfgmgr32.dll
0x00007ff99b4c0000 - 0x00007ff99b4d2000 	C:\WINDOWS\System32\perfproc.dll
0x00007ff9cdb00000 - 0x00007ff9cdb2a000 	C:\WINDOWS\SYSTEM32\Wtsapi32.dll
0x00007ff9d1960000 - 0x00007ff9d1ad7000 	C:\WINDOWS\System32\CRYPT32.dll
0x00007ff9d0930000 - 0x00007ff9d0979000 	C:\WINDOWS\SYSTEM32\SspiCli.dll
0x00007ff9d1650000 - 0x00007ff9d16b3000 	C:\WINDOWS\SYSTEM32\WINSTA.dll
0x00007ff9c4ae0000 - 0x00007ff9c4c78000 	C:\Program Files\Android\Android Studio1\jbr\bin\awt.dll
0x00007ff9ce710000 - 0x00007ff9ce73b000 	C:\WINDOWS\SYSTEM32\dwmapi.dll
0x00007ff9c4a90000 - 0x00007ff9c4ad4000 	C:\Program Files\Android\Android Studio1\jbr\bin\nvdaControllerClient64.dll
0x00007ff9cda40000 - 0x00007ff9cdade000 	C:\WINDOWS\SYSTEM32\apphelp.dll
0x00007ff9d4200000 - 0x00007ff9d4358000 	C:\WINDOWS\System32\MSCTF.dll
0x00007ff9afb30000 - 0x00007ff9afb42000 	C:\WINDOWS\system32\wbem\wbemprox.dll
0x00007ff9af320000 - 0x00007ff9af39a000 	C:\WINDOWS\SYSTEM32\wbemcomn.dll
0x00007ff9a33a0000 - 0x00007ff9a33b5000 	C:\WINDOWS\system32\wbem\wbemsvc.dll
0x00007ff9a3430000 - 0x00007ff9a3520000 	C:\WINDOWS\system32\wbem\fastprox.dll
0x00007ff9d07b0000 - 0x00007ff9d07e6000 	C:\WINDOWS\SYSTEM32\ntmarta.dll
0x00007ff9cd940000 - 0x00007ff9cd947000 	C:\Program Files\Android\Android Studio1\jbr\bin\rmi.dll

dbghelp: loaded successfully - version: 4.0.5 - missing functions: none
symbol engine: initialized successfully - sym options: 0x614 - pdb path: .;C:\Program Files\Android\Android Studio1\jbr\bin;C:\WINDOWS\SYSTEM32;C:\WINDOWS\WinSxS\amd64_microsoft.windows.common-controls_6595b64144ccf1df_6.0.26100.5074_none_3e0d6f78e32fd63f;C:\Program Files\Android\Android Studio1\jbr\bin\server;C:\Users\Mbongeni\.gradle\native\1def1411415f61bf3af743bc5b6707747c0891f09f0c88961ee8f79bc544acac\windows-amd64;C:\Users\Mbongeni\.gradle\native\0.2.7\x86_64-windows-gnu;C:\Users\Mbongeni\AppData\Local\Temp\jna-1116049261;C:\ProgramData\Microsoft\Windows Defender\Platform\4.18.25070.5-0;C:\Program Files\Huawei\PCManager\plugins;C:\WINDOWS\system32\wbem;C:\Users\Mbongeni\AppData\Local\Temp

VM Arguments:
jvm_args: --add-opens=java.base/java.lang=ALL-UNNAMED --add-opens=java.base/java.lang.invoke=ALL-UNNAMED --add-opens=java.base/java.util=ALL-UNNAMED --add-opens=java.prefs/java.util.prefs=ALL-UNNAMED --add-exports=jdk.compiler/com.sun.tools.javac.api=ALL-UNNAMED --add-exports=jdk.compiler/com.sun.tools.javac.util=ALL-UNNAMED --add-opens=java.base/java.util=ALL-UNNAMED --add-opens=java.prefs/java.util.prefs=ALL-UNNAMED --add-opens=java.base/java.nio.charset=ALL-UNNAMED --add-opens=java.base/java.net=ALL-UNNAMED --add-opens=java.base/java.util.concurrent.atomic=ALL-UNNAMED --add-opens=java.xml/javax.xml.namespace=ALL-UNNAMED -XX:+UseParallelGC -Xmx4g -Dfile.encoding=UTF-8 -Duser.country=CN -Duser.language=zh -Duser.variant -javaagent:C:\Users\Mbongeni\.gradle\wrapper\dists\gradle-8.14.2-bin\2pb3mgt1p815evrl3weanttgr\gradle-8.14.2\lib\agents\gradle-instrumentation-agent-8.14.2.jar 
java_command: org.gradle.launcher.daemon.bootstrap.GradleDaemon 8.14.2
java_class_path (initial): C:\Users\Mbongeni\.gradle\wrapper\dists\gradle-8.14.2-bin\2pb3mgt1p815evrl3weanttgr\gradle-8.14.2\lib\gradle-daemon-main-8.14.2.jar
Launcher Type: SUN_STANDARD

[Global flags]
     intx CICompilerCount                          = 3                                         {product} {ergonomic}
   size_t InitialHeapSize                          = 132120576                                 {product} {ergonomic}
   size_t MaxHeapSize                              = 4294967296                                {product} {command line}
   size_t MaxNewSize                               = 1431306240                                {product} {ergonomic}
   size_t MinHeapDeltaBytes                        = 524288                                    {product} {ergonomic}
   size_t MinHeapSize                              = 8388608                                   {product} {ergonomic}
   size_t NewSize                                  = 44040192                                  {product} {ergonomic}
    uintx NonNMethodCodeHeapSize                   = 5832780                                {pd product} {ergonomic}
    uintx NonProfiledCodeHeapSize                  = 122912730                              {pd product} {ergonomic}
   size_t OldSize                                  = 88080384                                  {product} {ergonomic}
    uintx ProfiledCodeHeapSize                     = 122912730                              {pd product} {ergonomic}
    uintx ReservedCodeCacheSize                    = 251658240                              {pd product} {ergonomic}
     bool SegmentedCodeCache                       = true                                      {product} {ergonomic}
   size_t SoftMaxHeapSize                          = 4294967296                             {manageable} {ergonomic}
     bool UseCompressedOops                        = true                           {product lp64_product} {ergonomic}
     bool UseLargePagesIndividualAllocation        = false                                  {pd product} {ergonomic}
     bool UseParallelGC                            = true                                      {product} {command line}

Logging:
Log output configuration:
 #0: stdout all=warning uptime,level,tags foldmultilines=false
 #1: stderr all=off uptime,level,tags foldmultilines=false

Environment Variables:
PATH=C:\Program Files\Common Files\Oracle\Java\javapath;C:\Windows\System32\HWAudioDriverLibs;C:\Windows\system32;C:\Windows;C:\Windows\System32\Wbem;C:\Windows\System32\WindowsPowerShell\v1.0\;C:\Windows\System32\OpenSSH\;C:\Windows\system32\config\systemprofile\AppData\Local\Microsoft\WindowsApps;C:\WINDOWS\system32;C:\WINDOWS;C:\WINDOWS\System32\Wbem;C:\WINDOWS\System32\WindowsPowerShell\v1.0\;C:\WINDOWS\System32\OpenSSH\;C:\Program Files\nodejs\;C:\Program Files\apache-maven-3.9.9\bin;C:\Program Files\Microsoft SQL Server\150\Tools\Binn\;C:\Users\Mbongeni\Downloads\ffmpeg-2025-04-14-git-3b2a9410ef-full_build\ffmpeg-2025-04-14-git-3b2a9410ef-full_build\bin;C:\platform-tools;C:\xampp\php;C:\ProgramData\ComposerSetup\bin;C:\dev\flutter\bin;C:\Program Files\Git\cmd;C:\ProgramData\chocolatey\bin;C:\Users\Mbongeni\AppData\Local\Microsoft\WindowsApps;C:\Users\Mbongeni\AppData\Local\Programs\Microsoft VS Code\bin;C:\Users\Mbongeni\AppData\Roaming\npm;C:\Users\Mbongeni\AppData\Local\GitHubDesktop\bin;C:\Users\Mbongeni\.dotnet\tools;C:\msys64\ucrt64\bin;C:\Users\Mbongeni\AppData\Roaming\Composer\vendor\bin;C:\Users\Mbongeni\AppData\Local\Android\Sdk\cmdline-tools\latest\bin;C:\Users\Mbongeni\AppData\Local\Android\Sdk\platform-tools;C:\Users\Mbongeni\AppData\Local\Android\Sdk\cmake\4.1.0\bin;C:\Users\Mbongeni\AppData\Local\Android\Sdk\ndk\29.0.13846066;;C:\tools\dart-sdk\bin;C:\Users\Mbongeni\AppData\Local\Pub\Cache\bin
USERNAME=Mbongeni
OS=Windows_NT
PROCESSOR_IDENTIFIER=Intel64 Family 6 Model 142 Stepping 12, GenuineIntel
TMP=C:\Users\Mbongeni\AppData\Local\Temp
TEMP=C:\Users\Mbongeni\AppData\Local\Temp




Periodic native trim disabled

JNI global refs:
JNI global refs: 41, weak refs: 52

JNI global refs memory usage: 835, weak refs: 833

Process memory usage:
Resident Set Size: 1653820K (20% of 8218416K total physical memory with 1080328K free physical memory)

OOME stack traces (most recent first):
Classloader memory used:
Loader java.net.URLClassLoader                                                         : 62859K
Loader org.gradle.internal.classloader.VisitableURLClassLoader                         : 42235K
Loader bootstrap                                                                       : 37541K
Loader org.gradle.internal.classloader.VisitableURLClassLoader$InstrumentingVisitableURLClassLoader: 29888K
Loader jdk.internal.loader.ClassLoaders$AppClassLoader                                 : 10368K
Loader org.gradle.initialization.MixInLegacyTypesClassLoader                           : 8475K
Loader jdk.internal.reflect.DelegatingClassLoader                                      : 1816K
Loader jdk.internal.loader.ClassLoaders$PlatformClassLoader                            : 1113K
Loader jdk.internal.jrtfs.JrtFileSystemProvider$JrtFsLoader                            : 619K
Loader org.gradle.internal.classloader.VisitableURLClassLoader                         : 58616B
Loader sun.reflect.misc.MethodUtil                                                     : 2952B

Classes loaded by more than one classloader:
Class kotlin.text.StringsKt__StringsKt                                                : loaded 3 times (x 67B)
Class kotlin.NotImplementedError                                                      : loaded 3 times (x 78B)
Class com.google.common.collect.ImmutableList                                         : loaded 3 times (x 202B)
Class kotlin.jvm.internal.markers.KMappedMarker                                       : loaded 3 times (x 66B)
Class com.google.common.collect.Maps$BiMapConverter                                   : loaded 3 times (x 86B)
Class kotlin.text.StringsKt__StringBuilderKt                                          : loaded 3 times (x 67B)
Class kotlin.KotlinNullPointerException                                               : loaded 3 times (x 79B)
Class jdk.internal.jrtfs.JrtFileSystem                                                : loaded 3 times (x 98B)
Class kotlin.jvm.internal.Intrinsics                                                  : loaded 3 times (x 67B)
Class kotlin.enums.EnumEntriesKt                                                      : loaded 3 times (x 67B)
Class kotlin.text.StringsKt___StringsKt                                               : loaded 3 times (x 67B)
Class jdk.internal.jimage.BasicImageReader                                            : loaded 3 times (x 91B)
Class com.google.common.collect.SortedMapDifference                                   : loaded 3 times (x 66B)
Class jdk.internal.jimage.ImageStrings                                                : loaded 3 times (x 66B)
Class kotlin.text.StringsKt___StringsJvmKt                                            : loaded 3 times (x 67B)
Class kotlin.KotlinNothingValueException                                              : loaded 3 times (x 78B)
Class kotlin.jvm.functions.Function2                                                  : loaded 3 times (x 66B)
Class com.google.common.collect.ImmutableMap                                          : loaded 3 times (x 116B)
Class com.google.common.base.Predicate                                                : loaded 3 times (x 66B)
Class com.google.common.collect.ImmutableEnumSet                                      : loaded 3 times (x 142B)
Class com.google.common.collect.Sets                                                  : loaded 3 times (x 67B)
Class com.google.common.collect.ImmutableSet                                          : loaded 3 times (x 141B)
Class com.google.common.collect.Sets$SetView                                          : loaded 3 times (x 134B)
Class kotlin.text.StringsKt__StringBuilderJVMKt                                       : loaded 3 times (x 67B)
Class jdk.internal.jimage.ImageReader$Directory                                       : loaded 3 times (x 80B)
Class kotlin.collections.AbstractCollection                                           : loaded 3 times (x 113B)
Class kotlin.collections.AbstractList                                                 : loaded 3 times (x 193B)
Class com.google.common.collect.Maps$8                                                : loaded 3 times (x 78B)
Class kotlin.text.StringsKt__RegexExtensionsKt                                        : loaded 3 times (x 67B)
Class jdk.internal.jimage.ImageReader$SharedImageReader$LocationVisitor               : loaded 3 times (x 66B)
Class com.google.common.collect.Maps                                                  : loaded 3 times (x 67B)
Class jdk.internal.jrtfs.JrtPath                                                      : loaded 3 times (x 114B)
Class jdk.internal.jimage.ImageBufferCache                                            : loaded 3 times (x 67B)
Class kotlin.enums.EnumEntries                                                        : loaded 3 times (x 66B)
Class com.google.common.base.Function                                                 : loaded 3 times (x 66B)
Class com.google.common.base.CommonPattern                                            : loaded 3 times (x 70B)
Class jdk.internal.jrtfs.JrtFileAttributes                                            : loaded 3 times (x 79B)
Class jdk.internal.jimage.ImageReader$Resource                                        : loaded 3 times (x 80B)
Class jdk.internal.jimage.decompressor.Decompressor                                   : loaded 3 times (x 68B)
Class com.google.common.collect.Maps$EntryTransformer                                 : loaded 3 times (x 66B)
Class kotlin.text.StringsKt__StringNumberConversionsKt                                : loaded 3 times (x 67B)
Class kotlin.collections.AbstractList$Companion                                       : loaded 3 times (x 67B)
Class jdk.internal.jrtfs.JrtDirectoryStream                                           : loaded 3 times (x 85B)
Class kotlin.text.StringsKt                                                           : loaded 3 times (x 67B)
Class jdk.internal.jimage.BasicImageReader$1                                          : loaded 3 times (x 73B)
Class com.google.common.collect.Lists                                                 : loaded 3 times (x 67B)
Class com.google.common.base.Converter                                                : loaded 3 times (x 86B)
Class jdk.internal.jimage.ImageReader$Node                                            : loaded 3 times (x 80B)
Class com.google.common.collect.ImmutableCollection                                   : loaded 3 times (x 121B)
Class jdk.internal.jimage.ImageReader$SharedImageReader                               : loaded 3 times (x 91B)
Class kotlin.text.StringsKt__AppendableKt                                             : loaded 3 times (x 67B)
Class com.google.common.collect.ImmutableEnumMap                                      : loaded 3 times (x 122B)
Class jdk.internal.jimage.ImageReader                                                 : loaded 3 times (x 71B)
Class kotlin.UninitializedPropertyAccessException                                     : loaded 3 times (x 78B)
Class com.google.common.collect.ImmutableMap$IteratorBasedImmutableMap                : loaded 3 times (x 122B)
Class com.google.common.collect.Sets$1                                                : loaded 3 times (x 135B)
Class jdk.internal.jimage.ImageStringsReader                                          : loaded 3 times (x 76B)
Class kotlin.jvm.internal.Lambda                                                      : loaded 3 times (x 71B)
Class com.google.common.base.JdkPattern                                               : loaded 3 times (x 71B)
Class kotlin.text.StringsKt__IndentKt                                                 : loaded 3 times (x 67B)
Class kotlin.text.StringsKt__StringsJVMKt                                             : loaded 3 times (x 67B)
Class jdk.internal.jimage.ImageHeader                                                 : loaded 3 times (x 67B)
Class kotlin.Function                                                                 : loaded 3 times (x 66B)
Class kotlin.text.StringsKt__StringNumberConversionsJVMKt                             : loaded 3 times (x 67B)
Class com.google.common.collect.Sets$2                                                : loaded 3 times (x 135B)
Class jdk.internal.jimage.ImageBufferCache$2                                          : loaded 3 times (x 87B)
Class com.google.common.collect.BiMap                                                 : loaded 3 times (x 66B)
Class jdk.internal.jimage.ImageBufferCache$1                                          : loaded 3 times (x 79B)
Class jdk.internal.jimage.ImageLocation                                               : loaded 3 times (x 86B)
Class com.google.common.collect.Sets$3                                                : loaded 3 times (x 135B)
Class jdk.internal.jrtfs.SystemImage                                                  : loaded 3 times (x 70B)
Class jdk.internal.jrtfs.JrtDirectoryStream$1                                         : loaded 3 times (x 79B)
Class com.google.common.collect.Lists$StringAsImmutableList                           : loaded 3 times (x 203B)
Class jdk.internal.jrtfs.JrtFileSystemProvider                                        : loaded 3 times (x 97B)
Class com.google.common.collect.UnmodifiableIterator                                  : loaded 3 times (x 76B)
Class com.google.common.collect.Sets$4                                                : loaded 3 times (x 135B)
Class jdk.internal.jrtfs.SystemImage$2                                                : loaded 3 times (x 72B)
Class jdk.internal.jrtfs.SystemImage$1                                                : loaded 3 times (x 74B)
Class kotlin.enums.EnumEntriesList                                                    : loaded 3 times (x 219B)
Class kotlin.jvm.internal.FunctionBase                                                : loaded 3 times (x 66B)
Class com.google.common.collect.MapDifference                                         : loaded 3 times (x 66B)
Class kotlin.text.StringsKt__RegexExtensionsJVMKt                                     : loaded 3 times (x 67B)
Class kotlin.coroutines.jvm.internal.ContinuationImpl                                 : loaded 2 times (x 83B)
Class com.google.common.util.concurrent.SettableFuture                                : loaded 2 times (x 110B)
Class com.google.common.cache.LocalCache$Strength$2                                   : loaded 2 times (x 77B)
Class kotlin.coroutines.jvm.internal.SuspendLambda                                    : loaded 2 times (x 87B)
Class kotlin.collections.MapWithDefault                                               : loaded 2 times (x 66B)
Class jdk.internal.jrtfs.JrtFileStore                                                 : loaded 2 times (x 79B)
Class kotlin.reflect.KTypeParameter                                                   : loaded 2 times (x 66B)
Class kotlin.collections.ArraysKt___ArraysJvmKt                                       : loaded 2 times (x 67B)
Class kotlin.collections.CollectionsKt__CollectionsKt                                 : loaded 2 times (x 67B)
Class com.google.common.cache.LocalCache$Strength$3                                   : loaded 2 times (x 77B)
Class jdk.internal.jimage.ImageReader$LinkNode                                        : loaded 2 times (x 80B)
Class kotlin.text.Regex$Companion                                                     : loaded 2 times (x 67B)
Class kotlin._Assertions                                                              : loaded 2 times (x 67B)
Class com.google.common.reflect.Invokable                                             : loaded 2 times (x 99B)
Class com.google.common.cache.CacheBuilder$NullListener                               : loaded 2 times (x 78B)
Class org.gradle.internal.classpath.TransformedClassPath                              : loaded 2 times (x 92B)
Class org.gradle.internal.classloader.InstrumentingClassLoader                        : loaded 2 times (x 66B)
Class kotlin.jvm.functions.Function22                                                 : loaded 2 times (x 66B)
Class kotlin.annotation.AnnotationRetention                                           : loaded 2 times (x 75B)
Class com.google.common.cache.LocalCache$Strength$1                                   : loaded 2 times (x 77B)
Class [Lkotlin.annotation.AnnotationTarget;                                           : loaded 2 times (x 65B)
Class kotlin.jvm.internal.FunctionReference                                           : loaded 2 times (x 118B)
Class [Lkotlin.coroutines.intrinsics.CoroutineSingletons;                             : loaded 2 times (x 65B)
Class com.google.common.collect.ImmutableCollection$Builder                           : loaded 2 times (x 72B)
Class com.google.common.collect.ImmutableListMultimap                                 : loaded 2 times (x 172B)
Class com.google.common.collect.Iterators$ArrayItr                                    : loaded 2 times (x 93B)
Class com.google.common.cache.CacheLoader$FunctionToCacheLoader                       : loaded 2 times (x 71B)
Class kotlin.jvm.functions.Function21                                                 : loaded 2 times (x 66B)
Class kotlin.comparisons.ComparisonsKt___ComparisonsJvmKt                             : loaded 2 times (x 67B)
Class kotlin.collections.CollectionsKt__IteratorsJVMKt                                : loaded 2 times (x 67B)
Class com.google.common.collect.EmptyImmutableListMultimap                            : loaded 2 times (x 172B)
Class com.google.common.collect.BaseImmutableMultimap                                 : loaded 2 times (x 119B)
Class com.google.common.base.Joiner                                                   : loaded 2 times (x 75B)
Class com.google.common.base.MoreObjects                                              : loaded 2 times (x 67B)
Class org.gradle.internal.service.UnknownServiceException                             : loaded 2 times (x 79B)
Class kotlin.reflect.KProperty0                                                       : loaded 2 times (x 66B)
Class kotlin.Result                                                                   : loaded 2 times (x 68B)
Class com.google.common.collect.Platform                                              : loaded 2 times (x 67B)
Class org.gradle.internal.service.ServiceLocator                                      : loaded 2 times (x 66B)
Class com.google.common.cache.LocalCache$LocalLoadingCache                            : loaded 2 times (x 130B)
Class kotlin.reflect.KProperty1                                                       : loaded 2 times (x 66B)
Class kotlin.reflect.KClass                                                           : loaded 2 times (x 66B)
Class kotlin.sequences.TransformingSequence$iterator$1                                : loaded 2 times (x 75B)
Class kotlin.Pair                                                                     : loaded 2 times (x 68B)
Class com.google.common.collect.SingletonImmutableBiMap                               : loaded 2 times (x 139B)
Class com.google.common.collect.Iterators$SingletonIterator                           : loaded 2 times (x 77B)
Class com.google.common.cache.LocalCache$1                                            : loaded 2 times (x 85B)
Class com.google.common.collect.AbstractMapEntry                                      : loaded 2 times (x 77B)
Class kotlin.sequences.GeneratorSequence$iterator$1                                   : loaded 2 times (x 75B)
Class kotlin.reflect.KProperty2                                                       : loaded 2 times (x 66B)
Class kotlin.collections.CollectionsKt__MutableCollectionsKt                          : loaded 2 times (x 67B)
Class kotlin.io.CloseableKt                                                           : loaded 2 times (x 67B)
Class com.google.common.reflect.TypeToken$SimpleTypeToken                             : loaded 2 times (x 69B)
Class com.google.common.collect.ImmutableList$Builder                                 : loaded 2 times (x 73B)
Class com.google.common.collect.AbstractSetMultimap                                   : loaded 2 times (x 170B)
Class com.google.common.cache.LocalCache$2                                            : loaded 2 times (x 138B)
Class com.google.common.collect.AbstractMultimap                                      : loaded 2 times (x 119B)
Class kotlin.io.TerminateException                                                    : loaded 2 times (x 78B)
Class kotlin.io.FilesKt__FilePathComponentsKt                                         : loaded 2 times (x 67B)
Class kotlin.reflect.KCallable                                                        : loaded 2 times (x 66B)
Class kotlin.coroutines.CoroutineContext$Element                                      : loaded 2 times (x 66B)
Class com.google.common.collect.RegularImmutableAsList                                : loaded 2 times (x 213B)
Class kotlin.io.LinesSequence$iterator$1                                              : loaded 2 times (x 75B)
Class kotlin.collections.AbstractIterator                                             : loaded 2 times (x 79B)
Class kotlin.text.CharsKt                                                             : loaded 2 times (x 67B)
Class com.google.common.collect.Iterators                                             : loaded 2 times (x 67B)
Class com.google.common.util.concurrent.AbstractFuture$Trusted                        : loaded 2 times (x 66B)
Class kotlin.collections.CollectionsKt___CollectionsKt$asSequence$$inlined$Sequence$1 : loaded 2 times (x 71B)
Class kotlin.jvm.functions.Function20                                                 : loaded 2 times (x 66B)
Class org.gradle.api.internal.ClassPathProvider                                       : loaded 2 times (x 66B)
Class kotlin.coroutines.ContinuationInterceptor$Key                                   : loaded 2 times (x 67B)
Class com.google.common.util.concurrent.UncheckedExecutionException                   : loaded 2 times (x 78B)
Class org.gradle.internal.InternalTransformer                                         : loaded 2 times (x 66B)
Class com.google.common.base.CharMatcher$And                                          : loaded 2 times (x 108B)
Class [Lorg.gradle.api.internal.ClassPathProvider;                                    : loaded 2 times (x 65B)
Class kotlin.DeprecationLevel                                                         : loaded 2 times (x 75B)
Class kotlin.collections.ArraysKt___ArraysKt$asSequence$$inlined$Sequence$1           : loaded 2 times (x 71B)
Class kotlin.jvm.JvmStatic                                                            : loaded 2 times (x 66B)
Class kotlin.collections.MapsKt__MapsJVMKt                                            : loaded 2 times (x 67B)
Class kotlin.collections.EmptyList                                                    : loaded 2 times (x 170B)
Class com.google.common.cache.CacheLoader$UnsupportedLoadingOperationException        : loaded 2 times (x 78B)
Class org.gradle.internal.classloader.ClasspathUtil$1                                 : loaded 2 times (x 72B)
Class kotlin.sequences.Sequence                                                       : loaded 2 times (x 66B)
Class kotlin.sequences.SequenceScope                                                  : loaded 2 times (x 69B)
Class kotlin.collections.builders.ListBuilderKt                                       : loaded 2 times (x 67B)
Class com.google.common.collect.AbstractMapBasedMultimap$Itr                          : loaded 2 times (x 79B)
Class com.google.common.collect.IndexedImmutableSet                                   : loaded 2 times (x 148B)
Class com.google.common.collect.ImmutableMap$1                                        : loaded 2 times (x 77B)
Class org.gradle.api.internal.classpath.DefaultModuleRegistry$DefaultModule           : loaded 2 times (x 82B)
Class kotlin.ResultKt                                                                 : loaded 2 times (x 67B)
Class com.google.common.collect.AbstractIterator                                      : loaded 2 times (x 78B)
Class kotlin.collections.IndexingIterable                                             : loaded 2 times (x 75B)
Class kotlin.Result$Failure                                                           : loaded 2 times (x 68B)
Class kotlin.collections.ArraysKt__ArraysKt                                           : loaded 2 times (x 67B)
Class com.google.common.math.MathPreconditions                                        : loaded 2 times (x 67B)
Class com.google.common.collect.ObjectArrays                                          : loaded 2 times (x 67B)
Class com.google.common.collect.AbstractIndexedListIterator                           : loaded 2 times (x 92B)
Class com.google.common.collect.ArrayListMultimapGwtSerializationDependencies         : loaded 2 times (x 168B)
Class com.google.common.collect.Multiset                                              : loaded 2 times (x 66B)
Class org.gradle.api.internal.DefaultClassPathProvider                                : loaded 2 times (x 72B)
Class kotlin.collections.SetsKt__SetsJVMKt                                            : loaded 2 times (x 67B)
Class com.google.common.collect.ImmutableMapEntrySet                                  : loaded 2 times (x 148B)
Class org.gradle.api.internal.classpath.Module                                        : loaded 2 times (x 66B)
Class kotlin.KotlinVersion                                                            : loaded 2 times (x 70B)
Class kotlin.reflect.KMutableProperty                                                 : loaded 2 times (x 66B)
Class kotlin.io.FileAlreadyExistsException                                            : loaded 2 times (x 78B)
Class kotlin.internal.ProgressionUtilKt                                               : loaded 2 times (x 67B)
Class com.google.common.cache.Weigher                                                 : loaded 2 times (x 66B)
Class org.gradle.api.internal.classpath.UnknownModuleException                        : loaded 2 times (x 78B)
Class com.google.common.collect.ImmutableSet$SerializedForm                           : loaded 2 times (x 69B)
Class kotlin.jvm.internal.PropertyReference                                           : loaded 2 times (x 111B)
Class com.google.common.base.Stopwatch                                                : loaded 2 times (x 68B)
Class com.google.common.cache.LocalCache$Strength                                     : loaded 2 times (x 77B)
Class com.google.common.cache.Cache                                                   : loaded 2 times (x 66B)
Class kotlin.collections.IndexingIterator                                             : loaded 2 times (x 75B)
Class com.google.common.collect.AbstractMultimap$Entries                              : loaded 2 times (x 116B)
Class com.google.common.util.concurrent.AbstractFuture$Cancellation                   : loaded 2 times (x 68B)
Class com.google.common.collect.ImmutableMap$Builder                                  : loaded 2 times (x 78B)
Class [Lkotlin.reflect.KAnnotatedElement;                                             : loaded 2 times (x 65B)
Class com.google.common.collect.AbstractMapBasedMultimap$WrappedCollection$WrappedIterator: loaded 2 times (x 80B)
Class com.google.common.cache.RemovalListener                                         : loaded 2 times (x 66B)
Class org.gradle.api.internal.DefaultClassPathRegistry                                : loaded 2 times (x 72B)
Class kotlin.annotation.AnnotationTarget                                              : loaded 2 times (x 75B)
Class kotlin.jvm.JvmClassMappingKt                                                    : loaded 2 times (x 67B)
Class kotlin.jvm.internal.Reflection                                                  : loaded 2 times (x 67B)
Class kotlin.reflect.KProperty                                                        : loaded 2 times (x 66B)
Class kotlin.ranges.ClosedRange                                                       : loaded 2 times (x 66B)
Class com.google.common.reflect.Invokable$ConstructorInvokable                        : loaded 2 times (x 103B)
Class com.google.common.collect.ImmutableMultimap$Keys                                : loaded 2 times (x 162B)
Class com.google.common.collect.Multimap                                              : loaded 2 times (x 66B)
Class org.gradle.api.internal.ClassPathRegistry                                       : loaded 2 times (x 66B)
Class org.gradle.internal.classpath.DefaultClassPath$ImmutableUniqueList              : loaded 2 times (x 195B)
Class com.google.common.collect.Iterators$EmptyModifiableIterator                     : loaded 2 times (x 82B)
Class jdk.internal.jimage.decompressor.ResourceDecompressor                           : loaded 2 times (x 66B)
Class kotlin.jvm.internal.TypeIntrinsics                                              : loaded 2 times (x 67B)
Class kotlin.collections.IntIterator                                                  : loaded 2 times (x 78B)
Class com.google.common.reflect.TypeToken                                             : loaded 2 times (x 69B)
Class kotlin.jvm.internal.AdaptedFunctionReference                                    : loaded 2 times (x 73B)
Class kotlin.collections.SetsKt                                                       : loaded 2 times (x 67B)
Class com.google.common.cache.CacheBuilder                                            : loaded 2 times (x 68B)
Class com.google.common.collect.SingletonImmutableList                                : loaded 2 times (x 203B)
Class org.gradle.internal.classpath.ClassPath                                         : loaded 2 times (x 66B)
Class org.gradle.api.UncheckedIOException                                             : loaded 2 times (x 78B)
Class [Lkotlin.reflect.KCallable;                                                     : loaded 2 times (x 65B)
Class kotlin.reflect.KFunction                                                        : loaded 2 times (x 66B)
Class com.google.common.collect.ImmutableList$ReverseImmutableList                    : loaded 2 times (x 205B)
Class kotlin.reflect.KProperty$Accessor                                               : loaded 2 times (x 66B)
Class [Lkotlin.reflect.KDeclarationContainer;                                         : loaded 2 times (x 65B)
Class kotlin.collections.MapsKt__MapsKt                                               : loaded 2 times (x 67B)
Class kotlin.jvm.internal.ArrayIteratorKt                                             : loaded 2 times (x 67B)
Class com.google.common.collect.Iterators$1                                           : loaded 2 times (x 77B)
Class com.google.common.base.Suppliers$SupplierOfInstance                             : loaded 2 times (x 75B)
Class com.google.common.base.Splitter                                                 : loaded 2 times (x 68B)
Class com.google.common.collect.ListMultimap                                          : loaded 2 times (x 66B)
Class kotlin.properties.Delegates                                                     : loaded 2 times (x 67B)
Class kotlin.Metadata                                                                 : loaded 2 times (x 66B)
Class kotlin.collections.AbstractMutableSet                                           : loaded 2 times (x 138B)
Class com.google.devtools.ksp.processing.KSPJvmConfig                                 : loaded 2 times (x 68B)
Class com.google.common.reflect.TypeToken$1                                           : loaded 2 times (x 106B)
Class com.google.common.cache.LocalCache$ComputingValueReference                      : loaded 2 times (x 92B)
Class com.google.common.collect.SingletonImmutableSet                                 : loaded 2 times (x 142B)
Class kotlin.coroutines.ContinuationInterceptor                                       : loaded 2 times (x 66B)
Class kotlin.reflect.KProperty$Getter                                                 : loaded 2 times (x 66B)
Class com.google.common.reflect.TypeToken$2                                           : loaded 2 times (x 106B)
Class com.google.common.cache.LocalCache$Segment                                      : loaded 2 times (x 150B)
Class org.gradle.api.internal.classpath.EffectiveClassPath                            : loaded 2 times (x 86B)
Class kotlin.SafePublicationLazyImpl                                                  : loaded 2 times (x 72B)
Class com.google.common.collect.Iterators$4                                           : loaded 2 times (x 78B)
Class com.google.common.cache.CacheLoader                                             : loaded 2 times (x 70B)
Class com.google.common.collect.ImmutableBiMap                                        : loaded 2 times (x 139B)
Class com.google.common.collect.AbstractListMultimap                                  : loaded 2 times (x 168B)
Class org.gradle.internal.installation.GradleInstallation$1                           : loaded 2 times (x 71B)
Class org.gradle.api.internal.classpath.ModuleRegistry                                : loaded 2 times (x 66B)
Class jdk.internal.jimage.decompressor.ResourceDecompressorFactory                    : loaded 2 times (x 70B)
Class com.google.devtools.ksp.processing.KSPLogger                                    : loaded 2 times (x 66B)
Class com.google.common.collect.ImmutableSet$JdkBackedSetBuilderImpl                  : loaded 2 times (x 72B)
Class com.google.common.collect.Iterators$5                                           : loaded 2 times (x 78B)
Class com.google.common.util.concurrent.internal.InternalFutureFailureAccess          : loaded 2 times (x 68B)
Class com.google.common.base.CharMatcher$ForPredicate                                 : loaded 2 times (x 108B)
Class kotlin.coroutines.intrinsics.IntrinsicsKt__IntrinsicsKt                         : loaded 2 times (x 67B)
Class com.google.common.collect.ImmutableMultimap$Values                              : loaded 2 times (x 122B)
Class com.google.common.cache.LocalCache$LocalManualCache$1                           : loaded 2 times (x 71B)
Class com.google.common.base.CharMatcher$AnyOf                                        : loaded 2 times (x 108B)
Class [Lcom.google.common.collect.ImmutableMapEntry;                                  : loaded 2 times (x 65B)
Class kotlin.io.FileTreeWalk$FileTreeWalkIterator                                     : loaded 2 times (x 79B)
Class kotlin.io.FilesKt__UtilsKt                                                      : loaded 2 times (x 67B)
Class kotlin.collections.CollectionsKt__CollectionsJVMKt                              : loaded 2 times (x 67B)
Class com.google.common.collect.Multimaps$CustomSetMultimap                           : loaded 2 times (x 174B)
Class org.gradle.api.internal.classpath.DefaultModuleRegistry                         : loaded 2 times (x 82B)
Class kotlin.sequences.SequencesKt___SequencesKt$flatMap$2                            : loaded 2 times (x 121B)
Class jdk.internal.jrtfs.ExplodedImage                                                : loaded 2 times (x 73B)
Class org.gradle.internal.classloader.ClassLoaderVisitor                              : loaded 2 times (x 72B)
Class kotlin.collections.IndexedValue                                                 : loaded 2 times (x 68B)
Class kotlin.KotlinVersionCurrentValue                                                : loaded 2 times (x 67B)
Class kotlin.collections.builders.MapBuilder$Itr                                      : loaded 2 times (x 68B)
Class kotlin.sequences.SequencesKt                                                    : loaded 2 times (x 67B)
Class kotlin.collections.CollectionsKt__IteratorsKt                                   : loaded 2 times (x 67B)
Class com.google.common.util.concurrent.ListenableFuture                              : loaded 2 times (x 66B)
Class com.google.common.cache.ReferenceEntry                                          : loaded 2 times (x 66B)
Class com.google.common.collect.ImmutableSet$CachingAsList                            : loaded 2 times (x 144B)
Class kotlin.sequences.SequencesKt___SequencesKt                                      : loaded 2 times (x 67B)
Class jdk.internal.jimage.BasicImageReader$2                                          : loaded 2 times (x 73B)
Class kotlin.jvm.internal.markers.KMutableSet                                         : loaded 2 times (x 66B)
Class com.google.common.collect.Iterators$9                                           : loaded 2 times (x 77B)
Class kotlin.KotlinVersion$Companion                                                  : loaded 2 times (x 67B)
Class com.google.common.base.FunctionalEquivalence                                    : loaded 2 times (x 79B)
Class com.google.common.collect.ImmutableAsList                                       : loaded 2 times (x 205B)
Class com.google.common.collect.AbstractMapBasedMultimap                              : loaded 2 times (x 135B)
Class kotlin.coroutines.jvm.internal.RestrictedContinuationImpl                       : loaded 2 times (x 83B)
Class kotlin.io.FileTreeWalk$FileTreeWalkIterator$SingleFileState                     : loaded 2 times (x 70B)
Class kotlin.coroutines.CoroutineContext$Key                                          : loaded 2 times (x 66B)
Class kotlin.LazyKt__LazyJVMKt                                                        : loaded 2 times (x 67B)
Class com.google.common.collect.ImmutableMultiset                                     : loaded 2 times (x 159B)
Class com.google.common.cache.CacheLoader$SupplierToCacheLoader                       : loaded 2 times (x 71B)
Class org.gradle.internal.classloader.DefaultClassLoaderFactory                       : loaded 2 times (x 78B)
Class com.google.common.base.Suppliers                                                : loaded 2 times (x 67B)
Class [Lcom.google.common.cache.CacheBuilder$OneWeigher;                              : loaded 2 times (x 65B)
Class com.google.common.base.Platform$JdkPatternCompiler                              : loaded 2 times (x 71B)
Class [Lkotlin.Pair;                                                                  : loaded 2 times (x 65B)
Class kotlin.io.FilesKt__FileReadWriteKt                                              : loaded 2 times (x 67B)
Class org.gradle.internal.service.ServiceLookupException                              : loaded 2 times (x 78B)
Class [Lkotlin.reflect.KClass;                                                        : loaded 2 times (x 65B)
Class [Lkotlin.sequences.Sequence;                                                    : loaded 2 times (x 65B)
Class kotlin.jvm.internal.MutablePropertyReference1Impl                               : loaded 2 times (x 133B)
Class [Lcom.google.common.cache.LocalCache$EntryFactory;                              : loaded 2 times (x 65B)
Class org.gradle.internal.classloader.ClassLoaderFactory                              : loaded 2 times (x 66B)
Class com.google.common.base.CharMatcher$IsNot                                        : loaded 2 times (x 107B)
Class kotlin.io.LinesSequence                                                         : loaded 2 times (x 71B)
Class com.google.common.cache.LocalCache$LocalManualCache                             : loaded 2 times (x 95B)
Class org.gradle.internal.service.CachingServiceLocator                               : loaded 2 times (x 78B)
Class kotlin.jvm.internal.CallableReference                                           : loaded 2 times (x 102B)
Class kotlin.collections.AbstractList$IteratorImpl                                    : loaded 2 times (x 78B)
Class com.google.common.math.IntMath                                                  : loaded 2 times (x 67B)
Class kotlin.properties.ReadOnlyProperty                                              : loaded 2 times (x 66B)
Class kotlin.jvm.internal.markers.KMutableMap                                         : loaded 2 times (x 66B)
Class kotlin.ranges.IntRange                                                          : loaded 2 times (x 89B)
Class com.google.common.collect.ImmutableMapEntry                                     : loaded 2 times (x 81B)
Class com.google.common.collect.UnmodifiableListIterator                              : loaded 2 times (x 91B)
Class com.google.common.reflect.TypeCapture                                           : loaded 2 times (x 67B)
Class com.google.common.collect.ImmutableMultimap                                     : loaded 2 times (x 143B)
Class com.google.common.base.Equivalence                                              : loaded 2 times (x 78B)
Class com.google.common.collect.ImmutableMapEntry$NonTerminalImmutableMapEntry        : loaded 2 times (x 81B)
Class com.google.common.cache.CacheBuilder$OneWeigher                                 : loaded 2 times (x 78B)
Class com.google.common.collect.RegularImmutableList                                  : loaded 2 times (x 209B)
Class kotlin.sequences.TransformingSequence                                           : loaded 2 times (x 71B)
Class jdk.internal.jimage.decompressor.StringSharingDecompressorFactory               : loaded 2 times (x 70B)
Class org.gradle.internal.classloader.ClasspathUtil                                   : loaded 2 times (x 67B)
Class kotlin.jvm.internal.PropertyReference0                                          : loaded 2 times (x 123B)
Class kotlin.sequences.EmptySequence                                                  : loaded 2 times (x 74B)
Class kotlin.io.FileSystemException                                                   : loaded 2 times (x 78B)
Class com.google.common.util.concurrent.Uninterruptibles                              : loaded 2 times (x 67B)
Class com.google.common.collect.ImmutableMap$MapViewOfValuesAsSingletonSets           : loaded 2 times (x 122B)
Class kotlin.jvm.internal.DefaultConstructorMarker                                    : loaded 2 times (x 67B)
Class kotlin.jvm.internal.PropertyReference1                                          : loaded 2 times (x 123B)
Class com.google.common.collect.AbstractMapBasedMultimap$WrappedSet                   : loaded 2 times (x 138B)
Class com.google.common.util.concurrent.LazyLogger                                    : loaded 2 times (x 68B)
Class org.gradle.api.specs.Spec                                                       : loaded 2 times (x 66B)
Class com.google.common.collect.RegularImmutableMap                                   : loaded 2 times (x 117B)
Class kotlin.jvm.internal.MutablePropertyReference                                    : loaded 2 times (x 115B)
Class kotlin.UnsafeLazyImpl                                                           : loaded 2 times (x 72B)
Class kotlin.LazyKt__LazyJVMKt$WhenMappings                                           : loaded 2 times (x 67B)
Class [Lcom.google.common.collect.ImmutableEntry;                                     : loaded 2 times (x 65B)
Class kotlin.jvm.internal.ArrayIterator                                               : loaded 2 times (x 75B)
Class kotlin.LazyThreadSafetyMode                                                     : loaded 2 times (x 75B)
Class com.google.common.cache.LocalCache$LoadingValueReference                        : loaded 2 times (x 92B)
Class kotlin.ranges.IntProgression$Companion                                          : loaded 2 times (x 67B)
Class jdk.internal.jimage.decompressor.ResourceDecompressorRepository                 : loaded 2 times (x 67B)
Class kotlin.jvm.internal.SpreadBuilder                                               : loaded 2 times (x 72B)
Class kotlin.collections.EmptyIterator                                                : loaded 2 times (x 85B)
Class kotlin.SynchronizedLazyImpl                                                     : loaded 2 times (x 72B)
Class com.google.common.reflect.Invokable$MethodInvokable                             : loaded 2 times (x 103B)
Class com.google.common.collect.Multimaps$Entries                                     : loaded 2 times (x 114B)
Class com.google.common.base.Platform                                                 : loaded 2 times (x 67B)
Class kotlin.collections.builders.MapBuilder                                          : loaded 2 times (x 108B)
Class org.gradle.api.internal.classpath.ManifestUtil                                  : loaded 2 times (x 67B)
Class com.google.common.collect.AbstractMapBasedMultimap$WrappedCollection            : loaded 2 times (x 120B)
Class com.google.common.collect.ImmutableList$1                                       : loaded 2 times (x 93B)
Class kotlin.io.FilePathComponents                                                    : loaded 2 times (x 68B)
Class kotlin.coroutines.jvm.internal.RestrictedSuspendLambda                          : loaded 2 times (x 87B)
Class kotlin.sequences.SequencesKt__SequencesJVMKt                                    : loaded 2 times (x 67B)
Class com.google.devtools.ksp.processing.KspGradleLogger$Companion                    : loaded 2 times (x 67B)
Class com.google.common.util.concurrent.ExecutionError                                : loaded 2 times (x 78B)
Class kotlin.SafePublicationLazyImpl$Companion                                        : loaded 2 times (x 67B)
Class kotlin.text.Regex                                                               : loaded 2 times (x 68B)
Class kotlin.Triple                                                                   : loaded 2 times (x 68B)
Class kotlin.sequences.SequencesKt__SequenceBuilderKt$sequence$$inlined$Sequence$1    : loaded 2 times (x 71B)
Class kotlin.collections.ArrayAsCollection                                            : loaded 2 times (x 101B)
Class kotlin.LazyKt__LazyKt                                                           : loaded 2 times (x 67B)
Class [Lcom.google.common.collect.Iterators$EmptyModifiableIterator;                  : loaded 2 times (x 65B)
Class com.google.common.cache.LocalCache$StrongValueReference                         : loaded 2 times (x 86B)
Class kotlin.jvm.internal.Ref$ObjectRef                                               : loaded 2 times (x 68B)
Class kotlin.jvm.internal.ReflectionFactory                                           : loaded 2 times (x 87B)
Class kotlin.UNINITIALIZED_VALUE                                                      : loaded 2 times (x 67B)
Class org.gradle.internal.classloader.VisitableURLClassLoader$InstrumentingVisitableURLClassLoader: loaded 2 times (x 119B)
Class kotlin.comparisons.ComparisonsKt__ComparisonsKt                                 : loaded 2 times (x 67B)
Class kotlin.jvm.internal.ClassBasedDeclarationContainer                              : loaded 2 times (x 66B)
Class kotlin.coroutines.Continuation                                                  : loaded 2 times (x 66B)
Class kotlin.collections.SetsKt___SetsKt                                              : loaded 2 times (x 67B)
Class kotlin.ranges.RangesKt__RangesKt                                                : loaded 2 times (x 67B)
Class kotlin.sequences.SequencesKt__SequencesKt                                       : loaded 2 times (x 67B)
Class com.google.common.math.IntMath$1                                                : loaded 2 times (x 67B)
Class [Lcom.google.common.cache.CacheBuilder$NullListener;                            : loaded 2 times (x 65B)
Class org.gradle.internal.classloader.VisitableURLClassLoader$Spec                    : loaded 2 times (x 70B)
Class org.gradle.internal.classpath.DefaultClassPath                                  : loaded 2 times (x 86B)
Class jdk.internal.jimage.decompressor.ZipDecompressorFactory                         : loaded 2 times (x 70B)
Class kotlin.comparisons.ComparisonsKt                                                : loaded 2 times (x 67B)
Class kotlin.comparisons.ComparisonsKt___ComparisonsKt                                : loaded 2 times (x 67B)
Class kotlin.Result$Companion                                                         : loaded 2 times (x 67B)
Class kotlin.coroutines.jvm.internal.BaseContinuationImpl                             : loaded 2 times (x 83B)
Class kotlin.text.CharsKt__CharJVMKt                                                  : loaded 2 times (x 67B)
Class kotlin.sequences.FilteringSequence                                              : loaded 2 times (x 71B)
Class com.google.devtools.ksp.processing.KspGradleLogger                              : loaded 2 times (x 75B)
Class com.google.common.base.CharMatcher$BitSetMatcher                                : loaded 2 times (x 108B)
Class kotlin.jvm.internal.PropertyReference1Impl                                      : loaded 2 times (x 123B)
Class kotlin.reflect.KType                                                            : loaded 2 times (x 66B)
Class com.google.common.io.Closer                                                     : loaded 2 times (x 74B)
Class com.google.common.collect.RegularImmutableMap$Values                            : loaded 2 times (x 203B)
Class org.gradle.internal.classloader.ClassLoaderSpec                                 : loaded 2 times (x 67B)
Class kotlin.jvm.internal.FunctionReferenceImpl                                       : loaded 2 times (x 118B)
Class kotlin.collections.CollectionsKt___CollectionsJvmKt                             : loaded 2 times (x 67B)
Class com.google.common.cache.CacheStats                                              : loaded 2 times (x 67B)
Class com.google.common.base.CharMatcher$Or                                           : loaded 2 times (x 108B)
Class kotlin.jdk7.AutoCloseableKt                                                     : loaded 2 times (x 67B)
Class kotlin.jvm.internal.markers.KMutableIterable                                    : loaded 2 times (x 66B)
Class kotlin.Unit                                                                     : loaded 2 times (x 67B)
Class kotlin.TuplesKt                                                                 : loaded 2 times (x 67B)
Class kotlin.sequences.SequencesKt___SequencesJvmKt                                   : loaded 2 times (x 67B)
Class com.google.common.collect.AbstractMapBasedMultimap$2                            : loaded 2 times (x 81B)
Class com.google.common.collect.ImmutableMultisetGwtSerializationDependencies         : loaded 2 times (x 121B)
Class com.google.common.io.Closer$Suppressor                                          : loaded 2 times (x 66B)
Class com.google.common.util.concurrent.AbstractFuture$Listener                       : loaded 2 times (x 68B)
Class kotlin.ranges.RangesKt                                                          : loaded 2 times (x 67B)
Class com.google.common.base.Supplier                                                 : loaded 2 times (x 66B)
Class org.gradle.internal.classloader.VisitableURLClassLoader                         : loaded 2 times (x 113B)
Class [Lkotlin.DeprecationLevel;                                                      : loaded 2 times (x 65B)
Class kotlin.sequences.GeneratorSequence                                              : loaded 2 times (x 71B)
Class kotlin.sequences.FlatteningSequence$iterator$1                                  : loaded 2 times (x 75B)
Class kotlin.jvm.functions.Function0                                                  : loaded 2 times (x 66B)
Class kotlin.collections.ArraysUtilJVM                                                : loaded 2 times (x 67B)
Class com.google.common.collect.ImmutableList$SerializedForm                          : loaded 2 times (x 69B)
Class org.gradle.internal.Cast                                                        : loaded 2 times (x 67B)
Class org.gradle.api.Action                                                           : loaded 2 times (x 66B)
Class com.google.common.base.CharMatcher$FastMatcher                                  : loaded 2 times (x 107B)
Class kotlin.jvm.internal.MutablePropertyReference1                                   : loaded 2 times (x 133B)
Class jdk.internal.jimage.decompressor.ZipDecompressor                                : loaded 2 times (x 71B)
Class kotlin.properties.ReadWriteProperty                                             : loaded 2 times (x 66B)
Class kotlin.jvm.functions.Function1                                                  : loaded 2 times (x 66B)
Class com.google.common.base.Strings                                                  : loaded 2 times (x 67B)
Class com.google.common.base.Ticker                                                   : loaded 2 times (x 68B)
Class org.gradle.internal.classloader.ClassLoaderHierarchy                            : loaded 2 times (x 66B)
Class com.google.common.collect.SortedSetMultimap                                     : loaded 2 times (x 66B)
Class kotlin.collections.CollectionsKt__ReversedViewsKt                               : loaded 2 times (x 67B)
Class kotlin.sequences.SequencesKt__SequenceBuilderKt                                 : loaded 2 times (x 67B)
Class kotlin.jvm.internal.markers.KMutableIterator                                    : loaded 2 times (x 66B)
Class com.google.devtools.ksp.processing.KSPConfig                                    : loaded 2 times (x 68B)
Class [Lcom.google.common.cache.LocalCache$Segment;                                   : loaded 2 times (x 65B)
Class [Lcom.google.common.cache.LocalCache$Strength;                                  : loaded 2 times (x 65B)
Class com.google.common.cache.CacheBuilder$1                                          : loaded 2 times (x 81B)
Class org.gradle.internal.classpath.DefaultClassPath$ImmutableUniqueList$Builder      : loaded 2 times (x 71B)
Class kotlin.jvm.functions.Function3                                                  : loaded 2 times (x 66B)
Class kotlin.io.FileTreeWalk$WalkState                                                : loaded 2 times (x 69B)
Class kotlin.collections.MapsKt___MapsJvmKt                                           : loaded 2 times (x 67B)
Class com.google.common.cache.LocalCache                                              : loaded 2 times (x 183B)
Class com.google.common.cache.CacheBuilder$2                                          : loaded 2 times (x 75B)
Class kotlin.annotation.Target                                                        : loaded 2 times (x 66B)
Class kotlin.jvm.functions.Function4                                                  : loaded 2 times (x 66B)
Class kotlin.collections.EmptySet                                                     : loaded 2 times (x 118B)
Class kotlin.collections.CollectionsKt___CollectionsKt                                : loaded 2 times (x 67B)
Class [Lcom.google.common.collect.AbstractMapEntry;                                   : loaded 2 times (x 65B)
Class com.google.common.cache.CacheBuilder$3                                          : loaded 2 times (x 68B)
Class com.google.common.collect.ImmutableEntry                                        : loaded 2 times (x 78B)
Class com.google.common.collect.ArrayListMultimap                                     : loaded 2 times (x 168B)
Class org.gradle.api.GradleException                                                  : loaded 2 times (x 78B)
Class kotlin.sequences.FilteringSequence$iterator$1                                   : loaded 2 times (x 75B)
Class kotlin.jvm.internal.CollectionToArray                                           : loaded 2 times (x 67B)
Class kotlin.annotation.Retention                                                     : loaded 2 times (x 66B)
Class kotlin.jvm.functions.Function5                                                  : loaded 2 times (x 66B)
Class kotlin.reflect.KDeclarationContainer                                            : loaded 2 times (x 66B)
Class com.google.common.collect.ForwardingMap                                         : loaded 2 times (x 128B)
Class com.google.common.collect.CollectPreconditions                                  : loaded 2 times (x 67B)
Class kotlin.io.FilesKt__FileTreeWalkKt                                               : loaded 2 times (x 67B)
Class kotlin.jvm.functions.Function6                                                  : loaded 2 times (x 66B)
Class kotlin.io.FilesKt                                                               : loaded 2 times (x 67B)
Class kotlin.collections.MapsKt___MapsKt                                              : loaded 2 times (x 67B)
Class kotlin.collections.ArraysKt___ArraysKt                                          : loaded 2 times (x 67B)
Class kotlin.jvm.functions.Function7                                                  : loaded 2 times (x 66B)
Class kotlin.collections.MapsKt__MapWithDefaultKt                                     : loaded 2 times (x 67B)
Class com.google.common.cache.LocalCache$EntryFactory                                 : loaded 2 times (x 79B)
Class com.google.common.base.CharMatcher$IsEither                                     : loaded 2 times (x 107B)
Class org.gradle.internal.classloader.FilteringClassLoader                            : loaded 2 times (x 101B)
Class [Lkotlin.annotation.AnnotationRetention;                                        : loaded 2 times (x 65B)
Class kotlin.jvm.functions.Function8                                                  : loaded 2 times (x 66B)
Class kotlin.collections.builders.MapBuilder$Companion                                : loaded 2 times (x 67B)
Class kotlin.collections.CollectionsKt__MutableCollectionsJVMKt                       : loaded 2 times (x 67B)
Class com.google.common.reflect.TypeParameter                                         : loaded 2 times (x 68B)
Class com.google.common.cache.LocalCache$AbstractReferenceEntry                       : loaded 2 times (x 103B)
Class org.gradle.internal.IoActions                                                   : loaded 2 times (x 67B)
Class kotlin.annotation.MustBeDocumented                                              : loaded 2 times (x 66B)
Class kotlin.jvm.functions.Function10                                                 : loaded 2 times (x 66B)
Class kotlin.jvm.functions.Function9                                                  : loaded 2 times (x 66B)
Class [Lkotlin.reflect.KClassifier;                                                   : loaded 2 times (x 65B)
Class [Lkotlin.LazyThreadSafetyMode;                                                  : loaded 2 times (x 65B)
Class com.google.common.cache.CacheLoader$InvalidCacheLoadException                   : loaded 2 times (x 78B)
Class com.google.common.collect.ImmutableSet$RegularSetBuilderImpl                    : loaded 2 times (x 73B)
Class org.gradle.internal.classloader.SystemClassLoaderSpec                           : loaded 2 times (x 67B)
Class com.google.common.collect.RegularImmutableMap$KeySet                            : loaded 2 times (x 148B)
Class kotlin.jvm.functions.Function11                                                 : loaded 2 times (x 66B)
Class kotlin.jvm.internal.PropertyReference0Impl                                      : loaded 2 times (x 123B)
Class kotlin.reflect.KAnnotatedElement                                                : loaded 2 times (x 66B)
Class kotlin.jvm.internal.markers.KMutableCollection                                  : loaded 2 times (x 66B)
Class kotlin.coroutines.intrinsics.IntrinsicsKt                                       : loaded 2 times (x 67B)
Class kotlin.ranges.IntRange$Companion                                                : loaded 2 times (x 67B)
Class kotlin.collections.EmptyMap                                                     : loaded 2 times (x 105B)
Class com.google.common.cache.LocalCache$StrongEntry                                  : loaded 2 times (x 104B)
Class com.google.common.util.concurrent.AbstractFuture$TrustedFuture                  : loaded 2 times (x 110B)
Class com.google.common.cache.LoadingCache                                            : loaded 2 times (x 66B)
Class com.google.common.base.Equivalence$Identity                                     : loaded 2 times (x 78B)
Class kotlin.jvm.functions.Function12                                                 : loaded 2 times (x 66B)
Class kotlin.coroutines.intrinsics.CoroutineSingletons                                : loaded 2 times (x 75B)
Class kotlin.collections.MapsKt                                                       : loaded 2 times (x 67B)
Class kotlin.collections.CollectionsKt__IterablesKt                                   : loaded 2 times (x 67B)
Class [Lcom.google.common.cache.Weigher;                                              : loaded 2 times (x 65B)
Class com.google.common.collect.RegularImmutableMap$BucketOverflowException           : loaded 2 times (x 78B)
Class com.google.common.base.PairwiseEquivalence                                      : loaded 2 times (x 79B)
Class jdk.internal.jimage.decompressor.CompressedResourceHeader                       : loaded 2 times (x 67B)
Class kotlin.text.Charsets                                                            : loaded 2 times (x 67B)
Class kotlin.jvm.functions.Function13                                                 : loaded 2 times (x 66B)
Class kotlin.sequences.SequenceBuilderIterator                                        : loaded 2 times (x 81B)
Class kotlin.ranges.OpenEndRange                                                      : loaded 2 times (x 66B)
Class com.google.common.collect.ImmutableMultimap$1                                   : loaded 2 times (x 78B)
Class com.google.common.base.CharMatcher$Negated                                      : loaded 2 times (x 109B)
Class com.google.common.base.CharMatcher$Is                                           : loaded 2 times (x 107B)
Class kotlin.jvm.functions.Function14                                                 : loaded 2 times (x 66B)
Class kotlin.ranges.RangesKt___RangesKt                                               : loaded 2 times (x 67B)
Class com.google.common.collect.RegularImmutableBiMap                                 : loaded 2 times (x 145B)
Class com.google.common.collect.ImmutableMultimap$2                                   : loaded 2 times (x 77B)
Class com.google.common.cache.LocalCache$ValueReference                               : loaded 2 times (x 66B)
Class kotlin.jvm.functions.Function15                                                 : loaded 2 times (x 66B)
Class kotlin.text.CharsKt__CharKt                                                     : loaded 2 times (x 67B)
Class kotlin.collections.ArraysKt                                                     : loaded 2 times (x 67B)
Class com.google.common.collect.Hashing                                               : loaded 2 times (x 67B)
Class com.google.common.base.PatternCompiler                                          : loaded 2 times (x 66B)
Class com.google.common.util.concurrent.AbstractFuture$Failure                        : loaded 2 times (x 68B)
Class com.google.common.base.Equivalence$Equals                                       : loaded 2 times (x 78B)
Class com.google.common.base.Preconditions                                            : loaded 2 times (x 67B)
Class com.google.common.base.CharMatcher                                              : loaded 2 times (x 107B)
Class kotlin.jvm.functions.Function16                                                 : loaded 2 times (x 66B)
Class kotlin.coroutines.EmptyCoroutineContext                                         : loaded 2 times (x 73B)
Class kotlin.collections.SetsKt__SetsKt                                               : loaded 2 times (x 67B)
Class kotlin.LazyKt                                                                   : loaded 2 times (x 67B)
Class com.google.common.base.Joiner$1                                                 : loaded 2 times (x 76B)
Class com.google.common.collect.PeekingIterator                                       : loaded 2 times (x 66B)
Class com.google.common.base.CharMatcher$NamedFastMatcher                             : loaded 2 times (x 108B)
Class kotlin.InitializedLazyImpl                                                      : loaded 2 times (x 72B)
Class kotlin.jvm.functions.Function17                                                 : loaded 2 times (x 66B)
Class kotlin.collections.ArraysKt__ArraysJVMKt                                        : loaded 2 times (x 67B)
Class com.google.common.base.Joiner$2                                                 : loaded 2 times (x 75B)
Class com.google.common.cache.LocalCache$EntryFactory$1                               : loaded 2 times (x 79B)
Class [Lcom.google.common.cache.RemovalListener;                                      : loaded 2 times (x 65B)
Class kotlin.coroutines.jvm.internal.CompletedContinuation                            : loaded 2 times (x 71B)
Class kotlin.jvm.functions.Function18                                                 : loaded 2 times (x 66B)
Class kotlin.jvm.internal.CallableReference$NoReceiver                                : loaded 2 times (x 67B)
Class com.google.common.cache.LocalCache$EntryFactory$2                               : loaded 2 times (x 79B)
Class org.gradle.api.internal.classpath.GlobalCacheRootsProvider                      : loaded 2 times (x 66B)
Class kotlin.sequences.DropTakeSequence                                               : loaded 2 times (x 66B)
Class kotlin.jvm.functions.Function19                                                 : loaded 2 times (x 66B)
Class kotlin.reflect.KMutableProperty$Setter                                          : loaded 2 times (x 66B)
Class kotlin.Lazy                                                                     : loaded 2 times (x 66B)
Class kotlin.NoWhenBranchMatchedException                                             : loaded 2 times (x 78B)
Class com.google.common.collect.Multimaps                                             : loaded 2 times (x 67B)
Class com.google.common.cache.LocalCache$EntryFactory$3                               : loaded 2 times (x 79B)
Class com.google.common.base.Ticker$1                                                 : loaded 2 times (x 68B)
Class com.google.common.collect.ImmutableMapEntrySet$RegularEntrySet                  : loaded 2 times (x 148B)
Class com.google.common.base.CharMatcher$InRange                                      : loaded 2 times (x 107B)
Class com.google.common.collect.ImmutableSet$Builder                                  : loaded 2 times (x 81B)
Class com.google.common.collect.SetMultimap                                           : loaded 2 times (x 66B)
Class com.google.common.cache.LocalCache$EntryFactory$4                               : loaded 2 times (x 79B)
Class kotlin.sequences.ConstrainedOnceSequence                                        : loaded 2 times (x 71B)
Class com.google.common.cache.LocalCache$EntryFactory$5                               : loaded 2 times (x 79B)
Class kotlin.sequences.FlatteningSequence                                             : loaded 2 times (x 71B)
Class [Lkotlin.reflect.KProperty;                                                     : loaded 2 times (x 65B)
Class com.google.common.cache.LocalCache$EntryFactory$6                               : loaded 2 times (x 79B)
Class org.gradle.internal.installation.CurrentGradleInstallationLocator               : loaded 2 times (x 67B)
Class kotlin.io.TextStreamsKt                                                         : loaded 2 times (x 67B)
Class [Lkotlin.io.FileWalkDirection;                                                  : loaded 2 times (x 65B)
Class com.google.common.collect.ImmutableSet$EmptySetBuilderImpl                      : loaded 2 times (x 72B)
Class com.google.common.collect.ImmutableMultimap$Builder                             : loaded 2 times (x 82B)
Class com.google.common.cache.LocalCache$EntryFactory$7                               : loaded 2 times (x 79B)
Class org.gradle.internal.service.DefaultServiceLocator                               : loaded 2 times (x 79B)
Class com.google.common.util.concurrent.AbstractFuture                                : loaded 2 times (x 102B)
Class kotlin.reflect.KMutableProperty0                                                : loaded 2 times (x 66B)
Class kotlin.reflect.KClassifier                                                      : loaded 2 times (x 66B)
Class kotlin.io.FileTreeWalk                                                          : loaded 2 times (x 71B)
Class kotlin.coroutines.jvm.internal.SuspendFunction                                  : loaded 2 times (x 66B)
Class com.google.common.collect.ImmutableMultimap$EntryCollection                     : loaded 2 times (x 124B)
Class com.google.common.cache.LocalCache$EntryFactory$8                               : loaded 2 times (x 79B)
Class com.google.common.collect.ImmutableSet$SetBuilderImpl                           : loaded 2 times (x 72B)
Class org.gradle.internal.installation.CurrentGradleInstallation                      : loaded 2 times (x 69B)
Class kotlin.jvm.internal.Ref$BooleanRef                                              : loaded 2 times (x 67B)
Class kotlin.jvm.internal.StringCompanionObject                                       : loaded 2 times (x 67B)
Class kotlin.reflect.KMutableProperty1                                                : loaded 2 times (x 66B)
Class kotlin.coroutines.intrinsics.IntrinsicsKt__IntrinsicsJvmKt                      : loaded 2 times (x 67B)
Class kotlin.coroutines.jvm.internal.CoroutineStackFrame                              : loaded 2 times (x 66B)
Class com.google.common.collect.ForwardingObject                                      : loaded 2 times (x 68B)
Class com.google.common.cache.CacheLoader$1                                           : loaded 2 times (x 71B)
Class com.google.common.collect.ImmutableList$SubList                                 : loaded 2 times (x 205B)
Class org.gradle.util.internal.GUtil                                                  : loaded 2 times (x 67B)
Class kotlin.reflect.KMutableProperty2                                                : loaded 2 times (x 66B)
Class kotlin.io.NoSuchFileException                                                   : loaded 2 times (x 78B)
Class kotlin.collections.CollectionsKt                                                : loaded 2 times (x 67B)
Class com.google.common.cache.AbstractCache$StatsCounter                              : loaded 2 times (x 66B)
Class kotlin.ranges.IntProgressionIterator                                            : loaded 2 times (x 78B)
Class kotlin.coroutines.jvm.internal.DebugProbesKt                                    : loaded 2 times (x 67B)
Class kotlin.coroutines.CoroutineContext                                              : loaded 2 times (x 66B)
Class com.google.common.collect.Iterators$MergingIterator                             : loaded 2 times (x 77B)
Class com.google.common.collect.RegularImmutableSet                                   : loaded 2 times (x 145B)
Class org.gradle.internal.installation.GradleInstallation                             : loaded 2 times (x 71B)
Class com.google.common.base.Splitter$Strategy                                        : loaded 2 times (x 66B)
Class jdk.internal.jimage.decompressor.ResourceDecompressor$StringsProvider           : loaded 2 times (x 66B)
Class com.google.common.collect.Iterables                                             : loaded 2 times (x 67B)
Class kotlin.io.FileWalkDirection                                                     : loaded 2 times (x 75B)
Class kotlin.jvm.KotlinReflectionNotSupportedError                                    : loaded 2 times (x 78B)
Class kotlin.ranges.IntProgression                                                    : loaded 2 times (x 77B)

---------------  S Y S T E M  ---------------

OS:
 Windows 11 , 64 bit Build 26100 (10.0.26100.5074)
OS uptime: 0 days 0:25 hours
Hyper-V role detected

CPU: total 4 (initial active 4) (2 cores per cpu, 2 threads per core) family 6 model 142 stepping 12 microcode 0xde, cx8, cmov, fxsr, ht, mmx, 3dnowpref, sse, sse2, sse3, ssse3, sse4.1, sse4.2, popcnt, lzcnt, tsc, tscinvbit, avx, avx2, aes, erms, clmul, bmi1, bmi2, adx, fma, vzeroupper, clflush, clflushopt, hv, rdtscp, f16c
Processor Information for the first 4 processors :
  Max Mhz: 2592, Current Mhz: 2592, Mhz Limit: 2073

Memory: 4k page, system-wide physical 8025M (1006M free)
TotalPageFile size 12389M (AvailPageFile size 10M)
current process WorkingSet (physical memory assigned to process): 1616M, peak: 1616M
current process commit charge ("private bytes"): 1918M, peak: 2153M

vm_info: OpenJDK 64-Bit Server VM (21.0.6+-13391695-b895.109) for windows-amd64 JRE (21.0.6+-13391695-b895.109), built on 2025-04-22T21:19:17Z by "builder" with MS VC++ 16.10 / 16.11 (VS2019)

END.
