#
# There is insufficient memory for the Java Runtime Environment to continue.
# Native memory allocation (malloc) failed to allocate 1422096 bytes. Error detail: Chunk::new
# Possible reasons:
#   The system is out of physical RAM or swap space
#   This process is running with CompressedOops enabled, and the Java Heap may be blocking the growth of the native heap
# Possible solutions:
#   Reduce memory load on the system
#   Increase physical memory or swap space
#   Check if swap backing store is full
#   Decrease Java heap size (-Xmx/-Xms)
#   Decrease number of Java threads
#   Decrease Java thread stack sizes (-Xss)
#   Set larger code cache with -XX:ReservedCodeCacheSize=
#   JVM is running with Zero Based Compressed Oops mode in which the Java heap is
#     placed in the first 32GB address space. The Java Heap base address is the
#     maximum limit for the native heap growth. Please use -XX:HeapBaseMinAddress
#     to set the Java Heap base and to place the Java Heap above 32GB virtual address.
# This output file may be truncated or incomplete.
#
#  Out of Memory Error (arena.cpp:168), pid=9916, tid=14448
#
# JRE version: OpenJDK Runtime Environment (21.0.6) (build 21.0.6+-13391695-b895.109)
# Java VM: OpenJDK 64-Bit Server VM (21.0.6+-13391695-b895.109, mixed mode, tiered, compressed oops, compressed class ptrs, parallel gc, windows-amd64)
# No core dump will be written. Minidumps are not enabled by default on client versions of Windows
#

---------------  S U M M A R Y ------------

Command Line: --add-opens=java.base/java.lang=ALL-UNNAMED --add-opens=java.base/java.lang.invoke=ALL-UNNAMED --add-opens=java.base/java.util=ALL-UNNAMED --add-opens=java.prefs/java.util.prefs=ALL-UNNAMED --add-exports=jdk.compiler/com.sun.tools.javac.api=ALL-UNNAMED --add-exports=jdk.compiler/com.sun.tools.javac.util=ALL-UNNAMED --add-opens=java.base/java.util=ALL-UNNAMED --add-opens=java.prefs/java.util.prefs=ALL-UNNAMED --add-opens=java.base/java.nio.charset=ALL-UNNAMED --add-opens=java.base/java.net=ALL-UNNAMED --add-opens=java.base/java.util.concurrent.atomic=ALL-UNNAMED --add-opens=java.xml/javax.xml.namespace=ALL-UNNAMED -XX:+UseParallelGC -Xmx4g -Dfile.encoding=UTF-8 -Duser.country=CN -Duser.language=zh -Duser.variant -javaagent:C:\Users\Mbongeni\.gradle\wrapper\dists\gradle-8.14.2-bin\2pb3mgt1p815evrl3weanttgr\gradle-8.14.2\lib\agents\gradle-instrumentation-agent-8.14.2.jar org.gradle.launcher.daemon.bootstrap.GradleDaemon 8.14.2

Host: Intel(R) Core(TM) i3-10110U CPU @ 2.10GHz, 4 cores, 7G,  Windows 11 , 64 bit Build 26100 (10.0.26100.5074)
Time: Sat Sep  6 22:16:32 2025 South Africa Standard Time elapsed time: 25898.368117 seconds (0d 7h 11m 38s)

---------------  T H R E A D  ---------------

Current thread (0x0000012cd5571b40):  JavaThread "C2 CompilerThread0" daemon [_thread_in_native, id=14448, stack(0x0000001455c00000,0x0000001455d00000) (1024K)]


Current CompileTask:
C2:25898368 383931   !   4       org.gradle.internal.classloader.CachingClassLoader::loadClass (85 bytes)

Stack: [0x0000001455c00000,0x0000001455d00000]
Native frames: (J=compiled Java code, j=interpreted, Vv=VM code, C=native code)
V  [jvm.dll+0x6d0639]
V  [jvm.dll+0x85eb03]
V  [jvm.dll+0x86105e]
V  [jvm.dll+0x861743]
V  [jvm.dll+0x27e6e6]
V  [jvm.dll+0xbff6d]
V  [jvm.dll+0xc04a3]
V  [jvm.dll+0x3b6171]
V  [jvm.dll+0x3820c7]
V  [jvm.dll+0x38153a]
V  [jvm.dll+0x247c82]
V  [jvm.dll+0x247251]
V  [jvm.dll+0x1c5f04]
V  [jvm.dll+0x2569ac]
V  [jvm.dll+0x254ef6]
V  [jvm.dll+0x3f0e96]
V  [jvm.dll+0x806ed8]
V  [jvm.dll+0x6cef0d]
C  [ucrtbase.dll+0x37b0]
C  [KERNEL32.DLL+0x2e8d7]
C  [ntdll.dll+0x8d9c]


---------------  P R O C E S S  ---------------

Threads class SMR info:
_java_thread_list=0x0000012ce9ea6e60, length=87, elements={
0x0000012cb30617b0, 0x0000012cd06cb280, 0x0000012cd070df70, 0x0000012cd0701920,
0x0000012cd06fc880, 0x0000012cd556f1b0, 0x0000012cd5570380, 0x0000012cd5571b40,
0x0000012cd5576bd0, 0x0000012cd56d1430, 0x0000012cd585d030, 0x0000012cd722ca30,
0x0000012cd726c8e0, 0x0000012cd7499660, 0x0000012cd7430080, 0x0000012cd7431430,
0x0000012cd7430710, 0x0000012cd742ecd0, 0x0000012cd7d3a030, 0x0000012cd7d3a6c0,
0x0000012cd7d37f60, 0x0000012cdb0c0530, 0x0000012ce150f940, 0x0000012cd9b73ba0,
0x0000012cd9b79780, 0x0000012cd9b77d40, 0x0000012cd9b783d0, 0x0000012cd9b78a60,
0x0000012cd9b790f0, 0x0000012ce37cac20, 0x0000012ce37c8b50, 0x0000012ce150d870,
0x0000012ce15096d0, 0x0000012ce360ae90, 0x0000012ce360b520, 0x0000012ce247ca60,
0x0000012ce247b6b0, 0x0000012ce2481290, 0x0000012ceb405300, 0x0000012ceb3f2bb0,
0x0000012ce24895d0, 0x0000012ceb3ff090, 0x0000012ce9540040, 0x0000012ce953f9b0,
0x0000012ceb3f0ae0, 0x0000012ceb3f94b0, 0x0000012ceb3e9b50, 0x0000012ceb3eb590,
0x0000012ceb3f1800, 0x0000012ceb3f5310, 0x0000012ceb3f38d0, 0x0000012ceb401160,
0x0000012ce150be30, 0x0000012ce150aa80, 0x0000012ce150a3f0, 0x0000012ce150cb50,
0x0000012ce1509d60, 0x0000012ce150df00, 0x0000012ce150d1e0, 0x0000012ce150f2b0,
0x0000012ce1510660, 0x0000012ce150e590, 0x0000012ceb3ec940, 0x0000012ceb3ea1e0,
0x0000012ceb3ecfd0, 0x0000012ceb3ed660, 0x0000012ceb3edcf0, 0x0000012ceb3eea10,
0x0000012ceb3f2520, 0x0000012ceb3f1170, 0x0000012ceb3ef730, 0x0000012ceb3f1e90,
0x0000012ceb3efdc0, 0x0000012ceb3ef0a0, 0x0000012ceb3f0450, 0x0000012ceb3f4c80,
0x0000012ceb3f59a0, 0x0000012ceb3f45f0, 0x0000012ceb3f73e0, 0x0000012ceb3f3f60,
0x0000012ceb3f6030, 0x0000012ceb3f8e20, 0x0000012ceb3f9b40, 0x0000012ceb3fa860,
0x0000012ceb3ff720, 0x0000012ceb3ffdb0, 0x0000012ceb400ad0
}

Java Threads: ( => current thread )
  0x0000012cb30617b0 JavaThread "main"                              [_thread_blocked, id=11100, stack(0x0000001455200000,0x0000001455300000) (1024K)]
  0x0000012cd06cb280 JavaThread "Reference Handler"          daemon [_thread_blocked, id=8668, stack(0x0000001455600000,0x0000001455700000) (1024K)]
  0x0000012cd070df70 JavaThread "Finalizer"                  daemon [_thread_blocked, id=5892, stack(0x0000001455700000,0x0000001455800000) (1024K)]
  0x0000012cd0701920 JavaThread "Signal Dispatcher"          daemon [_thread_blocked, id=2472, stack(0x0000001455800000,0x0000001455900000) (1024K)]
  0x0000012cd06fc880 JavaThread "Attach Listener"            daemon [_thread_blocked, id=11436, stack(0x0000001455900000,0x0000001455a00000) (1024K)]
  0x0000012cd556f1b0 JavaThread "Service Thread"             daemon [_thread_blocked, id=8432, stack(0x0000001455a00000,0x0000001455b00000) (1024K)]
  0x0000012cd5570380 JavaThread "Monitor Deflation Thread"   daemon [_thread_blocked, id=7428, stack(0x0000001455b00000,0x0000001455c00000) (1024K)]
=>0x0000012cd5571b40 JavaThread "C2 CompilerThread0"         daemon [_thread_in_native, id=14448, stack(0x0000001455c00000,0x0000001455d00000) (1024K)]
  0x0000012cd5576bd0 JavaThread "C1 CompilerThread0"         daemon [_thread_blocked, id=9720, stack(0x0000001455d00000,0x0000001455e00000) (1024K)]
  0x0000012cd56d1430 JavaThread "Common-Cleaner"             daemon [_thread_blocked, id=13608, stack(0x0000001455e00000,0x0000001455f00000) (1024K)]
  0x0000012cd585d030 JavaThread "Notification Thread"        daemon [_thread_blocked, id=13468, stack(0x0000001455f00000,0x0000001456000000) (1024K)]
  0x0000012cd722ca30 JavaThread "Daemon health stats"               [_thread_blocked, id=2188, stack(0x0000001456400000,0x0000001456500000) (1024K)]
  0x0000012cd726c8e0 JavaThread "Incoming local TCP Connector on port 50386"        [_thread_in_native, id=11844, stack(0x0000001456500000,0x0000001456600000) (1024K)]
  0x0000012cd7499660 JavaThread "Daemon periodic checks"            [_thread_blocked, id=7460, stack(0x0000001456600000,0x0000001456700000) (1024K)]
  0x0000012cd7430080 JavaThread "Cache worker for journal cache (C:\Users\Mbongeni\.gradle\caches\journal-1)"        [_thread_blocked, id=8396, stack(0x0000001456000000,0x0000001456100000) (1024K)]
  0x0000012cd7431430 JavaThread "File lock request listener"        [_thread_in_native, id=8268, stack(0x0000001456e00000,0x0000001456f00000) (1024K)]
  0x0000012cd7430710 JavaThread "Cache worker for file hash cache (C:\Users\Mbongeni\.gradle\caches\8.14.2\fileHashes)"        [_thread_blocked, id=5048, stack(0x0000001457000000,0x0000001457100000) (1024K)]
  0x0000012cd742ecd0 JavaThread "Cache worker for file content cache (C:\Users\Mbongeni\.gradle\caches\8.14.2\fileContent)"        [_thread_blocked, id=9912, stack(0x0000001457400000,0x0000001457500000) (1024K)]
  0x0000012cd7d3a030 JavaThread "File watcher server"        daemon [_thread_in_native, id=5640, stack(0x0000001457500000,0x0000001457600000) (1024K)]
  0x0000012cd7d3a6c0 JavaThread "File watcher consumer"      daemon [_thread_blocked, id=12532, stack(0x0000001457600000,0x0000001457700000) (1024K)]
  0x0000012cd7d37f60 JavaThread "JNA Cleaner"                daemon [_thread_blocked, id=10032, stack(0x0000001457900000,0x0000001457a00000) (1024K)]
  0x0000012cdb0c0530 JavaThread "Memory manager"                    [_thread_blocked, id=5280, stack(0x0000001458800000,0x0000001458900000) (1024K)]
  0x0000012ce150f940 JavaThread "pool-2-thread-1"                   [_thread_blocked, id=6752, stack(0x0000001459b00000,0x0000001459c00000) (1024K)]
  0x0000012cd9b73ba0 JavaThread "Java2D Disposer"            daemon [_thread_blocked, id=3436, stack(0x000000145c300000,0x000000145c400000) (1024K)]
  0x0000012cd9b79780 JavaThread "AWT-Windows"                daemon [_thread_in_native, id=14380, stack(0x000000145c500000,0x000000145c600000) (1024K)]
  0x0000012cd9b77d40 JavaThread "DefaultDispatcher-worker-1" daemon [_thread_blocked, id=5444, stack(0x000000145c700000,0x000000145c800000) (1024K)]
  0x0000012cd9b783d0 JavaThread "DefaultDispatcher-worker-2" daemon [_thread_blocked, id=14984, stack(0x000000145c800000,0x000000145c900000) (1024K)]
  0x0000012cd9b78a60 JavaThread "DefaultDispatcher-worker-3" daemon [_thread_blocked, id=13696, stack(0x000000145c900000,0x000000145ca00000) (1024K)]
  0x0000012cd9b790f0 JavaThread "DefaultDispatcher-worker-4" daemon [_thread_blocked, id=8220, stack(0x000000145ca00000,0x000000145cb00000) (1024K)]
  0x0000012ce37cac20 JavaThread "Periodic tasks thread"      daemon [_thread_blocked, id=11424, stack(0x000000145cc00000,0x000000145cd00000) (1024K)]
  0x0000012ce37c8b50 JavaThread "ApplicationImpl pooled thread 1"        [_thread_blocked, id=8740, stack(0x000000145cd00000,0x000000145ce00000) (1024K)]
  0x0000012ce150d870 JavaThread "pool-7-thread-1"                   [_thread_blocked, id=12856, stack(0x0000001458900000,0x0000001458a00000) (1024K)]
  0x0000012ce15096d0 JavaThread "pool-9-thread-1"                   [_thread_blocked, id=3936, stack(0x0000001458500000,0x0000001458600000) (1024K)]
  0x0000012ce360ae90 JavaThread "Periodic tasks thread"      daemon [_thread_blocked, id=8632, stack(0x0000001457200000,0x0000001457300000) (1024K)]
  0x0000012ce360b520 JavaThread "ApplicationImpl pooled thread 1" daemon [_thread_blocked, id=11244, stack(0x0000001459500000,0x0000001459600000) (1024K)]
  0x0000012ce247ca60 JavaThread "RMI Scheduler(0)"           daemon [_thread_blocked, id=8780, stack(0x0000001459700000,0x0000001459800000) (1024K)]
  0x0000012ce247b6b0 JavaThread "RMI TCP Accept-0"           daemon [_thread_in_native, id=6356, stack(0x0000001459e00000,0x0000001459f00000) (1024K)]
  0x0000012ce2481290 JavaThread "Cache worker for Java compile cache (C:\Users\Mbongeni\.gradle\caches\8.14.2\javaCompile)"        [_thread_blocked, id=7712, stack(0x000000145a200000,0x000000145a300000) (1024K)]
  0x0000012ceb405300 JavaThread "pool-14-thread-1"                  [_thread_blocked, id=2740, stack(0x0000001458e00000,0x0000001458f00000) (1024K)]
  0x0000012ceb3f2bb0 JavaThread "pool-16-thread-1"                  [_thread_blocked, id=12720, stack(0x0000001458d00000,0x0000001458e00000) (1024K)]
  0x0000012ce24895d0 JavaThread "pool-20-thread-1"                  [_thread_blocked, id=4812, stack(0x0000001459000000,0x0000001459100000) (1024K)]
  0x0000012ceb3ff090 JavaThread "pool-22-thread-1"                  [_thread_blocked, id=7016, stack(0x0000001459a00000,0x0000001459b00000) (1024K)]
  0x0000012ce9540040 JavaThread "RMI GC Daemon"              daemon [_thread_blocked, id=11936, stack(0x0000001459f00000,0x000000145a000000) (1024K)]
  0x0000012ce953f9b0 JavaThread "RMI Reaper"                        [_thread_blocked, id=12364, stack(0x000000145a100000,0x000000145a200000) (1024K)]
  0x0000012ceb3f0ae0 JavaThread "pool-26-thread-1"                  [_thread_blocked, id=15772, stack(0x0000001459100000,0x0000001459200000) (1024K)]
  0x0000012ceb3f94b0 JavaThread "pool-28-thread-1"                  [_thread_blocked, id=2952, stack(0x0000001457100000,0x0000001457200000) (1024K)]
  0x0000012ceb3e9b50 JavaThread "Daemon Thread 7"                   [_thread_blocked, id=3468, stack(0x0000001454f00000,0x0000001455000000) (1024K)]
  0x0000012ceb3eb590 JavaThread "Daemon worker Thread 7"            [_thread_blocked, id=1424, stack(0x0000001456800000,0x0000001456900000) (1024K)]
  0x0000012ceb3f1800 JavaThread "ForkJoinPool.commonPool-worker-19" daemon [_thread_blocked, id=6704, stack(0x0000001457c00000,0x0000001457d00000) (1024K)]
  0x0000012ceb3f5310 JavaThread "ForkJoinPool.commonPool-worker-20" daemon [_thread_blocked, id=9312, stack(0x0000001458300000,0x0000001458400000) (1024K)]
  0x0000012ceb3f38d0 JavaThread "ForkJoinPool.commonPool-worker-21" daemon [_thread_blocked, id=11932, stack(0x0000001458400000,0x0000001458500000) (1024K)]
  0x0000012ceb401160 JavaThread "pool-32-thread-1"                  [_thread_blocked, id=14860, stack(0x000000145a300000,0x000000145a400000) (1024K)]
  0x0000012ce150be30 JavaThread "Handler for socket connection from /127.0.0.1:50386 to /127.0.0.1:26002"        [_thread_in_native, id=11084, stack(0x0000001455000000,0x0000001455100000) (1024K)]
  0x0000012ce150aa80 JavaThread "Cancel handler"                    [_thread_blocked, id=15728, stack(0x0000001456700000,0x0000001456800000) (1024K)]
  0x0000012ce150a3f0 JavaThread "Asynchronous log dispatcher for DefaultDaemonConnection: socket connection from /127.0.0.1:50386 to /127.0.0.1:26002"        [_thread_blocked, id=5704, stack(0x0000001456900000,0x0000001456a00000) (1024K)]
  0x0000012ce150cb50 JavaThread "Stdin handler"                     [_thread_blocked, id=7096, stack(0x0000001456b00000,0x0000001456c00000) (1024K)]
  0x0000012ce1509d60 JavaThread "Daemon client event forwarder"        [_thread_blocked, id=11036, stack(0x0000001456c00000,0x0000001456d00000) (1024K)]
  0x0000012ce150df00 JavaThread "Cache worker for file hash cache (C:\Users\Mbongeni\OneDrive\Documents\GitHub\Lost\.gradle\8.14.2\fileHashes)"        [_thread_blocked, id=13980, stack(0x0000001456f00000,0x0000001457000000) (1024K)]
  0x0000012ce150d1e0 JavaThread "Cache worker for checksums cache (C:\Users\Mbongeni\OneDrive\Documents\GitHub\Lost\.gradle\8.14.2\checksums)"        [_thread_blocked, id=8340, stack(0x0000001457300000,0x0000001457400000) (1024K)]
  0x0000012ce150f2b0 JavaThread "Cache worker for Build Output Cleanup Cache (C:\Users\Mbongeni\OneDrive\Documents\GitHub\Lost\.gradle\buildOutputCleanup)"        [_thread_blocked, id=3192, stack(0x0000001457700000,0x0000001457800000) (1024K)]
  0x0000012ce1510660 JavaThread "gradle-enterprise-worker-10"        [_thread_blocked, id=2400, stack(0x0000001457800000,0x0000001457900000) (1024K)]
  0x0000012ce150e590 JavaThread "Develocity resource usage"  daemon [_thread_blocked, id=10832, stack(0x0000001457d00000,0x0000001457e00000) (1024K)]
  0x0000012ceb3ec940 JavaThread "build event listener"              [_thread_blocked, id=12056, stack(0x0000001457f00000,0x0000001458000000) (1024K)]
  0x0000012ceb3ea1e0 JavaThread "build event listener"              [_thread_blocked, id=9776, stack(0x0000001458100000,0x0000001458200000) (1024K)]
  0x0000012ceb3ecfd0 JavaThread "build event listener"              [_thread_blocked, id=10724, stack(0x0000001458600000,0x0000001458700000) (1024K)]
  0x0000012ceb3ed660 JavaThread "Build operations"                  [_thread_blocked, id=12944, stack(0x0000001458700000,0x0000001458800000) (1024K)]
  0x0000012ceb3edcf0 JavaThread "Build operations Thread 2"         [_thread_blocked, id=1264, stack(0x0000001458a00000,0x0000001458b00000) (1024K)]
  0x0000012ceb3eea10 JavaThread "included builds"                   [_thread_blocked, id=13256, stack(0x0000001458000000,0x0000001458100000) (1024K)]
  0x0000012ceb3f2520 JavaThread "Execution worker"                  [_thread_blocked, id=11948, stack(0x0000001458b00000,0x0000001458c00000) (1024K)]
  0x0000012ceb3f1170 JavaThread "Execution worker Thread 2"         [_thread_blocked, id=12732, stack(0x0000001458c00000,0x0000001458d00000) (1024K)]
  0x0000012ceb3ef730 JavaThread "Execution worker Thread 3"         [_thread_blocked, id=7360, stack(0x0000001458f00000,0x0000001459000000) (1024K)]
  0x0000012ceb3f1e90 JavaThread "Cache worker for execution history cache (C:\Users\Mbongeni\OneDrive\Documents\GitHub\Lost\.gradle\8.14.2\executionHistory)"        [_thread_blocked, id=5584, stack(0x0000001459200000,0x0000001459300000) (1024K)]
  0x0000012ceb3efdc0 JavaThread "pool-34-thread-1"                  [_thread_blocked, id=13384, stack(0x0000001459300000,0x0000001459400000) (1024K)]
  0x0000012ceb3ef0a0 JavaThread "Resource Usage Collector SystemCpu" daemon [_thread_blocked, id=16140, stack(0x0000001459400000,0x0000001459500000) (1024K)]
  0x0000012ceb3f0450 JavaThread "Resource Usage Collector Monitoring 0" daemon [_thread_blocked, id=14204, stack(0x0000001459600000,0x0000001459700000) (1024K)]
  0x0000012ceb3f4c80 JavaThread "Resource Usage Collector Memory" daemon [_thread_blocked, id=2460, stack(0x0000001459900000,0x0000001459a00000) (1024K)]
  0x0000012ceb3f59a0 JavaThread "Resource Usage Collector Monitoring 1" daemon [_thread_blocked, id=2464, stack(0x0000001459c00000,0x0000001459d00000) (1024K)]
  0x0000012ceb3f45f0 JavaThread "Resource Usage Collector NetworkSpeed" daemon [_thread_blocked, id=13612, stack(0x0000001459d00000,0x0000001459e00000) (1024K)]
  0x0000012ceb3f73e0 JavaThread "Resource Usage Collector Monitoring 2" daemon [_thread_blocked, id=3644, stack(0x000000145a000000,0x000000145a100000) (1024K)]
  0x0000012ceb3f3f60 JavaThread "Resource Usage Collector DiskSpeed" daemon [_thread_blocked, id=16212, stack(0x000000145a400000,0x000000145a500000) (1024K)]
  0x0000012ceb3f6030 JavaThread "Resource Usage Collector Monitoring 3" daemon [_thread_blocked, id=6428, stack(0x000000145a500000,0x000000145a600000) (1024K)]
  0x0000012ceb3f8e20 JavaThread "Resource Usage Collector Processes" daemon [_thread_blocked, id=13408, stack(0x000000145a600000,0x000000145a700000) (1024K)]
  0x0000012ceb3f9b40 JavaThread "Resource Usage Collector Monitoring 4" daemon [_thread_blocked, id=7604, stack(0x000000145a700000,0x000000145a800000) (1024K)]
  0x0000012ceb3fa860 JavaThread "WorkerExecutor Queue"              [_thread_in_vm, id=11924, stack(0x000000145a800000,0x000000145a900000) (1024K)]
  0x0000012ceb3ff720 JavaThread "WorkerExecutor Queue Thread 2"        [_thread_blocked, id=14988, stack(0x0000001456d00000,0x0000001456e00000) (1024K)]
  0x0000012ceb3ffdb0 JavaThread "RMI RenewClean-[127.0.0.1:17603,org.jetbrains.kotlin.daemon.common.LoopbackNetworkInterface$ClientLoopbackSocketFactory@47e4b088]" daemon [_thread_blocked, id=2260, stack(0x000000145a900000,0x000000145aa00000) (1024K)]
  0x0000012ceb400ad0 JavaThread "RMI TCP Connection(26)-127.0.0.1" daemon [_thread_in_native, id=8616, stack(0x0000001457e00000,0x0000001457f00000) (1024K)]
Total: 87

Other Threads:
  0x0000012cd06a7d20 VMThread "VM Thread"                           [id=13520, stack(0x0000001455500000,0x0000001455600000) (1024K)]
  0x0000012cd05eba00 WatcherThread "VM Periodic Task Thread"        [id=2976, stack(0x0000001455400000,0x0000001455500000) (1024K)]
  0x0000012cb53c3220 WorkerThread "GC Thread#0"                     [id=2236, stack(0x0000001455300000,0x0000001455400000) (1024K)]
  0x0000012cd5c93b40 WorkerThread "GC Thread#1"                     [id=1560, stack(0x0000001456100000,0x0000001456200000) (1024K)]
  0x0000012cd5bb5570 WorkerThread "GC Thread#2"                     [id=8480, stack(0x0000001456200000,0x0000001456300000) (1024K)]
  0x0000012cd59747c0 WorkerThread "GC Thread#3"                     [id=1268, stack(0x0000001456300000,0x0000001456400000) (1024K)]
Total: 6

Threads with active compile tasks:
C2 CompilerThread0  25898434 383931   !   4       org.gradle.internal.classloader.CachingClassLoader::loadClass (85 bytes)
Total: 1

VM state: not at safepoint (normal execution)

VM Mutex/Monitor currently owned by a thread: None

Heap address: 0x0000000700000000, size: 4096 MB, Compressed Oops mode: Zero based, Oop shift amount: 3

CDS archive(s) not mapped
Compressed class space mapped at: 0x0000000800000000-0x0000000840000000, reserved size: 1073741824
Narrow klass base: 0x0000000800000000, Narrow klass shift: 0, Narrow klass range: 0x40000000

GC Precious Log:
 CardTable entry size: 512
 CPUs: 4 total, 4 available
 Memory: 8025M
 Large Page Support: Disabled
 NUMA Support: Disabled
 Compressed Oops: Enabled (Zero based)
 Alignments: Space 512K, Generation 512K, Heap 2M
 Heap Min Capacity: 8M
 Heap Initial Capacity: 126M
 Heap Max Capacity: 4G
 Pre-touch: Disabled
 Parallel Workers: 4

Heap:
 PSYoungGen      total 1179648K, used 512190K [0x00000007aab00000, 0x0000000800000000, 0x0000000800000000)
  eden space 1027072K, 35% used [0x00000007aab00000,0x00000007c0a33220,0x00000007e9600000)
  from space 152576K, 99% used [0x00000007f6b00000,0x00000007ffffc668,0x0000000800000000)
  to   space 185344K, 0% used [0x00000007e9600000,0x00000007e9600000,0x00000007f4b00000)
 ParOldGen       total 1406976K, used 364998K [0x0000000700000000, 0x0000000755e00000, 0x00000007aab00000)
  object space 1406976K, 25% used [0x0000000700000000,0x0000000716471b38,0x0000000755e00000)
 Metaspace       used 374975K, committed 377920K, reserved 1441792K
  class space    used 43578K, committed 45312K, reserved 1048576K

Card table byte_map: [0x0000012cc7500000,0x0000012cc7d10000] _byte_map_base: 0x0000012cc3d00000

Marking Bits: (ParMarkBitMap*) 0x00007ff811e23300
 Begin Bits: [0x0000012cc7d10000, 0x0000012ccbd10000)
 End Bits:   [0x0000012ccbd10000, 0x0000012ccfd10000)

Polling page: 0x0000012cb31b0000

Metaspace:

Usage:
  Non-class:    323.63 MB used.
      Class:     42.56 MB used.
       Both:    366.19 MB used.

Virtual space:
  Non-class space:      384.00 MB reserved,     324.81 MB ( 85%) committed,  6 nodes.
      Class space:        1.00 GB reserved,      44.25 MB (  4%) committed,  1 nodes.
             Both:        1.38 GB reserved,     369.06 MB ( 26%) committed. 

Chunk freelists:
   Non-Class:  11.09 MB
       Class:  4.08 MB
        Both:  15.18 MB

MaxMetaspaceSize: unlimited
CompressedClassSpaceSize: 1.00 GB
Initial GC threshold: 21.00 MB
Current GC threshold: 612.81 MB
CDS: off
 - commit_granule_bytes: 65536.
 - commit_granule_words: 8192.
 - virtual_space_node_default_size: 8388608.
 - enlarge_chunks_in_place: 1.
 - use_allocation_guard: 0.


Internal statistics:

num_allocs_failed_limit: 16.
num_arena_births: 9814.
num_arena_deaths: 4302.
num_vsnodes_births: 7.
num_vsnodes_deaths: 0.
num_space_committed: 6245.
num_space_uncommitted: 172.
num_chunks_returned_to_freelist: 7241.
num_chunks_taken_from_freelist: 30728.
num_chunk_merges: 2274.
num_chunk_splits: 18361.
num_chunks_enlarged: 11431.
num_inconsistent_stats: 0.

CodeHeap 'non-profiled nmethods': size=120000Kb used=32356Kb max_used=102159Kb free=87643Kb
 bounds [0x0000012cbffd0000, 0x0000012cc63a0000, 0x0000012cc7500000]
CodeHeap 'profiled nmethods': size=120000Kb used=47261Kb max_used=120000Kb free=72738Kb
 bounds [0x0000012cb8500000, 0x0000012cbfa30000, 0x0000012cbfa30000]
CodeHeap 'non-nmethods': size=5760Kb used=2259Kb max_used=2434Kb free=3500Kb
 bounds [0x0000012cbfa30000, 0x0000012cbfcc0000, 0x0000012cbffd0000]
 total_blobs=27158 nmethods=25763 adapters=1294
 compilation: enabled
              stopped_count=0, restarted_count=0
 full_count=0

Compilation events (20 events):
Event: 25895.266 Thread 0x0000012cd5571b40 nmethod 383923 0x0000012cc0e43690 code [0x0000012cc0e43820, 0x0000012cc0e438d0]
Event: 25895.266 Thread 0x0000012cd5571b40 383924       4       java.lang.invoke.LambdaForm$MH/0x0000000801554800::invoke (42 bytes)
Event: 25895.268 Thread 0x0000012cd5571b40 nmethod 383924 0x0000012cc0e72110 code [0x0000012cc0e722a0, 0x0000012cc0e72350]
Event: 25895.524 Thread 0x0000012cd5576bd0 383925       3       sun.rmi.runtime.Log$LoggerLog::isLoggable (9 bytes)
Event: 25895.524 Thread 0x0000012cd5576bd0 nmethod 383925 0x0000012cbef83690 code [0x0000012cbef83840, 0x0000012cbef83ad8]
Event: 25895.531 Thread 0x0000012cd5576bd0 383926       3       java.lang.Thread::setContextClassLoader (28 bytes)
Event: 25895.532 Thread 0x0000012cd5576bd0 nmethod 383926 0x0000012cbf255a10 code [0x0000012cbf255bc0, 0x0000012cbf255dd8]
Event: 25895.582 Thread 0x0000012cd5576bd0 383927       3       java.lang.invoke.MethodHandleImpl::checkSpreadArgument (81 bytes)
Event: 25895.584 Thread 0x0000012cd5576bd0 nmethod 383927 0x0000012cbef27e90 code [0x0000012cbef28120, 0x0000012cbef28ba8]
Event: 25897.203 Thread 0x0000012cd5571b40 383928       4       org.gradle.fileevents.internal.AbstractFileEventFunctions$NativeFileWatcherCallback::reportChangeEvent (21 bytes)
Event: 25897.235 Thread 0x0000012cd5571b40 nmethod 383928 0x0000012cc08f1b90 code [0x0000012cc08f1de0, 0x0000012cc08f29a0]
Event: 25897.235 Thread 0x0000012cd5571b40 383929       4       org.gradle.fileevents.internal.AbstractFileEventFunctions$NativeFileWatcherCallback::queueEvent (41 bytes)
Event: 25897.255 Thread 0x0000012cd5571b40 nmethod 383929 0x0000012cc0076010 code [0x0000012cc0076240, 0x0000012cc0076d30]
Event: 25897.322 Thread 0x0000012cd5571b40 383930       4       java.util.concurrent.ForkJoinTask::casAux (13 bytes)
Event: 25897.322 Thread 0x0000012cd5571b40 nmethod 383930 0x0000012cc076c410 code [0x0000012cc076c5a0, 0x0000012cc076c668]
Event: 25898.147 Thread 0x0000012cd5571b40 383931   !   4       org.gradle.internal.classloader.CachingClassLoader::loadClass (85 bytes)
Event: 25898.274 Thread 0x0000012cd5576bd0 383933       3       java.io.ObjectStreamClass::getDefaultSerialFields (93 bytes)
Event: 25898.278 Thread 0x0000012cd5576bd0 nmethod 383933 0x0000012cbc096c90 code [0x0000012cbc096ee0, 0x0000012cbc097b00]
Event: 25898.362 Thread 0x0000012cd5576bd0 383934       3       java.lang.ClassValue::makeEntry (10 bytes)
Event: 25898.363 Thread 0x0000012cd5576bd0 nmethod 383934 0x0000012cbf25c490 code [0x0000012cbf25c660, 0x0000012cbf25c948]

GC Heap History (20 events):
Event: 25463.955 GC heap before
{Heap before GC invocations=493 (full 67):
 PSYoungGen      total 1298432K, used 120644K [0x00000007aab00000, 0x00000007ff980000, 0x0000000800000000)
  eden space 1209856K, 9% used [0x00000007aab00000,0x00000007b20d1248,0x00000007f4880000)
  from space 88576K, 0% used [0x00000007fa300000,0x00000007fa300000,0x00000007ff980000)
  to   space 90624K, 0% used [0x00000007f4880000,0x00000007f4880000,0x00000007fa100000)
 ParOldGen       total 1406976K, used 297512K [0x0000000700000000, 0x0000000755e00000, 0x00000007aab00000)
  object space 1406976K, 21% used [0x0000000700000000,0x000000071228a178,0x0000000755e00000)
 Metaspace       used 371318K, committed 375168K, reserved 1441792K
  class space    used 43259K, committed 45184K, reserved 1048576K
}
Event: 25464.037 GC heap after
{Heap after GC invocations=493 (full 67):
 PSYoungGen      total 1217024K, used 6720K [0x00000007aab00000, 0x00000007ff480000, 0x0000000800000000)
  eden space 1209856K, 0% used [0x00000007aab00000,0x00000007aab00000,0x00000007f4880000)
  from space 7168K, 93% used [0x00000007f4880000,0x00000007f4f10040,0x00000007f4f80000)
  to   space 88064K, 0% used [0x00000007f9e80000,0x00000007f9e80000,0x00000007ff480000)
 ParOldGen       total 1406976K, used 297512K [0x0000000700000000, 0x0000000755e00000, 0x00000007aab00000)
  object space 1406976K, 21% used [0x0000000700000000,0x000000071228a178,0x0000000755e00000)
 Metaspace       used 371318K, committed 375168K, reserved 1441792K
  class space    used 43259K, committed 45184K, reserved 1048576K
}
Event: 25464.037 GC heap before
{Heap before GC invocations=494 (full 68):
 PSYoungGen      total 1217024K, used 6720K [0x00000007aab00000, 0x00000007ff480000, 0x0000000800000000)
  eden space 1209856K, 0% used [0x00000007aab00000,0x00000007aab00000,0x00000007f4880000)
  from space 7168K, 93% used [0x00000007f4880000,0x00000007f4f10040,0x00000007f4f80000)
  to   space 88064K, 0% used [0x00000007f9e80000,0x00000007f9e80000,0x00000007ff480000)
 ParOldGen       total 1406976K, used 297512K [0x0000000700000000, 0x0000000755e00000, 0x00000007aab00000)
  object space 1406976K, 21% used [0x0000000700000000,0x000000071228a178,0x0000000755e00000)
 Metaspace       used 371318K, committed 375168K, reserved 1441792K
  class space    used 43259K, committed 45184K, reserved 1048576K
}
Event: 25464.573 GC heap after
{Heap after GC invocations=494 (full 68):
 PSYoungGen      total 1217024K, used 0K [0x00000007aab00000, 0x00000007ff480000, 0x0000000800000000)
  eden space 1209856K, 0% used [0x00000007aab00000,0x00000007aab00000,0x00000007f4880000)
  from space 7168K, 0% used [0x00000007f4880000,0x00000007f4880000,0x00000007f4f80000)
  to   space 88064K, 0% used [0x00000007f9e80000,0x00000007f9e80000,0x00000007ff480000)
 ParOldGen       total 1406976K, used 204926K [0x0000000700000000, 0x0000000755e00000, 0x00000007aab00000)
  object space 1406976K, 14% used [0x0000000700000000,0x000000070c81f970,0x0000000755e00000)
 Metaspace       used 371318K, committed 375168K, reserved 1441792K
  class space    used 43259K, committed 45184K, reserved 1048576K
}
Event: 25484.265 GC heap before
{Heap before GC invocations=495 (full 68):
 PSYoungGen      total 1217024K, used 706533K [0x00000007aab00000, 0x00000007ff480000, 0x0000000800000000)
  eden space 1209856K, 58% used [0x00000007aab00000,0x00000007d5cf97e0,0x00000007f4880000)
  from space 7168K, 0% used [0x00000007f4880000,0x00000007f4880000,0x00000007f4f80000)
  to   space 88064K, 0% used [0x00000007f9e80000,0x00000007f9e80000,0x00000007ff480000)
 ParOldGen       total 1406976K, used 204926K [0x0000000700000000, 0x0000000755e00000, 0x00000007aab00000)
  object space 1406976K, 14% used [0x0000000700000000,0x000000070c81f970,0x0000000755e00000)
 Metaspace       used 371859K, committed 375168K, reserved 1441792K
  class space    used 43333K, committed 45184K, reserved 1048576K
}
Event: 25484.460 GC heap after
{Heap after GC invocations=495 (full 68):
 PSYoungGen      total 1257472K, used 88043K [0x00000007aab00000, 0x0000000800000000, 0x0000000800000000)
  eden space 1169408K, 0% used [0x00000007aab00000,0x00000007aab00000,0x00000007f2100000)
  from space 88064K, 99% used [0x00000007f9e80000,0x00000007ff47ada8,0x00000007ff480000)
  to   space 114176K, 0% used [0x00000007f2100000,0x00000007f2100000,0x00000007f9080000)
 ParOldGen       total 1406976K, used 230268K [0x0000000700000000, 0x0000000755e00000, 0x00000007aab00000)
  object space 1406976K, 16% used [0x0000000700000000,0x000000070e0df3e8,0x0000000755e00000)
 Metaspace       used 371859K, committed 375168K, reserved 1441792K
  class space    used 43333K, committed 45184K, reserved 1048576K
}
Event: 25484.460 GC heap before
{Heap before GC invocations=496 (full 69):
 PSYoungGen      total 1257472K, used 88043K [0x00000007aab00000, 0x0000000800000000, 0x0000000800000000)
  eden space 1169408K, 0% used [0x00000007aab00000,0x00000007aab00000,0x00000007f2100000)
  from space 88064K, 99% used [0x00000007f9e80000,0x00000007ff47ada8,0x00000007ff480000)
  to   space 114176K, 0% used [0x00000007f2100000,0x00000007f2100000,0x00000007f9080000)
 ParOldGen       total 1406976K, used 230268K [0x0000000700000000, 0x0000000755e00000, 0x00000007aab00000)
  object space 1406976K, 16% used [0x0000000700000000,0x000000070e0df3e8,0x0000000755e00000)
 Metaspace       used 371859K, committed 375168K, reserved 1441792K
  class space    used 43333K, committed 45184K, reserved 1048576K
}
Event: 25485.484 GC heap after
{Heap after GC invocations=496 (full 69):
 PSYoungGen      total 1257472K, used 0K [0x00000007aab00000, 0x0000000800000000, 0x0000000800000000)
  eden space 1169408K, 0% used [0x00000007aab00000,0x00000007aab00000,0x00000007f2100000)
  from space 88064K, 0% used [0x00000007f9e80000,0x00000007f9e80000,0x00000007ff480000)
  to   space 114176K, 0% used [0x00000007f2100000,0x00000007f2100000,0x00000007f9080000)
 ParOldGen       total 1406976K, used 309232K [0x0000000700000000, 0x0000000755e00000, 0x00000007aab00000)
  object space 1406976K, 21% used [0x0000000700000000,0x0000000712dfc3f8,0x0000000755e00000)
 Metaspace       used 371859K, committed 375168K, reserved 1441792K
  class space    used 43333K, committed 45184K, reserved 1048576K
}
Event: 25494.587 GC heap before
{Heap before GC invocations=497 (full 69):
 PSYoungGen      total 1257472K, used 244615K [0x00000007aab00000, 0x0000000800000000, 0x0000000800000000)
  eden space 1169408K, 20% used [0x00000007aab00000,0x00000007b99e1c68,0x00000007f2100000)
  from space 88064K, 0% used [0x00000007f9e80000,0x00000007f9e80000,0x00000007ff480000)
  to   space 114176K, 0% used [0x00000007f2100000,0x00000007f2100000,0x00000007f9080000)
 ParOldGen       total 1406976K, used 309232K [0x0000000700000000, 0x0000000755e00000, 0x00000007aab00000)
  object space 1406976K, 21% used [0x0000000700000000,0x0000000712dfc3f8,0x0000000755e00000)
 Metaspace       used 373678K, committed 376512K, reserved 1441792K
  class space    used 43527K, committed 45184K, reserved 1048576K
}
Event: 25494.663 GC heap after
{Heap after GC invocations=497 (full 69):
 PSYoungGen      total 1283584K, used 54327K [0x00000007aab00000, 0x0000000800000000, 0x0000000800000000)
  eden space 1169408K, 0% used [0x00000007aab00000,0x00000007aab00000,0x00000007f2100000)
  from space 114176K, 47% used [0x00000007f2100000,0x00000007f560df50,0x00000007f9080000)
  to   space 113152K, 0% used [0x00000007f9180000,0x00000007f9180000,0x0000000800000000)
 ParOldGen       total 1406976K, used 309240K [0x0000000700000000, 0x0000000755e00000, 0x00000007aab00000)
  object space 1406976K, 21% used [0x0000000700000000,0x0000000712dfe3f8,0x0000000755e00000)
 Metaspace       used 373678K, committed 376512K, reserved 1441792K
  class space    used 43527K, committed 45184K, reserved 1048576K
}
Event: 25494.663 GC heap before
{Heap before GC invocations=498 (full 70):
 PSYoungGen      total 1283584K, used 54327K [0x00000007aab00000, 0x0000000800000000, 0x0000000800000000)
  eden space 1169408K, 0% used [0x00000007aab00000,0x00000007aab00000,0x00000007f2100000)
  from space 114176K, 47% used [0x00000007f2100000,0x00000007f560df50,0x00000007f9080000)
  to   space 113152K, 0% used [0x00000007f9180000,0x00000007f9180000,0x0000000800000000)
 ParOldGen       total 1406976K, used 309240K [0x0000000700000000, 0x0000000755e00000, 0x00000007aab00000)
  object space 1406976K, 21% used [0x0000000700000000,0x0000000712dfe3f8,0x0000000755e00000)
 Metaspace       used 373678K, committed 376512K, reserved 1441792K
  class space    used 43527K, committed 45184K, reserved 1048576K
}
Event: 25495.279 GC heap after
{Heap after GC invocations=498 (full 70):
 PSYoungGen      total 1283584K, used 0K [0x00000007aab00000, 0x0000000800000000, 0x0000000800000000)
  eden space 1169408K, 0% used [0x00000007aab00000,0x00000007aab00000,0x00000007f2100000)
  from space 114176K, 0% used [0x00000007f2100000,0x00000007f2100000,0x00000007f9080000)
  to   space 113152K, 0% used [0x00000007f9180000,0x00000007f9180000,0x0000000800000000)
 ParOldGen       total 1406976K, used 343977K [0x0000000700000000, 0x0000000755e00000, 0x00000007aab00000)
  object space 1406976K, 24% used [0x0000000700000000,0x0000000714fea418,0x0000000755e00000)
 Metaspace       used 373678K, committed 376512K, reserved 1441792K
  class space    used 43527K, committed 45184K, reserved 1048576K
}
Event: 25652.211 GC heap before
{Heap before GC invocations=499 (full 70):
 PSYoungGen      total 1283584K, used 1169408K [0x00000007aab00000, 0x0000000800000000, 0x0000000800000000)
  eden space 1169408K, 100% used [0x00000007aab00000,0x00000007f2100000,0x00000007f2100000)
  from space 114176K, 0% used [0x00000007f2100000,0x00000007f2100000,0x00000007f9080000)
  to   space 113152K, 0% used [0x00000007f9180000,0x00000007f9180000,0x0000000800000000)
 ParOldGen       total 1406976K, used 343977K [0x0000000700000000, 0x0000000755e00000, 0x00000007aab00000)
  object space 1406976K, 24% used [0x0000000700000000,0x0000000714fea418,0x0000000755e00000)
 Metaspace       used 381607K, committed 384192K, reserved 1441792K
  class space    used 44444K, committed 45824K, reserved 1048576K
}
Event: 25654.380 GC heap after
{Heap after GC invocations=499 (full 70):
 PSYoungGen      total 1191424K, used 113143K [0x00000007aab00000, 0x0000000800000000, 0x0000000800000000)
  eden space 1078272K, 0% used [0x00000007aab00000,0x00000007aab00000,0x00000007ec800000)
  from space 113152K, 99% used [0x00000007f9180000,0x00000007ffffdfb8,0x0000000800000000)
  to   space 159744K, 0% used [0x00000007ec800000,0x00000007ec800000,0x00000007f6400000)
 ParOldGen       total 1406976K, used 414968K [0x0000000700000000, 0x0000000755e00000, 0x00000007aab00000)
  object space 1406976K, 29% used [0x0000000700000000,0x000000071953e198,0x0000000755e00000)
 Metaspace       used 381607K, committed 384192K, reserved 1441792K
  class space    used 44444K, committed 45824K, reserved 1048576K
}
Event: 25723.491 GC heap before
{Heap before GC invocations=500 (full 70):
 PSYoungGen      total 1191424K, used 526470K [0x00000007aab00000, 0x0000000800000000, 0x0000000800000000)
  eden space 1078272K, 38% used [0x00000007aab00000,0x00000007c3ea3a20,0x00000007ec800000)
  from space 113152K, 99% used [0x00000007f9180000,0x00000007ffffdfb8,0x0000000800000000)
  to   space 159744K, 0% used [0x00000007ec800000,0x00000007ec800000,0x00000007f6400000)
 ParOldGen       total 1406976K, used 414968K [0x0000000700000000, 0x0000000755e00000, 0x00000007aab00000)
  object space 1406976K, 29% used [0x0000000700000000,0x000000071953e198,0x0000000755e00000)
 Metaspace       used 381919K, committed 384512K, reserved 1441792K
  class space    used 44495K, committed 45888K, reserved 1048576K
}
Event: 25724.020 GC heap after
{Heap after GC invocations=500 (full 70):
 PSYoungGen      total 1238016K, used 61040K [0x00000007aab00000, 0x0000000800000000, 0x0000000800000000)
  eden space 1078272K, 0% used [0x00000007aab00000,0x00000007aab00000,0x00000007ec800000)
  from space 159744K, 38% used [0x00000007ec800000,0x00000007f039c010,0x00000007f6400000)
  to   space 152576K, 0% used [0x00000007f6b00000,0x00000007f6b00000,0x0000000800000000)
 ParOldGen       total 1406976K, used 466825K [0x0000000700000000, 0x0000000755e00000, 0x00000007aab00000)
  object space 1406976K, 33% used [0x0000000700000000,0x000000071c7e27f0,0x0000000755e00000)
 Metaspace       used 381919K, committed 384512K, reserved 1441792K
  class space    used 44495K, committed 45888K, reserved 1048576K
}
Event: 25724.020 GC heap before
{Heap before GC invocations=501 (full 71):
 PSYoungGen      total 1238016K, used 61040K [0x00000007aab00000, 0x0000000800000000, 0x0000000800000000)
  eden space 1078272K, 0% used [0x00000007aab00000,0x00000007aab00000,0x00000007ec800000)
  from space 159744K, 38% used [0x00000007ec800000,0x00000007f039c010,0x00000007f6400000)
  to   space 152576K, 0% used [0x00000007f6b00000,0x00000007f6b00000,0x0000000800000000)
 ParOldGen       total 1406976K, used 466825K [0x0000000700000000, 0x0000000755e00000, 0x00000007aab00000)
  object space 1406976K, 33% used [0x0000000700000000,0x000000071c7e27f0,0x0000000755e00000)
 Metaspace       used 381919K, committed 384512K, reserved 1441792K
  class space    used 44495K, committed 45888K, reserved 1048576K
}
Event: 25732.435 GC heap after
{Heap after GC invocations=501 (full 71):
 PSYoungGen      total 1238016K, used 0K [0x00000007aab00000, 0x0000000800000000, 0x0000000800000000)
  eden space 1078272K, 0% used [0x00000007aab00000,0x00000007aab00000,0x00000007ec800000)
  from space 159744K, 0% used [0x00000007ec800000,0x00000007ec800000,0x00000007f6400000)
  to   space 152576K, 0% used [0x00000007f6b00000,0x00000007f6b00000,0x0000000800000000)
 ParOldGen       total 1406976K, used 348222K [0x0000000700000000, 0x0000000755e00000, 0x00000007aab00000)
  object space 1406976K, 24% used [0x0000000700000000,0x000000071540fb38,0x0000000755e00000)
 Metaspace       used 372720K, committed 376576K, reserved 1441792K
  class space    used 43422K, committed 45312K, reserved 1048576K
}
Event: 25843.438 GC heap before
{Heap before GC invocations=502 (full 71):
 PSYoungGen      total 1238016K, used 1078272K [0x00000007aab00000, 0x0000000800000000, 0x0000000800000000)
  eden space 1078272K, 100% used [0x00000007aab00000,0x00000007ec800000,0x00000007ec800000)
  from space 159744K, 0% used [0x00000007ec800000,0x00000007ec800000,0x00000007f6400000)
  to   space 152576K, 0% used [0x00000007f6b00000,0x00000007f6b00000,0x0000000800000000)
 ParOldGen       total 1406976K, used 348222K [0x0000000700000000, 0x0000000755e00000, 0x00000007aab00000)
  object space 1406976K, 24% used [0x0000000700000000,0x000000071540fb38,0x0000000755e00000)
 Metaspace       used 374870K, committed 377792K, reserved 1441792K
  class space    used 43575K, committed 45312K, reserved 1048576K
}
Event: 25844.219 GC heap after
{Heap after GC invocations=502 (full 71):
 PSYoungGen      total 1179648K, used 152561K [0x00000007aab00000, 0x0000000800000000, 0x0000000800000000)
  eden space 1027072K, 0% used [0x00000007aab00000,0x00000007aab00000,0x00000007e9600000)
  from space 152576K, 99% used [0x00000007f6b00000,0x00000007ffffc668,0x0000000800000000)
  to   space 185344K, 0% used [0x00000007e9600000,0x00000007e9600000,0x00000007f4b00000)
 ParOldGen       total 1406976K, used 364998K [0x0000000700000000, 0x0000000755e00000, 0x00000007aab00000)
  object space 1406976K, 25% used [0x0000000700000000,0x0000000716471b38,0x0000000755e00000)
 Metaspace       used 374870K, committed 377792K, reserved 1441792K
  class space    used 43575K, committed 45312K, reserved 1048576K
}

Dll operation events (8 events):
Event: 0.019 Loaded shared library C:\Program Files\Android\Android Studio1\jbr\bin\java.dll
Event: 0.032 Loaded shared library C:\Program Files\Android\Android Studio1\jbr\bin\zip.dll
Event: 1.142 Loaded shared library C:\Program Files\Android\Android Studio1\jbr\bin\verify.dll
Event: 2335.079 Unloaded dll "C:\Users\Mbongeni\AppData\Local\Temp\sqlite-3.41.2.2-a3a75833-5cd7-496f-b5d7-c22a2c191963-sqlitejdbc.dll" [0x00007ff862dc0000]
Event: 11602.377 Unloaded dll "C:\Users\Mbongeni\AppData\Local\Temp\sqlite-3.41.2.2-d0a14bca-faba-47a0-a8ac-ec44bbd54f6c-sqlitejdbc.dll" [0x00007ff8401d0000]
Event: 22561.918 Unloaded dll "C:\Users\Mbongeni\AppData\Local\Temp\sqlite-3.41.2.2-da7436da-1dcc-4662-a811-453c8cf206ed-sqlitejdbc.dll" [0x00007ff815390000]
Event: 25034.991 Unloaded dll "C:\Users\Mbongeni\AppData\Local\Temp\sqlite-3.41.2.2-18ba244d-0a70-4235-a491-aba38c92c8cb-sqlitejdbc.dll" [0x00007ff807d40000]
Event: 25732.468 Unloaded dll "C:\Users\Mbongeni\AppData\Local\Temp\sqlite-3.41.2.2-b42434cd-c9f8-4dd4-a16b-79917a58bc14-sqlitejdbc.dll" [0x00007ff803be0000]

Deoptimization events (20 events):
Event: 25766.608 Thread 0x0000012ceb3f1170 DEOPT PACKING pc=0x0000012cc02866dc sp=0x0000001458cfa9f0
Event: 25766.608 Thread 0x0000012ceb3f1170 DEOPT UNPACKING pc=0x0000012cbfa83aa2 sp=0x0000001458cfa9a0 mode 2
Event: 25766.608 Thread 0x0000012ceb3f1170 Uncommon trap: trap_request=0xffffffc6 fr.pc=0x0000012cc3f96bd0 relative=0x0000000000002370
Event: 25766.608 Thread 0x0000012ceb3f1170 Uncommon trap: reason=bimorphic_or_optimized_type_check action=maybe_recompile pc=0x0000012cc3f96bd0 method=org.gradle.api.internal.file.collections.PathVisitor.visitFile(Ljava/nio/file/Path;Ljava/nio/file/attribute/BasicFileAttributes;)Ljava/nio/file/Fil
Event: 25766.608 Thread 0x0000012ceb3f1170 DEOPT PACKING pc=0x0000012cc3f96bd0 sp=0x0000001458cfaa20
Event: 25766.608 Thread 0x0000012ceb3f1170 DEOPT UNPACKING pc=0x0000012cbfa83aa2 sp=0x0000001458cfa9a8 mode 2
Event: 25766.608 Thread 0x0000012ceb3f1170 Uncommon trap: trap_request=0xffffff45 fr.pc=0x0000012cc0069c8c relative=0x0000000000001a8c
Event: 25766.608 Thread 0x0000012ceb3f1170 Uncommon trap: reason=unstable_if action=reinterpret pc=0x0000012cc0069c8c method=java.nio.file.Files.walkFileTree(Ljava/nio/file/Path;Ljava/util/Set;ILjava/nio/file/FileVisitor;)Ljava/nio/file/Path; @ 234 c2
Event: 25766.608 Thread 0x0000012ceb3f1170 DEOPT PACKING pc=0x0000012cc0069c8c sp=0x0000001458cfaad0
Event: 25766.608 Thread 0x0000012ceb3f1170 DEOPT UNPACKING pc=0x0000012cbfa83aa2 sp=0x0000001458cfaa78 mode 2
Event: 25767.822 Thread 0x0000012ceb3f8e20 Uncommon trap: trap_request=0xffffffcc fr.pc=0x0000012cc1406aac relative=0x00000000000003cc
Event: 25767.822 Thread 0x0000012ceb3f8e20 Uncommon trap: reason=intrinsic_or_type_checked_inlining action=make_not_entrant pc=0x0000012cc1406aac method=java.util.stream.SpinedBuffer.copyInto([Ljava/lang/Object;I)V @ 87 c2
Event: 25767.822 Thread 0x0000012ceb3f8e20 DEOPT PACKING pc=0x0000012cc1406aac sp=0x000000145a6fef50
Event: 25767.822 Thread 0x0000012ceb3f8e20 DEOPT UNPACKING pc=0x0000012cbfa83aa2 sp=0x000000145a6fee88 mode 2
Event: 25787.054 Thread 0x0000012ceb3f8e20 Uncommon trap: trap_request=0xffffff45 fr.pc=0x0000012cc6352dac relative=0x000000000000032c
Event: 25787.054 Thread 0x0000012ceb3f8e20 Uncommon trap: reason=unstable_if action=reinterpret pc=0x0000012cc6352dac method=java.util.concurrent.ForkJoinTask.awaitDone(Ljava/util/concurrent/ForkJoinPool;IZJ)I @ 139 c2
Event: 25787.054 Thread 0x0000012ceb3f8e20 DEOPT PACKING pc=0x0000012cc6352dac sp=0x000000145a6ff0e0
Event: 25787.054 Thread 0x0000012ceb3f8e20 DEOPT UNPACKING pc=0x0000012cbfa83aa2 sp=0x000000145a6ff058 mode 2
Event: 25842.457 Thread 0x0000012ceb3f8e20 DEOPT PACKING pc=0x0000012cbaadd8a5 sp=0x000000145a6ff130
Event: 25842.457 Thread 0x0000012ceb3f8e20 DEOPT UNPACKING pc=0x0000012cbfa84242 sp=0x000000145a6fe6a8 mode 0

Classes loaded (20 events):
Event: 25239.207 Loading class java/util/JavaVersion$VERSION_21
Event: 25239.207 Loading class java/util/JavaVersion$VERSION_21 done
Event: 25239.207 Loading class java/io/JavaVersion$VERSION_21
Event: 25239.208 Loading class java/io/JavaVersion$VERSION_21 done
Event: 25239.208 Loading class java/net/JavaVersion$VERSION_21
Event: 25239.208 Loading class java/net/JavaVersion$VERSION_21 done
Event: 25551.617 Loading class sun/net/ConnectionResetException
Event: 25551.623 Loading class sun/net/ConnectionResetException done
Event: 25551.713 Loading class java/lang/Throwable$WrappedPrintWriter
Event: 25551.718 Loading class java/lang/Throwable$PrintStreamOrWriter
Event: 25551.719 Loading class java/lang/Throwable$PrintStreamOrWriter done
Event: 25551.719 Loading class java/lang/Throwable$WrappedPrintWriter done
Event: 25551.910 Loading class java/util/Collections$EmptyListIterator
Event: 25551.912 Loading class java/util/Collections$EmptyListIterator done
Event: 25554.896 Loading class java/time/format/DateTimePrintContext
Event: 25554.903 Loading class java/time/format/DateTimePrintContext done
Event: 25554.906 Loading class java/time/format/DateTimeFormatterBuilder$2
Event: 25554.907 Loading class java/time/format/DateTimeFormatterBuilder$2 done
Event: 25711.797 Loading class java/net/UrlDeserializedState
Event: 25711.799 Loading class java/net/UrlDeserializedState done

Classes unloaded (20 events):
Event: 25724.843 Thread 0x0000012cd06a7d20 Unloading class 0x0000000802c4bbc8 'androidx/room/compiler/processing/ksp/KspProcessingEnv$jvmVersion$2'
Event: 25724.843 Thread 0x0000012cd06a7d20 Unloading class 0x0000000802c4b768 'androidx/room/compiler/processing/XProcessingEnv$Platform'
Event: 25724.843 Thread 0x0000012cd06a7d20 Unloading class 0x0000000802c4b510 'androidx/room/compiler/processing/ksp/KspProcessingEnv$jvmPlatformInfo$2'
Event: 25724.844 Thread 0x0000012cd06a7d20 Unloading class 0x0000000802c4b0b0 'androidx/room/compiler/processing/XProcessingEnv$Backend'
Event: 25724.844 Thread 0x0000012cd06a7d20 Unloading class 0x0000000802c4ae98 'androidx/room/compiler/processing/XProcessingEnv$Companion'
Event: 25724.844 Thread 0x0000012cd06a7d20 Unloading class 0x0000000802c4aaf0 'androidx/room/compiler/processing/ksp/KspProcessingEnv'
Event: 25724.844 Thread 0x0000012cd06a7d20 Unloading class 0x0000000802c4a8e0 'androidx/room/compiler/processing/XProcessingEnv'
Event: 25724.844 Thread 0x0000012cd06a7d20 Unloading class 0x0000000802c4a688 'androidx/room/compiler/processing/ksp/KspBasicAnnotationProcessor$DelegateLogger'
Event: 25724.844 Thread 0x0000012cd06a7d20 Unloading class 0x0000000802c4a220 'androidx/room/processor/Context$BooleanProcessorOptions'
Event: 25724.844 Thread 0x0000012cd06a7d20 Unloading class 0x0000000802c4a000 'androidx/room/compiler/processing/XProcessingEnvConfig$Builder'
Event: 25724.844 Thread 0x0000012cd06a7d20 Unloading class 0x0000000802c83dd8 'androidx/room/compiler/processing/XProcessingEnvConfig$Companion'
Event: 25724.844 Thread 0x0000012cd06a7d20 Unloading class 0x0000000802c83bc0 'androidx/room/compiler/processing/XProcessingEnvConfig'
Event: 25724.844 Thread 0x0000012cd06a7d20 Unloading class 0x0000000802c839a8 'androidx/room/DatabaseProcessingStep$Companion'
Event: 25724.844 Thread 0x0000012cd06a7d20 Unloading class 0x0000000802c83750 'androidx/room/DatabaseProcessingStep'
Event: 25724.844 Thread 0x0000012cd06a7d20 Unloading class 0x0000000802c83540 'androidx/room/compiler/processing/XProcessingStep'
Event: 25724.844 Thread 0x0000012cd06a7d20 Unloading class 0x0000000802c832a0 'androidx/room/RoomKspProcessor'
Event: 25724.844 Thread 0x0000012cd06a7d20 Unloading class 0x0000000802c83000 'androidx/room/compiler/processing/ksp/KspBasicAnnotationProcessor'
Event: 25724.844 Thread 0x0000012cd06a7d20 Unloading class 0x0000000802c5b460 'androidx/room/compiler/processing/XBasicAnnotationProcessor'
Event: 25724.844 Thread 0x0000012cd06a7d20 Unloading class 0x0000000802c5b230 'com/bumptech/glide/annotation/ksp/GlideSymbolProcessorProvider'
Event: 25724.844 Thread 0x0000012cd06a7d20 Unloading class 0x0000000802c5b000 'androidx/room/RoomKspProcessor$Provider'

Classes redefined (0 events):
No events

Internal exceptions (20 events):
Event: 25803.398 Thread 0x0000012ce150b7a0 Exception <a 'java/net/ConnectException'{0x00000007de0ddf28}: Connection refused: connect> (0x00000007de0ddf28) 
thrown [s\src\hotspot\share\prims\jni.cpp, line 567]
Event: 25803.402 Thread 0x0000012ce150b7a0 Exception <a 'java/net/ConnectException'{0x00000007de0deae0}: Connection refused: connect> (0x00000007de0deae0) 
thrown [s\src\hotspot\share\prims\jni.cpp, line 567]
Event: 25803.414 Thread 0x0000012ce150b7a0 Exception <a 'java/net/ConnectException'{0x00000007de0df318}: Connection refused: connect> (0x00000007de0df318) 
thrown [s\src\hotspot\share\prims\jni.cpp, line 567]
Event: 25803.426 Thread 0x0000012ce150b7a0 Exception <a 'java/net/ConnectException'{0x00000007de0dfb50}: Connection refused: connect> (0x00000007de0dfb50) 
thrown [s\src\hotspot\share\prims\jni.cpp, line 567]
Event: 25803.426 Thread 0x0000012ce150b7a0 Exception <a 'java/net/ConnectException'{0x00000007de0e06d0}: Connection refused: connect> (0x00000007de0e06d0) 
thrown [s\src\hotspot\share\prims\jni.cpp, line 567]
Event: 25803.438 Thread 0x0000012ce150b7a0 Exception <a 'java/net/ConnectException'{0x00000007de0e0f08}: Connection refused: connect> (0x00000007de0e0f08) 
thrown [s\src\hotspot\share\prims\jni.cpp, line 567]
Event: 25803.449 Thread 0x0000012ce150b7a0 Exception <a 'java/net/ConnectException'{0x00000007de0e1740}: Connection refused: connect> (0x00000007de0e1740) 
thrown [s\src\hotspot\share\prims\jni.cpp, line 567]
Event: 25804.430 Thread 0x0000012ce150b7a0 Exception <a 'java/net/ConnectException'{0x00000007de0e22f8}: Connection refused: connect> (0x00000007de0e22f8) 
thrown [s\src\hotspot\share\prims\jni.cpp, line 567]
Event: 25804.441 Thread 0x0000012ce150b7a0 Exception <a 'java/net/ConnectException'{0x00000007de0e2b30}: Connection refused: connect> (0x00000007de0e2b30) 
thrown [s\src\hotspot\share\prims\jni.cpp, line 567]
Event: 25804.454 Thread 0x0000012ce150b7a0 Exception <a 'java/net/ConnectException'{0x00000007de0e3368}: Connection refused: connect> (0x00000007de0e3368) 
thrown [s\src\hotspot\share\prims\jni.cpp, line 567]
Event: 25804.454 Thread 0x0000012ce150b7a0 Exception <a 'java/net/ConnectException'{0x00000007de0e3ee8}: Connection refused: connect> (0x00000007de0e3ee8) 
thrown [s\src\hotspot\share\prims\jni.cpp, line 567]
Event: 25804.466 Thread 0x0000012ce150b7a0 Exception <a 'java/net/ConnectException'{0x00000007de0e4720}: Connection refused: connect> (0x00000007de0e4720) 
thrown [s\src\hotspot\share\prims\jni.cpp, line 567]
Event: 25804.479 Thread 0x0000012ce150b7a0 Exception <a 'java/net/ConnectException'{0x00000007de0e4f58}: Connection refused: connect> (0x00000007de0e4f58) 
thrown [s\src\hotspot\share\prims\jni.cpp, line 567]
Event: 25806.456 Thread 0x0000012ce150b7a0 Exception <a 'java/net/ConnectException'{0x00000007de0e5b10}: Connection refused: connect> (0x00000007de0e5b10) 
thrown [s\src\hotspot\share\prims\jni.cpp, line 567]
Event: 25806.468 Thread 0x0000012ce150b7a0 Exception <a 'java/net/ConnectException'{0x00000007de0e6348}: Connection refused: connect> (0x00000007de0e6348) 
thrown [s\src\hotspot\share\prims\jni.cpp, line 567]
Event: 25806.479 Thread 0x0000012ce150b7a0 Exception <a 'java/net/ConnectException'{0x00000007de0e6b80}: Connection refused: connect> (0x00000007de0e6b80) 
thrown [s\src\hotspot\share\prims\jni.cpp, line 567]
Event: 25806.479 Thread 0x0000012ce150b7a0 Exception <a 'java/net/ConnectException'{0x00000007de0e7700}: Connection refused: connect> (0x00000007de0e7700) 
thrown [s\src\hotspot\share\prims\jni.cpp, line 567]
Event: 25806.493 Thread 0x0000012ce150b7a0 Exception <a 'java/net/ConnectException'{0x00000007de0e7f38}: Connection refused: connect> (0x00000007de0e7f38) 
thrown [s\src\hotspot\share\prims\jni.cpp, line 567]
Event: 25806.506 Thread 0x0000012ce150b7a0 Exception <a 'java/net/ConnectException'{0x00000007de0e8770}: Connection refused: connect> (0x00000007de0e8770) 
thrown [s\src\hotspot\share\prims\jni.cpp, line 567]
Event: 25898.342 Thread 0x0000012ceb3fa860 Exception <a 'java/lang/NoSuchMethodError'{0x00000007bff5b250}: static Lorg/jetbrains/kotlin/daemon/common/CompileService$CallResult$Error;.<clinit>()V> (0x00000007bff5b250) 
thrown [s\src\hotspot\share\prims\jni.cpp, line 1139]

ZGC Phase Switch (0 events):
No events

VM Operations (20 events):
Event: 25768.931 Executing VM operation: RendezvousGCThreads
Event: 25768.931 Executing VM operation: RendezvousGCThreads done
Event: 25819.581 Executing VM operation: Cleanup
Event: 25819.581 Executing VM operation: Cleanup done
Event: 25828.928 Executing VM operation: HandshakeAllThreads (HandshakeForDeflation)
Event: 25828.928 Executing VM operation: HandshakeAllThreads (HandshakeForDeflation) done
Event: 25828.933 Executing VM operation: RendezvousGCThreads
Event: 25828.933 Executing VM operation: RendezvousGCThreads done
Event: 25843.438 Executing VM operation: ParallelGCFailedAllocation (Allocation Failure)
Event: 25844.219 Executing VM operation: ParallelGCFailedAllocation (Allocation Failure) done
Event: 25889.139 Executing VM operation: HandshakeAllThreads (HandshakeForDeflation)
Event: 25889.139 Executing VM operation: HandshakeAllThreads (HandshakeForDeflation) done
Event: 25889.139 Executing VM operation: RendezvousGCThreads
Event: 25889.139 Executing VM operation: RendezvousGCThreads done
Event: 25894.141 Executing VM operation: Cleanup
Event: 25894.141 Executing VM operation: Cleanup done
Event: 25895.141 Executing VM operation: Cleanup
Event: 25895.142 Executing VM operation: Cleanup done
Event: 25896.142 Executing VM operation: Cleanup
Event: 25896.142 Executing VM operation: Cleanup done

Memory protections (0 events):
No events

Nmethod flushes (20 events):
Event: 25727.673 Thread 0x0000012cd06a7d20 flushing  nmethod 0x0000012cbf9b9690
Event: 25727.673 Thread 0x0000012cd06a7d20 flushing  nmethod 0x0000012cbf9b9d10
Event: 25727.673 Thread 0x0000012cd06a7d20 flushing  nmethod 0x0000012cbf9ba190
Event: 25727.673 Thread 0x0000012cd06a7d20 flushing  nmethod 0x0000012cbf9bac10
Event: 25727.674 Thread 0x0000012cd06a7d20 flushing  nmethod 0x0000012cbf9bb990
Event: 25727.674 Thread 0x0000012cd06a7d20 flushing  nmethod 0x0000012cbf9c1310
Event: 25727.674 Thread 0x0000012cd06a7d20 flushing  nmethod 0x0000012cbf9c6710
Event: 25727.674 Thread 0x0000012cd06a7d20 flushing  nmethod 0x0000012cbf9de110
Event: 25727.674 Thread 0x0000012cd06a7d20 flushing  nmethod 0x0000012cbf9e1f10
Event: 25727.674 Thread 0x0000012cd06a7d20 flushing  nmethod 0x0000012cbf9e7310
Event: 25727.674 Thread 0x0000012cd06a7d20 flushing  nmethod 0x0000012cbf9eac10
Event: 25727.674 Thread 0x0000012cd06a7d20 flushing  nmethod 0x0000012cbf9f1d90
Event: 25727.674 Thread 0x0000012cd06a7d20 flushing  nmethod 0x0000012cbf9f7790
Event: 25727.674 Thread 0x0000012cd06a7d20 flushing  nmethod 0x0000012cbf9faa90
Event: 25727.674 Thread 0x0000012cd06a7d20 flushing  nmethod 0x0000012cbfa15f10
Event: 25727.674 Thread 0x0000012cd06a7d20 flushing  nmethod 0x0000012cbfa17290
Event: 25727.674 Thread 0x0000012cd06a7d20 flushing  nmethod 0x0000012cbfa19e90
Event: 25727.674 Thread 0x0000012cd06a7d20 flushing  nmethod 0x0000012cbfa1d610
Event: 25727.674 Thread 0x0000012cd06a7d20 flushing  nmethod 0x0000012cbfa23e10
Event: 25727.674 Thread 0x0000012cd06a7d20 flushing  nmethod 0x0000012cbfa24890

Events (20 events):
Event: 25758.679 Thread 0x0000012ce150e590 Thread added: 0x0000012ceb3f8e20
Event: 25758.679 Thread 0x0000012ce150e590 Thread added: 0x0000012ceb3f9b40
Event: 25760.666 Thread 0x0000012ceb3f1170 Thread added: 0x0000012ceb3fa860
Event: 25762.439 Thread 0x0000012ce9f36720 Thread exited: 0x0000012ce9f36720
Event: 25763.371 Thread 0x0000012cd5571b40 Thread added: 0x0000012ce9f36720
Event: 25763.654 Thread 0x0000012ce9f36720 Thread exited: 0x0000012ce9f36720
Event: 25763.736 Thread 0x0000012cd5576bd0 Thread added: 0x0000012ce9f36720
Event: 25766.124 Loaded shared library C:\Users\Mbongeni\AppData\Local\Temp\sqlite-3.41.2.2-1e32e0bc-0095-4434-8152-e92db737ef01-sqlitejdbc.dll
Event: 25767.043 Thread 0x0000012ce9f36720 Thread exited: 0x0000012ce9f36720
Event: 25767.050 Thread 0x0000012ceb3f1170 Thread added: 0x0000012ceb3ff720
Event: 25767.108 Thread 0x0000012ceb3fa860 Thread added: 0x0000012ceb401e80
Event: 25767.970 Thread 0x0000012ceb401e80 Thread exited: 0x0000012ceb401e80
Event: 25768.037 Thread 0x0000012ceb3fa860 Thread added: 0x0000012ceb3ffdb0
Event: 25768.187 Thread 0x0000012ce247b6b0 Thread added: 0x0000012ceb400ad0
Event: 25770.783 Thread 0x0000012ceb3fdce0 Thread exited: 0x0000012ceb3fdce0
Event: 25772.239 Thread 0x0000012ce150b110 Thread exited: 0x0000012ce150b110
Event: 25787.506 Thread 0x0000012ce150ec20 Thread exited: 0x0000012ce150ec20
Event: 25806.507 Thread 0x0000012ce150b7a0 Thread exited: 0x0000012ce150b7a0
Event: 25844.228 Thread 0x0000012ceb400ad0 Thread exited: 0x0000012ceb400ad0
Event: 25894.580 Thread 0x0000012ce247b6b0 Thread added: 0x0000012ceb400ad0


Dynamic libraries:
0x00007ff72b010000 - 0x00007ff72b01a000 	C:\Program Files\Android\Android Studio1\jbr\bin\java.exe
0x00007ff87a960000 - 0x00007ff87abc9000 	C:\WINDOWS\SYSTEM32\ntdll.dll
0x00007ff879860000 - 0x00007ff879929000 	C:\WINDOWS\System32\KERNEL32.DLL
0x00007ff878330000 - 0x00007ff878723000 	C:\WINDOWS\System32\KERNELBASE.dll
0x00007ff877ba0000 - 0x00007ff877ceb000 	C:\WINDOWS\System32\ucrtbase.dll
0x00007ff83f420000 - 0x00007ff83f43b000 	C:\Program Files\Android\Android Studio1\jbr\bin\VCRUNTIME140.dll
0x00007ffff05b0000 - 0x00007ffff05c8000 	C:\Program Files\Android\Android Studio1\jbr\bin\jli.dll
0x00007ff879ba0000 - 0x00007ff879d64000 	C:\WINDOWS\System32\USER32.dll
0x00007ff85d330000 - 0x00007ff85d5c3000 	C:\WINDOWS\WinSxS\amd64_microsoft.windows.common-controls_6595b64144ccf1df_6.0.26100.5074_none_3e0d6f78e32fd63f\COMCTL32.dll
0x00007ff878030000 - 0x00007ff878057000 	C:\WINDOWS\System32\win32u.dll
0x00007ff8794a0000 - 0x00007ff879549000 	C:\WINDOWS\System32\msvcrt.dll
0x00007ff87a1a0000 - 0x00007ff87a1cb000 	C:\WINDOWS\System32\GDI32.dll
0x00007ff877d80000 - 0x00007ff877ead000 	C:\WINDOWS\System32\gdi32full.dll
0x00007ff877af0000 - 0x00007ff877b93000 	C:\WINDOWS\System32\msvcp_win.dll
0x00007ff87a160000 - 0x00007ff87a18f000 	C:\WINDOWS\System32\IMM32.DLL
0x00007ff84ff60000 - 0x00007ff84ff6c000 	C:\Program Files\Android\Android Studio1\jbr\bin\vcruntime140_1.dll
0x00007ffff0520000 - 0x00007ffff05ad000 	C:\Program Files\Android\Android Studio1\jbr\bin\msvcp140.dll
0x00007ff811270000 - 0x00007ff811efb000 	C:\Program Files\Android\Android Studio1\jbr\bin\server\jvm.dll
0x00007ff879930000 - 0x00007ff8799e4000 	C:\WINDOWS\System32\ADVAPI32.dll
0x00007ff879d70000 - 0x00007ff879e16000 	C:\WINDOWS\System32\sechost.dll
0x00007ff878730000 - 0x00007ff878848000 	C:\WINDOWS\System32\RPCRT4.dll
0x00007ff879fa0000 - 0x00007ff87a014000 	C:\WINDOWS\System32\WS2_32.dll
0x00007ff877970000 - 0x00007ff8779ce000 	C:\WINDOWS\SYSTEM32\POWRPROF.dll
0x00007ff875590000 - 0x00007ff8755c5000 	C:\WINDOWS\SYSTEM32\WINMM.dll
0x00007ff868930000 - 0x00007ff86893b000 	C:\WINDOWS\SYSTEM32\VERSION.dll
0x00007ff877950000 - 0x00007ff877964000 	C:\WINDOWS\SYSTEM32\UMPDC.dll
0x00007ff8768a0000 - 0x00007ff8768bb000 	C:\WINDOWS\SYSTEM32\kernel.appcore.dll
0x00007ff84af60000 - 0x00007ff84af6a000 	C:\Program Files\Android\Android Studio1\jbr\bin\jimage.dll
0x00007ff874f30000 - 0x00007ff875172000 	C:\WINDOWS\SYSTEM32\DBGHELP.DLL
0x00007ff878f00000 - 0x00007ff87927b000 	C:\WINDOWS\System32\combase.dll
0x00007ff879780000 - 0x00007ff879857000 	C:\WINDOWS\System32\OLEAUT32.dll
0x00007ff85cc30000 - 0x00007ff85cc6d000 	C:\WINDOWS\SYSTEM32\dbgcore.DLL
0x00007ff878290000 - 0x00007ff878329000 	C:\WINDOWS\System32\bcryptPrimitives.dll
0x00007ff8326b0000 - 0x00007ff8326be000 	C:\Program Files\Android\Android Studio1\jbr\bin\instrument.dll
0x00007ff83f400000 - 0x00007ff83f420000 	C:\Program Files\Android\Android Studio1\jbr\bin\java.dll
0x00007ff8176a0000 - 0x00007ff8176b8000 	C:\Program Files\Android\Android Studio1\jbr\bin\zip.dll
0x00007ff87a1d0000 - 0x00007ff87a91d000 	C:\WINDOWS\System32\SHELL32.dll
0x00007ff878060000 - 0x00007ff8781cc000 	C:\WINDOWS\System32\wintypes.dll
0x00007ff875730000 - 0x00007ff875f89000 	C:\WINDOWS\SYSTEM32\windows.storage.dll
0x00007ff878cf0000 - 0x00007ff878de0000 	C:\WINDOWS\System32\SHCORE.dll
0x00007ff87a0f0000 - 0x00007ff87a152000 	C:\WINDOWS\System32\shlwapi.dll
0x00007ff877a10000 - 0x00007ff877a39000 	C:\WINDOWS\SYSTEM32\profapi.dll
0x00007ff849460000 - 0x00007ff849470000 	C:\Program Files\Android\Android Studio1\jbr\bin\net.dll
0x00007ff869a00000 - 0x00007ff869b1f000 	C:\WINDOWS\SYSTEM32\WINHTTP.dll
0x00007ff876e50000 - 0x00007ff876ebb000 	C:\WINDOWS\system32\mswsock.dll
0x00007ff817680000 - 0x00007ff817696000 	C:\Program Files\Android\Android Studio1\jbr\bin\nio.dll
0x00007ff849250000 - 0x00007ff849260000 	C:\Program Files\Android\Android Studio1\jbr\bin\verify.dll
0x00007ffff05d0000 - 0x00007ffff05f7000 	C:\Users\Mbongeni\.gradle\native\1def1411415f61bf3af743bc5b6707747c0891f09f0c88961ee8f79bc544acac\windows-amd64\native-platform.dll
0x00007ffff4980000 - 0x00007ffff49f8000 	C:\Users\Mbongeni\.gradle\native\0.2.7\x86_64-windows-gnu\gradle-fileevents.dll
0x00007ff8491a0000 - 0x00007ff8491a9000 	C:\Program Files\Android\Android Studio1\jbr\bin\management.dll
0x00007ff847e40000 - 0x00007ff847e4b000 	C:\Program Files\Android\Android Studio1\jbr\bin\management_ext.dll
0x00007ff87a0e0000 - 0x00007ff87a0e8000 	C:\WINDOWS\System32\PSAPI.DLL
0x00007ff876290000 - 0x00007ff8762c4000 	C:\WINDOWS\SYSTEM32\IPHLPAPI.DLL
0x00007ff878850000 - 0x00007ff87885a000 	C:\WINDOWS\System32\NSI.dll
0x00007ff86b360000 - 0x00007ff86b369000 	C:\Program Files\Android\Android Studio1\jbr\bin\extnet.dll
0x00007ff8770f0000 - 0x00007ff87710b000 	C:\WINDOWS\SYSTEM32\CRYPTSP.dll
0x00007ff876800000 - 0x00007ff87683b000 	C:\WINDOWS\system32\rsaenh.dll
0x00007ff876ef0000 - 0x00007ff876f1b000 	C:\WINDOWS\SYSTEM32\USERENV.dll
0x00007ff8779e0000 - 0x00007ff877a06000 	C:\WINDOWS\SYSTEM32\bcrypt.dll
0x00007ff877110000 - 0x00007ff87711c000 	C:\WINDOWS\SYSTEM32\CRYPTBASE.dll
0x00007ff86b370000 - 0x00007ff86b378000 	C:\WINDOWS\system32\wshunix.dll
0x00007ff83f3d0000 - 0x00007ff83f3e8000 	C:\WINDOWS\system32\napinsp.dll
0x00007ff876320000 - 0x00007ff876446000 	C:\WINDOWS\SYSTEM32\DNSAPI.dll
0x00007ff83f360000 - 0x00007ff83f372000 	C:\WINDOWS\System32\winrnr.dll
0x00007ff83f330000 - 0x00007ff83f358000 	C:\WINDOWS\system32\nlansp_c.dll
0x00007ff8692c0000 - 0x00007ff8692d6000 	C:\WINDOWS\system32\wshbth.dll
0x00007ff8692b0000 - 0x00007ff8692bb000 	C:\Windows\System32\rasadhlp.dll
0x00007ff868ce0000 - 0x00007ff868d66000 	C:\WINDOWS\System32\fwpuclnt.dll
0x00007ffff3ee0000 - 0x00007ffff3f29000 	C:\Users\Mbongeni\AppData\Local\Temp\jna-1116049261\jna2941748502349639207.dll
0x00007ff8799f0000 - 0x00007ff879b88000 	C:\WINDOWS\System32\Ole32.dll
0x00007ff87a020000 - 0x00007ff87a0d1000 	C:\WINDOWS\System32\clbcatq.dll
0x00007ff849d50000 - 0x00007ff849d6d000 	C:\WINDOWS\SYSTEM32\amsi.dll
0x00007ff849cb0000 - 0x00007ff849d50000 	C:\ProgramData\Microsoft\Windows Defender\Platform\4.18.25070.5-0\MpOav.dll
0x00007ff84ab00000 - 0x00007ff84ab56000 	C:\WINDOWS\SYSTEM32\Pdh.dll
0x00007ff8541b0000 - 0x00007ff8541c1000 	C:\WINDOWS\System32\perfdisk.dll
0x00007ff86f360000 - 0x00007ff86f373000 	C:\WINDOWS\System32\WMICLNT.dll
0x00007ff873ed0000 - 0x00007ff873f78000 	C:\WINDOWS\system32\uxtheme.dll
0x00007ff850030000 - 0x00007ff85008e000 	C:\Program Files\Huawei\PCManager\plugins\PerfWndMonModule.dll
0x00007ff877650000 - 0x00007ff8776a7000 	C:\WINDOWS\SYSTEM32\cfgmgr32.dll
0x00007ff873d40000 - 0x00007ff873d6a000 	C:\WINDOWS\SYSTEM32\Wtsapi32.dll
0x00007ff877eb0000 - 0x00007ff878027000 	C:\WINDOWS\System32\CRYPT32.dll
0x00007ff876b50000 - 0x00007ff876b99000 	C:\WINDOWS\SYSTEM32\SspiCli.dll
0x00007ff8778a0000 - 0x00007ff877903000 	C:\WINDOWS\SYSTEM32\WINSTA.dll
0x00007ff80e8c0000 - 0x00007ff80ea58000 	C:\Program Files\Android\Android Studio1\jbr\bin\awt.dll
0x00007ff873fd0000 - 0x00007ff873ffb000 	C:\WINDOWS\SYSTEM32\dwmapi.dll
0x00007ff80e870000 - 0x00007ff80e8b4000 	C:\Program Files\Android\Android Studio1\jbr\bin\nvdaControllerClient64.dll
0x00007ff873c80000 - 0x00007ff873d1e000 	C:\WINDOWS\SYSTEM32\apphelp.dll
0x00007ff879e20000 - 0x00007ff879f78000 	C:\WINDOWS\System32\MSCTF.dll
0x00007ff854190000 - 0x00007ff8541a2000 	C:\WINDOWS\system32\wbem\wbemprox.dll
0x00007ff854010000 - 0x00007ff85408a000 	C:\WINDOWS\SYSTEM32\wbemcomn.dll
0x00007ff84a3f0000 - 0x00007ff84a405000 	C:\WINDOWS\system32\wbem\wbemsvc.dll
0x00007ff84a820000 - 0x00007ff84a910000 	C:\WINDOWS\system32\wbem\fastprox.dll
0x00007ff8769d0000 - 0x00007ff876a06000 	C:\WINDOWS\SYSTEM32\ntmarta.dll
0x00007ff873b80000 - 0x00007ff873b87000 	C:\Program Files\Android\Android Studio1\jbr\bin\rmi.dll
0x00007ff843c80000 - 0x00007ff843c92000 	C:\WINDOWS\System32\perfproc.dll
0x00007ff803be0000 - 0x00007ff803cc9000 	C:\Users\Mbongeni\AppData\Local\Temp\sqlite-3.41.2.2-1e32e0bc-0095-4434-8152-e92db737ef01-sqlitejdbc.dll

dbghelp: loaded successfully - version: 4.0.5 - missing functions: none
symbol engine: initialized successfully - sym options: 0x614 - pdb path: .;C:\Program Files\Android\Android Studio1\jbr\bin;C:\WINDOWS\SYSTEM32;C:\WINDOWS\WinSxS\amd64_microsoft.windows.common-controls_6595b64144ccf1df_6.0.26100.5074_none_3e0d6f78e32fd63f;C:\Program Files\Android\Android Studio1\jbr\bin\server;C:\Users\Mbongeni\.gradle\native\1def1411415f61bf3af743bc5b6707747c0891f09f0c88961ee8f79bc544acac\windows-amd64;C:\Users\Mbongeni\.gradle\native\0.2.7\x86_64-windows-gnu;C:\Users\Mbongeni\AppData\Local\Temp\jna-1116049261;C:\ProgramData\Microsoft\Windows Defender\Platform\4.18.25070.5-0;C:\Program Files\Huawei\PCManager\plugins;C:\WINDOWS\system32\wbem;C:\Users\Mbongeni\AppData\Local\Temp

VM Arguments:
jvm_args: --add-opens=java.base/java.lang=ALL-UNNAMED --add-opens=java.base/java.lang.invoke=ALL-UNNAMED --add-opens=java.base/java.util=ALL-UNNAMED --add-opens=java.prefs/java.util.prefs=ALL-UNNAMED --add-exports=jdk.compiler/com.sun.tools.javac.api=ALL-UNNAMED --add-exports=jdk.compiler/com.sun.tools.javac.util=ALL-UNNAMED --add-opens=java.base/java.util=ALL-UNNAMED --add-opens=java.prefs/java.util.prefs=ALL-UNNAMED --add-opens=java.base/java.nio.charset=ALL-UNNAMED --add-opens=java.base/java.net=ALL-UNNAMED --add-opens=java.base/java.util.concurrent.atomic=ALL-UNNAMED --add-opens=java.xml/javax.xml.namespace=ALL-UNNAMED -XX:+UseParallelGC -Xmx4g -Dfile.encoding=UTF-8 -Duser.country=CN -Duser.language=zh -Duser.variant -javaagent:C:\Users\Mbongeni\.gradle\wrapper\dists\gradle-8.14.2-bin\2pb3mgt1p815evrl3weanttgr\gradle-8.14.2\lib\agents\gradle-instrumentation-agent-8.14.2.jar 
java_command: org.gradle.launcher.daemon.bootstrap.GradleDaemon 8.14.2
java_class_path (initial): C:\Users\Mbongeni\.gradle\wrapper\dists\gradle-8.14.2-bin\2pb3mgt1p815evrl3weanttgr\gradle-8.14.2\lib\gradle-daemon-main-8.14.2.jar
Launcher Type: SUN_STANDARD

[Global flags]
     intx CICompilerCount                          = 3                                         {product} {ergonomic}
   size_t InitialHeapSize                          = 132120576                                 {product} {ergonomic}
   size_t MaxHeapSize                              = 4294967296                                {product} {command line}
   size_t MaxNewSize                               = 1431306240                                {product} {ergonomic}
   size_t MinHeapDeltaBytes                        = 524288                                    {product} {ergonomic}
   size_t MinHeapSize                              = 8388608                                   {product} {ergonomic}
   size_t NewSize                                  = 44040192                                  {product} {ergonomic}
    uintx NonNMethodCodeHeapSize                   = 5832780                                {pd product} {ergonomic}
    uintx NonProfiledCodeHeapSize                  = 122912730                              {pd product} {ergonomic}
   size_t OldSize                                  = 88080384                                  {product} {ergonomic}
    uintx ProfiledCodeHeapSize                     = 122912730                              {pd product} {ergonomic}
    uintx ReservedCodeCacheSize                    = 251658240                              {pd product} {ergonomic}
     bool SegmentedCodeCache                       = true                                      {product} {ergonomic}
   size_t SoftMaxHeapSize                          = 4294967296                             {manageable} {ergonomic}
     bool UseCompressedOops                        = true                           {product lp64_product} {ergonomic}
     bool UseLargePagesIndividualAllocation        = false                                  {pd product} {ergonomic}
     bool UseParallelGC                            = true                                      {product} {command line}

Logging:
Log output configuration:
 #0: stdout all=warning uptime,level,tags foldmultilines=false
 #1: stderr all=off uptime,level,tags foldmultilines=false

Environment Variables:
PATH=C:\Program Files\Common Files\Oracle\Java\javapath;C:\Windows\System32\HWAudioDriverLibs;C:\Windows\system32;C:\Windows;C:\Windows\System32\Wbem;C:\Windows\System32\WindowsPowerShell\v1.0\;C:\Windows\System32\OpenSSH\;C:\Windows\system32\config\systemprofile\AppData\Local\Microsoft\WindowsApps;C:\WINDOWS\system32;C:\WINDOWS;C:\WINDOWS\System32\Wbem;C:\WINDOWS\System32\WindowsPowerShell\v1.0\;C:\WINDOWS\System32\OpenSSH\;C:\Program Files\nodejs\;C:\Program Files\apache-maven-3.9.9\bin;C:\Program Files\Microsoft SQL Server\150\Tools\Binn\;C:\Users\Mbongeni\Downloads\ffmpeg-2025-04-14-git-3b2a9410ef-full_build\ffmpeg-2025-04-14-git-3b2a9410ef-full_build\bin;C:\platform-tools;C:\xampp\php;C:\ProgramData\ComposerSetup\bin;C:\dev\flutter\bin;C:\Program Files\Git\cmd;C:\ProgramData\chocolatey\bin;C:\Users\Mbongeni\AppData\Local\Microsoft\WindowsApps;C:\Users\Mbongeni\AppData\Local\Programs\Microsoft VS Code\bin;C:\Users\Mbongeni\AppData\Roaming\npm;C:\Users\Mbongeni\AppData\Local\GitHubDesktop\bin;C:\Users\Mbongeni\.dotnet\tools;C:\msys64\ucrt64\bin;C:\Users\Mbongeni\AppData\Roaming\Composer\vendor\bin;C:\Users\Mbongeni\AppData\Local\Android\Sdk\cmdline-tools\latest\bin;C:\Users\Mbongeni\AppData\Local\Android\Sdk\platform-tools;C:\Users\Mbongeni\AppData\Local\Android\Sdk\cmake\4.1.0\bin;C:\Users\Mbongeni\AppData\Local\Android\Sdk\ndk\29.0.13846066;;C:\tools\dart-sdk\bin;C:\Users\Mbongeni\AppData\Local\Pub\Cache\bin
USERNAME=Mbongeni
OS=Windows_NT
PROCESSOR_IDENTIFIER=Intel64 Family 6 Model 142 Stepping 12, GenuineIntel
TMP=C:\Users\Mbongeni\AppData\Local\Temp
TEMP=C:\Users\Mbongeni\AppData\Local\Temp




Periodic native trim disabled

JNI global refs:
JNI global refs: 40, weak refs: 56

JNI global refs memory usage: 835, weak refs: 3449

Process memory usage:
Resident Set Size: 1477600K (17% of 8218416K total physical memory with 636516K free physical memory)

OOME stack traces (most recent first):
Classloader memory used:
Loader java.net.URLClassLoader                                                         : 187M
Loader org.gradle.internal.classloader.VisitableURLClassLoader$InstrumentingVisitableURLClassLoader: 86920K
Loader org.gradle.internal.classloader.VisitableURLClassLoader                         : 42809K
Loader bootstrap                                                                       : 40439K
Loader org.gradle.initialization.MixInLegacyTypesClassLoader                           : 8615K
Loader jdk.internal.reflect.DelegatingClassLoader                                      : 2142K
Loader jdk.internal.loader.ClassLoaders$PlatformClassLoader                            : 1020K
Loader com.intellij.util.lang.UrlClassLoader                                           : 449K
Loader jdk.internal.jrtfs.JrtFileSystemProvider$JrtFsLoader                            : 336K
Loader jdk.internal.loader.ClassLoaders$AppClassLoader                                 : 241K
Loader org.gradle.internal.classloader.VisitableURLClassLoader                         : 7696B
Loader sun.reflect.misc.MethodUtil                                                     : 2952B

Classes loaded by more than one classloader:
Class kotlin.io.TextStreamsKt                                                         : loaded 3 times (x 67B)
Class kotlin.sequences.FlatteningSequence                                             : loaded 3 times (x 71B)
Class kotlin.sequences.DropTakeSequence                                               : loaded 3 times (x 66B)
Class kotlin.coroutines.jvm.internal.CompletedContinuation                            : loaded 3 times (x 71B)
Class kotlin.jvm.KotlinReflectionNotSupportedError                                    : loaded 3 times (x 78B)
Class kotlin.text.StringsKt__StringsKt                                                : loaded 3 times (x 67B)
Class kotlin.NotImplementedError                                                      : loaded 3 times (x 78B)
Class com.google.common.collect.RegularImmutableSet                                   : loaded 3 times (x 145B)
Class org.objectweb.asm.Context                                                       : loaded 3 times (x 68B)
Class com.google.common.collect.Iterators$MergingIterator                             : loaded 3 times (x 77B)
Class kotlin.coroutines.CoroutineContext                                              : loaded 3 times (x 66B)
Class kotlin.coroutines.jvm.internal.DebugProbesKt                                    : loaded 3 times (x 67B)
Class kotlin.ranges.IntProgressionIterator                                            : loaded 3 times (x 78B)
Class com.google.common.io.ByteSource                                                 : loaded 3 times (x 80B)
Class kotlin.collections.CollectionsKt                                                : loaded 3 times (x 67B)
Class kotlin.reflect.KMutableProperty2                                                : loaded 3 times (x 66B)
Class com.google.common.collect.ImmutableList$SubList                                 : loaded 3 times (x 205B)
Class com.google.common.base.PairwiseEquivalence                                      : loaded 3 times (x 79B)
Class com.google.common.base.Equivalence$Identity                                     : loaded 3 times (x 78B)
Class com.google.common.collect.RegularImmutableMap$KeySet                            : loaded 3 times (x 148B)
Class kotlin.coroutines.jvm.internal.CoroutineStackFrame                              : loaded 3 times (x 66B)
Class kotlin.coroutines.intrinsics.IntrinsicsKt__IntrinsicsJvmKt                      : loaded 3 times (x 67B)
Class kotlin.reflect.KMutableProperty1                                                : loaded 3 times (x 66B)
Class kotlin.jvm.internal.StringCompanionObject                                       : loaded 3 times (x 67B)
Class kotlin.jvm.internal.Ref$BooleanRef                                              : loaded 3 times (x 67B)
Class com.google.common.collect.ImmutableSet$SetBuilderImpl                           : loaded 3 times (x 72B)
Class kotlin.coroutines.jvm.internal.SuspendFunction                                  : loaded 3 times (x 66B)
Class kotlin.io.FilesKt__FileTreeWalkKt                                               : loaded 3 times (x 67B)
Class kotlin.jvm.internal.CollectionToArray                                           : loaded 3 times (x 67B)
Class kotlin.reflect.KClassifier                                                      : loaded 3 times (x 66B)
Class kotlin.reflect.KMutableProperty0                                                : loaded 3 times (x 66B)
Class com.google.common.collect.ImmutableList                                         : loaded 3 times (x 202B)
Class kotlin.sequences.FilteringSequence$iterator$1                                   : loaded 3 times (x 75B)
Class kotlin.sequences.SequencesKt__SequenceBuilderKt                                 : loaded 3 times (x 67B)
Class kotlin.collections.CollectionsKt__ReversedViewsKt                               : loaded 3 times (x 67B)
Class org.objectweb.asm.ClassReader                                                   : loaded 3 times (x 90B)
Class com.google.common.collect.ImmutableSet$EmptySetBuilderImpl                      : loaded 3 times (x 72B)
Class kotlin.jvm.internal.markers.KMappedMarker                                       : loaded 3 times (x 66B)
Class [Lkotlin.reflect.KProperty;                                                     : loaded 3 times (x 65B)
Class com.google.common.io.ByteStreams$1                                              : loaded 3 times (x 81B)
Class kotlin.sequences.ConstrainedOnceSequence                                        : loaded 3 times (x 71B)
Class com.google.common.collect.ImmutableSet$Builder                                  : loaded 3 times (x 81B)
Class com.google.common.collect.SetMultimap                                           : loaded 3 times (x 66B)
Class com.google.common.collect.Maps$BiMapConverter                                   : loaded 3 times (x 86B)
Class com.google.common.collect.ImmutableMapEntrySet$RegularEntrySet                  : loaded 3 times (x 148B)
Class com.google.common.collect.Multimaps                                             : loaded 3 times (x 67B)
Class com.google.common.collect.SortedSetMultimap                                     : loaded 3 times (x 66B)
Class kotlin.NoWhenBranchMatchedException                                             : loaded 3 times (x 78B)
Class kotlin.Lazy                                                                     : loaded 3 times (x 66B)
Class kotlin.reflect.KMutableProperty$Setter                                          : loaded 3 times (x 66B)
Class kotlin.jvm.functions.Function19                                                 : loaded 3 times (x 66B)
Class kotlin.text.StringsKt__StringBuilderKt                                          : loaded 3 times (x 67B)
Class kotlin.jvm.internal.CallableReference$NoReceiver                                : loaded 3 times (x 67B)
Class kotlin.jvm.functions.Function18                                                 : loaded 3 times (x 66B)
Class com.google.common.base.Joiner$2                                                 : loaded 3 times (x 75B)
Class kotlin.jvm.internal.MutablePropertyReference1                                   : loaded 3 times (x 133B)
Class kotlin.jvm.internal.PropertyReference1Impl                                      : loaded 3 times (x 123B)
Class kotlin.SafePublicationLazyImpl$Companion                                        : loaded 3 times (x 67B)
Class com.google.common.collect.Maps$IteratorBasedAbstractMap                         : loaded 3 times (x 121B)
Class kotlin.collections.ArraysKt__ArraysJVMKt                                        : loaded 3 times (x 67B)
Class kotlin.jvm.functions.Function17                                                 : loaded 3 times (x 66B)
Class kotlin.InitializedLazyImpl                                                      : loaded 3 times (x 72B)
Class com.google.common.base.Joiner$1                                                 : loaded 3 times (x 76B)
Class com.google.common.collect.PeekingIterator                                       : loaded 3 times (x 66B)
Class kotlin.LazyKt                                                                   : loaded 3 times (x 67B)
Class kotlin.collections.SetsKt__SetsKt                                               : loaded 3 times (x 67B)
Class kotlin.coroutines.EmptyCoroutineContext                                         : loaded 3 times (x 73B)
Class kotlin.jvm.functions.Function16                                                 : loaded 3 times (x 66B)
Class com.google.common.base.Preconditions                                            : loaded 3 times (x 67B)
Class com.google.common.collect.AbstractMapBasedMultimap$WrappedCollection            : loaded 3 times (x 120B)
Class com.google.common.collect.ImmutableList$1                                       : loaded 3 times (x 93B)
Class com.google.common.base.PatternCompiler                                          : loaded 3 times (x 66B)
Class com.google.common.collect.Hashing                                               : loaded 3 times (x 67B)
Class com.google.common.base.Equivalence$Equals                                       : loaded 3 times (x 78B)
Class com.google.common.hash.PrimitiveSink                                            : loaded 3 times (x 66B)
Class com.google.common.collect.ImmutableEnumSet                                      : loaded 3 times (x 142B)
Class kotlin.collections.ArraysKt                                                     : loaded 3 times (x 67B)
Class kotlin.text.CharsKt__CharKt                                                     : loaded 3 times (x 67B)
Class kotlin.jvm.functions.Function15                                                 : loaded 3 times (x 66B)
Class kotlin.collections.builders.MapBuilder                                          : loaded 3 times (x 108B)
Class kotlin.ranges.IntProgression$Companion                                          : loaded 3 times (x 67B)
Class kotlin.coroutines.jvm.internal.Boxing                                           : loaded 3 times (x 67B)
Class com.google.common.collect.RegularImmutableBiMap                                 : loaded 3 times (x 145B)
Class kotlin.ranges.RangesKt___RangesKt                                               : loaded 3 times (x 67B)
Class kotlin.jvm.functions.Function14                                                 : loaded 3 times (x 66B)
Class kotlin.KotlinNullPointerException                                               : loaded 3 times (x 79B)
Class kotlin.ranges.OpenEndRange                                                      : loaded 3 times (x 66B)
Class kotlin.sequences.SequenceBuilderIterator                                        : loaded 3 times (x 81B)
Class com.google.common.io.ByteArrayDataOutput                                        : loaded 3 times (x 66B)
Class kotlin.jvm.functions.Function13                                                 : loaded 3 times (x 66B)
Class kotlin.text.Charsets                                                            : loaded 3 times (x 67B)
Class com.google.common.collect.RegularImmutableMap$BucketOverflowException           : loaded 3 times (x 78B)
Class com.google.common.io.ByteStreams$LimitedInputStream                             : loaded 3 times (x 88B)
Class kotlin.collections.CollectionsKt__IterablesKt                                   : loaded 3 times (x 67B)
Class com.google.common.collect.RegularImmutableMap                                   : loaded 3 times (x 117B)
Class com.google.common.collect.ImmutableMap$MapViewOfValuesAsSingletonSets           : loaded 3 times (x 122B)
Class kotlin.collections.MapsKt                                                       : loaded 3 times (x 67B)
Class kotlin.coroutines.intrinsics.CoroutineSingletons                                : loaded 3 times (x 75B)
Class kotlin.jvm.functions.Function12                                                 : loaded 3 times (x 66B)
Class kotlin.sequences.TakeWhileSequence                                              : loaded 3 times (x 71B)
Class kotlin.jvm.internal.Intrinsics                                                  : loaded 3 times (x 67B)
Class kotlin.collections.EmptyMap                                                     : loaded 3 times (x 105B)
Class kotlin.ranges.IntRange$Companion                                                : loaded 3 times (x 67B)
Class kotlin.sequences.TransformingSequence                                           : loaded 3 times (x 71B)
Class kotlin.coroutines.intrinsics.IntrinsicsKt                                       : loaded 3 times (x 67B)
Class kotlin.jvm.internal.markers.KMutableCollection                                  : loaded 3 times (x 66B)
Class kotlin.reflect.KAnnotatedElement                                                : loaded 3 times (x 66B)
Class kotlin.jvm.internal.PropertyReference0Impl                                      : loaded 3 times (x 123B)
Class kotlin.jvm.functions.Function11                                                 : loaded 3 times (x 66B)
Class com.google.common.collect.ImmutableSet$RegularSetBuilderImpl                    : loaded 3 times (x 73B)
Class [Lkotlin.LazyThreadSafetyMode;                                                  : loaded 3 times (x 65B)
Class [Lkotlin.reflect.KClassifier;                                                   : loaded 3 times (x 65B)
Class kotlin.jvm.functions.Function9                                                  : loaded 3 times (x 66B)
Class kotlin.jvm.functions.Function10                                                 : loaded 3 times (x 66B)
Class kotlin.annotation.MustBeDocumented                                              : loaded 3 times (x 66B)
Class kotlin.collections.CollectionsKt__MutableCollectionsJVMKt                       : loaded 3 times (x 67B)
Class com.google.common.collect.UnmodifiableListIterator                              : loaded 3 times (x 91B)
Class org.objectweb.asm.ClassVisitor                                                  : loaded 3 times (x 84B)
Class kotlin.enums.EnumEntriesKt                                                      : loaded 3 times (x 67B)
Class kotlin.text.StringsKt___StringsKt                                               : loaded 3 times (x 67B)
Class kotlin.collections.builders.MapBuilder$Companion                                : loaded 3 times (x 67B)
Class kotlin.jvm.functions.Function8                                                  : loaded 3 times (x 66B)
Class kotlin.io.LinesSequence                                                         : loaded 3 times (x 71B)
Class [Lkotlin.reflect.KClass;                                                        : loaded 3 times (x 65B)
Class [Lkotlin.annotation.AnnotationRetention;                                        : loaded 3 times (x 65B)
Class com.google.common.io.Files                                                      : loaded 3 times (x 67B)
Class kotlin.collections.MapsKt__MapWithDefaultKt                                     : loaded 3 times (x 67B)
Class kotlin.jvm.functions.Function7                                                  : loaded 3 times (x 66B)
Class com.google.common.collect.SortedMapDifference                                   : loaded 3 times (x 66B)
Class kotlin.collections.ArraysKt___ArraysKt                                          : loaded 3 times (x 67B)
Class kotlin.collections.MapsKt___MapsKt                                              : loaded 3 times (x 67B)
Class kotlin.io.FilesKt                                                               : loaded 3 times (x 67B)
Class kotlin.jvm.functions.Function6                                                  : loaded 3 times (x 66B)
Class com.google.common.collect.CollectPreconditions                                  : loaded 3 times (x 67B)
Class kotlin.text.StringsKt___StringsJvmKt                                            : loaded 3 times (x 67B)
Class kotlin.reflect.KDeclarationContainer                                            : loaded 3 times (x 66B)
Class kotlin.jvm.functions.Function5                                                  : loaded 3 times (x 66B)
Class kotlin.annotation.Retention                                                     : loaded 3 times (x 66B)
Class com.google.common.collect.ImmutableEntry                                        : loaded 3 times (x 78B)
Class [Lcom.google.common.collect.AbstractMapEntry;                                   : loaded 3 times (x 65B)
Class com.google.common.collect.ArrayListMultimap                                     : loaded 3 times (x 168B)
Class com.google.common.base.Platform$JdkPatternCompiler                              : loaded 3 times (x 71B)
Class kotlin.collections.CollectionsKt___CollectionsKt                                : loaded 3 times (x 67B)
Class kotlin.collections.EmptySet                                                     : loaded 3 times (x 118B)
Class kotlin.jvm.functions.Function4                                                  : loaded 3 times (x 66B)
Class kotlin.annotation.Target                                                        : loaded 3 times (x 66B)
Class kotlin.collections.MapsKt___MapsJvmKt                                           : loaded 3 times (x 67B)
Class kotlin.jvm.functions.Function3                                                  : loaded 3 times (x 66B)
Class kotlin.KotlinVersion$Companion                                                  : loaded 3 times (x 67B)
Class com.google.common.collect.ImmutableMap                                          : loaded 3 times (x 116B)
Class kotlin.sequences.SequencesKt___SequencesKt                                      : loaded 3 times (x 67B)
Class kotlin.collections.AbstractList$Companion                                       : loaded 3 times (x 67B)
Class com.google.common.base.Predicate                                                : loaded 3 times (x 66B)
Class kotlin.KotlinNothingValueException                                              : loaded 3 times (x 78B)
Class kotlin.jvm.functions.Function2                                                  : loaded 3 times (x 66B)
Class kotlin.jvm.internal.markers.KMutableIterator                                    : loaded 3 times (x 66B)
Class com.google.common.collect.Sets                                                  : loaded 3 times (x 67B)
Class com.google.common.base.Strings                                                  : loaded 3 times (x 67B)
Class com.google.common.collect.HashBiMap                                             : loaded 3 times (x 139B)
Class kotlin.jvm.functions.Function1                                                  : loaded 3 times (x 66B)
Class kotlin.properties.ReadWriteProperty                                             : loaded 3 times (x 66B)
Class kotlin.collections.ArraysUtilJVM                                                : loaded 3 times (x 67B)
Class kotlin.jvm.functions.Function0                                                  : loaded 3 times (x 66B)
Class kotlin.sequences.FlatteningSequence$iterator$1                                  : loaded 3 times (x 75B)
Class kotlin.sequences.SequencesKt___SequencesKt$flatMap$2                            : loaded 3 times (x 121B)
Class kotlin.sequences.GeneratorSequence                                              : loaded 3 times (x 71B)
Class [Lkotlin.DeprecationLevel;                                                      : loaded 3 times (x 65B)
Class org.objectweb.asm.Attribute                                                     : loaded 3 times (x 73B)
Class com.google.common.base.Supplier                                                 : loaded 3 times (x 66B)
Class kotlin.ranges.RangesKt                                                          : loaded 3 times (x 67B)
Class com.google.common.io.Closer$Suppressor                                          : loaded 3 times (x 66B)
Class com.google.common.io.LineProcessor                                              : loaded 3 times (x 66B)
Class kotlin.sequences.SequencesKt___SequencesJvmKt                                   : loaded 3 times (x 67B)
Class [Lcom.google.common.collect.ImmutableMapEntry;                                  : loaded 3 times (x 65B)
Class kotlin.TuplesKt                                                                 : loaded 3 times (x 67B)
Class kotlin.Unit                                                                     : loaded 3 times (x 67B)
Class kotlin.jvm.internal.markers.KMutableIterable                                    : loaded 3 times (x 66B)
Class kotlin.jdk7.AutoCloseableKt                                                     : loaded 3 times (x 67B)
Class kotlin.collections.CollectionsKt___CollectionsJvmKt                             : loaded 3 times (x 67B)
Class kotlin.text.DelimitedRangesSequence                                             : loaded 3 times (x 71B)
Class kotlin.coroutines.ContinuationInterceptor                                       : loaded 3 times (x 66B)
Class kotlin.text.StringsKt__AppendableKt                                             : loaded 3 times (x 67B)
Class kotlin.jvm.internal.FunctionReferenceImpl                                       : loaded 3 times (x 118B)
Class com.google.common.collect.ImmutableSet                                          : loaded 3 times (x 141B)
Class com.google.common.io.Closer                                                     : loaded 3 times (x 74B)
Class com.google.common.collect.RegularImmutableMap$Values                            : loaded 3 times (x 203B)
Class com.google.common.collect.ListMultimap                                          : loaded 3 times (x 66B)
Class kotlin.reflect.KType                                                            : loaded 3 times (x 66B)
Class com.google.common.collect.ImmutableEnumMap                                      : loaded 3 times (x 122B)
Class kotlin.sequences.FilteringSequence                                              : loaded 3 times (x 71B)
Class kotlin.jvm.internal.ArrayIteratorKt                                             : loaded 3 times (x 67B)
Class kotlin.reflect.KProperty$Accessor                                               : loaded 3 times (x 66B)
Class [Lkotlin.reflect.KCallable;                                                     : loaded 3 times (x 65B)
Class kotlin.jvm.internal.AdaptedFunctionReference                                    : loaded 3 times (x 73B)
Class kotlin.text.CharsKt__CharJVMKt                                                  : loaded 3 times (x 67B)
Class kotlin.coroutines.jvm.internal.BaseContinuationImpl                             : loaded 3 times (x 83B)
Class kotlin.Result$Companion                                                         : loaded 3 times (x 67B)
Class kotlin.comparisons.ComparisonsKt___ComparisonsKt                                : loaded 3 times (x 67B)
Class kotlin.comparisons.ComparisonsKt                                                : loaded 3 times (x 67B)
Class com.google.common.math.IntMath$1                                                : loaded 3 times (x 67B)
Class com.google.common.io.Files$FileByteSink                                         : loaded 3 times (x 73B)
Class kotlin.sequences.SequencesKt__SequencesKt                                       : loaded 3 times (x 67B)
Class kotlin.ranges.RangesKt__RangesKt                                                : loaded 3 times (x 67B)
Class kotlin.collections.SetsKt___SetsKt                                              : loaded 3 times (x 67B)
Class kotlin.coroutines.Continuation                                                  : loaded 3 times (x 66B)
Class kotlin.jvm.internal.ClassBasedDeclarationContainer                              : loaded 3 times (x 66B)
Class kotlin.comparisons.ComparisonsKt__ComparisonsKt                                 : loaded 3 times (x 67B)
Class com.google.common.collect.Iterators$EmptyModifiableIterator                     : loaded 3 times (x 82B)
Class com.google.common.graph.SuccessorsFunction                                      : loaded 3 times (x 66B)
Class kotlin.UNINITIALIZED_VALUE                                                      : loaded 3 times (x 67B)
Class kotlin.jvm.internal.ReflectionFactory                                           : loaded 3 times (x 87B)
Class kotlin.jvm.internal.Ref$ObjectRef                                               : loaded 3 times (x 68B)
Class com.google.common.collect.Sets$1                                                : loaded 3 times (x 135B)
Class com.google.common.collect.Sets$SetView                                          : loaded 3 times (x 134B)
Class [Lcom.google.common.collect.Iterators$EmptyModifiableIterator;                  : loaded 3 times (x 65B)
Class kotlin.text.MatchResult                                                         : loaded 3 times (x 66B)
Class kotlin.collections.builders.MapBuilder$EntryRef                                 : loaded 3 times (x 77B)
Class kotlin.text.StringsKt__StringBuilderJVMKt                                       : loaded 3 times (x 67B)
Class kotlin.sequences.SequenceScope                                                  : loaded 3 times (x 69B)
Class kotlin.LazyKt__LazyKt                                                           : loaded 3 times (x 67B)
Class kotlin.sequences.Sequence                                                       : loaded 3 times (x 66B)
Class kotlin.text.StringsKt__StringNumberConversionsJVMKt                             : loaded 3 times (x 67B)
Class kotlin.collections.ArrayAsCollection                                            : loaded 3 times (x 101B)
Class kotlin.sequences.SequencesKt__SequenceBuilderKt$sequence$$inlined$Sequence$1    : loaded 3 times (x 71B)
Class kotlin.Triple                                                                   : loaded 3 times (x 68B)
Class kotlin.text.Regex                                                               : loaded 3 times (x 68B)
Class com.google.common.collect.Maps$8                                                : loaded 3 times (x 78B)
Class kotlin.collections.AbstractCollection                                           : loaded 3 times (x 113B)
Class kotlin.collections.AbstractList                                                 : loaded 3 times (x 193B)
Class kotlin.sequences.SequencesKt__SequencesJVMKt                                    : loaded 3 times (x 67B)
Class kotlin.coroutines.jvm.internal.RestrictedSuspendLambda                          : loaded 3 times (x 87B)
Class com.google.common.base.Platform                                                 : loaded 3 times (x 67B)
Class kotlin.text.StringsKt__RegexExtensionsKt                                        : loaded 3 times (x 67B)
Class kotlin.SynchronizedLazyImpl                                                     : loaded 3 times (x 72B)
Class kotlin.collections.EmptyIterator                                                : loaded 3 times (x 85B)
Class kotlin.jvm.internal.SpreadBuilder                                               : loaded 3 times (x 72B)
Class com.google.common.collect.Sets$2                                                : loaded 3 times (x 135B)
Class kotlin.LazyThreadSafetyMode                                                     : loaded 3 times (x 75B)
Class kotlin.jvm.internal.ArrayIterator                                               : loaded 3 times (x 75B)
Class [Lcom.google.common.collect.ImmutableEntry;                                     : loaded 3 times (x 65B)
Class kotlin.LazyKt__LazyJVMKt$WhenMappings                                           : loaded 3 times (x 67B)
Class kotlin.UnsafeLazyImpl                                                           : loaded 3 times (x 72B)
Class kotlin.jvm.functions.Function20                                                 : loaded 3 times (x 66B)
Class kotlin.collections.CollectionsKt___CollectionsKt$asSequence$$inlined$Sequence$1 : loaded 3 times (x 71B)
Class kotlin.jvm.internal.MutablePropertyReference                                    : loaded 3 times (x 115B)
Class com.google.common.collect.Maps                                                  : loaded 3 times (x 67B)
Class kotlin.jvm.internal.PropertyReference1                                          : loaded 3 times (x 123B)
Class kotlin.jvm.internal.DefaultConstructorMarker                                    : loaded 3 times (x 67B)
Class kotlin.sequences.EmptySequence                                                  : loaded 3 times (x 74B)
Class kotlin.jvm.internal.PropertyReference0                                          : loaded 3 times (x 123B)
Class com.google.common.collect.RegularImmutableList                                  : loaded 3 times (x 209B)
Class com.google.common.collect.IndexedImmutableSet$1                                 : loaded 3 times (x 209B)
Class com.google.common.base.Function                                                 : loaded 3 times (x 66B)
Class com.google.common.collect.ImmutableMapEntry$NonTerminalImmutableMapEntry        : loaded 3 times (x 81B)
Class com.google.common.base.Equivalence                                              : loaded 3 times (x 78B)
Class kotlin.enums.EnumEntries                                                        : loaded 3 times (x 66B)
Class com.google.common.collect.ImmutableMapEntry                                     : loaded 3 times (x 81B)
Class [Lcom.google.common.collect.HashBiMap$BiEntry;                                  : loaded 3 times (x 65B)
Class kotlin.ranges.IntRange                                                          : loaded 3 times (x 89B)
Class kotlin.jvm.internal.markers.KMutableMap                                         : loaded 3 times (x 66B)
Class com.google.common.collect.Sets$3                                                : loaded 3 times (x 135B)
Class kotlin.properties.ReadOnlyProperty                                              : loaded 3 times (x 66B)
Class com.google.common.math.IntMath                                                  : loaded 3 times (x 67B)
Class kotlin.collections.AbstractList$IteratorImpl                                    : loaded 3 times (x 78B)
Class kotlin.jvm.internal.CallableReference                                           : loaded 3 times (x 102B)
Class kotlin.jvm.functions.Function21                                                 : loaded 3 times (x 66B)
Class com.google.common.base.CommonPattern                                            : loaded 3 times (x 70B)
Class kotlin.ranges.IntProgression                                                    : loaded 3 times (x 77B)
Class kotlin.jvm.internal.MutablePropertyReference1Impl                               : loaded 3 times (x 133B)
Class [Lkotlin.sequences.Sequence;                                                    : loaded 3 times (x 65B)
Class kotlin.sequences.SequencesKt___SequencesKt$sortedWith$1                         : loaded 3 times (x 71B)
Class com.google.common.collect.Maps$EntryTransformer                                 : loaded 3 times (x 66B)
Class kotlin.text.StringsKt__StringNumberConversionsKt                                : loaded 3 times (x 67B)
Class com.google.common.io.ByteArrayDataInput                                         : loaded 3 times (x 66B)
Class kotlin.io.FilesKt__FileReadWriteKt                                              : loaded 3 times (x 67B)
Class [Lkotlin.Pair;                                                                  : loaded 3 times (x 65B)
Class kotlin.LazyKt__LazyJVMKt                                                        : loaded 3 times (x 67B)
Class kotlin.coroutines.CoroutineContext$Key                                          : loaded 3 times (x 66B)
Class com.google.common.collect.Sets$4                                                : loaded 3 times (x 135B)
Class kotlin.coroutines.jvm.internal.RestrictedContinuationImpl                       : loaded 3 times (x 83B)
Class com.google.common.collect.ImmutableAsList                                       : loaded 3 times (x 205B)
Class com.google.common.collect.AbstractMapBasedMultimap                              : loaded 3 times (x 135B)
Class com.google.common.collect.Iterators$9                                           : loaded 3 times (x 77B)
Class kotlin.collections.builders.MapBuilderEntries                                   : loaded 3 times (x 141B)
Class kotlin.annotation.AnnotationRetention                                           : loaded 3 times (x 75B)
Class kotlin.jvm.functions.Function22                                                 : loaded 3 times (x 66B)
Class kotlin.collections.MapWithDefault                                               : loaded 3 times (x 66B)
Class com.google.common.base.FunctionalEquivalence                                    : loaded 3 times (x 79B)
Class kotlin.coroutines.jvm.internal.SuspendLambda                                    : loaded 3 times (x 87B)
Class kotlin.coroutines.jvm.internal.ContinuationImpl                                 : loaded 3 times (x 83B)
Class kotlin.text.StringsKt                                                           : loaded 3 times (x 67B)
Class kotlin.jvm.internal.markers.KMutableSet                                         : loaded 3 times (x 66B)
Class com.google.common.collect.Lists                                                 : loaded 3 times (x 67B)
Class com.google.common.base.Converter                                                : loaded 3 times (x 86B)
Class com.google.common.collect.ImmutableSet$CachingAsList                            : loaded 3 times (x 144B)
Class kotlin.collections.CollectionsKt__IteratorsKt                                   : loaded 3 times (x 67B)
Class kotlin.sequences.SequencesKt                                                    : loaded 3 times (x 67B)
Class kotlin.collections.builders.MapBuilder$Itr                                      : loaded 3 times (x 68B)
Class kotlin.KotlinVersionCurrentValue                                                : loaded 3 times (x 67B)
Class kotlin.collections.IndexedValue                                                 : loaded 3 times (x 68B)
Class com.google.common.collect.ImmutableCollection                                   : loaded 3 times (x 121B)
Class kotlin.collections.CollectionsKt__CollectionsJVMKt                              : loaded 3 times (x 67B)
Class kotlin.io.FilesKt__UtilsKt                                                      : loaded 3 times (x 67B)
Class kotlin.coroutines.intrinsics.IntrinsicsKt__IntrinsicsKt                         : loaded 3 times (x 67B)
Class kotlin.text.RegexKt                                                             : loaded 3 times (x 67B)
Class com.google.common.collect.ImmutableSet$JdkBackedSetBuilderImpl                  : loaded 3 times (x 72B)
Class com.google.common.collect.Iterators$5                                           : loaded 3 times (x 78B)
Class com.google.common.collect.ImmutableBiMap                                        : loaded 3 times (x 139B)
Class kotlin.reflect.KTypeParameter                                                   : loaded 3 times (x 66B)
Class com.google.common.collect.AbstractListMultimap                                  : loaded 3 times (x 168B)
Class com.google.common.collect.Iterators$4                                           : loaded 3 times (x 78B)
Class kotlin.collections.ArraysKt___ArraysJvmKt                                       : loaded 3 times (x 67B)
Class kotlin.text.StringsKt__RegexExtensionsJVMKt                                     : loaded 3 times (x 67B)
Class kotlin.collections.CollectionsKt__CollectionsKt                                 : loaded 3 times (x 67B)
Class kotlin.SafePublicationLazyImpl                                                  : loaded 3 times (x 72B)
Class kotlin.reflect.KProperty$Getter                                                 : loaded 3 times (x 66B)
Class com.google.common.collect.ImmutableMap$IteratorBasedImmutableMap                : loaded 3 times (x 122B)
Class com.google.common.collect.SingletonImmutableSet                                 : loaded 3 times (x 142B)
Class kotlin.UninitializedPropertyAccessException                                     : loaded 3 times (x 78B)
Class com.google.common.io.ByteStreams                                                : loaded 3 times (x 67B)
Class kotlin.collections.AbstractMutableSet                                           : loaded 3 times (x 138B)
Class kotlin.Metadata                                                                 : loaded 3 times (x 66B)
Class kotlin.properties.Delegates                                                     : loaded 3 times (x 67B)
Class com.google.common.collect.Iterators$1                                           : loaded 3 times (x 77B)
Class kotlin.jvm.internal.markers.KMutableMap$Entry                                   : loaded 3 times (x 66B)
Class kotlin.collections.MapsKt__MapsKt                                               : loaded 3 times (x 67B)
Class kotlin.jvm.internal.Lambda                                                      : loaded 3 times (x 71B)
Class [Lkotlin.reflect.KDeclarationContainer;                                         : loaded 3 times (x 65B)
Class com.google.common.base.JdkPattern                                               : loaded 3 times (x 71B)
Class com.google.common.io.Files$FileByteSource                                       : loaded 3 times (x 81B)
Class com.google.common.collect.TransformedIterator                                   : loaded 3 times (x 76B)
Class com.google.common.collect.ImmutableList$ReverseImmutableList                    : loaded 3 times (x 205B)
Class kotlin.reflect.KFunction                                                        : loaded 3 times (x 66B)
Class kotlin.sequences.TakeWhileSequence$iterator$1                                   : loaded 3 times (x 75B)
Class com.google.common.io.ByteSink                                                   : loaded 3 times (x 72B)
Class com.google.common.collect.SingletonImmutableList                                : loaded 3 times (x 203B)
Class kotlin.text.StringsKt__IndentKt                                                 : loaded 3 times (x 67B)
Class com.google.common.collect.MapDifference                                         : loaded 3 times (x 66B)
Class kotlin.collections.SetsKt                                                       : loaded 3 times (x 67B)
Class com.google.common.collect.NullnessCasts                                         : loaded 3 times (x 67B)
Class kotlin.text.Regex$Companion                                                     : loaded 3 times (x 67B)
Class kotlin._Assertions                                                              : loaded 3 times (x 67B)
Class com.google.common.base.ExtraObjectsMethodsForWeb                                : loaded 3 times (x 67B)
Class kotlin.text.StringsKt__StringsJVMKt                                             : loaded 3 times (x 67B)
Class kotlin.collections.IntIterator                                                  : loaded 3 times (x 78B)
Class kotlin.jvm.internal.TypeIntrinsics                                              : loaded 3 times (x 67B)
Class com.google.common.collect.Multimap                                              : loaded 3 times (x 66B)
Class com.google.common.primitives.IntsMethodsForWeb                                  : loaded 3 times (x 67B)
Class kotlin.ranges.ClosedRange                                                       : loaded 3 times (x 66B)
Class kotlin.reflect.KProperty                                                        : loaded 3 times (x 66B)
Class kotlin.jvm.internal.Reflection                                                  : loaded 3 times (x 67B)
Class kotlin.jvm.JvmClassMappingKt                                                    : loaded 3 times (x 67B)
Class kotlin.annotation.AnnotationTarget                                              : loaded 3 times (x 75B)
Class com.google.common.collect.AbstractMapBasedMultimap$WrappedCollection$WrappedIterator: loaded 3 times (x 80B)
Class [Lkotlin.reflect.KAnnotatedElement;                                             : loaded 3 times (x 65B)
Class com.google.common.base.NullnessCasts                                            : loaded 3 times (x 67B)
Class com.google.common.collect.ImmutableMap$Builder                                  : loaded 3 times (x 78B)
Class kotlin.collections.IndexingIterator                                             : loaded 3 times (x 75B)
Class kotlin.jvm.internal.PropertyReference                                           : loaded 3 times (x 111B)
Class kotlin.internal.ProgressionUtilKt                                               : loaded 3 times (x 67B)
Class [Lkotlin.annotation.AnnotationTarget;                                           : loaded 3 times (x 65B)
Class kotlin.reflect.KMutableProperty                                                 : loaded 3 times (x 66B)
Class kotlin.jvm.internal.FunctionReference                                           : loaded 3 times (x 118B)
Class [Lkotlin.coroutines.intrinsics.CoroutineSingletons;                             : loaded 3 times (x 65B)
Class kotlin.KotlinVersion                                                            : loaded 3 times (x 70B)
Class kotlin.jvm.internal.FunctionBase                                                : loaded 3 times (x 66B)
Class kotlin.enums.EnumEntriesList                                                    : loaded 3 times (x 219B)
Class com.google.common.collect.ImmutableMapEntrySet                                  : loaded 3 times (x 148B)
Class kotlin.Function                                                                 : loaded 3 times (x 66B)
Class kotlin.collections.SetsKt__SetsJVMKt                                            : loaded 3 times (x 67B)
Class com.google.common.math.MathPreconditions                                        : loaded 3 times (x 67B)
Class com.google.common.collect.AbstractIndexedListIterator                           : loaded 3 times (x 92B)
Class com.google.common.collect.ObjectArrays                                          : loaded 3 times (x 67B)
Class com.google.common.collect.ArrayListMultimapGwtSerializationDependencies         : loaded 3 times (x 168B)
Class com.google.common.collect.Multiset                                              : loaded 3 times (x 66B)
Class kotlin.collections.ArraysKt__ArraysKt                                           : loaded 3 times (x 67B)
Class kotlin.Result$Failure                                                           : loaded 3 times (x 68B)
Class kotlin.collections.IndexingIterable                                             : loaded 3 times (x 75B)
Class com.google.common.primitives.Ints                                               : loaded 3 times (x 67B)
Class com.google.common.collect.Iterators$ArrayItr                                    : loaded 3 times (x 93B)
Class com.google.common.collect.AbstractIterator                                      : loaded 3 times (x 78B)
Class com.google.common.collect.ImmutableCollection$Builder                           : loaded 3 times (x 72B)
Class kotlin.ResultKt                                                                 : loaded 3 times (x 67B)
Class com.google.common.collect.BiMap                                                 : loaded 3 times (x 66B)
Class com.google.common.collect.ImmutableMap$1                                        : loaded 3 times (x 77B)
Class com.google.common.collect.IndexedImmutableSet                                   : loaded 3 times (x 148B)
Class com.google.common.collect.AbstractMapBasedMultimap$Itr                          : loaded 3 times (x 79B)
Class com.google.common.base.Objects                                                  : loaded 3 times (x 67B)
Class kotlin.collections.builders.ListBuilderKt                                       : loaded 3 times (x 67B)
Class kotlin.collections.EmptyList                                                    : loaded 3 times (x 170B)
Class kotlin.collections.MapsKt__MapsJVMKt                                            : loaded 3 times (x 67B)
Class kotlin.collections.builders.AbstractMapBuilderEntrySet                          : loaded 3 times (x 140B)
Class kotlin.comparisons.ComparisonsKt___ComparisonsJvmKt                             : loaded 3 times (x 67B)
Class kotlin.jvm.JvmStatic                                                            : loaded 3 times (x 66B)
Class kotlin.collections.ArraysKt___ArraysKt$asSequence$$inlined$Sequence$1           : loaded 3 times (x 71B)
Class kotlin.DeprecationLevel                                                         : loaded 3 times (x 75B)
Class kotlin.collections.CollectionsKt__IteratorsJVMKt                                : loaded 3 times (x 67B)
Class kotlin.jvm.internal.Ref$IntRef                                                  : loaded 3 times (x 67B)
Class kotlin.collections.builders.MapBuilder$EntriesItr                               : loaded 3 times (x 77B)
Class com.google.common.collect.Lists$StringAsImmutableList                           : loaded 3 times (x 203B)
Class kotlin.text.DelimitedRangesSequence$iterator$1                                  : loaded 3 times (x 75B)
Class kotlin.coroutines.ContinuationInterceptor$Key                                   : loaded 3 times (x 67B)
Class com.google.common.collect.Iterators                                             : loaded 3 times (x 67B)
Class kotlin.text.CharsKt                                                             : loaded 3 times (x 67B)
Class kotlin.collections.AbstractIterator                                             : loaded 3 times (x 79B)
Class kotlin.io.LinesSequence$iterator$1                                              : loaded 3 times (x 75B)
Class com.google.common.collect.RegularImmutableAsList                                : loaded 3 times (x 213B)
Class kotlin.coroutines.CoroutineContext$Element                                      : loaded 3 times (x 66B)
Class kotlin.reflect.KCallable                                                        : loaded 3 times (x 66B)
Class kotlin.io.FilesKt__FilePathComponentsKt                                         : loaded 3 times (x 67B)
Class com.google.common.collect.ImmutableList$Builder                                 : loaded 3 times (x 73B)
Class com.google.common.collect.AbstractMultimap                                      : loaded 3 times (x 119B)
Class com.google.common.collect.Sets$ImprovedAbstractSet                              : loaded 3 times (x 131B)
Class kotlin.io.CloseableKt                                                           : loaded 3 times (x 67B)
Class com.google.common.base.MoreObjects                                              : loaded 3 times (x 67B)
Class com.google.common.base.Joiner                                                   : loaded 3 times (x 75B)
Class kotlin.collections.CollectionsKt__MutableCollectionsKt                          : loaded 3 times (x 67B)
Class kotlin.reflect.KProperty2                                                       : loaded 3 times (x 66B)
Class kotlin.sequences.GeneratorSequence$iterator$1                                   : loaded 3 times (x 75B)
Class com.google.common.collect.AbstractMapEntry                                      : loaded 3 times (x 77B)
Class com.google.common.collect.HashBiMap$BiEntry                                     : loaded 3 times (x 79B)
Class com.google.common.collect.Iterators$SingletonIterator                           : loaded 3 times (x 77B)
Class com.google.common.collect.SingletonImmutableBiMap                               : loaded 3 times (x 139B)
Class kotlin.reflect.KProperty0                                                       : loaded 3 times (x 66B)
Class kotlin.Result                                                                   : loaded 3 times (x 68B)
Class kotlin.Pair                                                                     : loaded 3 times (x 68B)
Class kotlin.sequences.TransformingSequence$iterator$1                                : loaded 3 times (x 75B)
Class kotlin.reflect.KProperty1                                                       : loaded 3 times (x 66B)
Class kotlin.reflect.KClass                                                           : loaded 3 times (x 66B)
Class com.google.common.collect.UnmodifiableIterator                                  : loaded 3 times (x 76B)
Class [Lorg.objectweb.asm.Attribute;                                                  : loaded 3 times (x 65B)
Class com.google.common.collect.Platform                                              : loaded 3 times (x 67B)
Class com.google.wireless.android.sdk.stats.GradleCppSyncStatsOrBuilder               : loaded 2 times (x 66B)
Class com.google.common.hash.MessageDigestHashFunction$MessageDigestHasher            : loaded 2 times (x 144B)
Class com.google.wireless.android.sdk.stats.AndroidStudioEvent$IdeBrand               : loaded 2 times (x 83B)
Class com.google.gson.stream.JsonWriter                                               : loaded 2 times (x 94B)
Class org.codehaus.groovy.control.CompilerConfiguration                               : loaded 2 times (x 118B)
Class org.codehaus.groovy.ast.expr.ClosureExpression                                  : loaded 2 times (x 129B)
Class com.google.wireless.android.sdk.stats.K2ModeEventOrBuilder                      : loaded 2 times (x 66B)
Class [Lorg.objectweb.asm.Type;                                                       : loaded 2 times (x 65B)
Class com.google.wireless.android.sdk.stats.NonTransitiveRClassMigrationEvent         : loaded 2 times (x 197B)
Class it.unimi.dsi.fastutil.ints.IntCollection                                        : loaded 2 times (x 66B)
Class com.google.wireless.android.sdk.stats.K2ModeEvent                               : loaded 2 times (x 191B)
Class org.gradle.internal.service.ServiceLocator                                      : loaded 2 times (x 66B)
Class jdk.internal.jrtfs.JrtFileSystemProvider                                        : loaded 2 times (x 97B)
Class com.google.wireless.android.sdk.stats.AvdLaunchEvent                            : loaded 2 times (x 193B)
Class com.google.protobuf.ByteString$ByteIterator                                     : loaded 2 times (x 66B)
Class kotlinx.coroutines.BuildersKt__BuildersKt                                       : loaded 2 times (x 67B)
Class kotlinx.coroutines.scheduling.NanoTimeSource                                    : loaded 2 times (x 68B)
Class com.google.wireless.android.sdk.stats.UIActionStats                             : loaded 2 times (x 204B)
Class com.google.wireless.android.sdk.stats.SafeModeStatsEventOrBuilder               : loaded 2 times (x 66B)
Class org.codehaus.groovy.vmplugin.v9.ClassFinder                                     : loaded 2 times (x 67B)
Class org.codehaus.groovy.ast.ImportNode                                              : loaded 2 times (x 126B)
Class org.codehaus.groovy.runtime.metaclass.NewStaticMetaMethod                       : loaded 2 times (x 95B)
Class org.codehaus.groovy.runtime.CurriedClosure                                      : loaded 2 times (x 129B)
Class org.codehaus.groovy.runtime.ComposedClosure                                     : loaded 2 times (x 128B)
Class kotlin.jvm.internal.BooleanCompanionObject                                      : loaded 2 times (x 67B)
Class com.google.common.collect.BaseImmutableMultimap                                 : loaded 2 times (x 119B)
Class com.google.common.collect.EmptyImmutableListMultimap                            : loaded 2 times (x 172B)
Class com.google.common.reflect.TypeResolver$TypeVariableKey                          : loaded 2 times (x 68B)
Class com.android.tools.lint.model.LintModelModuleType                                : loaded 2 times (x 75B)
Class [Lkotlin.Function;                                                              : loaded 2 times (x 65B)
Class com.google.common.cache.LocalCache$1                                            : loaded 2 times (x 85B)
Class kotlin.reflect.jvm.internal.impl.name.StandardClassIdsKt                        : loaded 2 times (x 67B)
Class kotlin.reflect.jvm.internal.impl.name.FqNamesUtilKt                             : loaded 2 times (x 67B)
Class kotlinx.coroutines.scheduling.GlobalQueue                                       : loaded 2 times (x 68B)
Class kotlin.io.path.PathsKt                                                          : loaded 2 times (x 67B)
Class com.google.common.collect.ImmutableMapEntry$NonTerminalImmutableBiMapEntry      : loaded 2 times (x 81B)
Class com.google.protobuf.CodedOutputStream$AbstractBufferedEncoder                   : loaded 2 times (x 106B)
Class com.google.wireless.android.sdk.stats.FastPreviewEvent                          : loaded 2 times (x 195B)
Class com.google.wireless.android.sdk.stats.FileType                                  : loaded 2 times (x 198B)
Class com.google.wireless.android.sdk.stats.DeviceScreenshotEvent                     : loaded 2 times (x 193B)
Class com.google.wireless.android.sdk.stats.AutoImportEventOrBuilder                  : loaded 2 times (x 66B)
Class com.google.wireless.android.sdk.stats.HeapReportEventOrBuilder                  : loaded 2 times (x 66B)
Class com.google.wireless.android.sdk.stats.EssentialsModeEventOrBuilder              : loaded 2 times (x 66B)
Class org.codehaus.groovy.ast.expr.ConstantExpression                                 : loaded 2 times (x 130B)
Class com.google.protobuf.UnsafeUtil$1                                                : loaded 2 times (x 72B)
Class org.codehaus.groovy.runtime.InvokerHelper$NullScript                            : loaded 2 times (x 91B)
Class org.codehaus.groovy.vmplugin.v9.Java9                                           : loaded 2 times (x 105B)
Class org.codehaus.groovy.runtime.metaclass.MethodMetaProperty$GetBeanMethodMetaProperty: loaded 2 times (x 74B)
Class org.codehaus.groovy.runtime.metaclass.MetaMethodIndex$Entry                     : loaded 2 times (x 68B)
Class com.android.tools.lint.model.LintModelDependency                                : loaded 2 times (x 66B)
Class com.google.common.reflect.TypeToken$SimpleTypeToken                             : loaded 2 times (x 69B)
Class com.google.common.collect.AbstractSetMultimap                                   : loaded 2 times (x 170B)
Class com.google.common.cache.LocalCache$2                                            : loaded 2 times (x 138B)
Class kotlin.ReplaceWith                                                              : loaded 2 times (x 66B)
Class kotlin.io.TerminateException                                                    : loaded 2 times (x 78B)
Class org.codehaus.groovy.ast.CompileUnit$ConstructedOuterNestedClassNode             : loaded 2 times (x 241B)
Class com.google.protobuf.GeneratedMessage$GeneratedExtension                         : loaded 2 times (x 83B)
Class kotlinx.coroutines.internal.LimitedDispatcherKt                                 : loaded 2 times (x 67B)
Class com.google.protobuf.UnsafeUtil$MemoryAccessor                                   : loaded 2 times (x 87B)
Class com.google.protobuf.CodedOutputStream                                           : loaded 2 times (x 105B)
Class com.google.wireless.android.play.playlog.proto.ClientAnalytics$LogEvent$Builder : loaded 2 times (x 294B)
Class com.google.wireless.android.sdk.stats.EmulatorDetailsOrBuilder                  : loaded 2 times (x 66B)
Class com.google.wireless.android.sdk.stats.SmlChatBotEventOrBuilder                  : loaded 2 times (x 66B)
Class com.google.common.hash.AbstractHashFunction                                     : loaded 2 times (x 91B)
Class com.android.utils.DateProvider$1                                                : loaded 2 times (x 71B)
Class [Lorg.codehaus.groovy.reflection.CachedConstructor;                             : loaded 2 times (x 65B)
Class groovyjarjarasm.asm.Opcodes                                                     : loaded 2 times (x 66B)
Class org.codehaus.groovy.ast.expr.Expression                                         : loaded 2 times (x 123B)
Class org.codehaus.groovy.util.ManagedReference$1                                     : loaded 2 times (x 72B)
Class org.codehaus.groovy.util.ReferenceType                                          : loaded 2 times (x 76B)
Class it.unimi.dsi.fastutil.objects.Object2IntFunction                                : loaded 2 times (x 66B)
Class [Lcom.android.resources.Density;                                                : loaded 2 times (x 65B)
Class com.google.common.collect.ImmutableRangeSet$1                                   : loaded 2 times (x 206B)
Class it.unimi.dsi.fastutil.ints.IntSpliterator                                       : loaded 2 times (x 66B)
Class kotlin.reflect.jvm.internal.impl.utils.CollectionsKt                            : loaded 2 times (x 67B)
Class kotlin.reflect.jvm.internal.CacheByClass                                        : loaded 2 times (x 69B)
Class com.google.wireless.android.sdk.stats.BuildAttributionUiEventOrBuilder          : loaded 2 times (x 66B)
Class com.google.wireless.android.sdk.stats.WearHealthServicesEventOrBuilder          : loaded 2 times (x 66B)
Class com.google.wireless.android.sdk.stats.CreateDiagnosticReportActionOrBuilder     : loaded 2 times (x 66B)
Class com.google.wireless.android.sdk.stats.DeviceMirroringSessionOrBuilder           : loaded 2 times (x 66B)
Class com.google.wireless.android.sdk.stats.GcPauseEvent                              : loaded 2 times (x 197B)
Class com.google.wireless.android.sdk.stats.AppLinksAssistantEventOrBuilder           : loaded 2 times (x 66B)
Class com.google.wireless.android.sdk.stats.DeviceMirroringAbnormalAgentTerminationOrBuilder: loaded 2 times (x 66B)
Class com.google.wireless.android.sdk.stats.SmlCompletionEventOrBuilder               : loaded 2 times (x 66B)
Class com.google.protobuf.Descriptors$FieldDescriptor                                 : loaded 2 times (x 84B)
Class org.codehaus.groovy.ast.expr.TernaryExpression                                  : loaded 2 times (x 126B)
Class org.codehaus.groovy.runtime.callsite.AbstractCallSite                           : loaded 2 times (x 141B)
Class groovy.lang.MetaClassRegistryChangeEvent                                        : loaded 2 times (x 75B)
Class org.codehaus.groovy.vmplugin.v8.PluginDefaultGroovyMethods                      : loaded 2 times (x 67B)
Class com.google.wireless.android.sdk.stats.AppInspectionEventOrBuilder               : loaded 2 times (x 66B)
Class com.google.common.collect.Range                                                 : loaded 2 times (x 83B)
Class org.jetbrains.kotlin.cli.common.messages.MessageCollector$Companion             : loaded 2 times (x 67B)
Class com.android.tools.lint.model.LintModelSeverity                                  : loaded 2 times (x 75B)
Class com.android.io.CancellableFileIo                                                : loaded 2 times (x 67B)
Class com.google.common.base.Optional                                                 : loaded 2 times (x 76B)
Class com.google.common.util.concurrent.AbstractFuture$Trusted                        : loaded 2 times (x 66B)
Class jdk.internal.jimage.ImageLocation                                               : loaded 2 times (x 86B)
Class jdk.internal.jrtfs.JrtDirectoryStream$1                                         : loaded 2 times (x 79B)
Class kotlin.collections.MutableMapWithDefault                                        : loaded 2 times (x 66B)
Class kotlin.jvm.internal.IntCompanionObject                                          : loaded 2 times (x 67B)
Class com.google.wireless.android.sdk.stats.WearPairingEventOrBuilder                 : loaded 2 times (x 66B)
Class com.google.wireless.android.sdk.stats.StudioCrashOrBuilder                      : loaded 2 times (x 66B)
Class com.google.protobuf.CodedOutputStream$OutOfSpaceException                       : loaded 2 times (x 78B)
Class com.android.tools.analytics.StubbableLazy                                       : loaded 2 times (x 72B)
Class com.google.wireless.android.sdk.stats.StartupEvent                              : loaded 2 times (x 193B)
Class com.google.wireless.android.sdk.stats.AdbServerStateOrBuilder                   : loaded 2 times (x 66B)
Class com.google.wireless.android.sdk.stats.GradleFailureDetailsOrBuilder             : loaded 2 times (x 66B)
Class com.google.wireless.android.sdk.stats.SystemHealthEventOrBuilder                : loaded 2 times (x 66B)
Class com.google.wireless.android.sdk.stats.WearTileAnimationToolingEventOrBuilder    : loaded 2 times (x 66B)
Class com.google.wireless.android.sdk.stats.UpgradeAssistantComponentEventOrBuilder   : loaded 2 times (x 66B)
Class com.google.protobuf.Internal$EnumLite                                           : loaded 2 times (x 66B)
Class org.codehaus.groovy.ast.stmt.ThrowStatement                                     : loaded 2 times (x 108B)
Class groovy.lang.MetaArrayLengthProperty                                             : loaded 2 times (x 73B)
Class org.codehaus.groovy.runtime.EncodingGroovyMethods                               : loaded 2 times (x 67B)
Class org.codehaus.groovy.util.ComplexKeyHashMap$EntryIterator                        : loaded 2 times (x 66B)
Class com.android.resources.Density                                                   : loaded 2 times (x 88B)
Class kotlin.reflect.jvm.internal.KMutableProperty1Impl                               : loaded 2 times (x 131B)
Class kotlin.reflect.jvm.internal.impl.builtins.functions.FunctionTypeKind$SuspendFunction: loaded 2 times (x 68B)
Class it.unimi.dsi.fastutil.Function                                                  : loaded 2 times (x 66B)
Class com.android.tools.lint.model.DefaultLintModelLibraryResolver                    : loaded 2 times (x 72B)
Class com.google.wireless.android.sdk.stats.StartupEventOrBuilder                     : loaded 2 times (x 66B)
Class com.google.common.io.ByteSink$AsCharSink                                        : loaded 2 times (x 76B)
Class com.google.common.util.concurrent.UncheckedExecutionException                   : loaded 2 times (x 78B)
Class com.google.wireless.android.sdk.stats.AndroidStudioEvent$2                      : loaded 2 times (x 147B)
Class com.google.wireless.android.sdk.stats.JavaProcessStats$1                        : loaded 2 times (x 147B)
Class com.google.protobuf.ByteOutput                                                  : loaded 2 times (x 72B)
Class com.google.wireless.android.sdk.stats.AppQualityInsightsUsageEvent              : loaded 2 times (x 246B)
Class com.google.wireless.android.sdk.stats.LLDBFrontendDetails                       : loaded 2 times (x 191B)
Class com.google.wireless.android.sdk.stats.FirebaseContextDetails                    : loaded 2 times (x 205B)
Class com.google.wireless.android.sdk.stats.KotlinProjectConfiguration                : loaded 2 times (x 211B)
Class com.google.wireless.android.sdk.stats.SmlGeolocationEventOrBuilder              : loaded 2 times (x 66B)
Class groovy.lang.MissingMethodException                                              : loaded 2 times (x 88B)
Class com.android.tools.lint.model.LintModelModuleLoader                              : loaded 2 times (x 66B)
Class org.gradle.internal.InternalTransformer                                         : loaded 2 times (x 66B)
Class jdk.internal.jimage.ImageBufferCache$1                                          : loaded 2 times (x 79B)
Class kotlinx.coroutines.scheduling.CoroutineScheduler$Companion                      : loaded 2 times (x 67B)
Class kotlin.collections.builders.ListBuilder                                         : loaded 2 times (x 203B)
Class kotlin.time.DurationUnitKt__DurationUnitJvmKt                                   : loaded 2 times (x 67B)
Class kotlin.collections.builders.ListBuilder$Companion                               : loaded 2 times (x 67B)
Class kotlin.collections.builders.SetBuilder$Companion                                : loaded 2 times (x 67B)
Class jdk.internal.jrtfs.SystemImage$2                                                : loaded 2 times (x 72B)
Class com.google.common.cache.CacheLoader$FunctionToCacheLoader                       : loaded 2 times (x 71B)
Class com.google.wireless.android.sdk.stats.WearTileAnimationToolingEvent             : loaded 2 times (x 193B)
Class com.google.wireless.android.sdk.stats.StudioCoreGeminiActionsEvent              : loaded 2 times (x 201B)
Class com.google.wireless.android.sdk.stats.GradleFailureDetails                      : loaded 2 times (x 195B)
Class com.google.wireless.android.sdk.stats.Align16kbEventOrBuilder                   : loaded 2 times (x 66B)
Class com.google.wireless.android.sdk.stats.GradleSyncStatsOrBuilder                  : loaded 2 times (x 66B)
Class com.google.wireless.android.sdk.stats.AndroidTestRetentionEventOrBuilder        : loaded 2 times (x 66B)
Class com.google.common.collect.AbstractMapBasedMultimap$KeySet$1                     : loaded 2 times (x 78B)
Class com.google.protobuf.UnsafeUtil$Android32MemoryAccessor                          : loaded 2 times (x 87B)
Class com.google.protobuf.Extension$ExtensionType                                     : loaded 2 times (x 75B)
Class com.google.protobuf.AbstractMessageLite$Builder$LimitedInputStream              : loaded 2 times (x 88B)
Class org.codehaus.groovy.runtime.memoize.EvictableCache                              : loaded 2 times (x 66B)
Class org.codehaus.groovy.ast.stmt.ReturnStatement                                    : loaded 2 times (x 109B)
Class com.google.common.collect.ImmutableBiMap$Builder                                : loaded 2 times (x 78B)
Class it.unimi.dsi.fastutil.ints.IntArraySet                                          : loaded 2 times (x 231B)
Class kotlin.reflect.jvm.internal.ReflectionFactoryImpl                               : loaded 2 times (x 87B)
Class it.unimi.dsi.fastutil.ints.Int2ObjectFunction                                   : loaded 2 times (x 66B)
Class com.android.ide.common.gradle.Separator                                         : loaded 2 times (x 75B)
Class com.android.tools.lint.model.LintModelSourceProvider                            : loaded 2 times (x 66B)
Class [Lcom.android.prefs.VariableValue;                                              : loaded 2 times (x 65B)
Class com.android.tools.lint.model.PathVariables$Companion                            : loaded 2 times (x 67B)
Class com.google.common.base.CharMatcher$And                                          : loaded 2 times (x 108B)
Class com.google.common.cache.CacheLoader$UnsupportedLoadingOperationException        : loaded 2 times (x 78B)
Class org.gradle.internal.classloader.ClasspathUtil$1                                 : loaded 2 times (x 72B)
Class jdk.internal.jimage.ImageBufferCache$2                                          : loaded 2 times (x 87B)
Class com.google.common.collect.ImmutableListMultimap                                 : loaded 2 times (x 172B)
Class kotlinx.coroutines.JobSupport                                                   : loaded 2 times (x 129B)
Class com.google.wireless.android.sdk.stats.AndroidStudioEvent$EventKind$1            : loaded 2 times (x 72B)
Class com.google.wireless.android.sdk.stats.AutoSyncSettingChangeEvent                : loaded 2 times (x 193B)
Class com.google.wireless.android.sdk.stats.SoongSyncStats                            : loaded 2 times (x 203B)
Class com.google.wireless.android.sdk.stats.AdbAssistantStatsOrBuilder                : loaded 2 times (x 66B)
Class com.android.tools.analytics.JournalingUsageTracker$State                        : loaded 2 times (x 75B)
Class com.google.gson.TypeAdapter                                                     : loaded 2 times (x 69B)
Class groovyjarjarasm.asm.ClassVisitor                                                : loaded 2 times (x 84B)
Class groovy.lang.MetaClassImpl$MethodIndexAction                                     : loaded 2 times (x 71B)
Class org.codehaus.groovy.runtime.GroovyCategorySupport$CategoryMethod                : loaded 2 times (x 99B)
Class org.codehaus.groovy.runtime.dgmimpl.arrays.DoubleArrayPutAtMetaMethod           : loaded 2 times (x 93B)
Class com.google.common.collect.Maps$IteratorBasedAbstractMap$1                       : loaded 2 times (x 134B)
Class com.google.common.reflect.Types$ParameterizedTypeImpl                           : loaded 2 times (x 77B)
Class com.android.tools.lint.model.DefaultLintModelArtifact                           : loaded 2 times (x 80B)
Class it.unimi.dsi.fastutil.objects.ReferenceCollection                               : loaded 2 times (x 66B)
Class kotlin.reflect.jvm.internal.impl.builtins.StandardNames$FqNames                 : loaded 2 times (x 67B)
Class it.unimi.dsi.fastutil.objects.ObjectOpenHashSet                                 : loaded 2 times (x 183B)
Class kotlin.coroutines.ContinuationKt                                                : loaded 2 times (x 67B)
Class com.android.tools.lint.model.LintModelDependencyGraph                           : loaded 2 times (x 66B)
Class kotlin.reflect.jvm.internal.impl.name.StandardClassIds                          : loaded 2 times (x 67B)
Class com.google.common.collect.FluentIterable$1                                      : loaded 2 times (x 77B)
Class org.gradle.api.internal.classpath.DefaultModuleRegistry$DefaultModule           : loaded 2 times (x 82B)
Class androidx.navigation.lint.BaseWrongStartDestinationTypeDetectorKt                : loaded 2 times (x 67B)
Class kotlin.io.path.PathsKt__PathUtilsKt                                             : loaded 2 times (x 67B)
Class com.google.wireless.android.sdk.stats.WhatsNewAssistantEvent                    : loaded 2 times (x 191B)
Class com.google.wireless.android.sdk.stats.GradlePluginDslUsageStats                 : loaded 2 times (x 195B)
Class com.google.wireless.android.sdk.stats.BuildAttributionUiEvent                   : loaded 2 times (x 212B)
Class com.google.wireless.android.sdk.stats.DaggerEditorEventOrBuilder                : loaded 2 times (x 66B)
Class com.google.wireless.android.sdk.stats.ComposePreviewLiteModeEventOrBuilder      : loaded 2 times (x 66B)
Class com.google.wireless.android.sdk.stats.EditorPickerEventOrBuilder                : loaded 2 times (x 66B)
Class com.google.protobuf.CodedInputStream$IterableDirectByteBufferDecoder            : loaded 2 times (x 116B)
Class com.google.protobuf.Internal$DoubleList                                         : loaded 2 times (x 66B)
Class org.codehaus.groovy.ast.PropertyNode                                            : loaded 2 times (x 151B)
Class org.apache.groovy.io.StringBuilderWriter                                        : loaded 2 times (x 96B)
Class org.codehaus.groovy.reflection.stdclasses.ObjectCachedClass                     : loaded 2 times (x 91B)
Class org.codehaus.groovy.ast.GroovyCodeVisitor                                       : loaded 2 times (x 66B)
Class com.google.common.collect.MapMakerInternalMap$WeakKeyStrongValueEntry           : loaded 2 times (x 86B)
Class com.google.common.collect.ImmutableRangeSet$AsSet                               : loaded 2 times (x 296B)
Class kotlin.reflect.jvm.internal.ClassValueCache                                     : loaded 2 times (x 70B)
Class groovy.lang.Writable                                                            : loaded 2 times (x 66B)
Class com.android.tools.lint.model.DefaultLintModelDependencies                       : loaded 2 times (x 75B)
Class com.android.ide.common.repository.AgpVersion                                    : loaded 2 times (x 71B)
Class com.google.common.reflect.Reflection                                            : loaded 2 times (x 67B)
Class com.google.common.collect.FluentIterable$2                                      : loaded 2 times (x 77B)
Class com.google.common.base.Absent                                                   : loaded 2 times (x 76B)
Class kotlin.Deprecated                                                               : loaded 2 times (x 66B)
Class groovy.lang.MetaObjectProtocol                                                  : loaded 2 times (x 66B)
Class org.codehaus.groovy.vmplugin.VMPluginFactory                                    : loaded 2 times (x 67B)
Class kotlinx.coroutines.ExecutorCoroutineDispatcher                                  : loaded 2 times (x 103B)
Class org.codehaus.groovy.ast.FieldNode                                               : loaded 2 times (x 158B)
Class com.google.wireless.android.sdk.stats.UpgradeAssistantProcessorEvent            : loaded 2 times (x 213B)
Class com.google.wireless.android.sdk.stats.KotlinSupportOrBuilder                    : loaded 2 times (x 66B)
Class com.google.wireless.android.sdk.stats.MemoryUsageReportEventOrBuilder           : loaded 2 times (x 66B)
Class org.codehaus.groovy.runtime.dgmimpl.arrays.BooleanArrayGetAtMetaMethod          : loaded 2 times (x 93B)
Class groovy.lang.MetaClassImpl$9                                                     : loaded 2 times (x 73B)
Class org.codehaus.groovy.ast.expr.CastExpression                                     : loaded 2 times (x 129B)
Class org.codehaus.groovy.control.CompilationUnit$IPrimaryClassNodeOperation          : loaded 2 times (x 66B)
Class com.google.protobuf.AbstractParser                                              : loaded 2 times (x 146B)
Class com.google.common.hash.Hashing$Sha256Holder                                     : loaded 2 times (x 67B)
Class com.google.common.collect.FluentIterable$3                                      : loaded 2 times (x 77B)
Class kotlinx.coroutines.Job                                                          : loaded 2 times (x 66B)
Class com.google.wireless.android.sdk.stats.AndroidStudioEvent$1                      : loaded 2 times (x 72B)
Class com.google.wireless.android.sdk.stats.SdkIndexProjectStats                      : loaded 2 times (x 203B)
Class com.google.protobuf.ByteString$ArraysByteArrayCopier                            : loaded 2 times (x 70B)
Class kotlin.jvm.internal.MutablePropertyReference0Impl                               : loaded 2 times (x 133B)
Class com.google.wireless.android.sdk.stats.LayoutEditorEvent                         : loaded 2 times (x 230B)
Class com.google.wireless.android.sdk.stats.PreviewRefreshEvent                       : loaded 2 times (x 207B)
Class com.google.wireless.android.sdk.stats.StudioRunEventOrBuilder                   : loaded 2 times (x 66B)
Class com.google.protobuf.Internal$ProtobufList                                       : loaded 2 times (x 66B)
Class groovy.lang.ClosureInvokingMethod                                               : loaded 2 times (x 66B)
Class org.codehaus.groovy.reflection.CachedConstructor                                : loaded 2 times (x 84B)
Class org.codehaus.groovy.runtime.dgmimpl.arrays.ByteArrayPutAtMetaMethod             : loaded 2 times (x 93B)
Class org.codehaus.groovy.util.ReferenceType$HardRef                                  : loaded 2 times (x 76B)
Class com.google.wireless.android.sdk.stats.GradleJdkConfigurationEvent               : loaded 2 times (x 191B)
Class it.unimi.dsi.fastutil.ints.IntArrays$ForkJoinQuickSort2                         : loaded 2 times (x 92B)
Class it.unimi.dsi.fastutil.objects.ObjectBidirectionalIterator                       : loaded 2 times (x 66B)
Class kotlin.reflect.jvm.internal.impl.builtins.jvm.JavaToKotlinClassMap              : loaded 2 times (x 67B)
Class kotlin.reflect.jvm.internal.KotlinReflectionInternalError                       : loaded 2 times (x 78B)
Class it.unimi.dsi.fastutil.ints.Int2ObjectMap$FastEntrySet                           : loaded 2 times (x 66B)
Class com.android.tools.lint.model.DefaultLintModelVariant$artifact$2                 : loaded 2 times (x 75B)
Class com.android.tools.lint.model.LintModelMavenName$Companion                       : loaded 2 times (x 67B)
Class org.gradle.api.internal.classpath.Module                                        : loaded 2 times (x 66B)
Class kotlinx.coroutines.DisposableHandle                                             : loaded 2 times (x 66B)
Class kotlin.UByte$Companion                                                          : loaded 2 times (x 67B)
Class kotlin.io.FileAlreadyExistsException                                            : loaded 2 times (x 78B)
Class kotlinx.coroutines.internal.DispatchedContinuationKt                            : loaded 2 times (x 67B)
Class jdk.internal.jrtfs.SystemImage$1                                                : loaded 2 times (x 74B)
Class com.google.protobuf.ByteString$BoundedByteString                                : loaded 2 times (x 102B)
Class com.google.wireless.android.sdk.stats.JvmDetails$Builder                        : loaded 2 times (x 311B)
Class com.google.wireless.android.sdk.stats.GarbageCollectionStats                    : loaded 2 times (x 197B)
Class com.google.wireless.android.sdk.stats.AdbServerStatus                           : loaded 2 times (x 203B)
Class com.google.wireless.android.sdk.stats.IDeviceUsageEvent                         : loaded 2 times (x 195B)
Class com.google.wireless.android.sdk.stats.SmlTransformEventOrBuilder                : loaded 2 times (x 66B)
Class com.google.protobuf.ExtensionRegistry$ExtensionInfo                             : loaded 2 times (x 68B)
Class org.codehaus.groovy.runtime.GroovyCategorySupport$MyThreadLocal                 : loaded 2 times (x 82B)
Class groovy.lang.TrampolineClosure                                                   : loaded 2 times (x 128B)
Class org.codehaus.groovy.runtime.memoize.MemoizeCache                                : loaded 2 times (x 66B)
Class com.google.common.collect.AbstractMultimap$Values                               : loaded 2 times (x 114B)
Class it.unimi.dsi.fastutil.ints.IntOpenHashSet                                       : loaded 2 times (x 235B)
Class kotlin.reflect.jvm.internal.KClassImpl$Data$$Lambda$0                           : loaded 2 times (x 72B)
Class kotlin.reflect.jvm.internal.KClassifierImpl                                     : loaded 2 times (x 66B)
Class com.google.common.cache.Weigher                                                 : loaded 2 times (x 66B)
Class org.gradle.api.internal.classpath.UnknownModuleException                        : loaded 2 times (x 78B)
Class jdk.internal.jimage.ImageHeader                                                 : loaded 2 times (x 67B)
Class kotlin.sequences.DistinctIterator                                               : loaded 2 times (x 79B)
Class org.gradle.internal.classloader.InstrumentingClassLoader                        : loaded 2 times (x 66B)
Class kotlinx.coroutines.JobCancellingNode                                            : loaded 2 times (x 86B)
Class kotlinx.coroutines.internal.LockFreeTaskQueueCore                               : loaded 2 times (x 68B)
Class com.google.wireless.android.sdk.stats.ApkAnalyzerStats                          : loaded 2 times (x 195B)
Class com.google.gson.stream.JsonReader$1                                             : loaded 2 times (x 68B)
Class org.codehaus.groovy.runtime.dgmimpl.arrays.IntegerArrayPutAtMetaMethod          : loaded 2 times (x 93B)
Class org.codehaus.groovy.ast.expr.ListExpression                                     : loaded 2 times (x 128B)
Class [Lorg.codehaus.groovy.reflection.CachedClass;                                   : loaded 2 times (x 65B)
Class org.codehaus.groovy.util.LazyReference                                          : loaded 2 times (x 77B)
Class kotlin.reflect.jvm.internal.KClassImpl$Data$$Lambda$1                           : loaded 2 times (x 72B)
Class org.jetbrains.kotlin.config.ApiVersion                                          : loaded 2 times (x 82B)
Class com.android.prefs.VariableValue                                                 : loaded 2 times (x 80B)
Class com.android.prefs.AbstractAndroidLocations$Companion                            : loaded 2 times (x 67B)
Class com.google.common.base.Stopwatch                                                : loaded 2 times (x 68B)
Class com.google.common.cache.LocalCache$Strength                                     : loaded 2 times (x 77B)
Class com.google.common.cache.Cache                                                   : loaded 2 times (x 66B)
Class org.gradle.internal.classpath.TransformedClassPath                              : loaded 2 times (x 92B)
Class kotlin.coroutines.CombinedContext                                               : loaded 2 times (x 74B)
Class com.google.protobuf.CodedOutputStream$ByteOutputEncoder                         : loaded 2 times (x 106B)
Class com.google.wireless.android.sdk.stats.TestRecorderDetails                       : loaded 2 times (x 193B)
Class com.google.wireless.android.sdk.stats.ApkDebugProject                           : loaded 2 times (x 193B)
Class com.google.wireless.android.sdk.stats.SdkIndexProjectStatsOrBuilder             : loaded 2 times (x 66B)
Class com.google.wireless.android.sdk.stats.SigningWizardEventOrBuilder               : loaded 2 times (x 66B)
Class org.codehaus.groovy.runtime.dgmimpl.arrays.ObjectArrayPutAtMetaMethod           : loaded 2 times (x 93B)
Class org.codehaus.groovy.runtime.MethodClosure                                       : loaded 2 times (x 131B)
Class org.codehaus.groovy.ast.ASTNode                                                 : loaded 2 times (x 100B)
Class org.codehaus.groovy.reflection.GroovyClassValue$ComputeValue                    : loaded 2 times (x 66B)
Class com.google.common.cache.CacheBuilder$NullListener                               : loaded 2 times (x 78B)
Class kotlin.reflect.jvm.internal.KPackageImpl$$Lambda$0                              : loaded 2 times (x 72B)
Class com.google.common.io.Files$2                                                    : loaded 2 times (x 72B)
Class kotlin.reflect.jvm.internal.KClassImpl$Data$$Lambda$2                           : loaded 2 times (x 72B)
Class com.android.tools.lint.model.LintModelAndroidArtifact                           : loaded 2 times (x 66B)
Class [Lcom.android.tools.lint.model.LintModelSerialization$TargetFile;               : loaded 2 times (x 65B)
Class com.google.common.reflect.Invokable                                             : loaded 2 times (x 99B)
Class com.google.common.collect.AbstractMultimap$Entries                              : loaded 2 times (x 116B)
Class com.google.common.util.concurrent.AbstractFuture$Cancellation                   : loaded 2 times (x 68B)
Class kotlin.reflect.jvm.internal.impl.builtins.functions.FunctionTypeKind            : loaded 2 times (x 68B)
Class com.google.wireless.android.sdk.stats.JvmDetails$GarbageCollector               : loaded 2 times (x 83B)
Class com.google.wireless.android.sdk.stats.GarbageCollectionStats$Builder            : loaded 2 times (x 297B)
Class com.google.wireless.android.sdk.stats.SuppressedSyncEvent                       : loaded 2 times (x 193B)
Class com.google.wireless.android.sdk.stats.UpgradeAssistantComponentEvent            : loaded 2 times (x 211B)
Class com.google.wireless.android.sdk.stats.MotionLayoutEditorEventOrBuilder          : loaded 2 times (x 66B)
Class com.google.wireless.android.sdk.stats.GradlePluginDslUsageStatsOrBuilder        : loaded 2 times (x 66B)
Class org.codehaus.groovy.ast.expr.DeclarationExpression                              : loaded 2 times (x 133B)
Class com.google.common.collect.MapMakerInternalMap$WeakKeyStrongValueEntry$Helper    : loaded 2 times (x 75B)
Class [Lkotlin.reflect.jvm.internal.impl.builtins.PrimitiveType;                      : loaded 2 times (x 65B)
Class kotlin.reflect.jvm.internal.impl.builtins.StandardNames                         : loaded 2 times (x 67B)
Class kotlin.reflect.jvm.internal.KClassImpl$Data$$Lambda$3                           : loaded 2 times (x 72B)
Class kotlin.reflect.jvm.internal.ReflectProperties$LazySoftVal                       : loaded 2 times (x 74B)
Class com.google.common.collect.Maps$EntryFunction$1                                  : loaded 2 times (x 87B)
Class com.google.common.base.Present                                                  : loaded 2 times (x 77B)
Class com.google.common.cache.RemovalListener                                         : loaded 2 times (x 66B)
Class org.gradle.api.internal.DefaultClassPathRegistry                                : loaded 2 times (x 72B)
Class org.apache.groovy.util.SystemUtil                                               : loaded 2 times (x 67B)
Class kotlin.jvm.internal.ShortCompanionObject                                        : loaded 2 times (x 67B)
Class org.codehaus.groovy.runtime.metaclass.MissingMethodExecutionFailed              : loaded 2 times (x 88B)
Class groovy.lang.MetaClassImpl$8                                                     : loaded 2 times (x 73B)
Class org.codehaus.groovy.runtime.metaclass.MetaMethodIndex$EntryIterator             : loaded 2 times (x 66B)
Class org.codehaus.groovy.util.AbstractConcurrentMap                                  : loaded 2 times (x 78B)
Class com.google.wireless.android.sdk.stats.ApplyChangesAgentError                    : loaded 2 times (x 201B)
Class com.google.wireless.android.sdk.stats.SmlTransformEvent                         : loaded 2 times (x 213B)
Class com.android.tools.analytics.AnalyticsSettings$optedIn$1                         : loaded 2 times (x 74B)
Class org.codehaus.groovy.ast.GenericsType                                            : loaded 2 times (x 114B)
Class org.codehaus.groovy.runtime.powerassert.PowerAssertionError                     : loaded 2 times (x 78B)
Class groovy.lang.MetaClassRegistryChangeEventListener                                : loaded 2 times (x 66B)
Class org.codehaus.groovy.util.ManagedConcurrentLinkedQueue                           : loaded 2 times (x 80B)
Class kotlin.reflect.jvm.internal.KClassImpl$Data$$Lambda$4                           : loaded 2 times (x 72B)
Class kotlin.reflect.jvm.internal.KPropertyImpl                                       : loaded 2 times (x 111B)
Class org.jetbrains.kotlin.cli.common.messages.MessageCollector                       : loaded 2 times (x 66B)
Class org.codehaus.groovy.control.messages.SyntaxErrorMessage                         : loaded 2 times (x 70B)
Class com.google.wireless.android.sdk.stats.SdkIndexLibraryDetailsOrBuilder           : loaded 2 times (x 66B)
Class com.android.sdklib.AndroidApiLevel                                              : loaded 2 times (x 70B)
Class com.android.tools.lint.model.LintModelLintOptions                               : loaded 2 times (x 66B)
Class com.android.prefs.PathLocator$singlePathOf$values$1                             : loaded 2 times (x 75B)
Class com.android.tools.lint.model.PathVariables$Companion$PATH_COMPARATOR$1          : loaded 2 times (x 74B)
Class com.google.common.collect.Maps$EntryFunction$2                                  : loaded 2 times (x 87B)
Class com.google.common.reflect.Invokable$ConstructorInvokable                        : loaded 2 times (x 103B)
Class com.google.common.collect.ImmutableMultimap$Keys                                : loaded 2 times (x 162B)
Class org.gradle.api.internal.ClassPathRegistry                                       : loaded 2 times (x 66B)
Class org.gradle.internal.classpath.DefaultClassPath$ImmutableUniqueList              : loaded 2 times (x 195B)
Class jdk.internal.jimage.decompressor.ResourceDecompressor                           : loaded 2 times (x 66B)
Class com.google.wireless.android.sdk.stats.CMakeEditingEventOrBuilder                : loaded 2 times (x 66B)
Class com.google.wireless.android.sdk.stats.GfxTracingDetails                         : loaded 2 times (x 208B)
Class kotlinx.coroutines.DispatchedTaskKt                                             : loaded 2 times (x 67B)
Class kotlinx.coroutines.internal.SystemPropsKt__SystemProps_commonKt                 : loaded 2 times (x 67B)
Class kotlinx.coroutines.ThreadContextElement                                         : loaded 2 times (x 66B)
Class com.google.protobuf.ByteString$ByteArrayCopier                                  : loaded 2 times (x 66B)
Class com.google.wireless.android.sdk.stats.NavSafeArgsEvent                          : loaded 2 times (x 195B)
Class com.google.wireless.android.sdk.stats.DeviceExplorerEvent                       : loaded 2 times (x 197B)
Class com.google.wireless.android.sdk.stats.WifiPairingEventOrBuilder                 : loaded 2 times (x 66B)
Class org.codehaus.groovy.control.CompilationUnit$ClassgenCallback                    : loaded 2 times (x 66B)
Class com.google.common.collect.MapMakerInternalMap$Segment                           : loaded 2 times (x 138B)
Class com.google.protobuf.CodedOutputStream$HeapNioEncoder                            : loaded 2 times (x 107B)
Class com.google.common.cache.LocalCache$Strength$3                                   : loaded 2 times (x 77B)
Class kotlin.reflect.jvm.internal.impl.resolve.jvm.JvmPrimitiveType                   : loaded 2 times (x 75B)
Class kotlin.reflect.jvm.internal.KClassImpl$Data$$Lambda$5                           : loaded 2 times (x 72B)
Class kotlin.reflect.jvm.internal.ComputableClassValue                                : loaded 2 times (x 76B)
Class it.unimi.dsi.fastutil.ints.Int2ObjectOpenHashMap                                : loaded 2 times (x 218B)
Class com.android.prefs.PathLocator$singlePathOf$values$2                             : loaded 2 times (x 74B)
Class com.android.tools.lint.model.PathVariables$Companion$PATH_COMPARATOR$2          : loaded 2 times (x 74B)
Class com.google.common.reflect.TypeToken                                             : loaded 2 times (x 69B)
Class kotlin.time.DurationUnit                                                        : loaded 2 times (x 75B)
Class [Lcom.google.common.collect.Maps$EntryFunction;                                 : loaded 2 times (x 65B)
Class com.google.common.base.Splitter$1                                               : loaded 2 times (x 73B)
Class com.google.protobuf.ByteString$LiteralByteString                                : loaded 2 times (x 102B)
Class com.google.wireless.android.sdk.stats.SdkIndexLoadingDetails                    : loaded 2 times (x 193B)
Class com.google.wireless.android.sdk.stats.BuildAttributionStatsOrBuilder            : loaded 2 times (x 66B)
Class com.google.gson.internal.bind.JsonTreeWriter                                    : loaded 2 times (x 94B)
Class com.google.protobuf.Utf8$UnsafeProcessor                                        : loaded 2 times (x 73B)
Class com.google.protobuf.UnknownFieldSet$Parser                                      : loaded 2 times (x 146B)
Class org.codehaus.groovy.ast.stmt.IfStatement                                        : loaded 2 times (x 112B)
Class org.codehaus.groovy.runtime.metaclass.ClosureMetaMethod                         : loaded 2 times (x 99B)
Class org.codehaus.groovy.runtime.MethodKey                                           : loaded 2 times (x 75B)
Class org.codehaus.groovy.util.ManagedReference                                       : loaded 2 times (x 72B)
Class com.android.tools.lint.model.LintModelSerialization$TargetFile                  : loaded 2 times (x 75B)
Class [Lcom.android.tools.lint.model.LintModelNamespacingMode;                        : loaded 2 times (x 65B)
Class kotlin.reflect.jvm.internal.KClassImpl$Data$$Lambda$6                           : loaded 2 times (x 72B)
Class com.android.tools.lint.model.PathVariables$Companion$PATH_COMPARATOR$3          : loaded 2 times (x 74B)
Class com.google.common.cache.CacheBuilder                                            : loaded 2 times (x 68B)
Class org.gradle.internal.classpath.ClassPath                                         : loaded 2 times (x 66B)
Class org.gradle.api.UncheckedIOException                                             : loaded 2 times (x 78B)
Class com.android.tools.lint.model.LintModelModuleLibrary                             : loaded 2 times (x 66B)
Class kotlin.collections.ArrayDeque                                                   : loaded 2 times (x 203B)
Class it.unimi.dsi.fastutil.ints.IntIterator                                          : loaded 2 times (x 66B)
Class com.android.tools.analytics.HostData$classLoadingBean$2                         : loaded 2 times (x 74B)
Class com.google.wireless.android.sdk.stats.DaggerEditorEvent                         : loaded 2 times (x 201B)
Class com.google.wireless.android.sdk.stats.SmlCompletionRequestErrorEvent            : loaded 2 times (x 195B)
Class com.google.wireless.android.sdk.stats.AdbDelegateUsageEventOrBuilder            : loaded 2 times (x 66B)
Class com.google.wireless.android.sdk.stats.UiToolsPreferencesEventOrBuilder          : loaded 2 times (x 66B)
Class com.google.wireless.android.sdk.stats.GradlePluginUpgradeDialogStatsOrBuilder   : loaded 2 times (x 66B)
Class com.android.tools.analytics.JournalingUsageTracker$scheduleJournalTimeout$1     : loaded 2 times (x 71B)
Class kotlin.sequences.SequencesKt__SequencesKt$asSequence$$inlined$Sequence$1        : loaded 2 times (x 71B)
Class org.codehaus.groovy.runtime.memoize.EvictableCache$Action                       : loaded 2 times (x 66B)
Class groovy.lang.SpreadMap                                                           : loaded 2 times (x 131B)
Class it.unimi.dsi.fastutil.objects.Object2IntMap$FastEntrySet                        : loaded 2 times (x 66B)
Class org.objectweb.asm.Handle                                                        : loaded 2 times (x 68B)
Class kotlin.reflect.jvm.internal.KPackageImpl                                        : loaded 2 times (x 81B)
Class org.codehaus.groovy.reflection.GroovyClassValue                                 : loaded 2 times (x 66B)
Class [Lkotlin.reflect.jvm.internal.impl.name.FqName;                                 : loaded 2 times (x 65B)
Class kotlin.reflect.jvm.internal.KClassImpl$Data$$Lambda$7                           : loaded 2 times (x 72B)
Class com.android.tools.lint.model.PathVariables$Companion$PATH_COMPARATOR$4          : loaded 2 times (x 74B)
Class org.codehaus.groovy.GroovyBugError                                              : loaded 2 times (x 80B)
Class [Lcom.google.common.reflect.Types$JavaVersion;                                  : loaded 2 times (x 65B)
Class kotlin.ranges.LongRange                                                         : loaded 2 times (x 89B)
Class kotlin.time.DurationUnitKt__DurationUnitKt                                      : loaded 2 times (x 67B)
Class org.codehaus.groovy.reflection.GeneratedMetaMethod                              : loaded 2 times (x 92B)
Class [Lkotlinx.coroutines.CoroutineStart;                                            : loaded 2 times (x 65B)
Class kotlinx.coroutines.CoroutineDispatcher$Key                                      : loaded 2 times (x 68B)
Class groovy.lang.MetaClassImpl$7                                                     : loaded 2 times (x 73B)
Class org.codehaus.groovy.transform.ErrorCollecting                                   : loaded 2 times (x 66B)
Class com.google.wireless.android.sdk.stats.ParallelAndroidTestReportUiEvent          : loaded 2 times (x 198B)
Class com.google.wireless.android.sdk.stats.InteractivePreviewEvent                   : loaded 2 times (x 201B)
Class com.google.wireless.android.sdk.stats.EditorNotification                        : loaded 2 times (x 191B)
Class com.google.gson.internal.JsonReaderInternalAccess                               : loaded 2 times (x 68B)
Class org.codehaus.groovy.ast.stmt.ContinueStatement                                  : loaded 2 times (x 107B)
Class org.codehaus.groovy.runtime.InvokerHelper                                       : loaded 2 times (x 67B)
Class org.codehaus.groovy.vmplugin.v8.Java8                                           : loaded 2 times (x 105B)
Class groovy.lang.MetaClassRegistry$MetaClassCreationHandle                           : loaded 2 times (x 70B)
Class kotlin.reflect.jvm.internal.KClassImpl$Data$$Lambda$8                           : loaded 2 times (x 72B)
Class it.unimi.dsi.fastutil.objects.ObjectIterable                                    : loaded 2 times (x 66B)
Class com.android.tools.lint.model.DefaultLintModelAndroidLibrary                     : loaded 2 times (x 107B)
Class com.android.sdklib.AndroidApiLevel$Companion                                    : loaded 2 times (x 67B)
Class com.android.prefs.AndroidLocationsProvider                                      : loaded 2 times (x 66B)
Class jdk.internal.jimage.ImageStringsReader                                          : loaded 2 times (x 76B)
Class groovy.grape.GrapeEngine                                                        : loaded 2 times (x 66B)
Class com.google.wireless.android.sdk.stats.JavaProcessStats$Builder                  : loaded 2 times (x 303B)
Class com.google.wireless.android.sdk.stats.JvmDetails                                : loaded 2 times (x 211B)
Class com.google.wireless.android.sdk.stats.GradleSyncStats                           : loaded 2 times (x 230B)
Class com.google.wireless.android.sdk.stats.LldbPerformanceStats                      : loaded 2 times (x 195B)
Class com.google.wireless.android.sdk.stats.AdbDelegateUsageEvent                     : loaded 2 times (x 195B)
Class com.google.wireless.android.sdk.stats.SoongRunEventOrBuilder                    : loaded 2 times (x 66B)
Class com.google.wireless.android.sdk.stats.EditingMetricsEventOrBuilder              : loaded 2 times (x 66B)
Class com.android.tools.analytics.AnalyticsSettingsKt                                 : loaded 2 times (x 67B)
Class com.android.tools.analytics.UsageTracker$listener$1                             : loaded 2 times (x 74B)
Class org.codehaus.groovy.ast.expr.MapExpression                                      : loaded 2 times (x 127B)
Class groovy.lang.Script                                                              : loaded 2 times (x 91B)
Class org.codehaus.groovy.runtime.metaclass.ClosureMetaMethod$AnonymousMetaMethod     : loaded 2 times (x 92B)
Class org.codehaus.groovy.util.ReferenceManager$CallBackedManager                     : loaded 2 times (x 72B)
Class it.unimi.dsi.fastutil.objects.Object2IntOpenHashMap                             : loaded 2 times (x 243B)
Class com.google.protobuf.MessageLiteOrBuilder                                        : loaded 2 times (x 66B)
Class kotlin.reflect.jvm.internal.KClassImpl$Data$$Lambda$9                           : loaded 2 times (x 72B)
Class com.google.common.base.Suppliers$SupplierOfInstance                             : loaded 2 times (x 75B)
Class kotlin.ranges.LongProgression$Companion                                         : loaded 2 times (x 67B)
Class com.google.protobuf.Internal$BooleanList                                        : loaded 2 times (x 66B)
Class com.google.protobuf.Internal$FloatList                                          : loaded 2 times (x 66B)
Class com.google.protobuf.InvalidProtocolBufferException$InvalidWireTypeException     : loaded 2 times (x 84B)
Class kotlinx.coroutines.ExecutorCoroutineDispatcher$Key$1                            : loaded 2 times (x 74B)
Class com.google.devtools.ksp.processing.KSPJvmConfig                                 : loaded 2 times (x 68B)
Class com.google.wireless.android.sdk.stats.ProjectViewSelectionChangeEventOrBuilder  : loaded 2 times (x 66B)
Class com.google.wireless.android.sdk.stats.MetaMetrics                               : loaded 2 times (x 195B)
Class com.google.wireless.android.sdk.stats.SmlConfigurationEvent                     : loaded 2 times (x 205B)
Class com.google.protobuf.Utf8                                                        : loaded 2 times (x 67B)
Class com.google.protobuf.GeneratedMessageV3                                          : loaded 2 times (x 174B)
Class groovy.lang.Tuple                                                               : loaded 2 times (x 202B)
Class org.codehaus.groovy.util.ReferenceType$WeakRef                                  : loaded 2 times (x 82B)
Class org.codehaus.groovy.reflection.stdclasses.BigIntegerCachedClass                 : loaded 2 times (x 91B)
Class groovy.lang.Buildable                                                           : loaded 2 times (x 66B)
Class com.google.wireless.android.sdk.stats.KotlinGradlePerformanceOrBuilder          : loaded 2 times (x 66B)
Class kotlin.text.MatchResult$Destructured                                            : loaded 2 times (x 68B)
Class com.google.wireless.android.sdk.stats.BuildOutputWindowStatsOrBuilder           : loaded 2 times (x 66B)
Class com.google.common.reflect.TypeToken$1                                           : loaded 2 times (x 106B)
Class com.google.common.cache.LocalCache$ComputingValueReference                      : loaded 2 times (x 92B)
Class jdk.internal.jimage.ImageReader                                                 : loaded 2 times (x 71B)
Class com.google.wireless.android.sdk.stats.RunFinishData                             : loaded 2 times (x 193B)
Class [Lcom.google.wireless.android.sdk.stats.AndroidStudioEvent$EventKind;           : loaded 2 times (x 65B)
Class com.google.wireless.android.sdk.stats.EditingMetricsEvent                       : loaded 2 times (x 199B)
Class com.google.wireless.android.sdk.stats.LldbSessionEndDetails                     : loaded 2 times (x 200B)
Class com.google.wireless.android.sdk.stats.SplittingTabsUsageEvent                   : loaded 2 times (x 197B)
Class com.google.wireless.android.sdk.stats.PSDEventOrBuilder                         : loaded 2 times (x 66B)
Class com.google.wireless.android.sdk.stats.GfxTracingDetailsOrBuilder                : loaded 2 times (x 66B)
Class com.google.wireless.android.sdk.stats.UiDeviceSettingsEventOrBuilder            : loaded 2 times (x 66B)
Class com.google.wireless.android.sdk.stats.CoroutineDebuggerEventOrBuilder           : loaded 2 times (x 66B)
Class com.google.wireless.android.sdk.stats.DaemonCodeAnalyzerFinishedEventOrBuilder  : loaded 2 times (x 66B)
Class com.google.wireless.android.sdk.stats.DebuggerEventOrBuilder                    : loaded 2 times (x 66B)
Class com.google.protobuf.MessageLite$Builder                                         : loaded 2 times (x 66B)
Class org.codehaus.groovy.runtime.dgmimpl.arrays.DoubleArrayGetAtMetaMethod           : loaded 2 times (x 93B)
Class com.google.common.reflect.TypeToken$2                                           : loaded 2 times (x 106B)
Class com.google.common.cache.LocalCache$Segment                                      : loaded 2 times (x 150B)
Class jdk.internal.jimage.ImageReader$SharedImageReader                               : loaded 2 times (x 91B)
Class kotlin.time.DurationJvmKt                                                       : loaded 2 times (x 67B)
Class com.google.wireless.android.sdk.stats.TypingLatencyStats                        : loaded 2 times (x 197B)
Class com.google.wireless.android.sdk.stats.JvmDetails$GarbageCollector$1             : loaded 2 times (x 72B)
Class com.google.wireless.android.sdk.stats.BrowserSurveyEvent                        : loaded 2 times (x 196B)
Class com.google.wireless.android.sdk.stats.TestScenarioEvent                         : loaded 2 times (x 200B)
Class com.google.wireless.android.sdk.stats.DeviceInfo                                : loaded 2 times (x 232B)
Class com.google.wireless.android.sdk.stats.EditorHighlightingStatsOrBuilder          : loaded 2 times (x 66B)
Class com.google.protobuf.Parser                                                      : loaded 2 times (x 66B)
Class org.codehaus.groovy.vmplugin.VMPlugin                                           : loaded 2 times (x 66B)
Class org.codehaus.groovy.reflection.GeneratedMetaMethod$DgmMethodRecord              : loaded 2 times (x 68B)
Class kotlinx.coroutines.scheduling.DefaultIoScheduler                                : loaded 2 times (x 106B)
Class kotlinx.coroutines.DispatchedTask                                               : loaded 2 times (x 77B)
Class com.google.common.collect.SortedIterable                                        : loaded 2 times (x 66B)
Class com.google.common.cache.LocalCache$Strength$2                                   : loaded 2 times (x 77B)
Class kotlin.reflect.jvm.internal.ReflectProperties                                   : loaded 2 times (x 67B)
Class it.unimi.dsi.fastutil.objects.ObjectIterator                                    : loaded 2 times (x 66B)
Class com.android.tools.lint.model.LintModelSeverity$Companion                        : loaded 2 times (x 67B)
Class com.google.common.cache.CacheLoader                                             : loaded 2 times (x 70B)
Class org.gradle.internal.installation.GradleInstallation$1                           : loaded 2 times (x 71B)
Class org.gradle.api.internal.classpath.ModuleRegistry                                : loaded 2 times (x 66B)
Class jdk.internal.jimage.decompressor.ResourceDecompressorFactory                    : loaded 2 times (x 70B)
Class kotlin.jvm.internal.DoubleCompanionObject                                       : loaded 2 times (x 67B)
Class com.google.devtools.ksp.processing.KSPLogger                                    : loaded 2 times (x 66B)
Class com.google.protobuf.ByteString$LeafByteString                                   : loaded 2 times (x 99B)
Class com.google.wireless.android.sdk.stats.UserIdResetEvent                          : loaded 2 times (x 191B)
Class com.google.wireless.android.sdk.stats.JniInspectionEvent                        : loaded 2 times (x 197B)
Class com.google.wireless.android.sdk.stats.GradleSyncIssueOrBuilder                  : loaded 2 times (x 66B)
Class com.google.wireless.android.sdk.stats.StudioRunEvent                            : loaded 2 times (x 230B)
Class com.google.wireless.android.sdk.stats.RunEventOrBuilder                         : loaded 2 times (x 66B)
Class com.google.wireless.android.sdk.stats.OSMetricsOrBuilder                        : loaded 2 times (x 66B)
Class com.google.protobuf.Descriptors$GenericDescriptor                               : loaded 2 times (x 71B)
Class [Lorg.codehaus.groovy.runtime.metaclass.MetaMethodIndex$Entry;                  : loaded 2 times (x 65B)
Class org.codehaus.groovy.runtime.metaclass.MetaClassRegistryImpl                     : loaded 2 times (x 97B)
Class com.google.common.util.concurrent.SettableFuture                                : loaded 2 times (x 110B)
Class com.google.common.collect.Collections2$FilteredCollection                       : loaded 2 times (x 115B)
Class com.android.ide.common.repository.AgpVersion$PreviewKind$Companion              : loaded 2 times (x 67B)
Class com.android.ProgressManagerAdapter                                              : loaded 2 times (x 69B)
Class com.google.common.base.Splitter$SplittingIterator                               : loaded 2 times (x 80B)
Class com.google.common.util.concurrent.internal.InternalFutureFailureAccess          : loaded 2 times (x 68B)
Class com.google.common.reflect.Types$ClassOwnership$3                                : loaded 2 times (x 67B)
Class kotlin.time.Duration$Companion                                                  : loaded 2 times (x 67B)
Class it.unimi.dsi.fastutil.objects.ObjectSpliterator                                 : loaded 2 times (x 66B)
Class kotlinx.coroutines.Job$Key                                                      : loaded 2 times (x 67B)
Class kotlinx.coroutines.DefaultExecutor                                              : loaded 2 times (x 116B)
Class com.google.wireless.android.sdk.stats.GeminiAdvertiserEvent                     : loaded 2 times (x 193B)
Class com.google.wireless.android.sdk.stats.FileTypeOrBuilder                         : loaded 2 times (x 66B)
Class com.google.wireless.android.sdk.stats.CppHeadersViewEventOrBuilder              : loaded 2 times (x 66B)
Class com.google.wireless.android.sdk.stats.AndroidProfilerEventOrBuilder             : loaded 2 times (x 66B)
Class com.google.wireless.android.sdk.stats.FirebaseContextDetailsOrBuilder           : loaded 2 times (x 66B)
Class com.google.wireless.android.sdk.stats.LiveLiteralsEventOrBuilder                : loaded 2 times (x 66B)
Class com.google.wireless.android.sdk.stats.ManifestMergerStatsOrBuilder              : loaded 2 times (x 66B)
Class com.google.common.hash.MessageDigestHashFunction                                : loaded 2 times (x 92B)
Class com.google.protobuf.AbstractMessageLite                                         : loaded 2 times (x 97B)
Class org.codehaus.groovy.control.ResolveVisitor$ConstructedNestedClass               : loaded 2 times (x 239B)
Class org.codehaus.groovy.runtime.metaclass.MethodHelper                              : loaded 2 times (x 67B)
Class org.codehaus.groovy.runtime.metaclass.MethodMetaProperty                        : loaded 2 times (x 74B)
Class groovy.lang.MetaClassImpl$MetaConstructor                                       : loaded 2 times (x 92B)
Class org.codehaus.groovy.runtime.dgmimpl.arrays.ByteArrayGetAtMetaMethod             : loaded 2 times (x 93B)
Class org.codehaus.groovy.reflection.ClassInfo$1                                      : loaded 2 times (x 72B)
Class com.google.common.collect.HashBiMap$Inverse                                     : loaded 2 times (x 138B)
Class kotlin.reflect.jvm.internal.KDeclarationContainerImpl                           : loaded 2 times (x 80B)
Class com.google.common.base.CharMatcher$ForPredicate                                 : loaded 2 times (x 108B)
Class com.google.common.collect.Iterators$6                                           : loaded 2 times (x 77B)
Class com.google.common.collect.ImmutableMultimap$Values                              : loaded 2 times (x 122B)
Class com.google.common.cache.LocalCache$LocalManualCache$1                           : loaded 2 times (x 71B)
Class jdk.internal.jimage.ImageReader$Node                                            : loaded 2 times (x 80B)
Class org.codehaus.groovy.reflection.stdclasses.NumberCachedClass                     : loaded 2 times (x 91B)
Class org.codehaus.groovy.reflection.stdclasses.CharacterCachedClass                  : loaded 2 times (x 91B)
Class com.google.wireless.android.sdk.stats.StartupPerformanceFrameBecameVisibleEvent : loaded 2 times (x 195B)
Class com.google.wireless.android.sdk.stats.GoogleLoginPluginEvent                    : loaded 2 times (x 199B)
Class com.google.wireless.android.sdk.stats.FileUsageOrBuilder                        : loaded 2 times (x 66B)
Class com.google.wireless.android.sdk.stats.SentimentSurveyEventOrBuilder             : loaded 2 times (x 66B)
Class com.google.wireless.android.sdk.stats.StudioPerformanceStatsOrBuilder           : loaded 2 times (x 66B)
Class com.google.wireless.android.sdk.stats.GradleJdkInvalidEventOrBuilder            : loaded 2 times (x 66B)
Class org.codehaus.groovy.reflection.stdclasses.ArrayCachedClass                      : loaded 2 times (x 91B)
Class org.codehaus.groovy.reflection.stdclasses.BigDecimalCachedClass                 : loaded 2 times (x 91B)
Class com.google.common.collect.Multimaps$CustomListMultimap                          : loaded 2 times (x 170B)
Class [Lcom.android.prefs.Global;                                                     : loaded 2 times (x 65B)
Class com.google.common.base.CharMatcher$AnyOf                                        : loaded 2 times (x 108B)
Class org.codehaus.groovy.runtime.dgmimpl.NumberNumberDiv                             : loaded 2 times (x 110B)
Class com.google.common.collect.Multimaps$CustomSetMultimap                           : loaded 2 times (x 174B)
Class org.gradle.api.internal.classpath.DefaultModuleRegistry                         : loaded 2 times (x 82B)
Class jdk.internal.jimage.BasicImageReader$1                                          : loaded 2 times (x 73B)
Class kotlin.collections.AbstractMutableMap                                           : loaded 2 times (x 124B)
Class org.codehaus.groovy.runtime.dgmimpl.arrays.BooleanArrayPutAtMetaMethod          : loaded 2 times (x 93B)
Class org.codehaus.groovy.runtime.RangeInfo                                           : loaded 2 times (x 67B)
Class org.codehaus.groovy.runtime.metaclass.MethodMetaProperty$GetMethodMetaProperty  : loaded 2 times (x 74B)
Class kotlinx.coroutines.EventLoop                                                    : loaded 2 times (x 101B)
Class kotlin.collections.AbstractSet                                                  : loaded 2 times (x 131B)
Class groovy.lang.MetaClassImpl$6                                                     : loaded 2 times (x 73B)
Class org.codehaus.groovy.util.SingleKeyHashMap$Entry                                 : loaded 2 times (x 71B)
Class com.google.protobuf.CodedOutputStream$ArrayEncoder                              : loaded 2 times (x 106B)
Class com.google.wireless.android.sdk.stats.AdbAssistantStats                         : loaded 2 times (x 191B)
Class com.google.wireless.android.sdk.stats.ScreenshotTestComposePreviewEvent         : loaded 2 times (x 198B)
Class com.google.wireless.android.sdk.stats.SmlCompletionEvent                        : loaded 2 times (x 206B)
Class com.google.wireless.android.sdk.stats.ScreenshotTestComposePreviewEventOrBuilder: loaded 2 times (x 66B)
Class org.codehaus.groovy.control.messages.Message                                    : loaded 2 times (x 68B)
Class org.codehaus.groovy.runtime.metaclass.MissingMethodExceptionNoStack             : loaded 2 times (x 88B)
Class org.codehaus.groovy.runtime.dgmimpl.arrays.IntegerArrayGetAtMetaMethod          : loaded 2 times (x 93B)
Class groovy.lang.Closure$WritableClosure                                             : loaded 2 times (x 133B)
Class org.codehaus.groovy.util.ReferenceType$SoftRef                                  : loaded 2 times (x 82B)
Class org.codehaus.groovy.runtime.GStringImpl                                         : loaded 2 times (x 159B)
Class kotlin.reflect.jvm.internal.impl.name.SpecialNames                              : loaded 2 times (x 67B)
Class kotlin.reflect.jvm.internal.impl.builtins.functions.FunctionTypeKind$KFunction  : loaded 2 times (x 68B)
Class com.google.protobuf.ExtensionRegistry                                           : loaded 2 times (x 83B)
Class com.google.protobuf.Utf8$UnpairedSurrogateException                             : loaded 2 times (x 78B)
Class com.google.common.collect.AbstractMapBasedMultimap$SortedKeySet                 : loaded 2 times (x 219B)
Class com.google.common.util.concurrent.ListenableFuture                              : loaded 2 times (x 66B)
Class com.google.common.cache.ReferenceEntry                                          : loaded 2 times (x 66B)
Class kotlin.properties.NotNullVar                                                    : loaded 2 times (x 75B)
Class com.android.tools.analytics.UsageTrackerWriter                                  : loaded 2 times (x 77B)
Class com.google.wireless.android.sdk.stats.RunStartDataOrBuilder                     : loaded 2 times (x 66B)
Class com.google.wireless.android.sdk.stats.EmulatorDetails                           : loaded 2 times (x 299B)
Class com.google.wireless.android.sdk.stats.TestRun                                   : loaded 2 times (x 219B)
Class com.google.wireless.android.sdk.stats.OptOutOfMetrics                           : loaded 2 times (x 189B)
Class com.google.wireless.android.sdk.stats.HypervisorOrBuilder                       : loaded 2 times (x 66B)
Class com.google.common.hash.HashFunction                                             : loaded 2 times (x 66B)
Class com.google.gson.Strictness                                                      : loaded 2 times (x 75B)
Class org.codehaus.groovy.runtime.m12n.ExtensionModuleScanner                         : loaded 2 times (x 70B)
Class org.codehaus.groovy.runtime.dgmimpl.arrays.ObjectArrayGetAtMetaMethod           : loaded 2 times (x 93B)
Class org.codehaus.groovy.ast.expr.ClassExpression                                    : loaded 2 times (x 123B)
Class kotlinx.coroutines.internal.SystemPropsKt                                       : loaded 2 times (x 67B)
Class kotlin.collections.Grouping                                                     : loaded 2 times (x 66B)
Class com.google.common.cache.LocalCache$Strength$1                                   : loaded 2 times (x 77B)
Class com.google.common.reflect.TypeResolver                                          : loaded 2 times (x 68B)
Class com.android.tools.lint.model.LintModelSerialization                             : loaded 2 times (x 72B)
Class com.google.common.util.concurrent.AbstractFuture                                : loaded 2 times (x 102B)
Class com.google.common.reflect.Types$ClassOwnership$2                                : loaded 2 times (x 76B)
Class kotlin.io.FileTreeWalk$FileTreeWalkIterator$SingleFileState                     : loaded 2 times (x 70B)
Class kotlin.reflect.jvm.internal.impl.name.ClassId                                   : loaded 2 times (x 68B)
Class com.google.common.collect.MapMakerInternalMap$StrongValueEntry                  : loaded 2 times (x 66B)
Class com.google.wireless.android.sdk.stats.CommitMetricsEvent                        : loaded 2 times (x 195B)
Class com.google.wireless.android.sdk.stats.GradleBuildProfileOrBuilder               : loaded 2 times (x 66B)
Class com.google.wireless.android.sdk.stats.ProjectViewDefaultViewEventOrBuilder      : loaded 2 times (x 66B)
Class com.google.common.hash.HashCode                                                 : loaded 2 times (x 76B)
Class org.codehaus.groovy.ast.stmt.ForStatement                                       : loaded 2 times (x 118B)
Class org.codehaus.groovy.ast.expr.LambdaExpression                                   : loaded 2 times (x 131B)
Class org.codehaus.groovy.ast.ClassCodeExpressionTransformer                          : loaded 2 times (x 211B)
Class org.codehaus.groovy.ast.Variable                                                : loaded 2 times (x 66B)
Class com.google.common.reflect.TypeResolver$TypeTable                                : loaded 2 times (x 69B)
Class com.google.common.collect.ImmutableMultiset                                     : loaded 2 times (x 159B)
Class com.google.common.cache.CacheLoader$SupplierToCacheLoader                       : loaded 2 times (x 71B)
Class jdk.internal.jimage.decompressor.Decompressor                                   : loaded 2 times (x 68B)
Class jdk.internal.jimage.ImageReader$Resource                                        : loaded 2 times (x 80B)
Class groovy.lang.MetaClassImpl$5                                                     : loaded 2 times (x 74B)
Class kotlin.jvm.internal.markers.KMutableList                                        : loaded 2 times (x 66B)
Class com.google.protobuf.UnsafeUtil$Android64MemoryAccessor                          : loaded 2 times (x 87B)
Class kotlinx.coroutines.ChildJob                                                     : loaded 2 times (x 66B)
Class kotlinx.coroutines.scheduling.TasksKt                                           : loaded 2 times (x 67B)
Class kotlinx.coroutines.internal.SystemPropsKt__SystemPropsKt                        : loaded 2 times (x 67B)
Class com.android.tools.analytics.AnalyticsSettingsData                               : loaded 2 times (x 68B)
Class com.google.wireless.android.sdk.stats.DeviceManagerEvent                        : loaded 2 times (x 193B)
Class com.google.wireless.android.sdk.stats.GradleDaemonJvmCriteriaErrorEvent         : loaded 2 times (x 191B)
Class com.google.wireless.android.sdk.stats.SoongRunEvent                             : loaded 2 times (x 200B)
Class com.google.wireless.android.sdk.stats.StudioDeprecationNotificationEventOrBuilder: loaded 2 times (x 66B)
Class com.google.protobuf.SingleFieldBuilderV3                                        : loaded 2 times (x 80B)
Class com.google.protobuf.IterableByteBufferInputStream                               : loaded 2 times (x 88B)
Class org.codehaus.groovy.control.io.NullWriter                                       : loaded 2 times (x 95B)
Class groovy.lang.GroovyClassLoader                                                   : loaded 2 times (x 138B)
Class org.codehaus.groovy.runtime.dgmimpl.arrays.LongArrayPutAtMetaMethod             : loaded 2 times (x 93B)
Class org.codehaus.groovy.runtime.dgmimpl.arrays.ArrayMetaMethod                      : loaded 2 times (x 93B)
Class org.jetbrains.kotlin.cli.common.CompilerSystemProperties$value$1                : loaded 2 times (x 121B)
Class kotlin.text.MatchNamedGroupCollection                                           : loaded 2 times (x 66B)
Class com.google.common.hash.Hasher                                                   : loaded 2 times (x 66B)
Class com.google.common.reflect.TypeResolver$TypeTable$1                              : loaded 2 times (x 69B)
Class org.gradle.internal.service.ServiceLookupException                              : loaded 2 times (x 78B)
Class jdk.internal.jrtfs.JrtFileAttributes                                            : loaded 2 times (x 79B)
Class com.google.wireless.android.sdk.stats.ComposeAnimationToolingEventOrBuilder     : loaded 2 times (x 66B)
Class com.google.wireless.android.sdk.stats.UpgradeAndroidStudioDialogStatsOrBuilder  : loaded 2 times (x 66B)
Class com.google.wireless.android.sdk.stats.LLDBFrontendDetailsOrBuilder              : loaded 2 times (x 66B)
Class com.google.wireless.android.sdk.stats.ThreadingAgentUsageEvent                  : loaded 2 times (x 193B)
Class kotlinx.coroutines.scheduling.SchedulerCoroutineDispatcher                      : loaded 2 times (x 104B)
Class com.google.protobuf.NioByteString                                               : loaded 2 times (x 100B)
Class com.google.wireless.android.sdk.stats.DeviceMirroringAbnormalAgentTermination   : loaded 2 times (x 193B)
Class com.google.wireless.android.sdk.stats.DeclarativeWatchFaceEvent                 : loaded 2 times (x 195B)
Class com.google.wireless.android.sdk.stats.WindowsDefenderStatusOrBuilder            : loaded 2 times (x 66B)
Class com.google.wireless.android.sdk.stats.LintTooltipLinkEventOrBuilder             : loaded 2 times (x 66B)
Class com.google.wireless.android.sdk.stats.InteractivePreviewEventOrBuilder          : loaded 2 times (x 66B)
Class com.google.common.hash.AbstractByteHasher                                       : loaded 2 times (x 143B)
Class com.google.protobuf.FieldSet$FieldDescriptorLite                                : loaded 2 times (x 66B)
Class com.google.protobuf.ExtensionLite                                               : loaded 2 times (x 73B)
Class org.codehaus.groovy.ast.CodeVisitorSupport                                      : loaded 2 times (x 182B)
Class org.codehaus.groovy.runtime.metaclass.MetaMethodIndex$Header                    : loaded 2 times (x 68B)
Class [Lorg.codehaus.groovy.reflection.CachedMethod;                                  : loaded 2 times (x 65B)
Class [Lcom.android.resources.ResourceEnum;                                           : loaded 2 times (x 65B)
Class com.google.common.collect.ImmutableSortedSet                                    : loaded 2 times (x 296B)
Class org.jetbrains.kotlin.cli.common.CompilerSystemProperties$value$2                : loaded 2 times (x 121B)
Class com.android.tools.lint.model.LintModelBuildFeatures                             : loaded 2 times (x 66B)
Class [Lcom.google.common.cache.LocalCache$EntryFactory;                              : loaded 2 times (x 65B)
Class org.gradle.internal.classloader.ClassLoaderFactory                              : loaded 2 times (x 66B)
Class kotlin.jvm.internal.EnumCompanionObject                                         : loaded 2 times (x 67B)
Class kotlinx.coroutines.CompletionHandlerBase                                        : loaded 2 times (x 76B)
Class com.google.wireless.android.sdk.stats.CreateDiagnosticReportAction              : loaded 2 times (x 191B)
Class com.google.wireless.android.sdk.stats.ComposeMultiPreviewEvent                  : loaded 2 times (x 197B)
Class com.google.wireless.android.sdk.stats.IntelliJNewUISwitch                       : loaded 2 times (x 193B)
Class com.google.wireless.android.sdk.stats.StudioProjectChangeOrBuilder              : loaded 2 times (x 66B)
Class com.google.wireless.android.sdk.stats.SmlCompletionRequestErrorEventOrBuilder   : loaded 2 times (x 66B)
Class com.google.protobuf.UnsafeUtil                                                  : loaded 2 times (x 67B)
Class org.codehaus.groovy.runtime.InvokerHelper$1                                     : loaded 2 times (x 91B)
Class org.codehaus.groovy.util.ReferenceManager$1                                     : loaded 2 times (x 73B)
Class kotlin.reflect.jvm.internal.impl.builtins.PrimitiveType                         : loaded 2 times (x 75B)
Class com.google.common.base.CharMatcher$IsNot                                        : loaded 2 times (x 107B)
Class kotlinx.coroutines.IncompleteStateBox                                           : loaded 2 times (x 68B)
Class com.google.common.cache.LocalCache$LocalManualCache                             : loaded 2 times (x 95B)
Class org.gradle.internal.service.CachingServiceLocator                               : loaded 2 times (x 78B)
Class kotlin.jvm.internal.Intrinsics$Kotlin                                           : loaded 2 times (x 67B)
Class kotlin.UShort                                                                   : loaded 2 times (x 70B)
Class kotlin.collections.AbstractMap                                                  : loaded 2 times (x 118B)
Class org.gradle.internal.service.UnknownServiceException                             : loaded 2 times (x 79B)
Class com.google.wireless.android.sdk.stats.ConnectionAssistantEvent                  : loaded 2 times (x 195B)
Class com.google.wireless.android.sdk.stats.ProjectViewDefaultViewEvent               : loaded 2 times (x 191B)
Class com.google.wireless.android.sdk.stats.ManifestMergerStats                       : loaded 2 times (x 199B)
Class com.google.wireless.android.sdk.stats.StartupPerformanceCodeLoadedAndVisibleInEditor: loaded 2 times (x 203B)
Class com.google.wireless.android.sdk.stats.BackupAndSyncEventOrBuilder               : loaded 2 times (x 66B)
Class com.google.wireless.android.sdk.stats.ComposeSampleEventOrBuilder               : loaded 2 times (x 66B)
Class com.google.wireless.android.sdk.stats.GradleJdkConfigurationEventOrBuilder      : loaded 2 times (x 66B)
Class com.android.utils.DateProvider                                                  : loaded 2 times (x 66B)
Class com.google.common.collect.AbstractMapBasedMultimap$KeySet                       : loaded 2 times (x 133B)
Class org.codehaus.groovy.ast.stmt.WhileStatement                                     : loaded 2 times (x 114B)
Class org.codehaus.groovy.ast.expr.ArgumentListExpression                             : loaded 2 times (x 134B)
Class org.codehaus.groovy.runtime.InvokerHelper$2                                     : loaded 2 times (x 91B)
Class org.codehaus.groovy.runtime.dgmimpl.NumberNumberMinus                           : loaded 2 times (x 110B)
Class [Lgroovy.lang.MetaClassRegistryChangeEventListener;                             : loaded 2 times (x 65B)
Class com.google.common.collect.RegularImmutableSortedSet                             : loaded 2 times (x 296B)
Class it.unimi.dsi.fastutil.ints.IntListIterator                                      : loaded 2 times (x 66B)
Class kotlin.io.path.PathsKt__PathRecursiveFunctionsKt                                : loaded 2 times (x 67B)
Class it.unimi.dsi.fastutil.objects.AbstractObjectCollection                          : loaded 2 times (x 139B)
Class com.google.common.cache.LocalCache$LocalLoadingCache                            : loaded 2 times (x 130B)
Class kotlin.collections.AbstractList$SubList                                         : loaded 2 times (x 194B)
Class com.google.common.reflect.Types$ClassOwnership$1                                : loaded 2 times (x 76B)
Class com.google.common.base.AbstractIterator$State                                   : loaded 2 times (x 75B)
Class kotlinx.coroutines.BlockingEventLoop                                            : loaded 2 times (x 113B)
Class kotlin.coroutines.AbstractCoroutineContextElement                               : loaded 2 times (x 85B)
Class kotlinx.coroutines.ThreadLocalEventLoop                                         : loaded 2 times (x 67B)
Class org.jetbrains.kotlin.cli.common.CompilerSystemProperties                        : loaded 2 times (x 76B)
Class kotlin.reflect.jvm.internal.KMutableProperty0Impl$$Lambda$0                     : loaded 2 times (x 72B)
Class com.google.wireless.android.sdk.stats.GradleSyncIssue                           : loaded 2 times (x 195B)
Class com.google.wireless.android.sdk.stats.StudioPatchUpdaterEvent                   : loaded 2 times (x 201B)
Class com.google.wireless.android.sdk.stats.ComposeMultiPreviewEventOrBuilder         : loaded 2 times (x 66B)
Class org.codehaus.groovy.ast.expr.VariableExpression                                 : loaded 2 times (x 153B)
Class org.codehaus.groovy.runtime.dgmimpl.arrays.ArrayPutAtMetaMethod                 : loaded 2 times (x 93B)
Class org.codehaus.groovy.ast.stmt.Statement                                          : loaded 2 times (x 106B)
Class com.google.common.collect.MapMakerInternalMap$InternalEntry                     : loaded 2 times (x 66B)
Class kotlin.reflect.jvm.internal.KProperty1Impl$$Lambda$1                            : loaded 2 times (x 72B)
Class com.google.common.collect.MapMakerInternalMap$Strength$2                        : loaded 2 times (x 76B)
Class kotlin.reflect.jvm.internal.impl.descriptors.runtime.structure.ReflectClassUtilKt: loaded 2 times (x 67B)
Class com.google.common.reflect.Types$TypeVariableInvocationHandler                   : loaded 2 times (x 71B)
Class kotlin.sequences.DropWhileSequence                                              : loaded 2 times (x 71B)
Class kotlinx.coroutines.CompletionStateKt                                            : loaded 2 times (x 67B)
Class org.codehaus.groovy.reflection.stdclasses.CachedClosureClass                    : loaded 2 times (x 94B)
Class com.google.wireless.android.sdk.stats.DeviceConnectedNotificationEvent          : loaded 2 times (x 199B)
Class com.google.wireless.android.sdk.stats.BuildOutputWindowStats                    : loaded 2 times (x 195B)
Class com.google.wireless.android.sdk.stats.AdbUsageEvent                             : loaded 2 times (x 197B)
Class com.google.wireless.android.sdk.stats.DeviceConnectedNotificationEventOrBuilder : loaded 2 times (x 66B)
Class org.codehaus.groovy.ast.stmt.CatchStatement                                     : loaded 2 times (x 110B)
Class groovy.lang.ExpandoMetaClass$Callable                                           : loaded 2 times (x 66B)
Class org.codehaus.groovy.runtime.metaclass.MissingPropertyExceptionNoStack           : loaded 2 times (x 85B)
Class groovy.lang.ObjectRange                                                         : loaded 2 times (x 240B)
Class org.codehaus.groovy.runtime.SocketGroovyMethods                                 : loaded 2 times (x 67B)
Class org.codehaus.groovy.util.SingleKeyHashMap                                       : loaded 2 times (x 80B)
Class com.android.prefs.LocationValue                                                 : loaded 2 times (x 66B)
Class groovy.lang.MetaClassImpl$4                                                     : loaded 2 times (x 73B)
Class com.google.common.base.Predicates                                               : loaded 2 times (x 67B)
Class com.google.common.collect.ImmutableMultimap                                     : loaded 2 times (x 143B)
Class kotlin.jvm.internal.markers.KMutableListIterator                                : loaded 2 times (x 66B)
Class kotlinx.coroutines.CoroutineDispatcher$Key$1                                    : loaded 2 times (x 74B)
Class kotlinx.coroutines.CoroutineDispatcher                                          : loaded 2 times (x 95B)
Class com.google.wireless.android.sdk.stats.StudioDeprecationNotificationEvent        : loaded 2 times (x 193B)
Class com.google.wireless.android.sdk.stats.StudioUpdateFlowEvent                     : loaded 2 times (x 200B)
Class com.google.wireless.android.sdk.stats.AndroidStudioEvent$TemplatesUsageOrBuilder: loaded 2 times (x 66B)
Class com.google.wireless.android.sdk.stats.LldbSessionEndDetailsOrBuilder            : loaded 2 times (x 66B)
Class com.google.wireless.android.sdk.stats.ResourceManagerEventOrBuilder             : loaded 2 times (x 66B)
Class com.google.common.hash.Hashing                                                  : loaded 2 times (x 67B)
Class com.android.tools.analytics.AnalyticsSettingsData$DataTypeAdapter               : loaded 2 times (x 69B)
Class org.codehaus.groovy.ast.expr.BooleanExpression                                  : loaded 2 times (x 124B)
Class com.google.wireless.android.sdk.stats.StartupPerformanceFrameBecameVisibleEventOrBuilder: loaded 2 times (x 66B)
Class [Lorg.jetbrains.kotlin.cli.common.CompilerSystemProperties;                     : loaded 2 times (x 65B)
Class com.google.gson.JsonParseException                                              : loaded 2 times (x 78B)
Class com.android.tools.lint.model.DefaultLintModelJavaLibrary                        : loaded 2 times (x 99B)
Class com.android.prefs.PathLocator                                                   : loaded 2 times (x 69B)
Class com.google.common.cache.CacheBuilder$OneWeigher                                 : loaded 2 times (x 78B)
Class jdk.internal.jimage.ImageBufferCache                                            : loaded 2 times (x 67B)
Class jdk.internal.jrtfs.JrtPath                                                      : loaded 2 times (x 114B)
Class com.google.wireless.android.sdk.stats.StudioLabsEvent                           : loaded 2 times (x 191B)
Class com.google.wireless.android.sdk.stats.AutoImportEvent                           : loaded 2 times (x 193B)
Class com.google.wireless.android.sdk.stats.KotlinProjectConfigurationOrBuilder       : loaded 2 times (x 66B)
Class [Lgroovy.lang.MetaMethod;                                                       : loaded 2 times (x 65B)
Class com.android.builder.model.MavenCoordinates                                      : loaded 2 times (x 66B)
Class kotlin.reflect.jvm.internal.KDeclarationContainerImpl$Companion                 : loaded 2 times (x 67B)
Class com.android.Version                                                             : loaded 2 times (x 67B)
Class com.android.sdklib.AndroidVersion                                               : loaded 2 times (x 71B)
Class com.android.tools.lint.model.LintModelLibraryResolver                           : loaded 2 times (x 66B)
Class kotlin.text.MatchResult$DefaultImpls                                            : loaded 2 times (x 67B)
Class com.android.tools.lint.model.LintModelSerialization$LintModelSerializationAdapter: loaded 2 times (x 66B)
Class com.google.common.reflect.Types$ClassOwnership$1LocalClass                      : loaded 2 times (x 67B)
Class com.google.common.collect.Maps$EntryFunction                                    : loaded 2 times (x 87B)
Class org.gradle.internal.classloader.ClasspathUtil                                   : loaded 2 times (x 67B)
Class com.google.wireless.android.sdk.stats.VirtualizationEvent                       : loaded 2 times (x 193B)
Class com.google.wireless.android.sdk.stats.StudioCrash                               : loaded 2 times (x 205B)
Class kotlin.io.FileSystemException                                                   : loaded 2 times (x 78B)
Class kotlin.collections.builders.SetBuilder                                          : loaded 2 times (x 139B)
Class kotlinx.coroutines.NonDisposableHandle                                          : loaded 2 times (x 74B)
Class com.google.wireless.android.sdk.stats.UIActionStatsOrBuilder                    : loaded 2 times (x 66B)
Class com.google.wireless.android.sdk.stats.LayoutInspectorEventOrBuilder             : loaded 2 times (x 66B)
Class com.google.wireless.android.sdk.stats.NavSafeArgsEventOrBuilder                 : loaded 2 times (x 66B)
Class com.google.common.base.Charsets                                                 : loaded 2 times (x 67B)
Class com.android.tools.analytics.Anonymizer                                          : loaded 2 times (x 67B)
Class org.codehaus.groovy.ast.expr.MethodReferenceExpression                          : loaded 2 times (x 127B)
Class org.codehaus.groovy.runtime.NumberAwareComparator                               : loaded 2 times (x 86B)
Class groovy.lang.ListWithDefault                                                     : loaded 2 times (x 171B)
Class [Lorg.codehaus.groovy.util.ReferenceType;                                       : loaded 2 times (x 65B)
Class it.unimi.dsi.fastutil.Hash                                                      : loaded 2 times (x 66B)
Class com.google.common.util.concurrent.Uninterruptibles                              : loaded 2 times (x 67B)
Class com.google.wireless.android.sdk.stats.GarbageCollectionStats$1                  : loaded 2 times (x 147B)
Class kotlin.sequences.DistinctSequence                                               : loaded 2 times (x 71B)
Class kotlinx.coroutines.Delay                                                        : loaded 2 times (x 66B)
Class com.google.protobuf.ByteString$2                                                : loaded 2 times (x 87B)
Class com.android.tools.analytics.HostData$garbageCollectorBeans$2                    : loaded 2 times (x 74B)
Class com.google.wireless.android.sdk.stats.MultiViewEvent                            : loaded 2 times (x 195B)
Class com.google.wireless.android.sdk.stats.LldbSessionStartDetails                   : loaded 2 times (x 207B)
Class com.google.wireless.android.sdk.stats.IntelliJNewUIState                        : loaded 2 times (x 191B)
Class com.google.wireless.android.sdk.stats.UserSentiment                             : loaded 2 times (x 193B)
Class com.google.wireless.android.sdk.stats.RunFinishDataOrBuilder                    : loaded 2 times (x 66B)
Class com.google.wireless.android.sdk.stats.LiveEditEventOrBuilder                    : loaded 2 times (x 66B)
Class com.google.wireless.android.sdk.stats.ParallelAndroidTestReportUiEventOrBuilder : loaded 2 times (x 66B)
Class com.google.wireless.android.sdk.stats.ResizeComposePreviewEventOrBuilder        : loaded 2 times (x 66B)
Class com.google.wireless.android.sdk.stats.FirebaseManagementEventOrBuilder          : loaded 2 times (x 66B)
Class com.android.tools.analytics.UsageTracker                                        : loaded 2 times (x 67B)
Class org.codehaus.groovy.control.ConfigurationException                              : loaded 2 times (x 84B)
Class groovy.lang.GroovyClassLoader$1                                                 : loaded 2 times (x 72B)
Class org.codehaus.groovy.control.CompilationUnit$PhaseOperation                      : loaded 2 times (x 66B)
Class org.codehaus.groovy.ast.ClassCodeVisitorSupport                                 : loaded 2 times (x 207B)
Class org.codehaus.groovy.runtime.dgmimpl.NumberNumberMetaMethod                      : loaded 2 times (x 110B)
Class groovy.io.FileType                                                              : loaded 2 times (x 75B)
Class org.codehaus.groovy.runtime.m12n.ExtensionModuleScanner$ExtensionModuleListener : loaded 2 times (x 66B)
Class kotlin.reflect.jvm.internal.impl.builtins.functions.FunctionTypeKind$KSuspendFunction: loaded 2 times (x 68B)
Class kotlin.reflect.jvm.internal.KClassImpl$$Lambda$0                                : loaded 2 times (x 72B)
Class kotlin.reflect.full.IllegalCallableAccessException                              : loaded 2 times (x 78B)
Class it.unimi.dsi.fastutil.ints.IntList                                              : loaded 2 times (x 66B)
Class com.android.tools.lint.model.LintModelNamespacingMode                           : loaded 2 times (x 75B)
Class kotlinx.coroutines.ParentJob                                                    : loaded 2 times (x 66B)
Class com.google.common.collect.AbstractMapBasedMultimap$WrappedSet                   : loaded 2 times (x 138B)
Class com.google.common.util.concurrent.LazyLogger                                    : loaded 2 times (x 68B)
Class org.gradle.api.specs.Spec                                                       : loaded 2 times (x 66B)
Class jdk.internal.jimage.ImageReader$SharedImageReader$LocationVisitor               : loaded 2 times (x 66B)
Class kotlinx.coroutines.JobNode                                                      : loaded 2 times (x 86B)
Class jdk.internal.jrtfs.SystemImage                                                  : loaded 2 times (x 70B)
Class org.gradle.api.internal.ClassPathProvider                                       : loaded 2 times (x 66B)
Class com.android.tools.analytics.UsageTracker$log$1                                  : loaded 2 times (x 75B)
Class com.google.wireless.android.sdk.stats.EmulatorHost                              : loaded 2 times (x 217B)
Class com.google.wireless.android.sdk.stats.MotionLayoutEditorEvent                   : loaded 2 times (x 191B)
Class com.google.wireless.android.sdk.stats.StudioPerformanceStats                    : loaded 2 times (x 205B)
Class com.google.wireless.android.sdk.stats.LintAction                                : loaded 2 times (x 201B)
Class com.google.protobuf.LazyStringArrayList                                         : loaded 2 times (x 310B)
Class com.google.wireless.android.sdk.stats.LayoutEditorEventOrBuilder                : loaded 2 times (x 66B)
Class com.google.wireless.android.sdk.stats.StartupPerformanceFrameBecameInteractiveEventOrBuilder: loaded 2 times (x 66B)
Class com.google.wireless.android.sdk.stats.GoogleLoginPluginEventOrBuilder           : loaded 2 times (x 66B)
Class [Lcom.google.protobuf.ProtocolMessageEnum;                                      : loaded 2 times (x 65B)
Class org.codehaus.groovy.runtime.memoize.StampedCommonCache                          : loaded 2 times (x 150B)
Class org.codehaus.groovy.reflection.AccessPermissionChecker                          : loaded 2 times (x 67B)
Class org.codehaus.groovy.runtime.metaclass.MixinInstanceMetaMethod                   : loaded 2 times (x 92B)
Class groovy.lang.MetaClass                                                           : loaded 2 times (x 66B)
Class org.codehaus.groovy.reflection.ClassInfo                                        : loaded 2 times (x 88B)
Class com.google.common.collect.MapMaker                                              : loaded 2 times (x 68B)
Class [Lorg.gradle.api.internal.ClassPathProvider;                                    : loaded 2 times (x 65B)
Class kotlin.reflect.jvm.internal.CachesKt$$Lambda$0                                  : loaded 2 times (x 71B)
Class kotlin.jvm.internal.PropertyReference2                                          : loaded 2 times (x 123B)
Class com.android.tools.lint.model.LintModelExternalLibrary                           : loaded 2 times (x 66B)
Class com.google.common.reflect.Types$JavaVersion                                     : loaded 2 times (x 79B)
Class com.google.common.collect.Maps$ViewCachingAbstractMap                           : loaded 2 times (x 121B)
Class [Lcom.google.common.base.Function;                                              : loaded 2 times (x 65B)
Class kotlinx.coroutines.CoroutineContextKt                                           : loaded 2 times (x 67B)
Class com.google.wireless.android.sdk.stats.AndroidProfilerEvent                      : loaded 2 times (x 278B)
Class com.google.wireless.android.sdk.stats.StartupPerformanceFirstUiShownEvent       : loaded 2 times (x 193B)
Class com.google.wireless.android.sdk.stats.UpgradeAndroidStudioDialogStats           : loaded 2 times (x 191B)
Class com.google.wireless.android.sdk.stats.GeminiAdvertiserEventOrBuilder            : loaded 2 times (x 66B)
Class com.google.wireless.android.sdk.stats.DesignEditorHelpPanelEventOrBuilder       : loaded 2 times (x 66B)
Class com.google.protobuf.UninitializedMessageException                               : loaded 2 times (x 80B)
Class groovy.lang.EmptyRange                                                          : loaded 2 times (x 238B)
Class org.codehaus.groovy.reflection.stdclasses.IntegerCachedClass                    : loaded 2 times (x 91B)
Class [Lkotlin.reflect.jvm.internal.impl.builtins.jvm.JavaToKotlinClassMap$PlatformMutabilityMapping;: loaded 2 times (x 65B)
Class kotlin.reflect.jvm.internal.CachesKt$$Lambda$1                                  : loaded 2 times (x 71B)
Class kotlin.reflect.full.IllegalPropertyDelegateAccessException                      : loaded 2 times (x 78B)
Class it.unimi.dsi.fastutil.HashCommon                                                : loaded 2 times (x 67B)
Class com.android.tools.lint.model.LintModelVariant                                   : loaded 2 times (x 66B)
Class com.google.common.cache.LocalCache$LoadingValueReference                        : loaded 2 times (x 92B)
Class jdk.internal.jimage.decompressor.ResourceDecompressorRepository                 : loaded 2 times (x 67B)
Class it.unimi.dsi.fastutil.ints.IntIterable                                          : loaded 2 times (x 66B)
Class it.unimi.dsi.fastutil.ints.IntSet                                               : loaded 2 times (x 66B)
Class kotlinx.coroutines.internal.DispatchedContinuation                              : loaded 2 times (x 86B)
Class kotlinx.coroutines.internal.Symbol                                              : loaded 2 times (x 68B)
Class kotlin.reflect.jvm.internal.KProperty1Impl$$Lambda$0                            : loaded 2 times (x 72B)
Class kotlin.reflect.jvm.internal.impl.builtins.jvm.JavaToKotlinClassMap$PlatformMutabilityMapping: loaded 2 times (x 68B)
Class com.google.wireless.android.sdk.stats.SurveyResponse                            : loaded 2 times (x 196B)
Class com.google.wireless.android.sdk.stats.LogcatUsageEvent                          : loaded 2 times (x 204B)
Class com.google.wireless.android.sdk.stats.BackupUsageEvent                          : loaded 2 times (x 198B)
Class com.google.wireless.android.sdk.stats.OomDialogEventOrBuilder                   : loaded 2 times (x 66B)
Class com.google.protobuf.GeneratedMessageV3$1                                        : loaded 2 times (x 74B)
Class org.codehaus.groovy.runtime.callsite.CallSiteArray                              : loaded 2 times (x 68B)
Class org.codehaus.groovy.runtime.typehandling.GroovyCastException                    : loaded 2 times (x 78B)
Class org.codehaus.groovy.runtime.DefaultGroovyMethods                                : loaded 2 times (x 67B)
Class groovy.lang.StringWriterIOException                                             : loaded 2 times (x 79B)
Class groovy.lang.GroovySystem                                                        : loaded 2 times (x 67B)
Class kotlin.reflect.jvm.internal.CachesKt$$Lambda$2                                  : loaded 2 times (x 71B)
Class com.google.common.collect.MapMakerInternalMap$Strength$1                        : loaded 2 times (x 76B)
Class [Lcom.android.tools.lint.model.LintModelArtifactType;                           : loaded 2 times (x 65B)
Class com.android.tools.lint.model.LintModelMavenName                                 : loaded 2 times (x 66B)
Class com.google.common.collect.CollectSpliterators                                   : loaded 2 times (x 67B)
Class com.google.common.reflect.Invokable$MethodInvokable                             : loaded 2 times (x 103B)
Class com.google.common.collect.Multimaps$Entries                                     : loaded 2 times (x 114B)
Class androidx.navigation.lint.BaseWrongStartDestinationTypeDetector                  : loaded 2 times (x 168B)
Class jdk.internal.jimage.ImageReader$Directory                                       : loaded 2 times (x 80B)
Class kotlin.collections.AbstractList$ListIteratorImpl                                : loaded 2 times (x 95B)
Class kotlin.jvm.internal.CharCompanionObject                                         : loaded 2 times (x 67B)
Class kotlin.io.FilePathComponents                                                    : loaded 2 times (x 68B)
Class groovy.lang.MetaClassImpl$3                                                     : loaded 2 times (x 74B)
Class org.codehaus.groovy.util.ManagedConcurrentMap                                   : loaded 2 times (x 79B)
Class com.google.protobuf.AbstractMessage                                             : loaded 2 times (x 160B)
Class com.google.common.hash.HashCode$BytesHashCode                                   : loaded 2 times (x 77B)
Class com.google.devtools.ksp.processing.KspGradleLogger$Companion                    : loaded 2 times (x 67B)
Class com.google.wireless.android.sdk.stats.StopEvent                                 : loaded 2 times (x 203B)
Class com.google.wireless.android.sdk.stats.LintTooltipLinkEvent                      : loaded 2 times (x 196B)
Class com.google.wireless.android.sdk.stats.WindowsDefenderStatus                     : loaded 2 times (x 193B)
Class com.google.wireless.android.sdk.stats.MultiViewEventOrBuilder                   : loaded 2 times (x 66B)
Class com.google.wireless.android.sdk.stats.IntelliJNewUIStateOrBuilder               : loaded 2 times (x 66B)
Class com.google.wireless.android.sdk.stats.LldbSessionStartDetailsOrBuilder          : loaded 2 times (x 66B)
Class com.google.gson.JsonIOException                                                 : loaded 2 times (x 78B)
Class com.google.protobuf.Internal$LongList                                           : loaded 2 times (x 66B)
Class groovy.lang.Tuple2                                                              : loaded 2 times (x 202B)
Class org.codehaus.groovy.reflection.ReflectionUtils$ClassContextHelper               : loaded 2 times (x 97B)
Class org.codehaus.groovy.ast.ClassNode                                               : loaded 2 times (x 239B)
Class org.codehaus.groovy.reflection.stdclasses.ByteCachedClass                       : loaded 2 times (x 91B)
Class com.google.common.collect.AbstractMapBasedMultimap$WrappedList                  : loaded 2 times (x 201B)
Class kotlin.reflect.jvm.internal.KMutableProperty1Impl$$Lambda$0                     : loaded 2 times (x 72B)
Class kotlin.reflect.jvm.internal.CachesKt$$Lambda$3                                  : loaded 2 times (x 71B)
Class com.android.tools.lint.model.LintModelLibrary                                   : loaded 2 times (x 66B)
Class com.google.wireless.android.sdk.stats.BuildOutputDownloadsInfoEventOrBuilder    : loaded 2 times (x 66B)
Class kotlin.collections.MutableMapWithDefaultImpl                                    : loaded 2 times (x 140B)
Class com.google.wireless.android.sdk.stats.ApplyChangesAgentErrorOrBuilder           : loaded 2 times (x 66B)
Class com.google.wireless.android.sdk.stats.EmulatorPerformanceStats                  : loaded 2 times (x 210B)
Class com.google.wireless.android.sdk.stats.BuildOutputDownloadsInfoEvent             : loaded 2 times (x 197B)
Class kotlinx.coroutines.EventLoopKt                                                  : loaded 2 times (x 67B)
Class com.android.tools.analytics.HostDataKt                                          : loaded 2 times (x 67B)
Class kotlin.coroutines.ContinuationInterceptor$DefaultImpls                          : loaded 2 times (x 67B)
Class kotlin.ranges.LongRange$Companion                                               : loaded 2 times (x 67B)
Class com.google.wireless.android.sdk.stats.UiDeviceSettingsEvent                     : loaded 2 times (x 191B)
Class com.google.wireless.android.sdk.stats.DialogStatsOrBuilder                      : loaded 2 times (x 66B)
Class com.google.wireless.android.sdk.stats.StudioCoreGeminiActionsEventOrBuilder     : loaded 2 times (x 66B)
Class com.google.protobuf.InvalidProtocolBufferException                              : loaded 2 times (x 84B)
Class org.codehaus.groovy.ast.stmt.AssertStatement                                    : loaded 2 times (x 110B)
Class org.codehaus.groovy.control.ResolveVisitor                                      : loaded 2 times (x 232B)
Class org.codehaus.groovy.util.SingleKeyHashMap$Copier                                : loaded 2 times (x 66B)
Class groovy.lang.MetaClassImpl                                                       : loaded 2 times (x 189B)
Class org.gradle.api.internal.DefaultClassPathProvider                                : loaded 2 times (x 72B)
Class com.google.common.collect.ImmutableRangeSet$Builder                             : loaded 2 times (x 73B)
Class kotlin.reflect.jvm.internal.CachesKt$$Lambda$4                                  : loaded 2 times (x 71B)
Class com.android.utils.EnvironmentProvider                                           : loaded 2 times (x 66B)
Class com.google.common.collect.ImmutableSet$SerializedForm                           : loaded 2 times (x 69B)
Class com.google.common.base.Predicates$CompositionPredicate                          : loaded 2 times (x 84B)
Class com.google.common.cache.LocalCache$StrongValueReference                         : loaded 2 times (x 86B)
Class com.google.common.base.Splitter                                                 : loaded 2 times (x 68B)
Class com.android.ide.common.gradle.Numeric                                           : loaded 2 times (x 73B)
Class kotlin.reflect.jvm.internal.KCallableImpl                                       : loaded 2 times (x 101B)
Class com.google.wireless.android.sdk.stats.GradleBuildProfile                        : loaded 2 times (x 244B)
Class com.google.wireless.android.sdk.stats.TestRecorderDetailsOrBuilder              : loaded 2 times (x 66B)
Class com.google.wireless.android.sdk.stats.StartupPerformanceFirstUiShownEventOrBuilder: loaded 2 times (x 66B)
Class com.google.protobuf.Extension                                                   : loaded 2 times (x 81B)
Class com.google.protobuf.MessageOrBuilder                                            : loaded 2 times (x 66B)
Class org.codehaus.groovy.util.URLStreams                                             : loaded 2 times (x 67B)
Class org.codehaus.groovy.ast.expr.MethodCallExpression                               : loaded 2 times (x 149B)
Class org.codehaus.groovy.runtime.dgmimpl.arrays.LongArrayGetAtMetaMethod             : loaded 2 times (x 93B)
Class org.codehaus.groovy.runtime.dgmimpl.arrays.ArrayGetAtMetaMethod                 : loaded 2 times (x 93B)
Class com.google.common.collect.RegularImmutableBiMap$Inverse                         : loaded 2 times (x 139B)
Class org.objectweb.asm.Type                                                          : loaded 2 times (x 68B)
Class it.unimi.dsi.fastutil.ints.AbstractIntSet                                       : loaded 2 times (x 229B)
Class kotlin.reflect.jvm.internal.impl.builtins.functions.FunctionTypeKind$Function   : loaded 2 times (x 68B)
Class org.gradle.internal.classloader.VisitableURLClassLoader$InstrumentingVisitableURLClassLoader: loaded 2 times (x 119B)
Class kotlin.collections.ReversedListReadOnly$listIterator$1                          : loaded 2 times (x 86B)
Class org.codehaus.groovy.ast.Parameter                                               : loaded 2 times (x 147B)
Class org.codehaus.groovy.runtime.dgmimpl.arrays.CharacterArrayGetAtMetaMethod        : loaded 2 times (x 93B)
Class kotlinx.coroutines.Job$DefaultImpls                                             : loaded 2 times (x 67B)
Class kotlin.coroutines.CoroutineContext$Element$DefaultImpls                         : loaded 2 times (x 67B)
Class org.codehaus.groovy.reflection.CachedField                                      : loaded 2 times (x 78B)
Class groovy.lang.MetaClassImpl$2                                                     : loaded 2 times (x 92B)
Class org.codehaus.groovy.runtime.DefaultCachedMethodKey                              : loaded 2 times (x 75B)
Class org.codehaus.groovy.control.ResolveVisitor$ConstructedClassWithPackage          : loaded 2 times (x 239B)
Class com.google.wireless.android.sdk.stats.AdbServerState                            : loaded 2 times (x 199B)
Class com.google.wireless.android.sdk.stats.EditorPickerEvent                         : loaded 2 times (x 197B)
Class com.google.wireless.android.sdk.stats.AndroidViewShowBuildFilesInModuleEvent    : loaded 2 times (x 191B)
Class com.google.wireless.android.sdk.stats.ComposePreviewLiteModeEvent               : loaded 2 times (x 193B)
Class com.google.wireless.android.sdk.stats.WhatsNewAssistantEventOrBuilder           : loaded 2 times (x 66B)
Class com.google.wireless.android.sdk.stats.FirebaseErrorDetailsOrBuilder             : loaded 2 times (x 66B)
Class com.google.wireless.android.sdk.stats.ComposeDeployEventOrBuilder               : loaded 2 times (x 66B)
Class com.google.wireless.android.sdk.stats.AndroidStudioEventOrBuilder               : loaded 2 times (x 66B)
Class groovy.lang.MetaClassImpl$DummyMetaMethod                                       : loaded 2 times (x 93B)
Class org.codehaus.groovy.runtime.dgmimpl.arrays.ShortArrayPutAtMetaMethod            : loaded 2 times (x 93B)
Class org.codehaus.groovy.transform.trait.Traits$Implemented                          : loaded 2 times (x 66B)
Class com.android.ide.common.gradle.DEV                                               : loaded 2 times (x 73B)
Class com.google.common.collect.MapMakerInternalMap$AbstractWeakKeyEntry              : loaded 2 times (x 83B)
Class com.google.wireless.android.sdk.stats.OptOutOfMetricsOrBuilder                  : loaded 2 times (x 66B)
Class [Lkotlin.reflect.jvm.internal.impl.resolve.jvm.JvmPrimitiveType;                : loaded 2 times (x 65B)
Class com.google.wireless.android.sdk.stats.AndroidProfilerDbStatsOrBuilder           : loaded 2 times (x 66B)
Class com.android.tools.lint.model.LintModelArtifactType                              : loaded 2 times (x 75B)
Class [Lcom.google.common.cache.CacheBuilder$NullListener;                            : loaded 2 times (x 65B)
Class org.gradle.internal.classloader.VisitableURLClassLoader$Spec                    : loaded 2 times (x 70B)
Class org.gradle.internal.classpath.DefaultClassPath                                  : loaded 2 times (x 86B)
Class jdk.internal.jimage.decompressor.ZipDecompressorFactory                         : loaded 2 times (x 70B)
Class com.google.wireless.android.sdk.stats.DialogStats                               : loaded 2 times (x 195B)
Class com.google.wireless.android.sdk.stats.StartupPerformanceFrameBecameInteractiveEvent: loaded 2 times (x 191B)
Class com.google.wireless.android.sdk.stats.ResourceManagerEvent                      : loaded 2 times (x 193B)
Class org.objectweb.asm.AnnotationVisitor                                             : loaded 2 times (x 74B)
Class kotlinx.coroutines.EventLoop_commonKt                                           : loaded 2 times (x 67B)
Class com.google.common.collect.CollectSpliterators$1WithCharacteristics              : loaded 2 times (x 86B)
Class com.google.devtools.ksp.processing.KspGradleLogger                              : loaded 2 times (x 75B)
Class com.google.wireless.android.sdk.stats.GcPauseEventOrBuilder                     : loaded 2 times (x 66B)
Class com.google.wireless.android.sdk.stats.DeviceInfoOrBuilder                       : loaded 2 times (x 66B)
Class com.google.wireless.android.sdk.stats.StopEventOrBuilder                        : loaded 2 times (x 66B)
Class com.google.wireless.android.sdk.stats.OptInToMetricsOrBuilder                   : loaded 2 times (x 66B)
Class com.google.wireless.android.sdk.stats.TestScenarioEventOrBuilder                : loaded 2 times (x 66B)
Class com.google.wireless.android.sdk.stats.GradleVersionCatalogDetectorEventOrBuilder: loaded 2 times (x 66B)
Class com.google.wireless.android.sdk.stats.AutoSyncSettingChangeEventOrBuilder       : loaded 2 times (x 66B)
Class [Lcom.google.wireless.android.sdk.stats.AndroidStudioEvent$IdeBrand;            : loaded 2 times (x 65B)
Class com.google.protobuf.Utf8$Processor                                              : loaded 2 times (x 73B)
Class com.google.protobuf.Reader                                                      : loaded 2 times (x 66B)
Class org.codehaus.groovy.runtime.metaclass.ClosureStaticMetaMethod                   : loaded 2 times (x 98B)
Class org.codehaus.groovy.runtime.dgmimpl.NumberNumberPlus                            : loaded 2 times (x 110B)
Class org.codehaus.groovy.util.ReferenceType$1                                        : loaded 2 times (x 76B)
Class it.unimi.dsi.fastutil.ints.IntArrays                                            : loaded 2 times (x 67B)
Class it.unimi.dsi.fastutil.Hash$Strategy                                             : loaded 2 times (x 66B)
Class kotlin.text.MatchGroup                                                          : loaded 2 times (x 68B)
Class com.android.tools.lint.model.LintModelDependencies                              : loaded 2 times (x 66B)
Class com.google.common.base.AbstractIterator                                         : loaded 2 times (x 76B)
Class com.google.common.reflect.Types$ClassOwnership                                  : loaded 2 times (x 76B)
Class com.google.common.collect.ImmutableRangeSet                                     : loaded 2 times (x 111B)
Class com.google.wireless.android.sdk.stats.AndroidTestRetentionEvent                 : loaded 2 times (x 193B)
Class [Lcom.google.gson.Strictness;                                                   : loaded 2 times (x 65B)
Class com.google.protobuf.AbstractMessage$BuilderParent                               : loaded 2 times (x 66B)
Class org.codehaus.groovy.runtime.InvokerInvocationException                          : loaded 2 times (x 83B)
Class org.codehaus.groovy.util.ReferenceType$2                                        : loaded 2 times (x 76B)
Class groovy.lang.Closure                                                             : loaded 2 times (x 128B)
Class groovy.lang.MetaClassImpl$1                                                     : loaded 2 times (x 71B)
Class org.jetbrains.kotlin.config.ApiVersion$Companion                                : loaded 2 times (x 67B)
Class org.codehaus.groovy.control.CompilationFailedException                          : loaded 2 times (x 85B)
Class com.google.common.base.CharMatcher$BitSetMatcher                                : loaded 2 times (x 108B)
Class com.google.protobuf.Internal                                                    : loaded 2 times (x 67B)
Class com.google.common.collect.Sets$FilteredSet                                      : loaded 2 times (x 133B)
Class org.gradle.internal.classloader.ClassLoaderSpec                                 : loaded 2 times (x 67B)
Class kotlin.jvm.internal.LongCompanionObject                                         : loaded 2 times (x 67B)
Class kotlin.collections.ReversedListReadOnly                                         : loaded 2 times (x 194B)
Class com.google.wireless.android.sdk.stats.EditorCompletionStatsOrBuilder            : loaded 2 times (x 66B)
Class kotlinx.coroutines.DebugKt                                                      : loaded 2 times (x 67B)
Class org.gradle.api.internal.classpath.EffectiveClassPath                            : loaded 2 times (x 86B)
Class com.google.protobuf.ByteString$CodedBuilder                                     : loaded 2 times (x 68B)
Class com.google.wireless.android.play.playlog.proto.ClientAnalytics                  : loaded 2 times (x 67B)
Class com.google.protobuf.ByteString                                                  : loaded 2 times (x 97B)
Class com.google.wireless.android.sdk.stats.SigningWizardEvent                        : loaded 2 times (x 199B)
Class com.google.wireless.android.sdk.stats.AppQualityInsightsUsageEventOrBuilder     : loaded 2 times (x 66B)
Class com.android.tools.analytics.Environment                                         : loaded 2 times (x 69B)
Class groovy.grape.GrapeIvy                                                           : loaded 2 times (x 123B)
Class org.codehaus.groovy.GroovyExceptionInterface                                    : loaded 2 times (x 66B)
Class org.codehaus.groovy.runtime.memoize.UnlimitedConcurrentCache                    : loaded 2 times (x 130B)
Class org.codehaus.groovy.ast.ConstructorNode                                         : loaded 2 times (x 154B)
Class org.codehaus.groovy.reflection.ReflectionCache                                  : loaded 2 times (x 67B)
Class org.codehaus.groovy.util.ReferenceType$3                                        : loaded 2 times (x 76B)
Class com.google.common.collect.AbstractMapBasedMultimap$1                            : loaded 2 times (x 80B)
Class it.unimi.dsi.fastutil.ints.IntArrays$ForkJoinQuickSortComp                      : loaded 2 times (x 92B)
Class kotlin.reflect.jvm.internal.ReflectProperties$Val$1                             : loaded 2 times (x 67B)
Class com.android.tools.lint.model.LintModelSerialization$LintModelSerializationFileAdapter: loaded 2 times (x 85B)
Class com.android.prefs.VariableType                                                  : loaded 2 times (x 75B)
Class com.google.common.cache.CacheStats                                              : loaded 2 times (x 67B)
Class [Lcom.android.ide.common.repository.AgpVersion$PreviewKind;                     : loaded 2 times (x 65B)
Class kotlin.time.DurationKt                                                          : loaded 2 times (x 67B)
Class com.android.sdklib.SdkVersionInfo                                               : loaded 2 times (x 67B)
Class kotlinx.coroutines.CoroutineStart$WhenMappings                                  : loaded 2 times (x 67B)
Class kotlinx.coroutines.scheduling.CoroutineScheduler$Worker                         : loaded 2 times (x 102B)
Class it.unimi.dsi.fastutil.ints.Int2ObjectMap                                        : loaded 2 times (x 66B)
Class kotlin.reflect.jvm.internal.KProperty1Impl                                      : loaded 2 times (x 124B)
Class org.codehaus.groovy.reflection.CachedClass                                      : loaded 2 times (x 91B)
Class com.android.tools.analytics.CommonMetricsData$GarbageCollectionStatsDiffs       : loaded 2 times (x 67B)
Class com.google.wireless.android.sdk.stats.AndroidStudioEvent$EventKind              : loaded 2 times (x 83B)
Class com.google.wireless.android.sdk.stats.ProductDetails                            : loaded 2 times (x 219B)
Class com.google.protobuf.Internal$ListAdapter$Converter                              : loaded 2 times (x 66B)
Class org.codehaus.groovy.util.ComplexKeyHashMap$Entry                                : loaded 2 times (x 70B)
Class [Lgroovy.lang.MetaClass;                                                        : loaded 2 times (x 65B)
Class org.codehaus.groovy.reflection.ClassInfo$LazyClassLoaderRef                     : loaded 2 times (x 78B)
Class org.codehaus.groovy.util.ReferenceType$4                                        : loaded 2 times (x 76B)
Class it.unimi.dsi.fastutil.objects.AbstractObject2IntMap                             : loaded 2 times (x 235B)
Class com.google.common.collect.MapMakerInternalMap$WeakKeyStrongValueEntry$LinkedWeakKeyStrongValueEntry: loaded 2 times (x 86B)
Class org.apache.groovy.util.BeanUtils                                                : loaded 2 times (x 67B)
Class com.google.protobuf.UnknownFieldSet                                             : loaded 2 times (x 83B)
Class com.android.tools.lint.model.PathVariables                                      : loaded 2 times (x 68B)
Class com.google.common.base.CharMatcher$Or                                           : loaded 2 times (x 108B)
Class com.google.common.collect.AbstractMapBasedMultimap$2                            : loaded 2 times (x 81B)
Class com.google.common.collect.ImmutableMultisetGwtSerializationDependencies         : loaded 2 times (x 121B)
Class com.google.common.util.concurrent.AbstractFuture$Listener                       : loaded 2 times (x 68B)
Class kotlin.collections.AbstractSet$Companion                                        : loaded 2 times (x 67B)
Class com.google.wireless.android.sdk.stats.PreviewRefreshEventOrBuilder              : loaded 2 times (x 66B)
Class com.google.protobuf.CodedOutputStream$UnsafeDirectNioEncoder                    : loaded 2 times (x 106B)
Class com.android.tools.analytics.HostData$memoryBean$2                               : loaded 2 times (x 74B)
Class com.google.wireless.android.sdk.stats.OptInToMetrics                            : loaded 2 times (x 189B)
Class com.google.wireless.android.sdk.stats.JourneyEngineErrorEvent                   : loaded 2 times (x 191B)
Class com.google.wireless.android.sdk.stats.AdbUsageEventOrBuilder                    : loaded 2 times (x 66B)
Class com.google.wireless.android.sdk.stats.DynamicLayoutInspectorEventOrBuilder      : loaded 2 times (x 66B)
Class org.codehaus.groovy.runtime.metaclass.ReflectionMetaMethod                      : loaded 2 times (x 93B)
Class org.codehaus.groovy.reflection.CachedMethod                                     : loaded 2 times (x 108B)
Class com.google.wireless.android.sdk.stats.SuppressedSyncEventOrBuilder              : loaded 2 times (x 66B)
Class [Lorg.objectweb.asm.Label;                                                      : loaded 2 times (x 65B)
Class com.google.wireless.android.sdk.stats.PromptLibraryEventOrBuilder               : loaded 2 times (x 66B)
Class com.android.ide.common.gradle.Version$Companion$ParseState                      : loaded 2 times (x 66B)
Class org.gradle.internal.classloader.VisitableURLClassLoader                         : loaded 2 times (x 113B)
Class com.google.wireless.android.sdk.stats.WearPairingEvent                          : loaded 2 times (x 191B)
Class kotlin.io.FileTreeWalk$FileTreeWalkIterator                                     : loaded 2 times (x 79B)
Class org.gradle.internal.classloader.ClassLoaderVisitor                              : loaded 2 times (x 72B)
Class [Lcom.google.common.collect.AbstractIterator$State;                             : loaded 2 times (x 65B)
Class com.google.common.base.CharMatcher$None                                         : loaded 2 times (x 108B)
Class com.google.wireless.android.play.playlog.proto.ClientAnalytics$LogEvent$1       : loaded 2 times (x 147B)
Class com.google.wireless.android.sdk.stats.LayoutInspectorEvent                      : loaded 2 times (x 197B)
Class com.google.wireless.android.sdk.stats.DaemonCodeAnalyzerFinishedEvent           : loaded 2 times (x 207B)
Class com.google.wireless.android.sdk.stats.SentimentSurveyEvent                      : loaded 2 times (x 195B)
Class com.google.wireless.android.sdk.stats.GradlePluginUpgradeDialogStats            : loaded 2 times (x 204B)
Class com.google.wireless.android.sdk.stats.DefaultActivityLocatorStats               : loaded 2 times (x 197B)
Class com.google.wireless.android.sdk.stats.FirebaseErrorDetails                      : loaded 2 times (x 193B)
Class com.google.wireless.android.sdk.stats.ProductDetailsOrBuilder                   : loaded 2 times (x 66B)
Class com.google.wireless.android.sdk.stats.StudioToolWindowActionStatsOrBuilder      : loaded 2 times (x 66B)
Class com.google.wireless.android.sdk.stats.LintSessionOrBuilder                      : loaded 2 times (x 66B)
Class com.google.protobuf.ExtensionRegistryLite                                       : loaded 2 times (x 70B)
Class org.codehaus.groovy.runtime.wrappers.Wrapper                                    : loaded 2 times (x 84B)
Class org.codehaus.groovy.control.CompilerConfiguration$1                             : loaded 2 times (x 118B)
Class org.codehaus.groovy.ast.stmt.LoopingStatement                                   : loaded 2 times (x 66B)
Class org.codehaus.groovy.runtime.metaclass.MetaMethodIndex                           : loaded 2 times (x 89B)
Class it.unimi.dsi.fastutil.objects.Object2IntMap                                     : loaded 2 times (x 66B)
Class kotlin.reflect.jvm.internal.KClassImpl                                          : loaded 2 times (x 111B)
Class com.android.ide.common.repository.AgpVersion$Companion                          : loaded 2 times (x 67B)
Class com.android.prefs.AbstractAndroidLocations                                      : loaded 2 times (x 78B)
Class com.google.common.collect.ImmutableList$SerializedForm                          : loaded 2 times (x 69B)
Class org.gradle.internal.Cast                                                        : loaded 2 times (x 67B)
Class org.gradle.api.Action                                                           : loaded 2 times (x 66B)
Class jdk.internal.jimage.decompressor.ZipDecompressor                                : loaded 2 times (x 71B)
Class com.android.utils.EnvironmentProvider$DirectEnvironmentProvider                 : loaded 2 times (x 76B)
Class kotlin.collections.AbstractMutableList                                          : loaded 2 times (x 202B)
Class kotlinx.coroutines.CompletedExceptionally                                       : loaded 2 times (x 68B)
Class kotlin.coroutines.AbstractCoroutineContextKey                                   : loaded 2 times (x 68B)
Class kotlin.text.MatcherMatchResult$groupValues$1                                    : loaded 2 times (x 194B)
Class com.google.wireless.android.sdk.stats.NavEditorEventOrBuilder                   : loaded 2 times (x 66B)
Class com.google.wireless.android.sdk.stats.InstantRunOrBuilder                       : loaded 2 times (x 66B)
Class com.android.tools.analytics.AnalyticsSettingsData$Companion                     : loaded 2 times (x 67B)
Class org.codehaus.groovy.ast.expr.ElvisOperatorExpression                            : loaded 2 times (x 126B)
Class org.codehaus.groovy.util.LockableObject                                         : loaded 2 times (x 74B)
Class com.google.common.collect.MapMakerInternalMap                                   : loaded 2 times (x 157B)
Class kotlin.reflect.jvm.internal.KPropertyImpl$$Lambda$1                             : loaded 2 times (x 72B)
Class it.unimi.dsi.fastutil.ints.IntArrays$ArrayHashStrategy                          : loaded 2 times (x 71B)
Class kotlin.reflect.jvm.internal.impl.name.ClassId$Companion                         : loaded 2 times (x 67B)
Class org.jetbrains.kotlin.cli.common.messages.GradleStyleMessageRenderer             : loaded 2 times (x 74B)
Class com.android.ide.common.gradle.Version$Companion                                 : loaded 2 times (x 67B)
Class com.google.common.hash.AbstractHasher                                           : loaded 2 times (x 138B)
Class com.android.tools.lint.model.DefaultLintModelMavenName                          : loaded 2 times (x 83B)
Class com.google.common.base.CharMatcher$FastMatcher                                  : loaded 2 times (x 107B)
Class com.google.wireless.android.sdk.stats.KotlinSupportDeclinedOrBuilder            : loaded 2 times (x 66B)
Class com.google.common.base.Ticker                                                   : loaded 2 times (x 68B)
Class com.google.wireless.android.sdk.stats.IntellijIndexingStats                     : loaded 2 times (x 201B)
Class com.google.wireless.android.sdk.stats.EditorHighlightingStats                   : loaded 2 times (x 195B)
Class com.google.wireless.android.sdk.stats.IntellijProjectSizeStatsOrBuilder         : loaded 2 times (x 66B)
Class com.google.devtools.ksp.processing.KSPConfig                                    : loaded 2 times (x 68B)
Class com.google.wireless.android.sdk.stats.EmulatorHostOrBuilder                     : loaded 2 times (x 66B)
Class [Lcom.android.tools.analytics.Environment$EnvironmentVariable;                  : loaded 2 times (x 65B)
Class com.google.protobuf.Utf8$SafeProcessor                                          : loaded 2 times (x 73B)
Class org.codehaus.groovy.ast.stmt.CaseStatement                                      : loaded 2 times (x 110B)
Class groovy.transform.Generated                                                      : loaded 2 times (x 66B)
Class kotlin.reflect.jvm.internal.KClassImpl$Data$$Lambda$10                          : loaded 2 times (x 72B)
Class kotlin.reflect.jvm.internal.KDeclarationContainerImpl$Data$$Lambda$0            : loaded 2 times (x 72B)
Class com.android.SdkConstants                                                        : loaded 2 times (x 67B)
Class com.google.wireless.android.sdk.stats.GarbageCollectionStatsOrBuilder           : loaded 2 times (x 66B)
Class kotlinx.coroutines.CopyableThreadContextElement                                 : loaded 2 times (x 66B)
Class [Lcom.google.common.cache.LocalCache$Segment;                                   : loaded 2 times (x 65B)
Class [Lcom.google.common.cache.LocalCache$Strength;                                  : loaded 2 times (x 65B)
Class com.google.common.cache.CacheBuilder$1                                          : loaded 2 times (x 81B)
Class org.gradle.internal.classpath.DefaultClassPath$ImmutableUniqueList$Builder      : loaded 2 times (x 71B)
Class kotlin.jvm.internal.FloatCompanionObject                                        : loaded 2 times (x 67B)
Class kotlin.io.FileTreeWalk$WalkState                                                : loaded 2 times (x 69B)
Class kotlinx.coroutines.CoroutineStart                                               : loaded 2 times (x 75B)
Class kotlinx.coroutines.scheduling.UnlimitedIoScheduler                              : loaded 2 times (x 95B)
Class kotlin.sequences.SequencesKt___SequencesKt$flatMap$1                            : loaded 2 times (x 121B)
Class com.google.wireless.android.play.playlog.proto.ClientAnalytics$LogEvent         : loaded 2 times (x 194B)
Class com.google.wireless.android.sdk.stats.UserSentimentOrBuilder                    : loaded 2 times (x 66B)
Class com.google.wireless.android.sdk.stats.ComposePreviewCanvasEventOrBuilder        : loaded 2 times (x 66B)
Class com.google.wireless.android.sdk.stats.TSdkUAEventOrBuilder                      : loaded 2 times (x 66B)
Class org.codehaus.groovy.ast.stmt.BreakStatement                                     : loaded 2 times (x 107B)
Class org.codehaus.groovy.runtime.metaclass.NewInstanceMetaMethod                     : loaded 2 times (x 95B)
Class groovy.io.GroovyPrintWriter                                                     : loaded 2 times (x 125B)
Class org.codehaus.groovy.ast.expr.PropertyExpression                                 : loaded 2 times (x 136B)
Class [Lgroovy.lang.MetaObjectProtocol;                                               : loaded 2 times (x 65B)
Class org.codehaus.groovy.util.ReferenceManager                                       : loaded 2 times (x 72B)
Class org.codehaus.groovy.reflection.stdclasses.FloatCachedClass                      : loaded 2 times (x 91B)
Class com.google.common.collect.MapMakerInternalMap$WeakValueReference                : loaded 2 times (x 66B)
Class com.google.common.collect.AbstractRangeSet                                      : loaded 2 times (x 110B)
Class kotlin.reflect.jvm.internal.KClassImpl$Data$$Lambda$11                          : loaded 2 times (x 72B)
Class kotlin.reflect.jvm.internal.KDeclarationContainerImpl$Data                      : loaded 2 times (x 68B)
Class [Lcom.android.prefs.LocationValue;                                              : loaded 2 times (x 65B)
Class com.google.common.base.CharMatcher$NegatedFastMatcher                           : loaded 2 times (x 109B)
Class com.google.common.cache.LocalCache                                              : loaded 2 times (x 183B)
Class com.google.common.cache.CacheBuilder$2                                          : loaded 2 times (x 75B)
Class org.gradle.internal.classloader.DefaultClassLoaderFactory                       : loaded 2 times (x 78B)
Class com.google.common.base.Suppliers                                                : loaded 2 times (x 67B)
Class kotlinx.coroutines.CoroutineId                                                  : loaded 2 times (x 89B)
Class kotlinx.coroutines.EventLoopImplBase                                            : loaded 2 times (x 113B)
Class [Lcom.google.common.cache.CacheBuilder$OneWeigher;                              : loaded 2 times (x 65B)
Class com.android.tools.lint.model.LintModelModule                                    : loaded 2 times (x 66B)
Class com.google.wireless.android.sdk.stats.AndroidProfilerDbStats                    : loaded 2 times (x 199B)
Class com.google.wireless.android.sdk.stats.IdePluginInfoOrBuilder                    : loaded 2 times (x 66B)
Class com.google.wireless.android.sdk.stats.AndroidStudioEvent                        : loaded 2 times (x 890B)
Class com.google.gson.TypeAdapter$1                                                   : loaded 2 times (x 70B)
Class org.codehaus.groovy.runtime.ProcessGroovyMethods                                : loaded 2 times (x 67B)
Class org.codehaus.groovy.util.ComplexKeyHashMap                                      : loaded 2 times (x 75B)
Class org.codehaus.groovy.util.Reference                                              : loaded 2 times (x 66B)
Class org.codehaus.groovy.reflection.stdclasses.CachedSAMClass                        : loaded 2 times (x 91B)
Class it.unimi.dsi.fastutil.objects.AbstractObject2IntFunction                        : loaded 2 times (x 115B)
Class com.google.gson.JsonSyntaxException                                             : loaded 2 times (x 78B)
Class kotlin.reflect.jvm.internal.KPropertyImpl$$Lambda$0                             : loaded 2 times (x 72B)
Class kotlin.reflect.jvm.internal.impl.name.FqName                                    : loaded 2 times (x 68B)
Class kotlin.reflect.jvm.internal.impl.builtins.PrimitiveType$Companion               : loaded 2 times (x 67B)
Class kotlin.reflect.jvm.internal.KClassImpl$Data$$Lambda$12                          : loaded 2 times (x 72B)
Class kotlin.reflect.jvm.internal.KClassImpl$Data                                     : loaded 2 times (x 68B)
Class com.google.common.cache.CacheBuilder$3                                          : loaded 2 times (x 68B)
Class org.gradle.api.GradleException                                                  : loaded 2 times (x 78B)
Class jdk.internal.jimage.ImageStrings                                                : loaded 2 times (x 66B)
Class com.google.common.collect.MapMakerInternalMap$Strength                          : loaded 2 times (x 76B)
Class org.codehaus.groovy.util.Finalizable                                            : loaded 2 times (x 66B)
Class org.codehaus.groovy.util.ReferenceBundle                                        : loaded 2 times (x 70B)
Class kotlin.collections.AbstractMap$Companion                                        : loaded 2 times (x 67B)
Class groovy.lang.GroovyRuntimeException                                              : loaded 2 times (x 83B)
Class com.google.wireless.android.sdk.stats.VsPluginEvent                             : loaded 2 times (x 198B)
Class com.google.wireless.android.sdk.stats.KotlinSupport                             : loaded 2 times (x 198B)
Class com.google.wireless.android.sdk.stats.DesignEditorHelpPanelEvent                : loaded 2 times (x 195B)
Class com.google.wireless.android.sdk.stats.CommitMetricsEventOrBuilder               : loaded 2 times (x 66B)
Class org.codehaus.groovy.vmplugin.v9.ClassFinder$1                                   : loaded 2 times (x 80B)
Class groovy.lang.SpreadMapEvaluatingException                                        : loaded 2 times (x 83B)
Class org.codehaus.groovy.reflection.CachedMethod$MyComparator                        : loaded 2 times (x 86B)
Class org.codehaus.groovy.runtime.m12n.ExtensionModuleRegistry                        : loaded 2 times (x 73B)
Class org.codehaus.groovy.reflection.GeneratedMetaMethod$Proxy                        : loaded 2 times (x 92B)
Class groovy.lang.MetaClassRegistry                                                   : loaded 2 times (x 66B)
Class kotlin.reflect.jvm.internal.KClassImpl$Data$$Lambda$13                          : loaded 2 times (x 72B)
Class org.codehaus.groovy.runtime.metaclass.MultipleSetterProperty                    : loaded 2 times (x 78B)
Class com.android.ide.common.gradle.Version                                           : loaded 2 times (x 71B)
Class com.google.common.base.Suppliers$MemoizingSupplier                              : loaded 2 times (x 75B)
Class com.google.common.collect.ForwardingMap                                         : loaded 2 times (x 128B)
Class org.codehaus.groovy.ast.stmt.ExpressionStatement                                : loaded 2 times (x 108B)
Class org.codehaus.groovy.ast.stmt.SynchronizedStatement                              : loaded 2 times (x 110B)
Class kotlinx.coroutines.DefaultExecutorKt                                            : loaded 2 times (x 67B)
Class kotlinx.coroutines.Unconfined                                                   : loaded 2 times (x 95B)
Class kotlinx.coroutines.GlobalScope                                                  : loaded 2 times (x 70B)
Class com.google.protobuf.Internal$IntList                                            : loaded 2 times (x 66B)
Class com.google.protobuf.GeneratedMessageV3$BuilderParent                            : loaded 2 times (x 66B)
Class com.google.wireless.android.sdk.stats.RenderSecurityManagerEvent                : loaded 2 times (x 195B)
Class com.google.wireless.android.sdk.stats.TestRunOrBuilder                          : loaded 2 times (x 66B)
Class com.google.wireless.android.sdk.stats.VirtualizationEventOrBuilder              : loaded 2 times (x 66B)
Class com.google.wireless.android.sdk.stats.JniInspectionEventOrBuilder               : loaded 2 times (x 66B)
Class com.android.tools.analytics.NullUsageTracker                                    : loaded 2 times (x 77B)
Class com.google.protobuf.Internal$EnumLiteMap                                        : loaded 2 times (x 66B)
Class org.codehaus.groovy.ast.AnnotationNode                                          : loaded 2 times (x 115B)
Class org.codehaus.groovy.ast.stmt.SwitchStatement                                    : loaded 2 times (x 113B)
Class org.codehaus.groovy.runtime.GroovyCategorySupport                               : loaded 2 times (x 67B)
Class groovy.lang.MetaClassImpl$Index                                                 : loaded 2 times (x 84B)
Class org.codehaus.groovy.runtime.metaclass.NewMetaMethod                             : loaded 2 times (x 95B)
Class org.codehaus.groovy.reflection.stdclasses.DoubleCachedClass                     : loaded 2 times (x 91B)
Class [Lcom.google.common.collect.MapMakerInternalMap$Strength;                       : loaded 2 times (x 65B)
Class kotlin.reflect.jvm.internal.KClassImpl$Data$$Lambda$14                          : loaded 2 times (x 72B)
Class kotlin.reflect.jvm.internal.KTypeParameterOwnerImpl                             : loaded 2 times (x 66B)
Class com.google.wireless.android.sdk.stats.LldbPerformanceStatsOrBuilder             : loaded 2 times (x 66B)
Class com.google.common.collect.Maps$AbstractFilteredMap                              : loaded 2 times (x 123B)
Class [Lcom.google.common.io.FileWriteMode;                                           : loaded 2 times (x 65B)
Class [Lkotlin.time.DurationUnit;                                                     : loaded 2 times (x 65B)
Class com.google.wireless.android.sdk.stats.ApkAnalyzerStatsOrBuilder                 : loaded 2 times (x 66B)
Class kotlin.collections.builders.MapBuilder$KeysItr                                  : loaded 2 times (x 77B)
Class kotlinx.coroutines.AbstractCoroutine                                            : loaded 2 times (x 140B)
Class kotlinx.coroutines.EventLoopImplPlatform                                        : loaded 2 times (x 103B)
Class kotlin.sequences.SequencesKt___SequencesKt$asIterable$$inlined$Iterable$1       : loaded 2 times (x 75B)
Class com.google.wireless.android.sdk.stats.WhatsNewAssistantUpdateEvent              : loaded 2 times (x 209B)
Class com.google.wireless.android.sdk.stats.GradleVersionCatalogDetectorEvent         : loaded 2 times (x 191B)
Class com.google.protobuf.LazyStringList                                              : loaded 2 times (x 66B)
Class com.google.wireless.android.sdk.stats.NonTransitiveRClassMigrationEventOrBuilder: loaded 2 times (x 66B)
Class com.google.common.hash.HashCode$IntHashCode                                     : loaded 2 times (x 76B)
Class groovy.lang.MetaBeanProperty                                                    : loaded 2 times (x 79B)
Class org.codehaus.groovy.runtime.DefaultGroovyMethods$1                              : loaded 2 times (x 74B)
Class org.codehaus.groovy.runtime.GeneratedClosure                                    : loaded 2 times (x 66B)
Class kotlinx.coroutines.scheduling.SchedulerTimeSource                               : loaded 2 times (x 68B)
Class kotlin.reflect.jvm.internal.impl.name.Name                                      : loaded 2 times (x 71B)
Class kotlin.reflect.jvm.internal.KClassImpl$Data$$Lambda$15                          : loaded 2 times (x 72B)
Class kotlin.reflect.jvm.internal.KPropertyImpl$Companion                             : loaded 2 times (x 67B)
Class it.unimi.dsi.fastutil.objects.ObjectSet                                         : loaded 2 times (x 66B)
Class com.android.tools.lint.model.DefaultLintModelSourceProvider                     : loaded 2 times (x 80B)
Class [Lcom.android.prefs.VariableType;                                               : loaded 2 times (x 65B)
Class com.google.common.cache.LocalCache$EntryFactory                                 : loaded 2 times (x 79B)
Class kotlinx.coroutines.scheduling.CoroutineScheduler                                : loaded 2 times (x 77B)
Class com.google.common.reflect.TypeCapture                                           : loaded 2 times (x 67B)
Class com.android.utils.ILogger                                                       : loaded 2 times (x 66B)
Class com.android.utils.NullLogger                                                    : loaded 2 times (x 81B)
Class it.unimi.dsi.fastutil.objects.ReferenceSet                                      : loaded 2 times (x 66B)
Class com.android.utils.FileUtils                                                     : loaded 2 times (x 67B)
Class com.android.tools.analytics.JournalingUsageTracker$scheduleFlush$1              : loaded 2 times (x 71B)
Class com.android.tools.analytics.HostData$runtimeBean$2                              : loaded 2 times (x 74B)
Class com.google.wireless.android.sdk.stats.Align16kbEvent                            : loaded 2 times (x 198B)
Class com.google.wireless.android.sdk.stats.OomDialogEvent                            : loaded 2 times (x 207B)
Class com.google.wireless.android.sdk.stats.WearHealthServicesEvent                   : loaded 2 times (x 191B)
Class com.google.wireless.android.sdk.stats.GradleBuildDetailsOrBuilder               : loaded 2 times (x 66B)
Class com.google.protobuf.GeneratedMessageV3$Builder                                  : loaded 2 times (x 274B)
Class com.google.protobuf.MutabilityOracle                                            : loaded 2 times (x 66B)
Class org.codehaus.groovy.reflection.ReflectionUtils                                  : loaded 2 times (x 67B)
Class it.unimi.dsi.fastutil.ints.IntArrays$ForkJoinQuickSortIndirect                  : loaded 2 times (x 92B)
Class kotlin.reflect.jvm.internal.impl.name.FqNameUnsafe                              : loaded 2 times (x 68B)
Class kotlin.reflect.jvm.internal.KClassImpl$Data$$Lambda$16                          : loaded 2 times (x 72B)
Class [Lcom.android.ide.common.gradle.Separator;                                      : loaded 2 times (x 65B)
Class com.android.prefs.QueryResult                                                   : loaded 2 times (x 80B)
Class com.google.common.reflect.Types$NativeTypeVariableEquals                        : loaded 2 times (x 67B)
Class com.google.common.collect.Iterables$5                                           : loaded 2 times (x 77B)
Class com.google.common.reflect.TypeParameter                                         : loaded 2 times (x 68B)
Class com.google.common.cache.LocalCache$AbstractReferenceEntry                       : loaded 2 times (x 103B)
Class org.gradle.internal.IoActions                                                   : loaded 2 times (x 67B)
Class org.codehaus.groovy.ast.PackageNode                                             : loaded 2 times (x 119B)
Class groovy.lang.MetaClassImpl$MethodIndex                                           : loaded 2 times (x 85B)
Class groovy.lang.MetaClassImpl$10                                                    : loaded 2 times (x 73B)
Class org.codehaus.groovy.reflection.MixinInMetaClass                                 : loaded 2 times (x 83B)
Class com.google.protobuf.GeneratedMessageV3$Builder$BuilderParentImpl                : loaded 2 times (x 74B)
Class kotlinx.coroutines.scheduling.TaskContext                                       : loaded 2 times (x 66B)
Class com.google.wireless.android.sdk.stats.ComposeAnimationToolingEvent              : loaded 2 times (x 193B)
Class com.google.wireless.android.sdk.stats.InstantRun                                : loaded 2 times (x 203B)
Class com.google.wireless.android.sdk.stats.ApkDebugProjectOrBuilder                  : loaded 2 times (x 66B)
Class com.google.wireless.android.sdk.stats.SmlAiExcludeEventOrBuilder                : loaded 2 times (x 66B)
Class com.google.protobuf.Android                                                     : loaded 2 times (x 67B)
Class org.codehaus.groovy.ast.expr.MethodCall                                         : loaded 2 times (x 66B)
Class org.codehaus.groovy.ast.expr.ExpressionTransformer                              : loaded 2 times (x 66B)
Class groovy.lang.ReadOnlyPropertyException                                           : loaded 2 times (x 85B)
Class org.codehaus.groovy.runtime.dgmimpl.arrays.ShortArrayGetAtMetaMethod            : loaded 2 times (x 93B)
Class org.codehaus.groovy.runtime.callsite.CallSite                                   : loaded 2 times (x 66B)
Class groovy.lang.GString                                                             : loaded 2 times (x 117B)
Class com.google.common.collect.ImmutableMapKeySet                                    : loaded 2 times (x 148B)
Class com.google.common.collect.ImmutableRangeSet$ComplementRanges                    : loaded 2 times (x 203B)
Class kotlin.io.path.PathsKt__PathReadWriteKt                                         : loaded 2 times (x 67B)
Class [Lkotlin.reflect.jvm.internal.impl.name.ClassId;                                : loaded 2 times (x 65B)
Class kotlin.reflect.jvm.internal.KClassImpl$Data$$Lambda$17                          : loaded 2 times (x 72B)
Class kotlin.reflect.jvm.internal.KCallableImpl$$Lambda$0                             : loaded 2 times (x 72B)
Class kotlin.reflect.jvm.internal.EmptyContainerForLocal                              : loaded 2 times (x 80B)
Class it.unimi.dsi.fastutil.objects.AbstractObjectSet                                 : loaded 2 times (x 175B)
Class com.google.gson.internal.bind.JsonTreeReader                                    : loaded 2 times (x 94B)
Class com.google.common.cache.CacheLoader$InvalidCacheLoadException                   : loaded 2 times (x 78B)
Class org.gradle.internal.classloader.SystemClassLoaderSpec                           : loaded 2 times (x 67B)
Class com.google.wireless.android.sdk.stats.SmlConfigurationEventOrBuilder            : loaded 2 times (x 66B)
Class com.google.wireless.android.sdk.stats.SetupWizardEventOrBuilder                 : loaded 2 times (x 66B)
Class com.google.wireless.android.sdk.stats.EssentialsModeEvent                       : loaded 2 times (x 191B)
Class kotlinx.coroutines.internal.LockFreeLinkedListNode                              : loaded 2 times (x 71B)
Class com.google.wireless.android.sdk.stats.DirectAccessUsageEvent                    : loaded 2 times (x 218B)
Class kotlinx.coroutines.CoroutineScope                                               : loaded 2 times (x 66B)
Class kotlin.coroutines.CoroutineContext$DefaultImpls                                 : loaded 2 times (x 67B)
Class kotlinx.coroutines.ChildHandle                                                  : loaded 2 times (x 66B)
Class kotlin.collections.builders.ListBuilder$Itr                                     : loaded 2 times (x 90B)
Class kotlin.ranges.LongProgression                                                   : loaded 2 times (x 77B)
Class com.google.wireless.android.sdk.stats.PromptLibraryEvent                        : loaded 2 times (x 196B)
Class com.google.wireless.android.sdk.stats.GradleBuildDetails                        : loaded 2 times (x 229B)
Class com.google.wireless.android.sdk.stats.MlModelBindingEvent                       : loaded 2 times (x 199B)
Class com.google.wireless.android.sdk.stats.StudioToolWindowActionStats               : loaded 2 times (x 197B)
Class groovy.lang.MutableMetaClass                                                    : loaded 2 times (x 66B)
Class org.codehaus.groovy.reflection.stdclasses.StringCachedClass                     : loaded 2 times (x 91B)
Class kotlin.reflect.jvm.internal.KCallableImpl$$Lambda$1                             : loaded 2 times (x 72B)
Class kotlin.text.MatcherMatchResult$groups$1                                         : loaded 2 times (x 147B)
Class com.google.common.collect.FluentIterable                                        : loaded 2 times (x 77B)
Class com.google.common.cache.LocalCache$StrongEntry                                  : loaded 2 times (x 104B)
Class com.google.common.util.concurrent.AbstractFuture$TrustedFuture                  : loaded 2 times (x 110B)
Class com.google.common.cache.LoadingCache                                            : loaded 2 times (x 66B)
Class jdk.internal.jrtfs.JrtFileSystem                                                : loaded 2 times (x 98B)
Class jdk.internal.jimage.decompressor.StringSharingDecompressorFactory               : loaded 2 times (x 70B)
Class com.android.tools.lint.model.DefaultLintModelAndroidArtifact                    : loaded 2 times (x 89B)
Class kotlin.jvm.internal.MutablePropertyReference2                                   : loaded 2 times (x 133B)
Class kotlin.reflect.jvm.internal.ReflectProperties$Val                               : loaded 2 times (x 70B)
Class groovy.lang.MissingFieldException                                               : loaded 2 times (x 85B)
Class com.google.wireless.android.sdk.stats.IntellijProjectSizeStats                  : loaded 2 times (x 195B)
Class com.google.wireless.android.sdk.stats.JourneyFinishedEvent                      : loaded 2 times (x 191B)
Class com.google.protobuf.AbstractProtobufList                                        : loaded 2 times (x 225B)
Class com.google.wireless.android.sdk.stats.VfsRefreshOrBuilder                       : loaded 2 times (x 66B)
Class com.google.wireless.android.sdk.stats.EditorNotificationOrBuilder               : loaded 2 times (x 66B)
Class com.google.wireless.android.sdk.stats.WhatsNewAssistantUpdateEventOrBuilder     : loaded 2 times (x 66B)
Class org.codehaus.groovy.ast.MethodNode                                              : loaded 2 times (x 153B)
Class org.codehaus.groovy.runtime.memoize.ValueConvertable                            : loaded 2 times (x 66B)
Class org.codehaus.groovy.ast.AnnotatedNode                                           : loaded 2 times (x 118B)
Class org.objectweb.asm.MethodWriter                                                  : loaded 2 times (x 102B)
Class org.codehaus.groovy.runtime.MetaClassHelper                                     : loaded 2 times (x 67B)
Class it.unimi.dsi.fastutil.BidirectionalIterator                                     : loaded 2 times (x 66B)
Class kotlin.reflect.jvm.internal.KCallableImpl$$Lambda$2                             : loaded 2 times (x 72B)
Class it.unimi.dsi.fastutil.objects.ObjectCollection                                  : loaded 2 times (x 66B)
Class com.android.tools.lint.model.DefaultLintModelModule                             : loaded 2 times (x 94B)
Class com.google.common.base.Suppliers$NonSerializableMemoizingSupplier               : loaded 2 times (x 75B)
Class [Lcom.google.common.cache.Weigher;                                              : loaded 2 times (x 65B)
Class jdk.internal.jimage.decompressor.CompressedResourceHeader                       : loaded 2 times (x 67B)
Class org.codehaus.groovy.ast.expr.TupleExpression                                    : loaded 2 times (x 134B)
Class com.google.protobuf.WireFormat                                                  : loaded 2 times (x 67B)
Class com.google.gson.stream.MalformedJsonException                                   : loaded 2 times (x 78B)
Class kotlinx.coroutines.internal.LockFreeTaskQueueCore$Companion                     : loaded 2 times (x 67B)
Class com.google.wireless.android.sdk.stats.SplittingTabsUsageEventOrBuilder          : loaded 2 times (x 66B)
Class com.google.wireless.android.sdk.stats.AndroidViewShowBuildFilesInModuleEventOrBuilder: loaded 2 times (x 66B)
Class com.android.tools.analytics.HostData$graphicsEnvironment$2                      : loaded 2 times (x 74B)
Class com.google.wireless.android.sdk.stats.AppInspectionEvent                        : loaded 2 times (x 210B)
Class com.google.wireless.android.sdk.stats.FileUsage                                 : loaded 2 times (x 204B)
Class com.google.wireless.android.sdk.stats.EmulatorUiEvent                           : loaded 2 times (x 199B)
Class com.google.wireless.android.sdk.stats.CoroutineDebuggerEvent                    : loaded 2 times (x 193B)
Class com.google.wireless.android.sdk.stats.DebuggerEvent                             : loaded 2 times (x 201B)
Class com.google.wireless.android.sdk.stats.SurveyResponseOrBuilder                   : loaded 2 times (x 66B)
Class com.google.wireless.android.sdk.stats.MlModelBindingEventOrBuilder              : loaded 2 times (x 66B)
Class com.android.tools.analytics.Environment$EnvironmentVariable                     : loaded 2 times (x 75B)
Class com.google.protobuf.Message$Builder                                             : loaded 2 times (x 66B)
Class com.google.common.collect.AbstractMapBasedMultimap$RandomAccessWrappedList      : loaded 2 times (x 201B)
Class kotlin.reflect.jvm.internal.KCallableImpl$$Lambda$3                             : loaded 2 times (x 72B)
Class org.jetbrains.kotlin.cli.common.CompilerSystemProperties$Companion              : loaded 2 times (x 67B)
Class com.android.ide.common.gradle.Version$Companion$ParseState$EMPTY                : loaded 2 times (x 70B)
Class com.google.common.collect.ImmutableMultimap$1                                   : loaded 2 times (x 78B)
Class kotlin.UByte                                                                    : loaded 2 times (x 70B)
Class kotlin.UShort$Companion                                                         : loaded 2 times (x 67B)
Class com.google.wireless.android.sdk.stats.MachineDetailsOrBuilder                   : loaded 2 times (x 66B)
Class com.google.wireless.android.sdk.stats.GradleJdkInvalidEvent                     : loaded 2 times (x 191B)
Class com.google.wireless.android.sdk.stats.JvmDetails$1                              : loaded 2 times (x 147B)
Class com.google.wireless.android.sdk.stats.BackupAndSyncEvent                        : loaded 2 times (x 193B)
Class com.google.wireless.android.sdk.stats.ComposeSampleEvent                        : loaded 2 times (x 191B)
Class com.google.wireless.android.sdk.stats.EditorCompletionStats                     : loaded 2 times (x 195B)
Class com.google.wireless.android.sdk.stats.NavEditorEvent                            : loaded 2 times (x 211B)
Class com.google.wireless.android.sdk.stats.VsPluginEventOrBuilder                    : loaded 2 times (x 66B)
Class com.google.wireless.android.sdk.stats.StudioLabsEventOrBuilder                  : loaded 2 times (x 66B)
Class com.google.wireless.android.sdk.stats.DirectAccessUsageEventOrBuilder           : loaded 2 times (x 66B)
Class com.google.wireless.android.sdk.stats.DeviceScreenshotEventOrBuilder            : loaded 2 times (x 66B)
Class com.google.wireless.android.sdk.stats.SdkIndexLoadingDetailsOrBuilder           : loaded 2 times (x 66B)
Class com.android.repository.io.FileOpUtils                                           : loaded 2 times (x 67B)
Class org.codehaus.groovy.vmplugin.v9.ClassFindFailedException                        : loaded 2 times (x 78B)
Class org.codehaus.groovy.util.ComplexKeyHashMap$1                                    : loaded 2 times (x 75B)
Class org.codehaus.groovy.util.AbstractConcurrentMapBase                              : loaded 2 times (x 73B)
Class org.codehaus.groovy.runtime.ResourceGroovyMethods                               : loaded 2 times (x 67B)
Class org.codehaus.groovy.runtime.IOGroovyMethods                                     : loaded 2 times (x 67B)
Class org.codehaus.groovy.reflection.GroovyClassValueFactory                          : loaded 2 times (x 67B)
Class com.google.wireless.android.sdk.stats.RunStartData                              : loaded 2 times (x 198B)
Class kotlin.reflect.jvm.internal.KCallableImpl$$Lambda$4                             : loaded 2 times (x 72B)
Class com.android.ide.common.repository.AgpVersion$Companion$WhenMappings             : loaded 2 times (x 67B)
Class com.google.common.base.CharMatcher$Negated                                      : loaded 2 times (x 109B)
Class com.google.common.base.CharMatcher$Is                                           : loaded 2 times (x 107B)
Class com.google.common.reflect.Types$JavaVersion$1                                   : loaded 2 times (x 79B)
Class com.google.common.collect.AbstractIterator$State                                : loaded 2 times (x 75B)
Class com.google.common.collect.ImmutableMultimap$2                                   : loaded 2 times (x 77B)
Class com.google.common.cache.LocalCache$ValueReference                               : loaded 2 times (x 66B)
Class com.android.tools.analytics.HostData$threadBean$2                               : loaded 2 times (x 74B)
Class androidx.navigation.lint.BaseTypeSafeDestinationMissingAnnotationDetector       : loaded 2 times (x 169B)
Class kotlin.collections.ArrayDeque$Companion                                         : loaded 2 times (x 67B)
Class org.gradle.api.internal.classpath.ManifestUtil                                  : loaded 2 times (x 67B)
Class com.google.common.util.concurrent.ExecutionError                                : loaded 2 times (x 78B)
Class com.google.wireless.android.sdk.stats.WifiPairingEvent                          : loaded 2 times (x 206B)
Class com.google.wireless.android.sdk.stats.ImportSampleEvent                         : loaded 2 times (x 193B)
Class com.google.wireless.android.sdk.stats.AndroidStudioEvent$TemplatesUsage         : loaded 2 times (x 202B)
Class com.google.wireless.android.sdk.stats.SystemHealthEvent                         : loaded 2 times (x 206B)
Class com.google.wireless.android.sdk.stats.LintActionOrBuilder                       : loaded 2 times (x 66B)
Class com.google.wireless.android.sdk.stats.JvmDetailsOrBuilder                       : loaded 2 times (x 66B)
Class com.google.wireless.android.sdk.stats.DefaultActivityLocatorStatsOrBuilder      : loaded 2 times (x 66B)
Class com.android.tools.lint.model.DefaultLintModelVariant$mainArtifact$2             : loaded 2 times (x 75B)
Class org.codehaus.groovy.runtime.dgmimpl.arrays.FloatArrayPutAtMetaMethod            : loaded 2 times (x 93B)
Class groovy.lang.GString$1                                                           : loaded 2 times (x 117B)
Class groovy.util.BufferedIterator                                                    : loaded 2 times (x 66B)
Class groovy.lang.GroovyObject                                                        : loaded 2 times (x 66B)
Class com.android.sdklib.IAndroidTarget                                               : loaded 2 times (x 66B)
Class it.unimi.dsi.fastutil.ints.IntArrays$Segment                                    : loaded 2 times (x 67B)
Class it.unimi.dsi.fastutil.ints.IntBidirectionalIterator                             : loaded 2 times (x 66B)
Class kotlin.reflect.jvm.internal.KCallableImpl$$Lambda$5                             : loaded 2 times (x 72B)
Class it.unimi.dsi.fastutil.ints.AbstractInt2ObjectMap                                : loaded 2 times (x 211B)
Class kotlin.reflect.jvm.internal.KProperty0Impl$$Lambda$1                            : loaded 2 times (x 72B)
Class com.android.ide.common.blame.SourcePosition                                     : loaded 2 times (x 67B)
Class com.android.tools.lint.model.LintModelAndroidLibrary                            : loaded 2 times (x 66B)
Class org.codehaus.groovy.reflection.stdclasses.LongCachedClass                       : loaded 2 times (x 91B)
Class com.google.common.reflect.Types$JavaVersion$2                                   : loaded 2 times (x 79B)
Class com.google.common.reflect.Types                                                 : loaded 2 times (x 67B)
Class com.google.common.util.concurrent.AbstractFuture$Failure                        : loaded 2 times (x 68B)
Class org.codehaus.groovy.reflection.stdclasses.ShortCachedClass                      : loaded 2 times (x 91B)
Class org.codehaus.groovy.reflection.stdclasses.BooleanCachedClass                    : loaded 2 times (x 91B)
Class groovy.lang.MetaProperty                                                        : loaded 2 times (x 73B)
Class org.codehaus.groovy.ast.expr.BinaryExpression                                   : loaded 2 times (x 130B)
Class com.google.protobuf.PrimitiveNonBoxingCollection                                : loaded 2 times (x 66B)
Class com.google.wireless.android.sdk.stats.GradleCppSyncStats                        : loaded 2 times (x 199B)
Class com.google.wireless.android.sdk.stats.DynamicLayoutInspectorEvent               : loaded 2 times (x 207B)
Class com.google.wireless.android.sdk.stats.AvdLaunchEventOrBuilder                   : loaded 2 times (x 66B)
Class com.google.wireless.android.sdk.stats.JourneyFinishedEventOrBuilder             : loaded 2 times (x 66B)
Class com.google.wireless.android.sdk.stats.IntellijIndexingStatsOrBuilder            : loaded 2 times (x 66B)
Class com.google.wireless.android.sdk.stats.TypingLatencyStatsOrBuilder               : loaded 2 times (x 66B)
Class com.google.wireless.android.sdk.stats.SoongSyncStatsOrBuilder                   : loaded 2 times (x 66B)
Class com.google.wireless.android.sdk.stats.IDeviceUsageEventOrBuilder                : loaded 2 times (x 66B)
Class com.google.gson.stream.JsonReader                                               : loaded 2 times (x 93B)
Class org.codehaus.groovy.runtime.DefaultGroovyMethodsSupport                         : loaded 2 times (x 67B)
Class groovy.lang.groovydoc.Groovydoc                                                 : loaded 2 times (x 72B)
Class com.google.protobuf.CodedInputStream$StreamDecoder                              : loaded 2 times (x 116B)
Class com.android.ide.common.resources.DataFile                                       : loaded 2 times (x 79B)
Class com.google.wireless.android.sdk.stats.BrowserSurveyEventOrBuilder               : loaded 2 times (x 66B)
Class org.objectweb.asm.Label                                                         : loaded 2 times (x 69B)
Class kotlin.reflect.jvm.internal.KProperty0Impl                                      : loaded 2 times (x 124B)
Class kotlin.reflect.jvm.internal.CacheByClassKt                                      : loaded 2 times (x 67B)
Class com.google.common.base.CharMatcher                                              : loaded 2 times (x 107B)
Class com.google.common.reflect.Types$JavaVersion$3                                   : loaded 2 times (x 79B)
Class com.google.common.io.CharSink                                                   : loaded 2 times (x 75B)
Class com.google.wireless.android.sdk.stats.TSdkUAEvent                               : loaded 2 times (x 200B)
Class com.google.wireless.android.sdk.stats.AppLinksAssistantEvent                    : loaded 2 times (x 227B)
Class com.google.wireless.android.sdk.stats.KotlinGradlePerformance                   : loaded 2 times (x 223B)
Class com.android.tools.analytics.CommonMetricsData                                   : loaded 2 times (x 67B)
Class com.google.wireless.android.sdk.stats.DeviceManagerEventOrBuilder               : loaded 2 times (x 66B)
Class com.google.wireless.android.sdk.stats.GradleDaemonJvmCriteriaErrorEventOrBuilder: loaded 2 times (x 66B)
Class com.google.wireless.android.sdk.stats.RenderSecurityManagerEventOrBuilder       : loaded 2 times (x 66B)
Class com.google.wireless.android.sdk.stats.StudioPatchUpdaterEventOrBuilder          : loaded 2 times (x 66B)
Class com.google.common.hash.HashCode$LongHashCode                                    : loaded 2 times (x 76B)
Class org.codehaus.groovy.ast.expr.MethodPointerExpression                            : loaded 2 times (x 127B)
Class org.codehaus.groovy.runtime.DefaultGroovyStaticMethods                          : loaded 2 times (x 67B)
Class com.google.common.collect.MapMakerInternalMap$InternalEntryHelper               : loaded 2 times (x 66B)
Class com.google.common.collect.Table                                                 : loaded 2 times (x 66B)
Class kotlin.reflect.jvm.internal.KMutableProperty0Impl                               : loaded 2 times (x 131B)
Class org.gradle.internal.classloader.ClassLoaderHierarchy                            : loaded 2 times (x 66B)
Class com.google.common.collect.RangeGwtSerializationDependencies                     : loaded 2 times (x 67B)
Class org.objectweb.asm.MethodVisitor                                                 : loaded 2 times (x 101B)
Class org.jetbrains.kotlin.cli.common.messages.MessageCollector$Companion$NONE$1      : loaded 2 times (x 72B)
Class com.android.ide.common.gradle.Version$Companion$ParseState$NUMERIC              : loaded 2 times (x 70B)
Class com.android.ide.common.repository.AgpVersion$PreviewKind                        : loaded 2 times (x 75B)
Class [Lcom.android.tools.lint.model.LintModelModuleType;                             : loaded 2 times (x 65B)
Class com.android.tools.lint.model.LintModelSerialization$LintModelSerializationFileAdapter$WhenMappings: loaded 2 times (x 67B)
Class com.google.common.base.CharMatcher$1                                            : loaded 2 times (x 109B)
Class com.google.common.base.CharMatcher$NamedFastMatcher                             : loaded 2 times (x 108B)
Class com.google.common.reflect.Types$JavaVersion$4                                   : loaded 2 times (x 79B)
Class com.google.common.cache.LocalCache$EntryFactory$1                               : loaded 2 times (x 79B)
Class [Lcom.google.common.cache.RemovalListener;                                      : loaded 2 times (x 65B)
Class androidx.navigation.lint.BaseTypeSafeDestinationMissingAnnotationDetectorKt     : loaded 2 times (x 67B)
Class com.google.common.io.FileWriteMode                                              : loaded 2 times (x 75B)
Class com.google.common.base.CharMatcher$IsEither                                     : loaded 2 times (x 107B)
Class kotlinx.coroutines.scheduling.TaskContextImpl                                   : loaded 2 times (x 71B)
Class [Lcom.google.common.base.AbstractIterator$State;                                : loaded 2 times (x 65B)
Class com.google.wireless.android.sdk.stats.LiveLiteralsEvent                         : loaded 2 times (x 199B)
Class com.google.wireless.android.sdk.stats.HeapReportEvent                           : loaded 2 times (x 195B)
Class com.google.wireless.android.sdk.stats.MetaMetricsOrBuilder                      : loaded 2 times (x 66B)
Class [Lcom.android.tools.analytics.JournalingUsageTracker$State;                     : loaded 2 times (x 65B)
Class org.codehaus.groovy.ast.stmt.BlockStatement                                     : loaded 2 times (x 111B)
Class org.apache.groovy.plugin.GroovyRunnerRegistry                                   : loaded 2 times (x 130B)
Class org.codehaus.groovy.runtime.metaclass.MetaClassRegistryImpl$DefaultModuleListener: loaded 2 times (x 72B)
Class com.google.common.collect.RegularImmutableBiMap$Inverse$InverseEntrySet         : loaded 2 times (x 148B)
Class com.google.common.collect.RangeSet                                              : loaded 2 times (x 66B)
Class kotlin.reflect.jvm.internal.CachesKt                                            : loaded 2 times (x 67B)
Class com.google.common.reflect.Types$JavaVersion$5                                   : loaded 2 times (x 67B)
Class [Lcom.google.common.reflect.Types$ClassOwnership;                               : loaded 2 times (x 65B)
Class com.google.common.cache.LocalCache$EntryFactory$2                               : loaded 2 times (x 79B)
Class org.gradle.api.internal.classpath.GlobalCacheRootsProvider                      : loaded 2 times (x 66B)
Class kotlin.jvm.internal.MutablePropertyReference0                                   : loaded 2 times (x 133B)
Class kotlin.reflect.jvm.internal.impl.builtins.CompanionObjectMapping                : loaded 2 times (x 67B)
Class it.unimi.dsi.fastutil.Stack                                                     : loaded 2 times (x 66B)
Class kotlin.reflect.jvm.internal.KProperty0Impl$$Lambda$0                            : loaded 2 times (x 72B)
Class com.google.wireless.android.sdk.stats.StudioProjectChange                       : loaded 2 times (x 191B)
Class com.google.wireless.android.sdk.stats.EmulatorUiEventOrBuilder                  : loaded 2 times (x 66B)
Class com.google.wireless.android.sdk.stats.IntelliJNewUISwitchOrBuilder              : loaded 2 times (x 66B)
Class com.google.wireless.android.sdk.stats.LintSession                               : loaded 2 times (x 217B)
Class com.google.common.collect.AbstractMapBasedMultimap$NavigableKeySet              : loaded 2 times (x 258B)
Class org.apache.groovy.util.Maps                                                     : loaded 2 times (x 67B)
Class org.codehaus.groovy.ast.stmt.TryCatchStatement                                  : loaded 2 times (x 117B)
Class org.codehaus.groovy.runtime.metaclass.MethodSelectionException                  : loaded 2 times (x 83B)
Class org.codehaus.groovy.util.TripleKeyHashMap                                       : loaded 2 times (x 78B)
Class org.codehaus.groovy.util.FastArray                                              : loaded 2 times (x 81B)
Class [Lcom.google.common.collect.MapMakerInternalMap$Segment;                        : loaded 2 times (x 65B)
Class com.google.common.collect.CollectCollectors                                     : loaded 2 times (x 67B)
Class groovy.lang.Range                                                               : loaded 2 times (x 66B)
Class it.unimi.dsi.fastutil.ints.IntArrays$ForkJoinQuickSort                          : loaded 2 times (x 92B)
Class com.android.prefs.Global                                                        : loaded 2 times (x 76B)
Class org.codehaus.groovy.reflection.CacheAccessControlException                      : loaded 2 times (x 83B)
Class com.google.common.cache.LocalCache$EntryFactory$3                               : loaded 2 times (x 79B)
Class com.google.common.base.Ticker$1                                                 : loaded 2 times (x 68B)
Class kotlinx.coroutines.Incomplete                                                   : loaded 2 times (x 66B)
Class com.google.wireless.android.sdk.stats.LiveEditEvent                             : loaded 2 times (x 205B)
Class com.google.wireless.android.sdk.stats.ProjectViewSelectionChangeEvent           : loaded 2 times (x 193B)
Class com.google.wireless.android.sdk.stats.FirebaseManagementEvent                   : loaded 2 times (x 198B)
Class com.google.wireless.android.sdk.stats.KotlinSupportDeclined                     : loaded 2 times (x 191B)
Class com.google.wireless.android.sdk.stats.AdbServerStatusOrBuilder                  : loaded 2 times (x 66B)
Class com.google.wireless.android.sdk.stats.DeclarativeWatchFaceEventOrBuilder        : loaded 2 times (x 66B)
Class com.google.wireless.android.sdk.stats.EmulatorPerformanceStatsOrBuilder         : loaded 2 times (x 66B)
Class [Lcom.android.tools.analytics.Environment$SystemProperty;                       : loaded 2 times (x 65B)
Class com.android.tools.analytics.AnalyticsSettings                                   : loaded 2 times (x 67B)
Class com.google.protobuf.Descriptors$Descriptor                                      : loaded 2 times (x 72B)
Class org.codehaus.groovy.control.MultipleCompilationErrorsException                  : loaded 2 times (x 86B)
Class org.codehaus.groovy.runtime.metaclass.ThreadManagedMetaBeanProperty             : loaded 2 times (x 82B)
Class groovy.lang.groovydoc.GroovydocHolder                                           : loaded 2 times (x 66B)
Class org.codehaus.groovy.util.ManagedConcurrentLinkedQueue$Element                   : loaded 2 times (x 72B)
Class groovy.lang.GroovyCallable                                                      : loaded 2 times (x 66B)
Class groovy.lang.GroovyObjectSupport                                                 : loaded 2 times (x 80B)
Class org.codehaus.groovy.reflection.CachedClass$CachedMethodComparatorWithString     : loaded 2 times (x 86B)
Class com.google.protobuf.MapField                                                    : loaded 2 times (x 85B)
Class org.jetbrains.kotlin.cli.common.PropertiesKt                                    : loaded 2 times (x 67B)
Class org.jetbrains.kotlin.cli.common.messages.MessageRenderer                        : loaded 2 times (x 66B)
Class [Lkotlin.jvm.functions.Function1;                                               : loaded 2 times (x 65B)
Class com.google.common.base.CharMatcher$InRange                                      : loaded 2 times (x 107B)
Class com.google.common.cache.LocalCache$EntryFactory$4                               : loaded 2 times (x 79B)
Class kotlin.concurrent.LocksKt                                                       : loaded 2 times (x 67B)
Class com.google.protobuf.CodedInputStream$UnsafeDirectNioDecoder                     : loaded 2 times (x 116B)
Class kotlinx.coroutines.AbstractTimeSourceKt                                         : loaded 2 times (x 67B)
Class com.google.wireless.android.sdk.stats.DeviceMirroringSession                    : loaded 2 times (x 197B)
Class com.android.tools.analytics.AnalyticsPaths                                      : loaded 2 times (x 67B)
Class com.android.tools.analytics.UsageTracker$setMaxJournalTime$1                    : loaded 2 times (x 75B)
Class groovy.lang.GroovyResourceLoader                                                : loaded 2 times (x 66B)
Class it.unimi.dsi.fastutil.ints.AbstractInt2ObjectFunction                           : loaded 2 times (x 117B)
Class com.google.common.cache.LocalCache$EntryFactory$5                               : loaded 2 times (x 79B)
Class kotlin.jvm.internal.ByteCompanionObject                                         : loaded 2 times (x 67B)
Class kotlin.time.Duration                                                            : loaded 2 times (x 70B)
Class com.google.wireless.android.sdk.stats.StudioUpdateFlowEventOrBuilder            : loaded 2 times (x 66B)
Class com.google.wireless.android.sdk.stats.DeviceExplorerEventOrBuilder              : loaded 2 times (x 66B)
Class com.google.wireless.android.sdk.stats.SetupWizardEvent                          : loaded 2 times (x 208B)
Class com.google.wireless.android.sdk.stats.SmlGeolocationEvent                       : loaded 2 times (x 197B)
Class com.google.wireless.android.sdk.stats.MemorySettingsEvent                       : loaded 2 times (x 201B)
Class com.google.wireless.android.sdk.stats.SuggestedImportEventOrBuilder             : loaded 2 times (x 66B)
Class com.google.wireless.android.sdk.stats.StartupPerformanceCodeLoadedAndVisibleInEditorOrBuilder: loaded 2 times (x 66B)
Class com.google.wireless.android.sdk.stats.ConnectionAssistantEventOrBuilder         : loaded 2 times (x 66B)
Class org.codehaus.groovy.control.ResolveVisitor$LowerCaseClass                       : loaded 2 times (x 239B)
Class [Lorg.codehaus.groovy.runtime.callsite.CallSite;                                : loaded 2 times (x 65B)
Class [Lgroovy.lang.MetaProperty;                                                     : loaded 2 times (x 65B)
Class org.codehaus.groovy.reflection.CachedClass$1                                    : loaded 2 times (x 78B)
Class org.codehaus.groovy.util.LazyReference$1                                        : loaded 2 times (x 72B)
Class com.google.common.collect.MapMakerInternalMap$WeakKeyStrongValueSegment         : loaded 2 times (x 138B)
Class com.google.common.cache.LocalCache$EntryFactory$6                               : loaded 2 times (x 79B)
Class org.gradle.internal.installation.CurrentGradleInstallationLocator               : loaded 2 times (x 67B)
Class [Lkotlin.io.FileWalkDirection;                                                  : loaded 2 times (x 65B)
Class kotlinx.coroutines.internal.OpDescriptor                                        : loaded 2 times (x 69B)
Class kotlinx.coroutines.Empty                                                        : loaded 2 times (x 71B)
Class com.android.tools.analytics.HostData$osBean$2                                   : loaded 2 times (x 74B)
Class com.android.tools.analytics.HostData                                            : loaded 2 times (x 67B)
Class com.google.wireless.android.sdk.stats.OSMetrics                                 : loaded 2 times (x 195B)
Class com.google.wireless.android.sdk.stats.SdkIndexLibraryDetails                    : loaded 2 times (x 204B)
Class com.google.wireless.android.sdk.stats.IdePluginInfo                             : loaded 2 times (x 195B)
Class com.google.wireless.android.sdk.stats.UserIdResetEventOrBuilder                 : loaded 2 times (x 66B)
Class com.android.tools.analytics.JournalingUsageTracker                              : loaded 2 times (x 78B)
Class com.google.common.collect.Maps$KeySet                                           : loaded 2 times (x 133B)
Class com.google.protobuf.CodedInputStream$ArrayDecoder                               : loaded 2 times (x 116B)
Class [Lcom.google.protobuf.Internal$EnumLite;                                        : loaded 2 times (x 65B)
Class org.codehaus.groovy.runtime.callsite.BooleanClosureWrapper                      : loaded 2 times (x 70B)
Class groovy.lang.Binding                                                             : loaded 2 times (x 85B)
Class org.codehaus.groovy.runtime.memoize.CommonCache                                 : loaded 2 times (x 150B)
Class [Lorg.codehaus.groovy.reflection.CachedField;                                   : loaded 2 times (x 65B)
Class org.codehaus.groovy.reflection.CachedClass$2                                    : loaded 2 times (x 78B)
Class [Lorg.codehaus.groovy.util.ComplexKeyHashMap$Entry;                             : loaded 2 times (x 65B)
Class org.codehaus.groovy.util.LazyReference$2                                        : loaded 2 times (x 72B)
Class [Lorg.codehaus.groovy.reflection.ParameterTypes;                                : loaded 2 times (x 65B)
Class com.google.wireless.android.sdk.stats.Hypervisor                                : loaded 2 times (x 191B)
Class com.google.wireless.android.sdk.stats.DataBindingEvent                          : loaded 2 times (x 200B)
Class com.android.tools.lint.model.DefaultLintModelDependencyGraph                    : loaded 2 times (x 74B)
Class com.android.tools.lint.model.DefaultLintModelLintOptions                        : loaded 2 times (x 99B)
Class kotlinx.coroutines.BuildersKt                                                   : loaded 2 times (x 67B)
Class com.google.common.collect.ImmutableMultimap$Builder                             : loaded 2 times (x 82B)
Class com.google.common.cache.LocalCache$EntryFactory$7                               : loaded 2 times (x 79B)
Class org.gradle.internal.service.DefaultServiceLocator                               : loaded 2 times (x 79B)
Class jdk.internal.jrtfs.JrtDirectoryStream                                           : loaded 2 times (x 85B)
Class kotlinx.coroutines.CoroutineContextKt$hasCopyableElements$1                     : loaded 2 times (x 74B)
Class kotlinx.coroutines.internal.ThreadContextKt                                     : loaded 2 times (x 67B)
Class kotlin.io.FileTreeWalk                                                          : loaded 2 times (x 71B)
Class kotlin.sequences.DropWhileSequence$iterator$1                                   : loaded 2 times (x 75B)
Class com.google.wireless.android.play.playlog.proto.ClientAnalytics$LogEventOrBuilder: loaded 2 times (x 66B)
Class com.google.wireless.android.sdk.stats.VfsRefresh                                : loaded 2 times (x 191B)
Class com.google.wireless.android.sdk.stats.ComposePreviewCanvasEvent                 : loaded 2 times (x 193B)
Class com.google.wireless.android.sdk.stats.AndroidStudioEvent$Builder                : loaded 2 times (x 990B)
Class com.google.protobuf.ProtocolStringList                                          : loaded 2 times (x 66B)
Class com.google.wireless.android.sdk.stats.JourneyEngineErrorEventOrBuilder          : loaded 2 times (x 66B)
Class groovy.lang.MetaClassImpl$1MOPIter                                              : loaded 2 times (x 72B)
Class org.codehaus.groovy.runtime.dgmimpl.arrays.CharacterArrayPutAtMetaMethod        : loaded 2 times (x 93B)
Class org.codehaus.groovy.reflection.CachedClass$3                                    : loaded 2 times (x 78B)
Class org.codehaus.groovy.reflection.ClassInfo$LazyCachedClassRef                     : loaded 2 times (x 78B)
Class groovy.lang.MetaMethod                                                          : loaded 2 times (x 92B)
Class org.jetbrains.kotlin.util.capitalizeDecapitalize.CapitalizeDecapitalizeKt       : loaded 2 times (x 67B)
Class jdk.internal.jimage.BasicImageReader                                            : loaded 2 times (x 91B)
Class com.google.common.collect.Maps$EntrySet                                         : loaded 2 times (x 132B)
Class com.google.common.collect.ImmutableMultimap$EntryCollection                     : loaded 2 times (x 124B)
Class com.google.common.cache.LocalCache$EntryFactory$8                               : loaded 2 times (x 79B)
Class org.gradle.internal.installation.CurrentGradleInstallation                      : loaded 2 times (x 69B)
Class org.gradle.internal.classloader.FilteringClassLoader                            : loaded 2 times (x 101B)
Class com.android.prefs.AndroidPathLocator                                            : loaded 2 times (x 69B)
Class kotlin.text.MatcherMatchResult                                                  : loaded 2 times (x 76B)
Class kotlinx.coroutines.scheduling.Task                                              : loaded 2 times (x 72B)
Class kotlin.text.MatchGroupCollection                                                : loaded 2 times (x 66B)
Class kotlinx.coroutines.BlockingCoroutine                                            : loaded 2 times (x 140B)
Class com.android.tools.lint.model.LintModelJavaLibrary                               : loaded 2 times (x 66B)
Class com.google.wireless.android.sdk.stats.SmlChatBotEvent                           : loaded 2 times (x 233B)
Class com.google.wireless.android.sdk.stats.ImportSampleEventOrBuilder                : loaded 2 times (x 66B)
Class com.google.wireless.android.sdk.stats.AndroidStudioEvent$IdeBrand$1             : loaded 2 times (x 72B)
Class org.codehaus.groovy.ast.stmt.DoWhileStatement                                   : loaded 2 times (x 114B)
Class org.codehaus.groovy.reflection.CachedClass$4                                    : loaded 2 times (x 78B)
Class org.codehaus.groovy.reflection.ParameterTypes                                   : loaded 2 times (x 78B)
Class org.codehaus.groovy.reflection.v7.GroovyClassValueJava7                         : loaded 2 times (x 80B)
Class com.android.tools.lint.model.DefaultLintModelVariant                            : loaded 2 times (x 97B)
Class com.android.tools.lint.model.LintModelArtifact                                  : loaded 2 times (x 66B)
Class com.google.common.collect.ForwardingObject                                      : loaded 2 times (x 68B)
Class com.google.common.cache.CacheLoader$1                                           : loaded 2 times (x 71B)
Class org.gradle.util.internal.GUtil                                                  : loaded 2 times (x 67B)
Class org.codehaus.groovy.runtime.dgmimpl.NumberNumberMultiply                        : loaded 2 times (x 110B)
Class kotlin.io.NoSuchFileException                                                   : loaded 2 times (x 78B)
Class kotlinx.coroutines.internal.LockFreeTaskQueue                                   : loaded 2 times (x 68B)
Class kotlinx.coroutines.scheduling.DefaultScheduler                                  : loaded 2 times (x 104B)
Class kotlinx.coroutines.Dispatchers                                                  : loaded 2 times (x 67B)
Class org.codehaus.groovy.runtime.NullObject                                          : loaded 2 times (x 87B)
Class com.google.protobuf.CodedOutputStream$OutputStreamEncoder                       : loaded 2 times (x 106B)
Class com.google.wireless.android.sdk.stats.JavaProcessStats                          : loaded 2 times (x 203B)
Class com.google.wireless.android.sdk.stats.CppHeadersViewEvent                       : loaded 2 times (x 195B)
Class com.google.wireless.android.sdk.stats.BuildAttributionStats                     : loaded 2 times (x 203B)
Class com.google.wireless.android.sdk.stats.MemorySettingsEventOrBuilder              : loaded 2 times (x 66B)
Class com.google.wireless.android.sdk.stats.FastPreviewEventOrBuilder                 : loaded 2 times (x 66B)
Class com.android.tools.analytics.Environment$Companion$SYSTEM$1                      : loaded 2 times (x 69B)
Class com.android.tools.analytics.Environment$Companion                               : loaded 2 times (x 67B)
Class com.android.tools.analytics.Environment$SystemProperty                          : loaded 2 times (x 75B)
Class com.google.protobuf.Message                                                     : loaded 2 times (x 66B)
Class org.codehaus.groovy.ast.GroovyClassVisitor                                      : loaded 2 times (x 66B)
Class org.codehaus.groovy.runtime.dgmimpl.arrays.FloatArrayGetAtMetaMethod            : loaded 2 times (x 93B)
Class org.codehaus.groovy.runtime.callsite.CallSiteAwareMetaMethod                    : loaded 2 times (x 93B)
Class org.codehaus.groovy.ast.expr.AnnotationConstantExpression                       : loaded 2 times (x 130B)
Class groovy.lang.MissingPropertyException                                            : loaded 2 times (x 85B)
Class groovy.lang.Closure$1                                                           : loaded 2 times (x 129B)
Class org.codehaus.groovy.reflection.CachedClass$5                                    : loaded 2 times (x 78B)
Class com.android.resources.ResourceEnum                                              : loaded 2 times (x 66B)
Class it.unimi.dsi.fastutil.ints.AbstractIntCollection                                : loaded 2 times (x 181B)
Class com.google.protobuf.UnsafeUtil$JvmMemoryAccessor                                : loaded 2 times (x 87B)
Class [Lcom.android.tools.lint.model.LintModelSeverity;                               : loaded 2 times (x 65B)
Class com.android.prefs.PathLocator$WhenMappings                                      : loaded 2 times (x 67B)
Class com.google.common.cache.AbstractCache$StatsCounter                              : loaded 2 times (x 66B)
Class kotlin.time.DurationUnitKt                                                      : loaded 2 times (x 67B)
Class com.google.wireless.android.sdk.stats.UpgradeAssistantProcessorEventOrBuilder   : loaded 2 times (x 66B)
Class com.google.wireless.android.sdk.stats.ThreadingAgentUsageEventOrBuilder         : loaded 2 times (x 66B)
Class kotlinx.coroutines.intrinsics.CancellableKt                                     : loaded 2 times (x 67B)
Class com.google.wireless.android.sdk.stats.JavaProcessStatsOrBuilder                 : loaded 2 times (x 66B)
Class com.google.protobuf.CodedOutputStream$SafeDirectNioEncoder                      : loaded 2 times (x 106B)
Class com.google.wireless.android.sdk.stats.CMakeEditingEvent                         : loaded 2 times (x 193B)
Class com.google.wireless.android.sdk.stats.MachineDetails                            : loaded 2 times (x 201B)
Class com.google.wireless.android.sdk.stats.SafeModeStatsEvent                        : loaded 2 times (x 215B)
Class com.google.wireless.android.sdk.stats.RunEvent                                  : loaded 2 times (x 252B)
Class com.google.protobuf.AbstractMessage$Builder                                     : loaded 2 times (x 253B)
Class com.google.protobuf.ExtensionRegistryFactory                                    : loaded 2 times (x 67B)
Class com.google.protobuf.ProtocolMessageEnum                                         : loaded 2 times (x 66B)
Class groovy.lang.ExpandoMetaClassCreationHandle                                      : loaded 2 times (x 72B)
Class org.codehaus.groovy.runtime.metaclass.TransformMetaMethod                       : loaded 2 times (x 92B)
Class org.codehaus.groovy.runtime.StringGroovyMethods                                 : loaded 2 times (x 67B)
Class org.codehaus.groovy.ast.NodeMetaDataHandler                                     : loaded 2 times (x 66B)
Class org.codehaus.groovy.reflection.CachedClass$6                                    : loaded 2 times (x 78B)
Class org.codehaus.groovy.util.ReferenceManager$ThreadedReferenceManager              : loaded 2 times (x 73B)
Class com.google.common.collect.MapMakerInternalMap$1                                 : loaded 2 times (x 79B)
Class com.google.wireless.android.sdk.stats.SmlAiExcludeEvent                         : loaded 2 times (x 197B)
Class com.google.wireless.android.sdk.stats.SuggestedImportEvent                      : loaded 2 times (x 193B)
Class kotlin.reflect.jvm.internal.RuntimeTypeMapper                                   : loaded 2 times (x 67B)
Class com.google.wireless.android.sdk.stats.MemoryUsageReportEvent                    : loaded 2 times (x 208B)
Class com.android.tools.lint.model.DefaultLintModelDependency                         : loaded 2 times (x 82B)
Class com.android.tools.lint.model.DefaultLintModelLibrary                            : loaded 2 times (x 82B)
Class com.android.tools.lint.model.DefaultLintModelBuildFeatures                      : loaded 2 times (x 73B)
Class com.google.common.reflect.Types$TypeVariableImpl                                : loaded 2 times (x 68B)
Class org.gradle.internal.installation.GradleInstallation                             : loaded 2 times (x 71B)
Class jdk.internal.jimage.decompressor.ResourceDecompressor$StringsProvider           : loaded 2 times (x 66B)
Class kotlin.collections.ReversedList                                                 : loaded 2 times (x 203B)
Class com.google.protobuf.Writer                                                      : loaded 2 times (x 66B)
Class com.google.wireless.android.sdk.stats.ResizeComposePreviewEvent                 : loaded 2 times (x 213B)
Class com.google.protobuf.CodedInputStream                                            : loaded 2 times (x 115B)
Class com.google.protobuf.MessageLite                                                 : loaded 2 times (x 66B)
Class groovy.lang.ExpandoMetaClass                                                    : loaded 2 times (x 223B)
Class org.codehaus.groovy.reflection.CachedClass$7                                    : loaded 2 times (x 78B)
Class groovy.lang.IntRange                                                            : loaded 2 times (x 243B)
Class org.codehaus.groovy.reflection.ClassInfo$GlobalClassSet                         : loaded 2 times (x 72B)
Class kotlin.reflect.jvm.internal.impl.builtins.PrimitiveType$$Lambda$0               : loaded 2 times (x 72B)
Class com.android.prefs.AndroidLocationsException                                     : loaded 2 times (x 78B)
Class com.google.common.base.Splitter$Strategy                                        : loaded 2 times (x 66B)
Class com.google.common.collect.Iterables                                             : loaded 2 times (x 67B)
Class kotlin.collections.ReversedList$listIterator$1                                  : loaded 2 times (x 90B)
Class kotlin.io.FileWalkDirection                                                     : loaded 2 times (x 75B)
Class kotlinx.coroutines.internal.ResizableAtomicArray                                : loaded 2 times (x 68B)
Class kotlinx.coroutines.JobSupportKt                                                 : loaded 2 times (x 67B)
Class kotlinx.coroutines.ExecutorCoroutineDispatcher$Key                              : loaded 2 times (x 68B)
Class kotlinx.coroutines.ChildHandleNode                                              : loaded 2 times (x 90B)
Class [Lcom.google.wireless.android.sdk.stats.JvmDetails$GarbageCollector;            : loaded 2 times (x 65B)
Class com.google.wireless.android.sdk.stats.ComposeDeployEvent                        : loaded 2 times (x 191B)
Class com.google.wireless.android.sdk.stats.UiToolsPreferencesEvent                   : loaded 2 times (x 201B)
Class com.google.wireless.android.sdk.stats.PSDEvent                                  : loaded 2 times (x 206B)
Class com.google.wireless.android.sdk.stats.BackupUsageEventOrBuilder                 : loaded 2 times (x 66B)
Class com.google.wireless.android.sdk.stats.DataBindingEventOrBuilder                 : loaded 2 times (x 66B)
Class com.google.wireless.android.sdk.stats.LogcatUsageEventOrBuilder                 : loaded 2 times (x 66B)
Class com.google.protobuf.AbstractMessageLite$Builder                                 : loaded 2 times (x 122B)
Class com.google.protobuf.MapFieldReflectionAccessor                                  : loaded 2 times (x 70B)
Class org.codehaus.groovy.ast.expr.ConstructorCallExpression                          : loaded 2 times (x 137B)
Class org.codehaus.groovy.reflection.CachedClass$8                                    : loaded 2 times (x 78B)
Class kotlin.reflect.jvm.internal.impl.builtins.PrimitiveType$$Lambda$1               : loaded 2 times (x 72B)
Class com.android.ide.common.gradle.Part                                              : loaded 2 times (x 73B)
Class com.android.utils.XmlUtils                                                      : loaded 2 times (x 67B)

---------------  S Y S T E M  ---------------

OS:
 Windows 11 , 64 bit Build 26100 (10.0.26100.5074)
OS uptime: 0 days 9:36 hours
Hyper-V role detected

CPU: total 4 (initial active 4) (2 cores per cpu, 2 threads per core) family 6 model 142 stepping 12 microcode 0xde, cx8, cmov, fxsr, ht, mmx, 3dnowpref, sse, sse2, sse3, ssse3, sse4.1, sse4.2, popcnt, lzcnt, tsc, tscinvbit, avx, avx2, aes, erms, clmul, bmi1, bmi2, adx, fma, vzeroupper, clflush, clflushopt, hv, rdtscp, f16c
Processor Information for the first 4 processors :
  Max Mhz: 2592, Current Mhz: 2592, Mhz Limit: 2073

Memory: 4k page, system-wide physical 8025M (457M free)
TotalPageFile size 13855M (AvailPageFile size 30M)
current process WorkingSet (physical memory assigned to process): 922M, peak: 3456M
current process commit charge ("private bytes"): 3814M, peak: 5000M

vm_info: OpenJDK 64-Bit Server VM (21.0.6+-13391695-b895.109) for windows-amd64 JRE (21.0.6+-13391695-b895.109), built on 2025-04-22T21:19:17Z by "builder" with MS VC++ 16.10 / 16.11 (VS2019)

END.
